codigo_ccif,nivel,ejemplo,tipo,frase_original
01.1.0.00.00,Grupo,productos que necesitan ser cocinados,incluido,"productos que necesitan ser cocinados y preparados, así como alimentos preparados"
01.1.0.00.00,Grupo,preparados,incluido,"productos que necesitan ser cocinados y preparados, así como alimentos preparados"
01.1.0.00.00,Grupo,alimentos preparados,incluido,"productos que necesitan ser cocinados y preparados, así como alimentos preparados"
07.4.9.02.01,Producto,servicios de entrega local de alimentos,excluido,"servicios de entrega local de alimentos o bebidas, cuando se cobran por separado (07.4.9.02.01)"
07.4.9.02.01,Producto,bebidas,excluido,"servicios de entrega local de alimentos o bebidas, cuando se cobran por separado (07.4.9.02.01)"
09.3.2.02.01,Producto,productos para la alimentación animal,excluido,productos para la alimentación animal (09.3.2.02.01)
11.0.0.00.00,División,alimentos provistos por los servicios de alimentación,excluido,alimentos provistos por los servicios de alimentación (11.0.0.00.00)
01.1.1.01.00,Subclase,trigo,incluido,trigo
01.1.1.01.00,Subclase,arroz,incluido,"arroz, incluido el arroz parbolizado (o vaporizado)"
01.1.1.01.00,Subclase,sorgo,incluido,sorgo
01.1.1.01.00,Subclase,cebada,incluido,cebada
01.1.1.01.00,Subclase,mijo,incluido,mijo
01.1.1.01.00,Subclase,maíz,incluido,maíz
01.1.1.01.00,Subclase,quinoa,incluido,quinoa
01.1.1.01.00,Subclase,teff,incluido,teff
01.1.1.01.00,Subclase,bulgur (o burgul),incluido,bulgur (o burgul)
01.1.1.01.00,Subclase,centeno,incluido,centeno
01.1.1.01.00,Subclase,avena,incluido,avena
01.1.1.01.00,Subclase,triticale,incluido,triticale
01.1.1.01.00,Subclase,alforfón (o trigo sarraceno),incluido,alforfón (o trigo sarraceno)
01.1.1.01.00,Subclase,alpiste,incluido,alpiste
01.1.1.01.00,Subclase,quihuicha,incluido,quihuicha o trigo inca
01.1.1.01.00,Subclase,trigo inca,incluido,quihuicha o trigo inca
01.1.1.01.00,Subclase,cañahua,incluido,"cañahua, cañihua o kañiwa"
01.1.1.01.00,Subclase,cañihua,incluido,"cañahua, cañihua o kañiwa"
01.1.1.01.00,Subclase,kañiwa,incluido,"cañahua, cañihua o kañiwa"
01.1.1.01.00,Subclase,adlay,incluido,adlay o las lágrimas de Job
01.1.1.01.00,Subclase,granos de cereales mezclados,incluido,"granos de cereales mezclados, en forma de granos secos, que también incluyen otros ingredientes (siempre que estos no sean el ingrediente principal) pero sin otro procesamiento"
01.1.1.02.00,Subclase,harina de cereales,excluido,harina de cereales (01.1.1.02.00)
01.1.1.04.01,Producto,cereales para el desayuno,excluido,cereales para el desayuno (01.1.1.04.01)
01.1.9.01.04,Producto,preparaciones elaboradas a base de cereales,excluido,"preparaciones elaboradas a base de cereales, como sopas preparadas a base de cereales (01.1.9.01.04)"
01.1.9.02.01,Producto,cereales de arroz para bebés,excluido,cereales de arroz para bebés y otros cereales para bebés (01.1.9.02.01)
01.1.9.02.01,Producto,otros cereales para bebés,excluido,cereales de arroz para bebés y otros cereales para bebés (01.1.9.02.01)
01.1.9.09.01,Producto,sopas,excluido,sopas y cremas en polvo (01.1.9.09.01)
01.1.9.09.01,Producto,cremas en polvo,excluido,sopas y cremas en polvo (01.1.9.09.01)
09.3.1.02.02,Producto,semillas para siembra,excluido,semillas para siembra (09.3.1.02.02)
01.1.1.01.01,Producto,arroz de todos los tipos,incluido,"arroz de todos los tipos como arroz grado 1, grado 2, grado 3, sea grano corto, largo o partido, arroz para sopa, arroz sin grado; arroz especialidades de preparación rápida, arroz a granel, arroz integral, arroz para sushi, arroz tipo primavera para cocinar, etc"
01.1.1.01.01,Producto,arroz grado 1,incluido,"arroz de todos los tipos como arroz grado 1, grado 2, grado 3, sea grano corto, largo o partido, arroz para sopa, arroz sin grado; arroz especialidades de preparación rápida, arroz a granel, arroz integral, arroz para sushi, arroz tipo primavera para cocinar, etc"
01.1.1.01.01,Producto,arroz para sopa,incluido,"arroz de todos los tipos como arroz grado 1, grado 2, grado 3, sea grano corto, largo o partido, arroz para sopa, arroz sin grado; arroz especialidades de preparación rápida, arroz a granel, arroz integral, arroz para sushi, arroz tipo primavera para cocinar, etc"
01.1.1.01.01,Producto,arroz sin grado,incluido,"arroz de todos los tipos como arroz grado 1, grado 2, grado 3, sea grano corto, largo o partido, arroz para sopa, arroz sin grado; arroz especialidades de preparación rápida, arroz a granel, arroz integral, arroz para sushi, arroz tipo primavera para cocinar, etc"
01.1.1.01.01,Producto,arroz especialidades de preparación rápida,incluido,"arroz de todos los tipos como arroz grado 1, grado 2, grado 3, sea grano corto, largo o partido, arroz para sopa, arroz sin grado; arroz especialidades de preparación rápida, arroz a granel, arroz integral, arroz para sushi, arroz tipo primavera para cocinar, etc"
01.1.1.01.01,Producto,arroz a granel,incluido,"arroz de todos los tipos como arroz grado 1, grado 2, grado 3, sea grano corto, largo o partido, arroz para sopa, arroz sin grado; arroz especialidades de preparación rápida, arroz a granel, arroz integral, arroz para sushi, arroz tipo primavera para cocinar, etc"
01.1.1.01.01,Producto,arroz integral,incluido,"arroz de todos los tipos como arroz grado 1, grado 2, grado 3, sea grano corto, largo o partido, arroz para sopa, arroz sin grado; arroz especialidades de preparación rápida, arroz a granel, arroz integral, arroz para sushi, arroz tipo primavera para cocinar, etc"
01.1.1.01.01,Producto,arroz para sushi,incluido,"arroz de todos los tipos como arroz grado 1, grado 2, grado 3, sea grano corto, largo o partido, arroz para sopa, arroz sin grado; arroz especialidades de preparación rápida, arroz a granel, arroz integral, arroz para sushi, arroz tipo primavera para cocinar, etc"
01.1.1.01.01,Producto,arroz tipo primavera para cocinar,incluido,"arroz de todos los tipos como arroz grado 1, grado 2, grado 3, sea grano corto, largo o partido, arroz para sopa, arroz sin grado; arroz especialidades de preparación rápida, arroz a granel, arroz integral, arroz para sushi, arroz tipo primavera para cocinar, etc"
01.1.1.01.02,Producto,maíz seco,incluido,maíz seco
01.1.7.04.06,Producto,choclos frescos,excluido,choclos frescos (01.1.7.04.06)
01.1.7.08.01,Producto,choclos congelados,excluido,choclos congelados (01.1.7.08.01)
01.1.7.09.03,Producto,choclos en conserva,excluido,choclos en conserva (01.1.7.09.03)
01.1.1.01.03,Producto,quinoa,incluido,quinoa
01.1.1.02.99,Producto,harina de quinoa,excluido,harina de quinoa (01.1.1.02.99)
01.1.1.09.02,Producto,quinoa pop,excluido,quinoa pop (01.1.1.09.02)
01.1.1.01.04,Producto,avena en grano,incluido,avena en grano
01.1.1.04.01,Producto,avena instantánea,excluido,avena instantánea (01.1.1.04.01)
01.1.1.04.01,Producto,avena tradicional (cruda),excluido,avena tradicional (cruda) (01.1.1.04.01)
01.1.1.01.99,Producto,trigo,incluido,"trigo, germen y salvado de trigo, sorgo, cebada, mijo, teff, bulgur (o burgul), centeno, triticale, alforfón (o trigo sarraceno), alpiste, quihuicha o trigo inca, canagua o cañahua, cañihua o kañiwa, adlay o las lágrimas de Job, granos de cereales mezclados, en forma de granos secos, que también incluyen otros ingredientes (siempre que estos no sean el ingrediente principal) pero sin otro procesamiento"
01.1.1.01.99,Producto,germen,incluido,"trigo, germen y salvado de trigo, sorgo, cebada, mijo, teff, bulgur (o burgul), centeno, triticale, alforfón (o trigo sarraceno), alpiste, quihuicha o trigo inca, canagua o cañahua, cañihua o kañiwa, adlay o las lágrimas de Job, granos de cereales mezclados, en forma de granos secos, que también incluyen otros ingredientes (siempre que estos no sean el ingrediente principal) pero sin otro procesamiento"
01.1.1.01.99,Producto,salvado de trigo,incluido,"trigo, germen y salvado de trigo, sorgo, cebada, mijo, teff, bulgur (o burgul), centeno, triticale, alforfón (o trigo sarraceno), alpiste, quihuicha o trigo inca, canagua o cañahua, cañihua o kañiwa, adlay o las lágrimas de Job, granos de cereales mezclados, en forma de granos secos, que también incluyen otros ingredientes (siempre que estos no sean el ingrediente principal) pero sin otro procesamiento"
01.1.1.01.99,Producto,sorgo,incluido,"trigo, germen y salvado de trigo, sorgo, cebada, mijo, teff, bulgur (o burgul), centeno, triticale, alforfón (o trigo sarraceno), alpiste, quihuicha o trigo inca, canagua o cañahua, cañihua o kañiwa, adlay o las lágrimas de Job, granos de cereales mezclados, en forma de granos secos, que también incluyen otros ingredientes (siempre que estos no sean el ingrediente principal) pero sin otro procesamiento"
01.1.1.01.99,Producto,cebada,incluido,"trigo, germen y salvado de trigo, sorgo, cebada, mijo, teff, bulgur (o burgul), centeno, triticale, alforfón (o trigo sarraceno), alpiste, quihuicha o trigo inca, canagua o cañahua, cañihua o kañiwa, adlay o las lágrimas de Job, granos de cereales mezclados, en forma de granos secos, que también incluyen otros ingredientes (siempre que estos no sean el ingrediente principal) pero sin otro procesamiento"
01.1.1.01.99,Producto,mijo,incluido,"trigo, germen y salvado de trigo, sorgo, cebada, mijo, teff, bulgur (o burgul), centeno, triticale, alforfón (o trigo sarraceno), alpiste, quihuicha o trigo inca, canagua o cañahua, cañihua o kañiwa, adlay o las lágrimas de Job, granos de cereales mezclados, en forma de granos secos, que también incluyen otros ingredientes (siempre que estos no sean el ingrediente principal) pero sin otro procesamiento"
01.1.1.01.99,Producto,teff,incluido,"trigo, germen y salvado de trigo, sorgo, cebada, mijo, teff, bulgur (o burgul), centeno, triticale, alforfón (o trigo sarraceno), alpiste, quihuicha o trigo inca, canagua o cañahua, cañihua o kañiwa, adlay o las lágrimas de Job, granos de cereales mezclados, en forma de granos secos, que también incluyen otros ingredientes (siempre que estos no sean el ingrediente principal) pero sin otro procesamiento"
01.1.1.01.99,Producto,bulgur (o burgul),incluido,"trigo, germen y salvado de trigo, sorgo, cebada, mijo, teff, bulgur (o burgul), centeno, triticale, alforfón (o trigo sarraceno), alpiste, quihuicha o trigo inca, canagua o cañahua, cañihua o kañiwa, adlay o las lágrimas de Job, granos de cereales mezclados, en forma de granos secos, que también incluyen otros ingredientes (siempre que estos no sean el ingrediente principal) pero sin otro procesamiento"
01.1.1.01.99,Producto,centeno,incluido,"trigo, germen y salvado de trigo, sorgo, cebada, mijo, teff, bulgur (o burgul), centeno, triticale, alforfón (o trigo sarraceno), alpiste, quihuicha o trigo inca, canagua o cañahua, cañihua o kañiwa, adlay o las lágrimas de Job, granos de cereales mezclados, en forma de granos secos, que también incluyen otros ingredientes (siempre que estos no sean el ingrediente principal) pero sin otro procesamiento"
01.1.1.01.99,Producto,triticale,incluido,"trigo, germen y salvado de trigo, sorgo, cebada, mijo, teff, bulgur (o burgul), centeno, triticale, alforfón (o trigo sarraceno), alpiste, quihuicha o trigo inca, canagua o cañahua, cañihua o kañiwa, adlay o las lágrimas de Job, granos de cereales mezclados, en forma de granos secos, que también incluyen otros ingredientes (siempre que estos no sean el ingrediente principal) pero sin otro procesamiento"
01.1.1.01.99,Producto,alforfón (o trigo sarraceno),incluido,"trigo, germen y salvado de trigo, sorgo, cebada, mijo, teff, bulgur (o burgul), centeno, triticale, alforfón (o trigo sarraceno), alpiste, quihuicha o trigo inca, canagua o cañahua, cañihua o kañiwa, adlay o las lágrimas de Job, granos de cereales mezclados, en forma de granos secos, que también incluyen otros ingredientes (siempre que estos no sean el ingrediente principal) pero sin otro procesamiento"
01.1.1.01.99,Producto,alpiste,incluido,"trigo, germen y salvado de trigo, sorgo, cebada, mijo, teff, bulgur (o burgul), centeno, triticale, alforfón (o trigo sarraceno), alpiste, quihuicha o trigo inca, canagua o cañahua, cañihua o kañiwa, adlay o las lágrimas de Job, granos de cereales mezclados, en forma de granos secos, que también incluyen otros ingredientes (siempre que estos no sean el ingrediente principal) pero sin otro procesamiento"
01.1.1.01.99,Producto,quihuicha,incluido,"trigo, germen y salvado de trigo, sorgo, cebada, mijo, teff, bulgur (o burgul), centeno, triticale, alforfón (o trigo sarraceno), alpiste, quihuicha o trigo inca, canagua o cañahua, cañihua o kañiwa, adlay o las lágrimas de Job, granos de cereales mezclados, en forma de granos secos, que también incluyen otros ingredientes (siempre que estos no sean el ingrediente principal) pero sin otro procesamiento"
01.1.1.01.99,Producto,trigo inca,incluido,"trigo, germen y salvado de trigo, sorgo, cebada, mijo, teff, bulgur (o burgul), centeno, triticale, alforfón (o trigo sarraceno), alpiste, quihuicha o trigo inca, canagua o cañahua, cañihua o kañiwa, adlay o las lágrimas de Job, granos de cereales mezclados, en forma de granos secos, que también incluyen otros ingredientes (siempre que estos no sean el ingrediente principal) pero sin otro procesamiento"
01.1.1.01.99,Producto,canagua,incluido,"trigo, germen y salvado de trigo, sorgo, cebada, mijo, teff, bulgur (o burgul), centeno, triticale, alforfón (o trigo sarraceno), alpiste, quihuicha o trigo inca, canagua o cañahua, cañihua o kañiwa, adlay o las lágrimas de Job, granos de cereales mezclados, en forma de granos secos, que también incluyen otros ingredientes (siempre que estos no sean el ingrediente principal) pero sin otro procesamiento"
01.1.1.01.99,Producto,cañahua,incluido,"trigo, germen y salvado de trigo, sorgo, cebada, mijo, teff, bulgur (o burgul), centeno, triticale, alforfón (o trigo sarraceno), alpiste, quihuicha o trigo inca, canagua o cañahua, cañihua o kañiwa, adlay o las lágrimas de Job, granos de cereales mezclados, en forma de granos secos, que también incluyen otros ingredientes (siempre que estos no sean el ingrediente principal) pero sin otro procesamiento"
01.1.1.01.99,Producto,cañihua,incluido,"trigo, germen y salvado de trigo, sorgo, cebada, mijo, teff, bulgur (o burgul), centeno, triticale, alforfón (o trigo sarraceno), alpiste, quihuicha o trigo inca, canagua o cañahua, cañihua o kañiwa, adlay o las lágrimas de Job, granos de cereales mezclados, en forma de granos secos, que también incluyen otros ingredientes (siempre que estos no sean el ingrediente principal) pero sin otro procesamiento"
01.1.1.01.99,Producto,kañiwa,incluido,"trigo, germen y salvado de trigo, sorgo, cebada, mijo, teff, bulgur (o burgul), centeno, triticale, alforfón (o trigo sarraceno), alpiste, quihuicha o trigo inca, canagua o cañahua, cañihua o kañiwa, adlay o las lágrimas de Job, granos de cereales mezclados, en forma de granos secos, que también incluyen otros ingredientes (siempre que estos no sean el ingrediente principal) pero sin otro procesamiento"
01.1.1.01.99,Producto,adlay,incluido,"trigo, germen y salvado de trigo, sorgo, cebada, mijo, teff, bulgur (o burgul), centeno, triticale, alforfón (o trigo sarraceno), alpiste, quihuicha o trigo inca, canagua o cañahua, cañihua o kañiwa, adlay o las lágrimas de Job, granos de cereales mezclados, en forma de granos secos, que también incluyen otros ingredientes (siempre que estos no sean el ingrediente principal) pero sin otro procesamiento"
01.1.1.01.99,Producto,granos de cereales mezclados,incluido,"trigo, germen y salvado de trigo, sorgo, cebada, mijo, teff, bulgur (o burgul), centeno, triticale, alforfón (o trigo sarraceno), alpiste, quihuicha o trigo inca, canagua o cañahua, cañihua o kañiwa, adlay o las lágrimas de Job, granos de cereales mezclados, en forma de granos secos, que también incluyen otros ingredientes (siempre que estos no sean el ingrediente principal) pero sin otro procesamiento"
01.1.1.09.99,Producto,mote,excluido,mote o trigo mote (01.1.1.09.99)
01.1.1.09.99,Producto,trigo mote,excluido,mote o trigo mote (01.1.1.09.99)
01.1.1.02.00,Subclase,harina de los cereales mencionados en la subclase 01.1.1.01.00,incluido,harina de los cereales mencionados en la subclase 01.1.1.01.00
01.1.1.02.00,Subclase,harina instantánea para productos de panadería,incluido,harina instantánea para productos de panadería o que contiene levaduras
01.1.1.02.00,Subclase,harina de polenta,incluido,"harina de polenta, ya sea instantánea (precocida) o no"
01.1.9.02.01,Producto,harina,excluido,"harina como alimento para bebés, cereales de arroz para bebés y otros cereales para bebés (01.1.9.02.01)"
01.1.9.02.01,Producto,alimento para bebés,excluido,"harina como alimento para bebés, cereales de arroz para bebés y otros cereales para bebés (01.1.9.02.01)"
01.1.1.02.01,Producto,harina de trigo envasada,incluido,"harina de trigo envasada, a granel, harina de flor, con o sin polvos de hornear, harina de fuerza"
01.1.1.02.01,Producto,harina de flor,incluido,"harina de trigo envasada, a granel, harina de flor, con o sin polvos de hornear, harina de fuerza"
01.1.1.02.01,Producto,harina de fuerza,incluido,"harina de trigo envasada, a granel, harina de flor, con o sin polvos de hornear, harina de fuerza"
01.1.1.02.99,Producto,harina integral de trigo,excluido,harina integral de trigo (01.1.1.02.99)
01.1.1.09.01,Producto,mezclas para productos de panadería,excluido,"mezclas para productos de panadería, por ejemplo, mezclas para pan, tortas o queques (01.1.1.09.01)"
01.1.1.09.01,Producto,mezclas para pan,excluido,"mezclas para productos de panadería, por ejemplo, mezclas para pan, tortas o queques (01.1.1.09.01)"
01.1.1.09.01,Producto,tortas,excluido,"mezclas para productos de panadería, por ejemplo, mezclas para pan, tortas o queques (01.1.1.09.01)"
01.1.1.09.01,Producto,queques,excluido,"mezclas para productos de panadería, por ejemplo, mezclas para pan, tortas o queques (01.1.1.09.01)"
01.1.8.01.01,Producto,azúcar flor,excluido,azúcar flor (01.1.8.01.01)
01.1.1.02.99,Producto,harina de arroz,incluido,"harina de arroz, harina de fécula de maíz (maicena), harina integral de todos los cereales (incluido trigo), harina de cebada, harina de linaza, harina de quinoa, harina de arvejón, harina tostada, harina de polenta y otras harinas de los cereales incluidos en la subclase 01.1.1.01.00, excepto la harina de trigo blanca"
01.1.1.02.99,Producto,harina de fécula de maíz (maicena),incluido,"harina de arroz, harina de fécula de maíz (maicena), harina integral de todos los cereales (incluido trigo), harina de cebada, harina de linaza, harina de quinoa, harina de arvejón, harina tostada, harina de polenta y otras harinas de los cereales incluidos en la subclase 01.1.1.01.00, excepto la harina de trigo blanca"
01.1.1.02.99,Producto,harina integral de todos los cereales (incluido trigo),incluido,"harina de arroz, harina de fécula de maíz (maicena), harina integral de todos los cereales (incluido trigo), harina de cebada, harina de linaza, harina de quinoa, harina de arvejón, harina tostada, harina de polenta y otras harinas de los cereales incluidos en la subclase 01.1.1.01.00, excepto la harina de trigo blanca"
01.1.1.02.99,Producto,harina de cebada,incluido,"harina de arroz, harina de fécula de maíz (maicena), harina integral de todos los cereales (incluido trigo), harina de cebada, harina de linaza, harina de quinoa, harina de arvejón, harina tostada, harina de polenta y otras harinas de los cereales incluidos en la subclase 01.1.1.01.00, excepto la harina de trigo blanca"
01.1.1.02.99,Producto,harina de linaza,incluido,"harina de arroz, harina de fécula de maíz (maicena), harina integral de todos los cereales (incluido trigo), harina de cebada, harina de linaza, harina de quinoa, harina de arvejón, harina tostada, harina de polenta y otras harinas de los cereales incluidos en la subclase 01.1.1.01.00, excepto la harina de trigo blanca"
01.1.1.02.99,Producto,harina de quinoa,incluido,"harina de arroz, harina de fécula de maíz (maicena), harina integral de todos los cereales (incluido trigo), harina de cebada, harina de linaza, harina de quinoa, harina de arvejón, harina tostada, harina de polenta y otras harinas de los cereales incluidos en la subclase 01.1.1.01.00, excepto la harina de trigo blanca"
01.1.1.02.99,Producto,harina de arvejón,incluido,"harina de arroz, harina de fécula de maíz (maicena), harina integral de todos los cereales (incluido trigo), harina de cebada, harina de linaza, harina de quinoa, harina de arvejón, harina tostada, harina de polenta y otras harinas de los cereales incluidos en la subclase 01.1.1.01.00, excepto la harina de trigo blanca"
01.1.1.02.99,Producto,harina tostada,incluido,"harina de arroz, harina de fécula de maíz (maicena), harina integral de todos los cereales (incluido trigo), harina de cebada, harina de linaza, harina de quinoa, harina de arvejón, harina tostada, harina de polenta y otras harinas de los cereales incluidos en la subclase 01.1.1.01.00, excepto la harina de trigo blanca"
01.1.1.02.99,Producto,harina de polenta,incluido,"harina de arroz, harina de fécula de maíz (maicena), harina integral de todos los cereales (incluido trigo), harina de cebada, harina de linaza, harina de quinoa, harina de arvejón, harina tostada, harina de polenta y otras harinas de los cereales incluidos en la subclase 01.1.1.01.00, excepto la harina de trigo blanca"
01.1.1.02.99,Producto,otras harinas de los cereales incluidos en la subclase 01.1.1.01.00,incluido,"harina de arroz, harina de fécula de maíz (maicena), harina integral de todos los cereales (incluido trigo), harina de cebada, harina de linaza, harina de quinoa, harina de arvejón, harina tostada, harina de polenta y otras harinas de los cereales incluidos en la subclase 01.1.1.01.00, excepto la harina de trigo blanca"
01.1.6.09.99,Producto,harina de frutas,excluido,harina de frutas y frutos secos (01.1.6.09.99)
01.1.6.09.99,Producto,frutos secos,excluido,harina de frutas y frutos secos (01.1.6.09.99)
01.1.7.09.01,Producto,harina de legumbres,excluido,"harina de legumbres, hortalizas, tubérculos y bananas de cocción (01.1.7.09.01)"
01.1.7.09.01,Producto,hortalizas,excluido,"harina de legumbres, hortalizas, tubérculos y bananas de cocción (01.1.7.09.01)"
01.1.7.09.01,Producto,tubérculos,excluido,"harina de legumbres, hortalizas, tubérculos y bananas de cocción (01.1.7.09.01)"
01.1.7.09.01,Producto,bananas de cocción,excluido,"harina de legumbres, hortalizas, tubérculos y bananas de cocción (01.1.7.09.01)"
01.1.1.03.00,Subclase,pan,incluido,pan y panecillos
01.1.1.03.00,Subclase,panecillos,incluido,pan y panecillos
01.1.1.03.00,Subclase,pan crujiente,incluido,"pan crujiente, bizcochos, pan tostado, galletas saladas"
01.1.1.03.00,Subclase,bizcochos,incluido,"pan crujiente, bizcochos, pan tostado, galletas saladas"
01.1.1.03.00,Subclase,pan tostado,incluido,"pan crujiente, bizcochos, pan tostado, galletas saladas"
01.1.1.03.00,Subclase,galletas saladas,incluido,"pan crujiente, bizcochos, pan tostado, galletas saladas"
01.1.1.03.00,Subclase,tortillas,incluido,tortillas
01.1.1.03.00,Subclase,injera (o inyera),incluido,injera (o inyera)
01.1.1.03.00,Subclase,bases de pizza sin cubrir,incluido,"bases de pizza sin cubrir o sin ingredientes (masa de pizza), ya sean precocidas o no"
01.1.1.03.00,Subclase,pan de jengibre,incluido,pan de jengibre y similares
01.1.1.03.00,Subclase,galletas dulces,incluido,galletas dulces
01.1.1.03.00,Subclase,waffles,incluido,waffles y obleas
01.1.1.03.00,Subclase,obleas,incluido,waffles y obleas
01.1.1.03.00,Subclase,conos de helado,incluido,conos de helado
01.1.1.03.00,Subclase,bollos,incluido,"bollos, muffins, croissant, pasteles, tartas dulces, pasteles dulces y otros productos de pastelería y tortas"
01.1.1.03.00,Subclase,muffins,incluido,"bollos, muffins, croissant, pasteles, tartas dulces, pasteles dulces y otros productos de pastelería y tortas"
01.1.1.03.00,Subclase,croissant,incluido,"bollos, muffins, croissant, pasteles, tartas dulces, pasteles dulces y otros productos de pastelería y tortas"
01.1.1.03.00,Subclase,pasteles,incluido,"bollos, muffins, croissant, pasteles, tartas dulces, pasteles dulces y otros productos de pastelería y tortas"
01.1.1.03.00,Subclase,tartas dulces,incluido,"bollos, muffins, croissant, pasteles, tartas dulces, pasteles dulces y otros productos de pastelería y tortas"
01.1.1.03.00,Subclase,pasteles dulces,incluido,"bollos, muffins, croissant, pasteles, tartas dulces, pasteles dulces y otros productos de pastelería y tortas"
01.1.1.03.00,Subclase,otros productos de pastelería,incluido,"bollos, muffins, croissant, pasteles, tartas dulces, pasteles dulces y otros productos de pastelería y tortas"
01.1.1.03.00,Subclase,tortas,incluido,"bollos, muffins, croissant, pasteles, tartas dulces, pasteles dulces y otros productos de pastelería y tortas"
01.1.9.01.00,Subclase,pizza (con agregados),excluido,"pizza (con agregados), quiches, pasteles de carne o pescado (01.1.9.01.00)"
01.1.9.01.00,Subclase,quiches,excluido,"pizza (con agregados), quiches, pasteles de carne o pescado (01.1.9.01.00)"
01.1.9.01.00,Subclase,pasteles de carne,excluido,"pizza (con agregados), quiches, pasteles de carne o pescado (01.1.9.01.00)"
01.1.9.01.00,Subclase,pescado,excluido,"pizza (con agregados), quiches, pasteles de carne o pescado (01.1.9.01.00)"
01.1.1.03.01,Producto,pan fresco corriente a granel,incluido,"pan fresco corriente a granel como marraqueta (pan batido o pan francés), hallulla"
01.1.1.03.01,Producto,marraqueta (pan batido o pan francés),incluido,"pan fresco corriente a granel como marraqueta (pan batido o pan francés), hallulla"
01.1.1.03.01,Producto,hallulla,incluido,"pan fresco corriente a granel como marraqueta (pan batido o pan francés), hallulla"
01.1.1.03.10,Producto,panes dulces,excluido,"panes dulces, por ejemplo, pan de nata, pan de anís, pan de huevo, pan brioche (01.1.1.03.10)"
01.1.1.03.10,Producto,pan de nata,excluido,"panes dulces, por ejemplo, pan de nata, pan de anís, pan de huevo, pan brioche (01.1.1.03.10)"
01.1.1.03.10,Producto,pan de anís,excluido,"panes dulces, por ejemplo, pan de nata, pan de anís, pan de huevo, pan brioche (01.1.1.03.10)"
01.1.1.03.10,Producto,pan de huevo,excluido,"panes dulces, por ejemplo, pan de nata, pan de anís, pan de huevo, pan brioche (01.1.1.03.10)"
01.1.1.03.10,Producto,pan brioche,excluido,"panes dulces, por ejemplo, pan de nata, pan de anís, pan de huevo, pan brioche (01.1.1.03.10)"
01.1.1.03.02,Producto,pan especial a granel,incluido,"pan especial a granel como pan flauta, pan cocktail, pan baguette, pan pita, pan integral, pan centeno, pan amasado, bollos, pan frica, pan para hamburguesa, pan para completo, pan coliza, pan de hoja, hallulla especial, pan de ajo, dobladitas y otros tipos de pan especial a granel"
01.1.1.03.02,Producto,pan flauta,incluido,"pan especial a granel como pan flauta, pan cocktail, pan baguette, pan pita, pan integral, pan centeno, pan amasado, bollos, pan frica, pan para hamburguesa, pan para completo, pan coliza, pan de hoja, hallulla especial, pan de ajo, dobladitas y otros tipos de pan especial a granel"
01.1.1.03.02,Producto,pan cocktail,incluido,"pan especial a granel como pan flauta, pan cocktail, pan baguette, pan pita, pan integral, pan centeno, pan amasado, bollos, pan frica, pan para hamburguesa, pan para completo, pan coliza, pan de hoja, hallulla especial, pan de ajo, dobladitas y otros tipos de pan especial a granel"
01.1.1.03.02,Producto,pan baguette,incluido,"pan especial a granel como pan flauta, pan cocktail, pan baguette, pan pita, pan integral, pan centeno, pan amasado, bollos, pan frica, pan para hamburguesa, pan para completo, pan coliza, pan de hoja, hallulla especial, pan de ajo, dobladitas y otros tipos de pan especial a granel"
01.1.1.03.02,Producto,pan pita,incluido,"pan especial a granel como pan flauta, pan cocktail, pan baguette, pan pita, pan integral, pan centeno, pan amasado, bollos, pan frica, pan para hamburguesa, pan para completo, pan coliza, pan de hoja, hallulla especial, pan de ajo, dobladitas y otros tipos de pan especial a granel"
01.1.1.03.02,Producto,pan integral,incluido,"pan especial a granel como pan flauta, pan cocktail, pan baguette, pan pita, pan integral, pan centeno, pan amasado, bollos, pan frica, pan para hamburguesa, pan para completo, pan coliza, pan de hoja, hallulla especial, pan de ajo, dobladitas y otros tipos de pan especial a granel"
01.1.1.03.02,Producto,pan centeno,incluido,"pan especial a granel como pan flauta, pan cocktail, pan baguette, pan pita, pan integral, pan centeno, pan amasado, bollos, pan frica, pan para hamburguesa, pan para completo, pan coliza, pan de hoja, hallulla especial, pan de ajo, dobladitas y otros tipos de pan especial a granel"
01.1.1.03.02,Producto,pan amasado,incluido,"pan especial a granel como pan flauta, pan cocktail, pan baguette, pan pita, pan integral, pan centeno, pan amasado, bollos, pan frica, pan para hamburguesa, pan para completo, pan coliza, pan de hoja, hallulla especial, pan de ajo, dobladitas y otros tipos de pan especial a granel"
01.1.1.03.02,Producto,bollos,incluido,"pan especial a granel como pan flauta, pan cocktail, pan baguette, pan pita, pan integral, pan centeno, pan amasado, bollos, pan frica, pan para hamburguesa, pan para completo, pan coliza, pan de hoja, hallulla especial, pan de ajo, dobladitas y otros tipos de pan especial a granel"
01.1.1.03.02,Producto,pan frica,incluido,"pan especial a granel como pan flauta, pan cocktail, pan baguette, pan pita, pan integral, pan centeno, pan amasado, bollos, pan frica, pan para hamburguesa, pan para completo, pan coliza, pan de hoja, hallulla especial, pan de ajo, dobladitas y otros tipos de pan especial a granel"
01.1.1.03.02,Producto,pan para hamburguesa,incluido,"pan especial a granel como pan flauta, pan cocktail, pan baguette, pan pita, pan integral, pan centeno, pan amasado, bollos, pan frica, pan para hamburguesa, pan para completo, pan coliza, pan de hoja, hallulla especial, pan de ajo, dobladitas y otros tipos de pan especial a granel"
01.1.1.03.02,Producto,pan para completo,incluido,"pan especial a granel como pan flauta, pan cocktail, pan baguette, pan pita, pan integral, pan centeno, pan amasado, bollos, pan frica, pan para hamburguesa, pan para completo, pan coliza, pan de hoja, hallulla especial, pan de ajo, dobladitas y otros tipos de pan especial a granel"
01.1.1.03.02,Producto,pan coliza,incluido,"pan especial a granel como pan flauta, pan cocktail, pan baguette, pan pita, pan integral, pan centeno, pan amasado, bollos, pan frica, pan para hamburguesa, pan para completo, pan coliza, pan de hoja, hallulla especial, pan de ajo, dobladitas y otros tipos de pan especial a granel"
01.1.1.03.02,Producto,pan de hoja,incluido,"pan especial a granel como pan flauta, pan cocktail, pan baguette, pan pita, pan integral, pan centeno, pan amasado, bollos, pan frica, pan para hamburguesa, pan para completo, pan coliza, pan de hoja, hallulla especial, pan de ajo, dobladitas y otros tipos de pan especial a granel"
01.1.1.03.02,Producto,hallulla especial,incluido,"pan especial a granel como pan flauta, pan cocktail, pan baguette, pan pita, pan integral, pan centeno, pan amasado, bollos, pan frica, pan para hamburguesa, pan para completo, pan coliza, pan de hoja, hallulla especial, pan de ajo, dobladitas y otros tipos de pan especial a granel"
01.1.1.03.02,Producto,pan de ajo,incluido,"pan especial a granel como pan flauta, pan cocktail, pan baguette, pan pita, pan integral, pan centeno, pan amasado, bollos, pan frica, pan para hamburguesa, pan para completo, pan coliza, pan de hoja, hallulla especial, pan de ajo, dobladitas y otros tipos de pan especial a granel"
01.1.1.03.02,Producto,dobladitas,incluido,"pan especial a granel como pan flauta, pan cocktail, pan baguette, pan pita, pan integral, pan centeno, pan amasado, bollos, pan frica, pan para hamburguesa, pan para completo, pan coliza, pan de hoja, hallulla especial, pan de ajo, dobladitas y otros tipos de pan especial a granel"
01.1.1.03.02,Producto,otros tipos de pan especial a granel,incluido,"pan especial a granel como pan flauta, pan cocktail, pan baguette, pan pita, pan integral, pan centeno, pan amasado, bollos, pan frica, pan para hamburguesa, pan para completo, pan coliza, pan de hoja, hallulla especial, pan de ajo, dobladitas y otros tipos de pan especial a granel"
01.1.1.03.03,Producto,pan envasado (corriente o especial),incluido,"pan envasado (corriente o especial) como pan hallulla envasado, pan marraqueta (batido o francés) envasado, pan para cocktail envasado, pan frica envasado, pan para hamburguesa envasado, pan para completo envasado, pan molde envasado, pan pita envasado, pan rallado, panko y cualquier tipo de pan envasado"
01.1.1.03.03,Producto,pan hallulla envasado,incluido,"pan envasado (corriente o especial) como pan hallulla envasado, pan marraqueta (batido o francés) envasado, pan para cocktail envasado, pan frica envasado, pan para hamburguesa envasado, pan para completo envasado, pan molde envasado, pan pita envasado, pan rallado, panko y cualquier tipo de pan envasado"
01.1.1.03.03,Producto,pan marraqueta (batido o francés) envasado,incluido,"pan envasado (corriente o especial) como pan hallulla envasado, pan marraqueta (batido o francés) envasado, pan para cocktail envasado, pan frica envasado, pan para hamburguesa envasado, pan para completo envasado, pan molde envasado, pan pita envasado, pan rallado, panko y cualquier tipo de pan envasado"
01.1.1.03.03,Producto,pan para cocktail envasado,incluido,"pan envasado (corriente o especial) como pan hallulla envasado, pan marraqueta (batido o francés) envasado, pan para cocktail envasado, pan frica envasado, pan para hamburguesa envasado, pan para completo envasado, pan molde envasado, pan pita envasado, pan rallado, panko y cualquier tipo de pan envasado"
01.1.1.03.03,Producto,pan frica envasado,incluido,"pan envasado (corriente o especial) como pan hallulla envasado, pan marraqueta (batido o francés) envasado, pan para cocktail envasado, pan frica envasado, pan para hamburguesa envasado, pan para completo envasado, pan molde envasado, pan pita envasado, pan rallado, panko y cualquier tipo de pan envasado"
01.1.1.03.03,Producto,pan para hamburguesa envasado,incluido,"pan envasado (corriente o especial) como pan hallulla envasado, pan marraqueta (batido o francés) envasado, pan para cocktail envasado, pan frica envasado, pan para hamburguesa envasado, pan para completo envasado, pan molde envasado, pan pita envasado, pan rallado, panko y cualquier tipo de pan envasado"
01.1.1.03.03,Producto,pan para completo envasado,incluido,"pan envasado (corriente o especial) como pan hallulla envasado, pan marraqueta (batido o francés) envasado, pan para cocktail envasado, pan frica envasado, pan para hamburguesa envasado, pan para completo envasado, pan molde envasado, pan pita envasado, pan rallado, panko y cualquier tipo de pan envasado"
01.1.1.03.03,Producto,pan molde envasado,incluido,"pan envasado (corriente o especial) como pan hallulla envasado, pan marraqueta (batido o francés) envasado, pan para cocktail envasado, pan frica envasado, pan para hamburguesa envasado, pan para completo envasado, pan molde envasado, pan pita envasado, pan rallado, panko y cualquier tipo de pan envasado"
01.1.1.03.03,Producto,pan pita envasado,incluido,"pan envasado (corriente o especial) como pan hallulla envasado, pan marraqueta (batido o francés) envasado, pan para cocktail envasado, pan frica envasado, pan para hamburguesa envasado, pan para completo envasado, pan molde envasado, pan pita envasado, pan rallado, panko y cualquier tipo de pan envasado"
01.1.1.03.03,Producto,pan rallado,incluido,"pan envasado (corriente o especial) como pan hallulla envasado, pan marraqueta (batido o francés) envasado, pan para cocktail envasado, pan frica envasado, pan para hamburguesa envasado, pan para completo envasado, pan molde envasado, pan pita envasado, pan rallado, panko y cualquier tipo de pan envasado"
01.1.1.03.03,Producto,panko,incluido,"pan envasado (corriente o especial) como pan hallulla envasado, pan marraqueta (batido o francés) envasado, pan para cocktail envasado, pan frica envasado, pan para hamburguesa envasado, pan para completo envasado, pan molde envasado, pan pita envasado, pan rallado, panko y cualquier tipo de pan envasado"
01.1.1.03.03,Producto,cualquier tipo de pan envasado,incluido,"pan envasado (corriente o especial) como pan hallulla envasado, pan marraqueta (batido o francés) envasado, pan para cocktail envasado, pan frica envasado, pan para hamburguesa envasado, pan para completo envasado, pan molde envasado, pan pita envasado, pan rallado, panko y cualquier tipo de pan envasado"
01.1.1.03.04,Producto,chapaleles,incluido,"chapaleles, tortillas de rescoldo, tortillas de campo, milcaos y otros similares"
01.1.1.03.04,Producto,tortillas de rescoldo,incluido,"chapaleles, tortillas de rescoldo, tortillas de campo, milcaos y otros similares"
01.1.1.03.04,Producto,tortillas de campo,incluido,"chapaleles, tortillas de rescoldo, tortillas de campo, milcaos y otros similares"
01.1.1.03.04,Producto,milcaos,incluido,"chapaleles, tortillas de rescoldo, tortillas de campo, milcaos y otros similares"
01.1.1.03.04,Producto,otros similares,incluido,"chapaleles, tortillas de rescoldo, tortillas de campo, milcaos y otros similares"
01.1.1.03.12,Producto,tortillas para cocinar,excluido,tortillas para cocinar (01.1.1.03.12)
01.1.1.03.05,Producto,galletas dulces con relleno,incluido,"galletas dulces con relleno o agregados como galletas tipo sándwich, galletas oblea, galletas bañadas con chocolate, entre otras (que sean envasadas o granel), incluye versiones light o dietéticas"
01.1.1.03.05,Producto,agregados,incluido,"galletas dulces con relleno o agregados como galletas tipo sándwich, galletas oblea, galletas bañadas con chocolate, entre otras (que sean envasadas o granel), incluye versiones light o dietéticas"
01.1.1.03.05,Producto,galletas tipo sándwich,incluido,"galletas dulces con relleno o agregados como galletas tipo sándwich, galletas oblea, galletas bañadas con chocolate, entre otras (que sean envasadas o granel), incluye versiones light o dietéticas"
01.1.1.03.05,Producto,galletas oblea,incluido,"galletas dulces con relleno o agregados como galletas tipo sándwich, galletas oblea, galletas bañadas con chocolate, entre otras (que sean envasadas o granel), incluye versiones light o dietéticas"
01.1.1.03.05,Producto,galletas bañadas con chocolate,incluido,"galletas dulces con relleno o agregados como galletas tipo sándwich, galletas oblea, galletas bañadas con chocolate, entre otras (que sean envasadas o granel), incluye versiones light o dietéticas"
01.1.1.03.05,Producto,incluye versiones light,incluido,"galletas dulces con relleno o agregados como galletas tipo sándwich, galletas oblea, galletas bañadas con chocolate, entre otras (que sean envasadas o granel), incluye versiones light o dietéticas"
01.1.1.03.05,Producto,dietéticas,incluido,"galletas dulces con relleno o agregados como galletas tipo sándwich, galletas oblea, galletas bañadas con chocolate, entre otras (que sean envasadas o granel), incluye versiones light o dietéticas"
01.1.1.03.06,Producto,galletas dulces sin relleno,incluido,"galletas dulces sin relleno como galletas tipo coctel, champaña, galletas de vino, galletas dulces integrales, galletas de chuño, entre otras (que sean envasadas o granel), incluye versiones light o dietéticas"
01.1.1.03.06,Producto,galletas tipo coctel,incluido,"galletas dulces sin relleno como galletas tipo coctel, champaña, galletas de vino, galletas dulces integrales, galletas de chuño, entre otras (que sean envasadas o granel), incluye versiones light o dietéticas"
01.1.1.03.06,Producto,champaña,incluido,"galletas dulces sin relleno como galletas tipo coctel, champaña, galletas de vino, galletas dulces integrales, galletas de chuño, entre otras (que sean envasadas o granel), incluye versiones light o dietéticas"
01.1.1.03.06,Producto,galletas de vino,incluido,"galletas dulces sin relleno como galletas tipo coctel, champaña, galletas de vino, galletas dulces integrales, galletas de chuño, entre otras (que sean envasadas o granel), incluye versiones light o dietéticas"
01.1.1.03.06,Producto,galletas dulces integrales,incluido,"galletas dulces sin relleno como galletas tipo coctel, champaña, galletas de vino, galletas dulces integrales, galletas de chuño, entre otras (que sean envasadas o granel), incluye versiones light o dietéticas"
01.1.1.03.06,Producto,galletas de chuño,incluido,"galletas dulces sin relleno como galletas tipo coctel, champaña, galletas de vino, galletas dulces integrales, galletas de chuño, entre otras (que sean envasadas o granel), incluye versiones light o dietéticas"
01.1.1.03.06,Producto,incluye versiones light,incluido,"galletas dulces sin relleno como galletas tipo coctel, champaña, galletas de vino, galletas dulces integrales, galletas de chuño, entre otras (que sean envasadas o granel), incluye versiones light o dietéticas"
01.1.1.03.06,Producto,dietéticas,incluido,"galletas dulces sin relleno como galletas tipo coctel, champaña, galletas de vino, galletas dulces integrales, galletas de chuño, entre otras (que sean envasadas o granel), incluye versiones light o dietéticas"
01.1.1.04.01,Producto,galletas de arroz,excluido,galletas de arroz (01.1.1.04.01)
01.1.1.03.07,Producto,galletas saladas,incluido,"galletas saladas, galletas de agua, galletas de soda, galletas de avena, galletas de linaza, galletas de salvado de trigo, entre otras (que sean envasadas o granel), incluye versiones light o dietéticas"
01.1.1.03.07,Producto,galletas de agua,incluido,"galletas saladas, galletas de agua, galletas de soda, galletas de avena, galletas de linaza, galletas de salvado de trigo, entre otras (que sean envasadas o granel), incluye versiones light o dietéticas"
01.1.1.03.07,Producto,galletas de soda,incluido,"galletas saladas, galletas de agua, galletas de soda, galletas de avena, galletas de linaza, galletas de salvado de trigo, entre otras (que sean envasadas o granel), incluye versiones light o dietéticas"
01.1.1.03.07,Producto,galletas de avena,incluido,"galletas saladas, galletas de agua, galletas de soda, galletas de avena, galletas de linaza, galletas de salvado de trigo, entre otras (que sean envasadas o granel), incluye versiones light o dietéticas"
01.1.1.03.07,Producto,galletas de linaza,incluido,"galletas saladas, galletas de agua, galletas de soda, galletas de avena, galletas de linaza, galletas de salvado de trigo, entre otras (que sean envasadas o granel), incluye versiones light o dietéticas"
01.1.1.03.07,Producto,galletas de salvado de trigo,incluido,"galletas saladas, galletas de agua, galletas de soda, galletas de avena, galletas de linaza, galletas de salvado de trigo, entre otras (que sean envasadas o granel), incluye versiones light o dietéticas"
01.1.1.03.07,Producto,incluye versiones light,incluido,"galletas saladas, galletas de agua, galletas de soda, galletas de avena, galletas de linaza, galletas de salvado de trigo, entre otras (que sean envasadas o granel), incluye versiones light o dietéticas"
01.1.1.03.07,Producto,dietéticas,incluido,"galletas saladas, galletas de agua, galletas de soda, galletas de avena, galletas de linaza, galletas de salvado de trigo, entre otras (que sean envasadas o granel), incluye versiones light o dietéticas"
01.1.1.03.08,Producto,galletas en general cuyo tipo no es posible identificar,incluido,galletas en general cuyo tipo no es posible identificar
01.1.1.03.09,Producto,tortas de todos los tipos,incluido,"tortas de todos los tipos como torta de bizcocho, de milhoja, de panqueques y similares"
01.1.1.03.09,Producto,torta de bizcocho,incluido,"tortas de todos los tipos como torta de bizcocho, de milhoja, de panqueques y similares"
01.1.1.03.09,Producto,tartas,incluido,"tartas, kuchen, tartaleta, pie de limón, cheesecake, brazo de reina, pan de pascua, queques enteros"
01.1.1.03.09,Producto,kuchen,incluido,"tartas, kuchen, tartaleta, pie de limón, cheesecake, brazo de reina, pan de pascua, queques enteros"
01.1.1.03.09,Producto,tartaleta,incluido,"tartas, kuchen, tartaleta, pie de limón, cheesecake, brazo de reina, pan de pascua, queques enteros"
01.1.1.03.09,Producto,pie de limón,incluido,"tartas, kuchen, tartaleta, pie de limón, cheesecake, brazo de reina, pan de pascua, queques enteros"
01.1.1.03.09,Producto,cheesecake,incluido,"tartas, kuchen, tartaleta, pie de limón, cheesecake, brazo de reina, pan de pascua, queques enteros"
01.1.1.03.09,Producto,brazo de reina,incluido,"tartas, kuchen, tartaleta, pie de limón, cheesecake, brazo de reina, pan de pascua, queques enteros"
01.1.1.03.09,Producto,pan de pascua,incluido,"tartas, kuchen, tartaleta, pie de limón, cheesecake, brazo de reina, pan de pascua, queques enteros"
01.1.1.03.09,Producto,queques enteros,incluido,"tartas, kuchen, tartaleta, pie de limón, cheesecake, brazo de reina, pan de pascua, queques enteros"
01.1.1.03.10,Producto,trozos,incluido,"trozos o porciones de tortas, tartas, kuchen, tartaleta, pie de limón, cheesecake, brazo de reina, pan de pascua, queques"
01.1.1.03.10,Producto,porciones de tortas,incluido,"trozos o porciones de tortas, tartas, kuchen, tartaleta, pie de limón, cheesecake, brazo de reina, pan de pascua, queques"
01.1.1.03.10,Producto,tartas,incluido,"trozos o porciones de tortas, tartas, kuchen, tartaleta, pie de limón, cheesecake, brazo de reina, pan de pascua, queques"
01.1.1.03.10,Producto,kuchen,incluido,"trozos o porciones de tortas, tartas, kuchen, tartaleta, pie de limón, cheesecake, brazo de reina, pan de pascua, queques"
01.1.1.03.10,Producto,tartaleta,incluido,"trozos o porciones de tortas, tartas, kuchen, tartaleta, pie de limón, cheesecake, brazo de reina, pan de pascua, queques"
01.1.1.03.10,Producto,pie de limón,incluido,"trozos o porciones de tortas, tartas, kuchen, tartaleta, pie de limón, cheesecake, brazo de reina, pan de pascua, queques"
01.1.1.03.10,Producto,cheesecake,incluido,"trozos o porciones de tortas, tartas, kuchen, tartaleta, pie de limón, cheesecake, brazo de reina, pan de pascua, queques"
01.1.1.03.10,Producto,brazo de reina,incluido,"trozos o porciones de tortas, tartas, kuchen, tartaleta, pie de limón, cheesecake, brazo de reina, pan de pascua, queques"
01.1.1.03.10,Producto,pan de pascua,incluido,"trozos o porciones de tortas, tartas, kuchen, tartaleta, pie de limón, cheesecake, brazo de reina, pan de pascua, queques"
01.1.1.03.10,Producto,queques,incluido,"trozos o porciones de tortas, tartas, kuchen, tartaleta, pie de limón, cheesecake, brazo de reina, pan de pascua, queques"
01.1.1.03.10,Producto,pasteles,incluido,"pasteles, muffin, berlines, donas, queques pequeños o individuales, dulces chilenos, alfajores, barquillos, conos de helado, palmera, cuchuflí, dulces artesanales, chumbeques, dulces de trigo y otros productos similares"
01.1.1.03.10,Producto,muffin,incluido,"pasteles, muffin, berlines, donas, queques pequeños o individuales, dulces chilenos, alfajores, barquillos, conos de helado, palmera, cuchuflí, dulces artesanales, chumbeques, dulces de trigo y otros productos similares"
01.1.1.03.10,Producto,berlines,incluido,"pasteles, muffin, berlines, donas, queques pequeños o individuales, dulces chilenos, alfajores, barquillos, conos de helado, palmera, cuchuflí, dulces artesanales, chumbeques, dulces de trigo y otros productos similares"
01.1.1.03.10,Producto,donas,incluido,"pasteles, muffin, berlines, donas, queques pequeños o individuales, dulces chilenos, alfajores, barquillos, conos de helado, palmera, cuchuflí, dulces artesanales, chumbeques, dulces de trigo y otros productos similares"
01.1.1.03.10,Producto,queques pequeños,incluido,"pasteles, muffin, berlines, donas, queques pequeños o individuales, dulces chilenos, alfajores, barquillos, conos de helado, palmera, cuchuflí, dulces artesanales, chumbeques, dulces de trigo y otros productos similares"
01.1.1.03.10,Producto,individuales,incluido,"pasteles, muffin, berlines, donas, queques pequeños o individuales, dulces chilenos, alfajores, barquillos, conos de helado, palmera, cuchuflí, dulces artesanales, chumbeques, dulces de trigo y otros productos similares"
01.1.1.03.10,Producto,dulces chilenos,incluido,"pasteles, muffin, berlines, donas, queques pequeños o individuales, dulces chilenos, alfajores, barquillos, conos de helado, palmera, cuchuflí, dulces artesanales, chumbeques, dulces de trigo y otros productos similares"
01.1.1.03.10,Producto,alfajores,incluido,"pasteles, muffin, berlines, donas, queques pequeños o individuales, dulces chilenos, alfajores, barquillos, conos de helado, palmera, cuchuflí, dulces artesanales, chumbeques, dulces de trigo y otros productos similares"
01.1.1.03.10,Producto,barquillos,incluido,"pasteles, muffin, berlines, donas, queques pequeños o individuales, dulces chilenos, alfajores, barquillos, conos de helado, palmera, cuchuflí, dulces artesanales, chumbeques, dulces de trigo y otros productos similares"
01.1.1.03.10,Producto,conos de helado,incluido,"pasteles, muffin, berlines, donas, queques pequeños o individuales, dulces chilenos, alfajores, barquillos, conos de helado, palmera, cuchuflí, dulces artesanales, chumbeques, dulces de trigo y otros productos similares"
01.1.1.03.10,Producto,palmera,incluido,"pasteles, muffin, berlines, donas, queques pequeños o individuales, dulces chilenos, alfajores, barquillos, conos de helado, palmera, cuchuflí, dulces artesanales, chumbeques, dulces de trigo y otros productos similares"
01.1.1.03.10,Producto,cuchuflí,incluido,"pasteles, muffin, berlines, donas, queques pequeños o individuales, dulces chilenos, alfajores, barquillos, conos de helado, palmera, cuchuflí, dulces artesanales, chumbeques, dulces de trigo y otros productos similares"
01.1.1.03.10,Producto,dulces artesanales,incluido,"pasteles, muffin, berlines, donas, queques pequeños o individuales, dulces chilenos, alfajores, barquillos, conos de helado, palmera, cuchuflí, dulces artesanales, chumbeques, dulces de trigo y otros productos similares"
01.1.1.03.10,Producto,chumbeques,incluido,"pasteles, muffin, berlines, donas, queques pequeños o individuales, dulces chilenos, alfajores, barquillos, conos de helado, palmera, cuchuflí, dulces artesanales, chumbeques, dulces de trigo y otros productos similares"
01.1.1.03.10,Producto,dulces de trigo,incluido,"pasteles, muffin, berlines, donas, queques pequeños o individuales, dulces chilenos, alfajores, barquillos, conos de helado, palmera, cuchuflí, dulces artesanales, chumbeques, dulces de trigo y otros productos similares"
01.1.1.03.10,Producto,otros productos similares,incluido,"pasteles, muffin, berlines, donas, queques pequeños o individuales, dulces chilenos, alfajores, barquillos, conos de helado, palmera, cuchuflí, dulces artesanales, chumbeques, dulces de trigo y otros productos similares"
01.1.1.03.10,Producto,pan de nata,incluido,"pan de nata, pan de anís, pan de huevo, pan brioche, pan de manzana y otros panes dulces"
01.1.1.03.10,Producto,pan de anís,incluido,"pan de nata, pan de anís, pan de huevo, pan brioche, pan de manzana y otros panes dulces"
01.1.1.03.10,Producto,pan de huevo,incluido,"pan de nata, pan de anís, pan de huevo, pan brioche, pan de manzana y otros panes dulces"
01.1.1.03.10,Producto,pan brioche,incluido,"pan de nata, pan de anís, pan de huevo, pan brioche, pan de manzana y otros panes dulces"
01.1.1.03.10,Producto,pan de manzana,incluido,"pan de nata, pan de anís, pan de huevo, pan brioche, pan de manzana y otros panes dulces"
01.1.1.03.10,Producto,otros panes dulces,incluido,"pan de nata, pan de anís, pan de huevo, pan brioche, pan de manzana y otros panes dulces"
01.1.1.03.10,Producto,calzones rotos,incluido,"calzones rotos, trencita y otros productos similares"
01.1.1.03.10,Producto,trencita,incluido,"calzones rotos, trencita y otros productos similares"
01.1.1.03.10,Producto,media luna (croissant dulce),incluido,"media luna (croissant dulce), conejitos, colegiales, churros, panqueques preparados"
01.1.1.03.10,Producto,conejitos,incluido,"media luna (croissant dulce), conejitos, colegiales, churros, panqueques preparados"
01.1.1.03.10,Producto,colegiales,incluido,"media luna (croissant dulce), conejitos, colegiales, churros, panqueques preparados"
01.1.1.03.10,Producto,churros,incluido,"media luna (croissant dulce), conejitos, colegiales, churros, panqueques preparados"
01.1.1.03.10,Producto,panqueques preparados,incluido,"media luna (croissant dulce), conejitos, colegiales, churros, panqueques preparados"
01.1.1.03.10,Producto,empanadas de pera,incluido,"empanadas de pera, empanadas de manzanas, bizcochos bañados en chocolate y otras masas dulces pequeñas o por porción sean envasadas o a granel"
01.1.1.03.10,Producto,empanadas de manzanas,incluido,"empanadas de pera, empanadas de manzanas, bizcochos bañados en chocolate y otras masas dulces pequeñas o por porción sean envasadas o a granel"
01.1.1.03.10,Producto,bizcochos bañados en chocolate,incluido,"empanadas de pera, empanadas de manzanas, bizcochos bañados en chocolate y otras masas dulces pequeñas o por porción sean envasadas o a granel"
01.1.1.03.10,Producto,otras masas dulces pequeñas,incluido,"empanadas de pera, empanadas de manzanas, bizcochos bañados en chocolate y otras masas dulces pequeñas o por porción sean envasadas o a granel"
01.1.1.03.11,Producto,prepizza,incluido,"prepizza, masas base para elaborar pizzas"
01.1.1.03.11,Producto,masas base para elaborar pizzas,incluido,"prepizza, masas base para elaborar pizzas"
01.1.9.01.01,Producto,pizza con ingredientes listas para hornear,excluido,pizza con ingredientes listas para hornear (01.1.9.01.01)
01.1.9.01.08,Producto,pizza con relleno lista para su consumo adquiridas en supermercados,excluido,"pizza con relleno lista para su consumo adquiridas en supermercados, ferias, almacenes, panaderías y similares (01.1.9.01.08)"
01.1.9.01.08,Producto,ferias,excluido,"pizza con relleno lista para su consumo adquiridas en supermercados, ferias, almacenes, panaderías y similares (01.1.9.01.08)"
01.1.9.01.08,Producto,almacenes,excluido,"pizza con relleno lista para su consumo adquiridas en supermercados, ferias, almacenes, panaderías y similares (01.1.9.01.08)"
01.1.9.01.08,Producto,panaderías,excluido,"pizza con relleno lista para su consumo adquiridas en supermercados, ferias, almacenes, panaderías y similares (01.1.9.01.08)"
01.1.1.03.12,Producto,masas preparadas para sopaipillas,incluido,"masas preparadas para sopaipillas, para empanadas, para pascualinas, pancutras (pantrucas), tortillas de arroz, tortillas de maíz, de trigo u otro cereal tipo mexicanas para tacos o wraps, tortillas integrales, masas para panqueques y otras masas saladas sin relleno y sin agregados para cocinar"
01.1.1.03.12,Producto,pancutras (pantrucas),incluido,"masas preparadas para sopaipillas, para empanadas, para pascualinas, pancutras (pantrucas), tortillas de arroz, tortillas de maíz, de trigo u otro cereal tipo mexicanas para tacos o wraps, tortillas integrales, masas para panqueques y otras masas saladas sin relleno y sin agregados para cocinar"
01.1.1.03.12,Producto,tortillas de arroz,incluido,"masas preparadas para sopaipillas, para empanadas, para pascualinas, pancutras (pantrucas), tortillas de arroz, tortillas de maíz, de trigo u otro cereal tipo mexicanas para tacos o wraps, tortillas integrales, masas para panqueques y otras masas saladas sin relleno y sin agregados para cocinar"
01.1.1.03.12,Producto,tortillas de maíz,incluido,"masas preparadas para sopaipillas, para empanadas, para pascualinas, pancutras (pantrucas), tortillas de arroz, tortillas de maíz, de trigo u otro cereal tipo mexicanas para tacos o wraps, tortillas integrales, masas para panqueques y otras masas saladas sin relleno y sin agregados para cocinar"
01.1.1.03.12,Producto,otro cereal tipo mexicanas para tacos,incluido,"masas preparadas para sopaipillas, para empanadas, para pascualinas, pancutras (pantrucas), tortillas de arroz, tortillas de maíz, de trigo u otro cereal tipo mexicanas para tacos o wraps, tortillas integrales, masas para panqueques y otras masas saladas sin relleno y sin agregados para cocinar"
01.1.1.03.12,Producto,wraps,incluido,"masas preparadas para sopaipillas, para empanadas, para pascualinas, pancutras (pantrucas), tortillas de arroz, tortillas de maíz, de trigo u otro cereal tipo mexicanas para tacos o wraps, tortillas integrales, masas para panqueques y otras masas saladas sin relleno y sin agregados para cocinar"
01.1.1.03.12,Producto,tortillas integrales,incluido,"masas preparadas para sopaipillas, para empanadas, para pascualinas, pancutras (pantrucas), tortillas de arroz, tortillas de maíz, de trigo u otro cereal tipo mexicanas para tacos o wraps, tortillas integrales, masas para panqueques y otras masas saladas sin relleno y sin agregados para cocinar"
01.1.1.03.12,Producto,masas para panqueques,incluido,"masas preparadas para sopaipillas, para empanadas, para pascualinas, pancutras (pantrucas), tortillas de arroz, tortillas de maíz, de trigo u otro cereal tipo mexicanas para tacos o wraps, tortillas integrales, masas para panqueques y otras masas saladas sin relleno y sin agregados para cocinar"
01.1.1.03.12,Producto,otras masas saladas sin relleno,incluido,"masas preparadas para sopaipillas, para empanadas, para pascualinas, pancutras (pantrucas), tortillas de arroz, tortillas de maíz, de trigo u otro cereal tipo mexicanas para tacos o wraps, tortillas integrales, masas para panqueques y otras masas saladas sin relleno y sin agregados para cocinar"
01.1.1.03.04,Producto,tortillas de rescoldo,excluido,tortillas de rescoldo (01.1.1.03.04)
01.1.1.04.00,Subclase,copos de maíz,incluido,"copos de maíz, hojuelas o copos de avena tradicional (cruda), hojuelas o copos de avena instantánea, muesli, granola, cereales inflados, incluidas las galletas de arroz inflado"
01.1.1.04.00,Subclase,hojuelas,incluido,"copos de maíz, hojuelas o copos de avena tradicional (cruda), hojuelas o copos de avena instantánea, muesli, granola, cereales inflados, incluidas las galletas de arroz inflado"
01.1.1.04.00,Subclase,copos de avena tradicional (cruda),incluido,"copos de maíz, hojuelas o copos de avena tradicional (cruda), hojuelas o copos de avena instantánea, muesli, granola, cereales inflados, incluidas las galletas de arroz inflado"
01.1.1.04.00,Subclase,copos de avena instantánea,incluido,"copos de maíz, hojuelas o copos de avena tradicional (cruda), hojuelas o copos de avena instantánea, muesli, granola, cereales inflados, incluidas las galletas de arroz inflado"
01.1.1.04.00,Subclase,muesli,incluido,"copos de maíz, hojuelas o copos de avena tradicional (cruda), hojuelas o copos de avena instantánea, muesli, granola, cereales inflados, incluidas las galletas de arroz inflado"
01.1.1.04.00,Subclase,granola,incluido,"copos de maíz, hojuelas o copos de avena tradicional (cruda), hojuelas o copos de avena instantánea, muesli, granola, cereales inflados, incluidas las galletas de arroz inflado"
01.1.1.04.00,Subclase,cereales inflados,incluido,"copos de maíz, hojuelas o copos de avena tradicional (cruda), hojuelas o copos de avena instantánea, muesli, granola, cereales inflados, incluidas las galletas de arroz inflado"
01.1.1.04.00,Subclase,cereales para el desayuno con frutos secos,incluido,"cereales para el desayuno con frutos secos, fruta seca o deshidratada"
01.1.1.04.00,Subclase,fruta seca,incluido,"cereales para el desayuno con frutos secos, fruta seca o deshidratada"
01.1.1.09.02,Producto,palomitas de maíz,excluido,palomitas de maíz (01.1.1.09.02)
01.1.1.09.02,Producto,snacks,excluido,"snacks, chips y frituras a base de cereal (01.1.1.09.02)"
01.1.1.09.02,Producto,chips,excluido,"snacks, chips y frituras a base de cereal (01.1.1.09.02)"
01.1.1.09.02,Producto,frituras a base de cereal,excluido,"snacks, chips y frituras a base de cereal (01.1.1.09.02)"
01.1.1.04.01,Producto,cereales en polvo,incluido,"cereales en polvo, granola, hojuelas o copos de maíz, hojuelas o copos de avena tradicional (cruda), hojuelas o copos de avena instantánea, muesli, cereales inflados, cereales que contienen avena mezclada con otro tipo de ingredientes (frutos secos, fruta seca o deshidratada), pasteles de arroz inflado o galletas de arroz y otros cereales para el desayuno"
01.1.1.04.01,Producto,granola,incluido,"cereales en polvo, granola, hojuelas o copos de maíz, hojuelas o copos de avena tradicional (cruda), hojuelas o copos de avena instantánea, muesli, cereales inflados, cereales que contienen avena mezclada con otro tipo de ingredientes (frutos secos, fruta seca o deshidratada), pasteles de arroz inflado o galletas de arroz y otros cereales para el desayuno"
01.1.1.04.01,Producto,hojuelas,incluido,"cereales en polvo, granola, hojuelas o copos de maíz, hojuelas o copos de avena tradicional (cruda), hojuelas o copos de avena instantánea, muesli, cereales inflados, cereales que contienen avena mezclada con otro tipo de ingredientes (frutos secos, fruta seca o deshidratada), pasteles de arroz inflado o galletas de arroz y otros cereales para el desayuno"
01.1.1.04.01,Producto,copos de maíz,incluido,"cereales en polvo, granola, hojuelas o copos de maíz, hojuelas o copos de avena tradicional (cruda), hojuelas o copos de avena instantánea, muesli, cereales inflados, cereales que contienen avena mezclada con otro tipo de ingredientes (frutos secos, fruta seca o deshidratada), pasteles de arroz inflado o galletas de arroz y otros cereales para el desayuno"
01.1.1.04.01,Producto,copos de avena tradicional (cruda),incluido,"cereales en polvo, granola, hojuelas o copos de maíz, hojuelas o copos de avena tradicional (cruda), hojuelas o copos de avena instantánea, muesli, cereales inflados, cereales que contienen avena mezclada con otro tipo de ingredientes (frutos secos, fruta seca o deshidratada), pasteles de arroz inflado o galletas de arroz y otros cereales para el desayuno"
01.1.1.04.01,Producto,copos de avena instantánea,incluido,"cereales en polvo, granola, hojuelas o copos de maíz, hojuelas o copos de avena tradicional (cruda), hojuelas o copos de avena instantánea, muesli, cereales inflados, cereales que contienen avena mezclada con otro tipo de ingredientes (frutos secos, fruta seca o deshidratada), pasteles de arroz inflado o galletas de arroz y otros cereales para el desayuno"
01.1.1.04.01,Producto,muesli,incluido,"cereales en polvo, granola, hojuelas o copos de maíz, hojuelas o copos de avena tradicional (cruda), hojuelas o copos de avena instantánea, muesli, cereales inflados, cereales que contienen avena mezclada con otro tipo de ingredientes (frutos secos, fruta seca o deshidratada), pasteles de arroz inflado o galletas de arroz y otros cereales para el desayuno"
01.1.1.04.01,Producto,cereales inflados,incluido,"cereales en polvo, granola, hojuelas o copos de maíz, hojuelas o copos de avena tradicional (cruda), hojuelas o copos de avena instantánea, muesli, cereales inflados, cereales que contienen avena mezclada con otro tipo de ingredientes (frutos secos, fruta seca o deshidratada), pasteles de arroz inflado o galletas de arroz y otros cereales para el desayuno"
01.1.1.04.01,Producto,"cereales que contienen avena mezclada con otro tipo de ingredientes (frutos secos, fruta seca o deshidratada)",incluido,"cereales en polvo, granola, hojuelas o copos de maíz, hojuelas o copos de avena tradicional (cruda), hojuelas o copos de avena instantánea, muesli, cereales inflados, cereales que contienen avena mezclada con otro tipo de ingredientes (frutos secos, fruta seca o deshidratada), pasteles de arroz inflado o galletas de arroz y otros cereales para el desayuno"
01.1.1.04.01,Producto,pasteles de arroz inflado,incluido,"cereales en polvo, granola, hojuelas o copos de maíz, hojuelas o copos de avena tradicional (cruda), hojuelas o copos de avena instantánea, muesli, cereales inflados, cereales que contienen avena mezclada con otro tipo de ingredientes (frutos secos, fruta seca o deshidratada), pasteles de arroz inflado o galletas de arroz y otros cereales para el desayuno"
01.1.1.04.01,Producto,galletas de arroz,incluido,"cereales en polvo, granola, hojuelas o copos de maíz, hojuelas o copos de avena tradicional (cruda), hojuelas o copos de avena instantánea, muesli, cereales inflados, cereales que contienen avena mezclada con otro tipo de ingredientes (frutos secos, fruta seca o deshidratada), pasteles de arroz inflado o galletas de arroz y otros cereales para el desayuno"
01.1.1.04.01,Producto,otros cereales para el desayuno,incluido,"cereales en polvo, granola, hojuelas o copos de maíz, hojuelas o copos de avena tradicional (cruda), hojuelas o copos de avena instantánea, muesli, cereales inflados, cereales que contienen avena mezclada con otro tipo de ingredientes (frutos secos, fruta seca o deshidratada), pasteles de arroz inflado o galletas de arroz y otros cereales para el desayuno"
01.1.1.01.04,Producto,avena en grano,excluido,avena en grano (01.1.1.01.04)
01.1.9.02.01,Producto,fórmulas,excluido,"fórmulas, cereales y similares para bebés (01.1.9.02.01)"
01.1.9.02.01,Producto,cereales,excluido,"fórmulas, cereales y similares para bebés (01.1.9.02.01)"
01.1.9.02.01,Producto,similares para bebés,excluido,"fórmulas, cereales y similares para bebés (01.1.9.02.01)"
01.1.9.02.02,Producto,alimentos homogeneizados para bebés,excluido,alimentos homogeneizados para bebés (01.1.9.02.02)
01.1.1.05.00,Subclase,pasta sin cocer,incluido,"pasta sin cocer, ya sea rellena o no, y cuscús"
01.1.1.05.00,Subclase,y cuscús,incluido,"pasta sin cocer, ya sea rellena o no, y cuscús"
01.1.1.05.00,Subclase,empanadillas,incluido,"empanadillas, dumplings, gyosas, ravioles y similares, sin cocer"
01.1.1.05.00,Subclase,dumplings,incluido,"empanadillas, dumplings, gyosas, ravioles y similares, sin cocer"
01.1.1.05.00,Subclase,gyosas,incluido,"empanadillas, dumplings, gyosas, ravioles y similares, sin cocer"
01.1.1.05.00,Subclase,ravioles,incluido,"empanadillas, dumplings, gyosas, ravioles y similares, sin cocer"
01.1.1.01.99,Producto,bulgur,excluido,bulgur (01.1.1.01.99)
01.1.9.01.00,Subclase,platos preparados que contengan pasta rellena,excluido,platos preparados que contengan pasta rellena; platos de cuscús preparados (01.1.9.01.00)
01.1.9.01.00,Subclase,platos de cuscús preparados,excluido,platos preparados que contengan pasta rellena; platos de cuscús preparados (01.1.9.01.00)
01.1.1.05.01,Producto,tallarines,incluido,"tallarines, espaguetis, espaguetinis"
01.1.1.05.01,Producto,espaguetis,incluido,"tallarines, espaguetis, espaguetinis"
01.1.1.05.01,Producto,espaguetinis,incluido,"tallarines, espaguetis, espaguetinis"
01.1.1.05.02,Producto,espirales,incluido,espirales
01.1.1.05.03,Producto,corbatas,incluido,corbatas
01.1.1.05.04,Producto,cabellos de ángel largos,incluido,cabellos de ángel largos o cortos
01.1.1.05.05,Producto,fideos largos,incluido,"fideos largos como fideos chinos, fideos de arroz, fideos de soya, fetuchinis"
01.1.1.05.05,Producto,fideos chinos,incluido,"fideos largos como fideos chinos, fideos de arroz, fideos de soya, fetuchinis"
01.1.1.05.05,Producto,fideos de arroz,incluido,"fideos largos como fideos chinos, fideos de arroz, fideos de soya, fetuchinis"
01.1.1.05.05,Producto,fideos de soya,incluido,"fideos largos como fideos chinos, fideos de arroz, fideos de soya, fetuchinis"
01.1.1.05.05,Producto,fetuchinis,incluido,"fideos largos como fideos chinos, fideos de arroz, fideos de soya, fetuchinis"
01.1.1.05.05,Producto,fideos cortos,incluido,"fideos cortos como macarrones, quifaros, mostacholi, caracoles"
01.1.1.05.05,Producto,macarrones,incluido,"fideos cortos como macarrones, quifaros, mostacholi, caracoles"
01.1.1.05.05,Producto,quifaros,incluido,"fideos cortos como macarrones, quifaros, mostacholi, caracoles"
01.1.1.05.05,Producto,mostacholi,incluido,"fideos cortos como macarrones, quifaros, mostacholi, caracoles"
01.1.1.05.05,Producto,caracoles,incluido,"fideos cortos como macarrones, quifaros, mostacholi, caracoles"
01.1.1.05.05,Producto,fideos para sopa,incluido,"fideos para sopa como sopa de letras, pepitas, estrellas, granizos, mariposas; excepto cabellos de ángel"
01.1.1.05.05,Producto,sopa de letras,incluido,"fideos para sopa como sopa de letras, pepitas, estrellas, granizos, mariposas; excepto cabellos de ángel"
01.1.1.05.05,Producto,pepitas,incluido,"fideos para sopa como sopa de letras, pepitas, estrellas, granizos, mariposas; excepto cabellos de ángel"
01.1.1.05.05,Producto,estrellas,incluido,"fideos para sopa como sopa de letras, pepitas, estrellas, granizos, mariposas; excepto cabellos de ángel"
01.1.1.05.05,Producto,granizos,incluido,"fideos para sopa como sopa de letras, pepitas, estrellas, granizos, mariposas; excepto cabellos de ángel"
01.1.1.05.05,Producto,mariposas,incluido,"fideos para sopa como sopa de letras, pepitas, estrellas, granizos, mariposas; excepto cabellos de ángel"
01.1.1.05.05,Producto,pastas sin relleno,incluido,"pastas sin relleno como canelones, lasañas, gnocchi (ñoquis), bombolotti sin relleno"
01.1.1.05.05,Producto,canelones,incluido,"pastas sin relleno como canelones, lasañas, gnocchi (ñoquis), bombolotti sin relleno"
01.1.1.05.05,Producto,lasañas,incluido,"pastas sin relleno como canelones, lasañas, gnocchi (ñoquis), bombolotti sin relleno"
01.1.1.05.05,Producto,gnocchi (ñoquis),incluido,"pastas sin relleno como canelones, lasañas, gnocchi (ñoquis), bombolotti sin relleno"
01.1.1.05.05,Producto,bombolotti sin relleno,incluido,"pastas sin relleno como canelones, lasañas, gnocchi (ñoquis), bombolotti sin relleno"
01.1.1.05.05,Producto,pasta lista instantánea para uno,incluido,pasta lista instantánea para uno
01.1.1.05.04,Producto,cabellos de ángel,excluido,cabellos de ángel (01.1.1.05.04)
01.1.1.05.06,Producto,tortellini,incluido,"tortellini, ravioles, bombolotti, capeleti, panzotti, sorrentinos y otras pastas secas con relleno"
01.1.1.05.06,Producto,ravioles,incluido,"tortellini, ravioles, bombolotti, capeleti, panzotti, sorrentinos y otras pastas secas con relleno"
01.1.1.05.06,Producto,bombolotti,incluido,"tortellini, ravioles, bombolotti, capeleti, panzotti, sorrentinos y otras pastas secas con relleno"
01.1.1.05.06,Producto,capeleti,incluido,"tortellini, ravioles, bombolotti, capeleti, panzotti, sorrentinos y otras pastas secas con relleno"
01.1.1.05.06,Producto,panzotti,incluido,"tortellini, ravioles, bombolotti, capeleti, panzotti, sorrentinos y otras pastas secas con relleno"
01.1.1.05.06,Producto,sorrentinos,incluido,"tortellini, ravioles, bombolotti, capeleti, panzotti, sorrentinos y otras pastas secas con relleno"
01.1.1.05.06,Producto,otras pastas secas con relleno,incluido,"tortellini, ravioles, bombolotti, capeleti, panzotti, sorrentinos y otras pastas secas con relleno"
01.1.1.05.07,Producto,tortellini,incluido,"tortellini, ravioles, bombolotti, capeletis, panzotti, sorrentinos y otras pastas frescas"
01.1.1.05.07,Producto,ravioles,incluido,"tortellini, ravioles, bombolotti, capeletis, panzotti, sorrentinos y otras pastas frescas"
01.1.1.05.07,Producto,bombolotti,incluido,"tortellini, ravioles, bombolotti, capeletis, panzotti, sorrentinos y otras pastas frescas"
01.1.1.05.07,Producto,capeletis,incluido,"tortellini, ravioles, bombolotti, capeletis, panzotti, sorrentinos y otras pastas frescas"
01.1.1.05.07,Producto,panzotti,incluido,"tortellini, ravioles, bombolotti, capeletis, panzotti, sorrentinos y otras pastas frescas"
01.1.1.05.07,Producto,sorrentinos,incluido,"tortellini, ravioles, bombolotti, capeletis, panzotti, sorrentinos y otras pastas frescas"
01.1.1.05.07,Producto,otras pastas frescas,incluido,"tortellini, ravioles, bombolotti, capeletis, panzotti, sorrentinos y otras pastas frescas"
01.1.1.05.08,Producto,cuscús,incluido,cuscús
01.1.1.05.99,Producto,empanadillas,incluido,"empanadillas, dumplings, gyosas u otros similares sin cocer"
01.1.1.05.99,Producto,dumplings,incluido,"empanadillas, dumplings, gyosas u otros similares sin cocer"
01.1.1.05.99,Producto,gyosas,incluido,"empanadillas, dumplings, gyosas u otros similares sin cocer"
01.1.1.05.99,Producto,otros similares sin cocer,incluido,"empanadillas, dumplings, gyosas u otros similares sin cocer"
01.1.1.09.00,Subclase,mezclas,incluido,mezclas y masas para la preparación de productos de panadería
01.1.1.09.00,Subclase,masas para la preparación de productos de panadería,incluido,mezclas y masas para la preparación de productos de panadería
01.1.1.09.00,Subclase,palomitas de maíz,incluido,palomitas de maíz
01.1.1.09.00,Subclase,barras de granola,incluido,barras de granola
01.1.1.09.00,Subclase,malta,incluido,"malta, extracto de malta"
01.1.1.09.00,Subclase,extracto de malta,incluido,"malta, extracto de malta"
01.1.1.09.00,Subclase,chips,incluido,chips y frituras de cereal
01.1.1.09.00,Subclase,frituras de cereal,incluido,chips y frituras de cereal
01.1.1.09.00,Subclase,seitán,incluido,seitán y otros sustitutos de la carne hechos de cereales
01.1.1.09.00,Subclase,otros sustitutos de la carne hechos de cereales,incluido,seitán y otros sustitutos de la carne hechos de cereales
01.1.7.09.00,Subclase,carne,excluido,"carne y hamburguesas de soja, hamburguesas vegetarianas, tofu, tempeh y otros sustitutos de la carne hechos de verduras y nueces; almidón de papas, tapioca, sagú y otros almidones (01.1.7.09.00)"
01.1.7.09.00,Subclase,hamburguesas de soja,excluido,"carne y hamburguesas de soja, hamburguesas vegetarianas, tofu, tempeh y otros sustitutos de la carne hechos de verduras y nueces; almidón de papas, tapioca, sagú y otros almidones (01.1.7.09.00)"
01.1.7.09.00,Subclase,hamburguesas vegetarianas,excluido,"carne y hamburguesas de soja, hamburguesas vegetarianas, tofu, tempeh y otros sustitutos de la carne hechos de verduras y nueces; almidón de papas, tapioca, sagú y otros almidones (01.1.7.09.00)"
01.1.7.09.00,Subclase,tofu,excluido,"carne y hamburguesas de soja, hamburguesas vegetarianas, tofu, tempeh y otros sustitutos de la carne hechos de verduras y nueces; almidón de papas, tapioca, sagú y otros almidones (01.1.7.09.00)"
01.1.7.09.00,Subclase,tempeh,excluido,"carne y hamburguesas de soja, hamburguesas vegetarianas, tofu, tempeh y otros sustitutos de la carne hechos de verduras y nueces; almidón de papas, tapioca, sagú y otros almidones (01.1.7.09.00)"
01.1.7.09.00,Subclase,otros sustitutos de la carne hechos de verduras,excluido,"carne y hamburguesas de soja, hamburguesas vegetarianas, tofu, tempeh y otros sustitutos de la carne hechos de verduras y nueces; almidón de papas, tapioca, sagú y otros almidones (01.1.7.09.00)"
01.1.7.09.00,Subclase,nueces,excluido,"carne y hamburguesas de soja, hamburguesas vegetarianas, tofu, tempeh y otros sustitutos de la carne hechos de verduras y nueces; almidón de papas, tapioca, sagú y otros almidones (01.1.7.09.00)"
01.1.7.09.00,Subclase,almidón de papas,excluido,"carne y hamburguesas de soja, hamburguesas vegetarianas, tofu, tempeh y otros sustitutos de la carne hechos de verduras y nueces; almidón de papas, tapioca, sagú y otros almidones (01.1.7.09.00)"
01.1.7.09.00,Subclase,tapioca,excluido,"carne y hamburguesas de soja, hamburguesas vegetarianas, tofu, tempeh y otros sustitutos de la carne hechos de verduras y nueces; almidón de papas, tapioca, sagú y otros almidones (01.1.7.09.00)"
01.1.7.09.00,Subclase,sagú,excluido,"carne y hamburguesas de soja, hamburguesas vegetarianas, tofu, tempeh y otros sustitutos de la carne hechos de verduras y nueces; almidón de papas, tapioca, sagú y otros almidones (01.1.7.09.00)"
01.1.7.09.00,Subclase,otros almidones,excluido,"carne y hamburguesas de soja, hamburguesas vegetarianas, tofu, tempeh y otros sustitutos de la carne hechos de verduras y nueces; almidón de papas, tapioca, sagú y otros almidones (01.1.7.09.00)"
01.1.9.01.00,Subclase,preparaciones a base de cereales,excluido,"preparaciones a base de cereales, como sopas preparadas a base de cereales (01.1.9.01.00)"
01.1.1.09.01,Producto,"mezclas para pasteles (tortas, tartas, bizcochos)",incluido,"mezclas para pasteles (tortas, tartas, bizcochos)"
01.1.1.09.01,Producto,mezclas para pan,incluido,"mezclas para pan, pizzas"
01.1.1.09.01,Producto,pizzas,incluido,"mezclas para pan, pizzas"
01.1.1.09.01,Producto,mezclas para galletas,incluido,mezclas para galletas
01.1.1.09.02,Producto,palomitas de maíz (dulces o saladas),incluido,"palomitas de maíz (dulces o saladas), barras de granola, barras de cereal, chips de quinoa, quinoa pop, chips de maíz, suflés dulces y salados, etc"
01.1.1.09.02,Producto,barras de granola,incluido,"palomitas de maíz (dulces o saladas), barras de granola, barras de cereal, chips de quinoa, quinoa pop, chips de maíz, suflés dulces y salados, etc"
01.1.1.09.02,Producto,barras de cereal,incluido,"palomitas de maíz (dulces o saladas), barras de granola, barras de cereal, chips de quinoa, quinoa pop, chips de maíz, suflés dulces y salados, etc"
01.1.1.09.02,Producto,chips de quinoa,incluido,"palomitas de maíz (dulces o saladas), barras de granola, barras de cereal, chips de quinoa, quinoa pop, chips de maíz, suflés dulces y salados, etc"
01.1.1.09.02,Producto,quinoa pop,incluido,"palomitas de maíz (dulces o saladas), barras de granola, barras de cereal, chips de quinoa, quinoa pop, chips de maíz, suflés dulces y salados, etc"
01.1.1.09.02,Producto,chips de maíz,incluido,"palomitas de maíz (dulces o saladas), barras de granola, barras de cereal, chips de quinoa, quinoa pop, chips de maíz, suflés dulces y salados, etc"
01.1.1.09.02,Producto,suflés dulces,incluido,"palomitas de maíz (dulces o saladas), barras de granola, barras de cereal, chips de quinoa, quinoa pop, chips de maíz, suflés dulces y salados, etc"
01.1.7.09.05,Producto,papas fritas envasadas,excluido,papas fritas envasadas (01.1.7.09.05)
01.1.7.09.99,Producto,snacks,excluido,snacks y chips de verduras (01.1.7.09.99)
01.1.7.09.99,Producto,chips de verduras,excluido,snacks y chips de verduras (01.1.7.09.99)
01.1.1.09.99,Producto,mote,incluido,"mote, trigo mote, chuchoca, malta, extracto de malta, seitán y otros sustitutos de la carne hechos de cereales"
01.1.1.09.99,Producto,trigo mote,incluido,"mote, trigo mote, chuchoca, malta, extracto de malta, seitán y otros sustitutos de la carne hechos de cereales"
01.1.1.09.99,Producto,chuchoca,incluido,"mote, trigo mote, chuchoca, malta, extracto de malta, seitán y otros sustitutos de la carne hechos de cereales"
01.1.1.09.99,Producto,malta,incluido,"mote, trigo mote, chuchoca, malta, extracto de malta, seitán y otros sustitutos de la carne hechos de cereales"
01.1.1.09.99,Producto,extracto de malta,incluido,"mote, trigo mote, chuchoca, malta, extracto de malta, seitán y otros sustitutos de la carne hechos de cereales"
01.1.1.09.99,Producto,seitán,incluido,"mote, trigo mote, chuchoca, malta, extracto de malta, seitán y otros sustitutos de la carne hechos de cereales"
01.1.1.09.99,Producto,otros sustitutos de la carne hechos de cereales,incluido,"mote, trigo mote, chuchoca, malta, extracto de malta, seitán y otros sustitutos de la carne hechos de cereales"
01.1.2.01.00,Subclase,"ganado bovino (vaca, ternera, buey común, cebú o buey jorobado, buey watussi, gaur, gayal, banteng, yak tibetano)",incluido,"ganado bovino (vaca, ternera, buey común, cebú o buey jorobado, buey watussi, gaur, gayal, banteng, yak tibetano)"
01.1.2.01.00,Subclase,búfalos,incluido,"búfalos (búfalos de la India o de agua, búfalos o arni asiáticos, búfalos de anebas o pigmeos, búfalos africanos, como los búfalos enanos y los grandes búfalos cafarianos, el bisonte americano o búfalo y el bisonte europeo, el ""beefalo"" (cruce entre un bisonte y un vacuno))"
01.1.2.01.00,Subclase,cerdos,incluido,cerdos
01.1.2.01.00,Subclase,cabras,incluido,"cabras, corderos y ovejas"
01.1.2.01.00,Subclase,corderos,incluido,"cabras, corderos y ovejas"
01.1.2.01.00,Subclase,ovejas,incluido,"cabras, corderos y ovejas"
01.1.2.01.00,Subclase,"aves de corral (pollos, patos, gansos, pavos y gallinas de Guinea (pintadas))",incluido,"aves de corral (pollos, patos, gansos, pavos y gallinas de Guinea (pintadas))"
01.1.2.01.00,Subclase,liebres,incluido,liebres y conejos
01.1.2.01.00,Subclase,conejos,incluido,liebres y conejos
01.1.2.01.00,Subclase,caballos,incluido,"caballos, burros y otros equinos"
01.1.2.01.00,Subclase,burros,incluido,"caballos, burros y otros equinos"
01.1.2.01.00,Subclase,otros equinos,incluido,"caballos, burros y otros equinos"
01.1.2.01.00,Subclase,camellos,incluido,"camellos, dromedarios, alpaca, llama, guanaco, vicuña y otros camélidos"
01.1.2.01.00,Subclase,dromedarios,incluido,"camellos, dromedarios, alpaca, llama, guanaco, vicuña y otros camélidos"
01.1.2.01.00,Subclase,alpaca,incluido,"camellos, dromedarios, alpaca, llama, guanaco, vicuña y otros camélidos"
01.1.2.01.00,Subclase,llama,incluido,"camellos, dromedarios, alpaca, llama, guanaco, vicuña y otros camélidos"
01.1.2.01.00,Subclase,guanaco,incluido,"camellos, dromedarios, alpaca, llama, guanaco, vicuña y otros camélidos"
01.1.2.01.00,Subclase,vicuña,incluido,"camellos, dromedarios, alpaca, llama, guanaco, vicuña y otros camélidos"
01.1.2.01.00,Subclase,otros camélidos,incluido,"camellos, dromedarios, alpaca, llama, guanaco, vicuña y otros camélidos"
01.1.2.01.00,Subclase,avestruces,incluido,"avestruces, emúes, ñandú, faisán, urogallo, paloma, codorniz y otras aves"
01.1.2.01.00,Subclase,emúes,incluido,"avestruces, emúes, ñandú, faisán, urogallo, paloma, codorniz y otras aves"
01.1.2.01.00,Subclase,ñandú,incluido,"avestruces, emúes, ñandú, faisán, urogallo, paloma, codorniz y otras aves"
01.1.2.01.00,Subclase,faisán,incluido,"avestruces, emúes, ñandú, faisán, urogallo, paloma, codorniz y otras aves"
01.1.2.01.00,Subclase,urogallo,incluido,"avestruces, emúes, ñandú, faisán, urogallo, paloma, codorniz y otras aves"
01.1.2.01.00,Subclase,paloma,incluido,"avestruces, emúes, ñandú, faisán, urogallo, paloma, codorniz y otras aves"
01.1.2.01.00,Subclase,codorniz,incluido,"avestruces, emúes, ñandú, faisán, urogallo, paloma, codorniz y otras aves"
01.1.2.01.00,Subclase,otras aves,incluido,"avestruces, emúes, ñandú, faisán, urogallo, paloma, codorniz y otras aves"
01.1.2.01.00,Subclase,serpientes,incluido,serpientes y otros reptiles
01.1.2.01.00,Subclase,otros reptiles,incluido,serpientes y otros reptiles
01.1.2.01.00,Subclase,arañas,incluido,"arañas, escorpiones y otros insectos y gusanos"
01.1.2.01.00,Subclase,escorpiones,incluido,"arañas, escorpiones y otros insectos y gusanos"
01.1.2.01.00,Subclase,otros insectos,incluido,"arañas, escorpiones y otros insectos y gusanos"
01.1.2.01.00,Subclase,gusanos,incluido,"arañas, escorpiones y otros insectos y gusanos"
01.1.2.01.00,Subclase,caracoles terrestres,incluido,caracoles terrestres
01.1.2.01.00,Subclase,ranas,incluido,ranas
01.1.3.01.00,Subclase,peces vivos,excluido,peces vivos (01.1.3.01.00)
01.1.3.04.00,Subclase,mariscos vivos,excluido,mariscos vivos (01.1.3.04.00)
07.1.4.01.02,Producto,animales vivos para el transporte,excluido,animales vivos para el transporte (07.1.4.01.02)
09.1.2.04.01,Producto,animales vivos para recreación,excluido,animales vivos para recreación (09.1.2.04.01)
01.1.2.01.01,Producto,"ganado bovino (vaca, ternera, buey común, cebú o buey jorobado, buey watussi, gaur, gayal, banteng, yak tibetano)",incluido,"ganado bovino (vaca, ternera, buey común, cebú o buey jorobado, buey watussi, gaur, gayal, banteng, yak tibetano)"
01.1.2.01.01,Producto,búfalos,incluido,"búfalos (búfalos de la India o de agua, búfalos o arni asiáticos, búfalos de anebas o pigmeos, búfalos africanos, como los búfalos enanos y los grandes búfalos cafarianos, el bisonte americano o búfalo y el bisonte europeo, el ""beefalo"" (cruce entre un bisonte y un vacuno))"
01.1.2.01.01,Producto,cerdos,incluido,cerdos
01.1.2.01.01,Producto,cabras,incluido,"cabras, corderos y ovejas"
01.1.2.01.01,Producto,corderos,incluido,"cabras, corderos y ovejas"
01.1.2.01.01,Producto,ovejas,incluido,"cabras, corderos y ovejas"
01.1.2.01.01,Producto,"aves de corral (pollos, patos, gansos, pavos y gallinas de Guinea (pintadas))",incluido,"aves de corral (pollos, patos, gansos, pavos y gallinas de Guinea (pintadas))"
01.1.2.01.01,Producto,liebres,incluido,liebres y conejos
01.1.2.01.01,Producto,conejos,incluido,liebres y conejos
01.1.2.01.01,Producto,caballos,incluido,"caballos, burros y otros equinos"
01.1.2.01.01,Producto,burros,incluido,"caballos, burros y otros equinos"
01.1.2.01.01,Producto,otros equinos,incluido,"caballos, burros y otros equinos"
01.1.2.01.01,Producto,camellos,incluido,"camellos, dromedarios, alpaca, llama, guanaco, vicuña y otros camélidos"
01.1.2.01.01,Producto,dromedarios,incluido,"camellos, dromedarios, alpaca, llama, guanaco, vicuña y otros camélidos"
01.1.2.01.01,Producto,alpaca,incluido,"camellos, dromedarios, alpaca, llama, guanaco, vicuña y otros camélidos"
01.1.2.01.01,Producto,llama,incluido,"camellos, dromedarios, alpaca, llama, guanaco, vicuña y otros camélidos"
01.1.2.01.01,Producto,guanaco,incluido,"camellos, dromedarios, alpaca, llama, guanaco, vicuña y otros camélidos"
01.1.2.01.01,Producto,vicuña,incluido,"camellos, dromedarios, alpaca, llama, guanaco, vicuña y otros camélidos"
01.1.2.01.01,Producto,otros camélidos,incluido,"camellos, dromedarios, alpaca, llama, guanaco, vicuña y otros camélidos"
01.1.2.01.01,Producto,avestruces,incluido,"avestruces, emúes, ñandú, faisán, urogallo, paloma, codorniz y otras aves"
01.1.2.01.01,Producto,emúes,incluido,"avestruces, emúes, ñandú, faisán, urogallo, paloma, codorniz y otras aves"
01.1.2.01.01,Producto,ñandú,incluido,"avestruces, emúes, ñandú, faisán, urogallo, paloma, codorniz y otras aves"
01.1.2.01.01,Producto,faisán,incluido,"avestruces, emúes, ñandú, faisán, urogallo, paloma, codorniz y otras aves"
01.1.2.01.01,Producto,urogallo,incluido,"avestruces, emúes, ñandú, faisán, urogallo, paloma, codorniz y otras aves"
01.1.2.01.01,Producto,paloma,incluido,"avestruces, emúes, ñandú, faisán, urogallo, paloma, codorniz y otras aves"
01.1.2.01.01,Producto,codorniz,incluido,"avestruces, emúes, ñandú, faisán, urogallo, paloma, codorniz y otras aves"
01.1.2.01.01,Producto,otras aves,incluido,"avestruces, emúes, ñandú, faisán, urogallo, paloma, codorniz y otras aves"
01.1.2.01.01,Producto,serpientes,incluido,serpientes y otros reptiles
01.1.2.01.01,Producto,otros reptiles,incluido,serpientes y otros reptiles
01.1.2.01.01,Producto,arañas,incluido,"arañas, escorpiones y otros insectos y gusanos"
01.1.2.01.01,Producto,escorpiones,incluido,"arañas, escorpiones y otros insectos y gusanos"
01.1.2.01.01,Producto,otros insectos,incluido,"arañas, escorpiones y otros insectos y gusanos"
01.1.2.01.01,Producto,gusanos,incluido,"arañas, escorpiones y otros insectos y gusanos"
01.1.2.01.01,Producto,caracoles terrestres,incluido,caracoles terrestres
01.1.2.01.01,Producto,ranas,incluido,ranas
01.1.2.02.00,Subclase,"carne de ganado bovino (vaca, ternera, buey común, cebú o buey jorobado, buey watussi, gaur, gayal, banteng, yak tibetano)",incluido,"carne de ganado bovino (vaca, ternera, buey común, cebú o buey jorobado, buey watussi, gaur, gayal, banteng, yak tibetano)"
01.1.2.02.00,Subclase,carne de búfalos,incluido,"carne de búfalos (búfalos indios o acuáticos, búfalos o arni asiáticos, búfalos celebese anoa o pigmy, búfalos africanos, como los búfalos enanos y los grandes búfalos cafares, el bisonte americano o búfalo y el bisonte europeo, el ""beefalo"" (cruce entre un bisonte y un vacuno))"
01.1.2.02.00,Subclase,carne de cerdos,incluido,carne de cerdos
01.1.2.02.00,Subclase,carne de corderos,incluido,carne de corderos y ovejas
01.1.2.02.00,Subclase,ovejas,incluido,carne de corderos y ovejas
01.1.2.02.00,Subclase,"carne de aves de corral (pollos, patos, gansos, pavos y gallinas de Guinea (pintadas))",incluido,"carne de aves de corral (pollos, patos, gansos, pavos y gallinas de Guinea (pintadas))"
01.1.2.02.00,Subclase,carne de liebres,incluido,carne de liebres y conejos
01.1.2.02.00,Subclase,conejos,incluido,carne de liebres y conejos
01.1.2.02.00,Subclase,carne de caballos,incluido,"carne de caballos, burros y otros equinos"
01.1.2.02.00,Subclase,burros,incluido,"carne de caballos, burros y otros equinos"
01.1.2.02.00,Subclase,otros equinos,incluido,"carne de caballos, burros y otros equinos"
01.1.2.02.00,Subclase,carne de camellos,incluido,"carne de camellos, dromedarios, alpaca, llama, guanaco, vicuña y otros camélidos"
01.1.2.02.00,Subclase,dromedarios,incluido,"carne de camellos, dromedarios, alpaca, llama, guanaco, vicuña y otros camélidos"
01.1.2.02.00,Subclase,alpaca,incluido,"carne de camellos, dromedarios, alpaca, llama, guanaco, vicuña y otros camélidos"
01.1.2.02.00,Subclase,llama,incluido,"carne de camellos, dromedarios, alpaca, llama, guanaco, vicuña y otros camélidos"
01.1.2.02.00,Subclase,guanaco,incluido,"carne de camellos, dromedarios, alpaca, llama, guanaco, vicuña y otros camélidos"
01.1.2.02.00,Subclase,vicuña,incluido,"carne de camellos, dromedarios, alpaca, llama, guanaco, vicuña y otros camélidos"
01.1.2.02.00,Subclase,otros camélidos,incluido,"carne de camellos, dromedarios, alpaca, llama, guanaco, vicuña y otros camélidos"
01.1.2.02.00,Subclase,carne de focas,incluido,"carne de focas, morsas, ballenas y otros mamíferos marinos"
01.1.2.02.00,Subclase,morsas,incluido,"carne de focas, morsas, ballenas y otros mamíferos marinos"
01.1.2.02.00,Subclase,ballenas,incluido,"carne de focas, morsas, ballenas y otros mamíferos marinos"
01.1.2.02.00,Subclase,otros mamíferos marinos,incluido,"carne de focas, morsas, ballenas y otros mamíferos marinos"
01.1.2.02.00,Subclase,carne de antílopes,incluido,"carne de antílopes, ciervos, jabalíes, canguros"
01.1.2.02.00,Subclase,ciervos,incluido,"carne de antílopes, ciervos, jabalíes, canguros"
01.1.2.02.00,Subclase,jabalíes,incluido,"carne de antílopes, ciervos, jabalíes, canguros"
01.1.2.02.00,Subclase,canguros,incluido,"carne de antílopes, ciervos, jabalíes, canguros"
01.1.2.02.00,Subclase,carne de avestruces,incluido,"carne de avestruces, emúes, ñandú, faisán, urogallo, paloma, codorniz y otras aves"
01.1.2.02.00,Subclase,emúes,incluido,"carne de avestruces, emúes, ñandú, faisán, urogallo, paloma, codorniz y otras aves"
01.1.2.02.00,Subclase,ñandú,incluido,"carne de avestruces, emúes, ñandú, faisán, urogallo, paloma, codorniz y otras aves"
01.1.2.02.00,Subclase,faisán,incluido,"carne de avestruces, emúes, ñandú, faisán, urogallo, paloma, codorniz y otras aves"
01.1.2.02.00,Subclase,urogallo,incluido,"carne de avestruces, emúes, ñandú, faisán, urogallo, paloma, codorniz y otras aves"
01.1.2.02.00,Subclase,paloma,incluido,"carne de avestruces, emúes, ñandú, faisán, urogallo, paloma, codorniz y otras aves"
01.1.2.02.00,Subclase,codorniz,incluido,"carne de avestruces, emúes, ñandú, faisán, urogallo, paloma, codorniz y otras aves"
01.1.2.02.00,Subclase,otras aves,incluido,"carne de avestruces, emúes, ñandú, faisán, urogallo, paloma, codorniz y otras aves"
01.1.2.02.00,Subclase,carne de serpientes,incluido,"carne de serpientes, caimanes y otros reptiles"
01.1.2.02.00,Subclase,caimanes,incluido,"carne de serpientes, caimanes y otros reptiles"
01.1.2.02.00,Subclase,otros reptiles,incluido,"carne de serpientes, caimanes y otros reptiles"
01.1.2.02.00,Subclase,arañas,incluido,"arañas, escorpiones, insectos y gusanos"
01.1.2.02.00,Subclase,escorpiones,incluido,"arañas, escorpiones, insectos y gusanos"
01.1.2.02.00,Subclase,insectos,incluido,"arañas, escorpiones, insectos y gusanos"
01.1.2.02.00,Subclase,gusanos,incluido,"arañas, escorpiones, insectos y gusanos"
01.1.2.02.00,Subclase,caracoles terrestres,incluido,caracoles terrestres
01.1.2.02.00,Subclase,ranas,incluido,ranas
01.1.2.02.00,Subclase,carne picada de los animales antes mencionados,incluido,carne picada de los animales antes mencionados
01.1.2.02.01,Producto,"cortes de vacuno (vaca, ternera o buey, wagyu, angus, kobe)",incluido,"cortes de vacuno (vaca, ternera o buey, wagyu, angus, kobe) como asiento"
01.1.2.02.01,Producto,asiento,incluido,"cortes de vacuno (vaca, ternera o buey, wagyu, angus, kobe) como asiento"
01.1.2.02.01,Producto,bistec de asiento,incluido,bistec de asiento
01.1.2.02.05,Producto,carne de vacuno molida,excluido,carne de vacuno molida (01.1.2.02.05)
01.1.2.02.02,Producto,"cortes de vacuno (vaca, ternera o buey, wagyu, angus, kobe)",incluido,"cortes de vacuno (vaca, ternera o buey, wagyu, angus, kobe) como lomo vetado"
01.1.2.02.02,Producto,lomo vetado,incluido,"cortes de vacuno (vaca, ternera o buey, wagyu, angus, kobe) como lomo vetado"
01.1.2.02.02,Producto,bistec de lomo vetado,incluido,bistec de lomo vetado
01.1.2.02.03,Producto,"cortes de vacuno (vaca, ternera o buey, wagyu, angus, kobe)",incluido,"cortes de vacuno (vaca, ternera o buey, wagyu, angus, kobe) como lomo liso y filete"
01.1.2.02.03,Producto,lomo liso,incluido,"cortes de vacuno (vaca, ternera o buey, wagyu, angus, kobe) como lomo liso y filete"
01.1.2.02.03,Producto,filete,incluido,"cortes de vacuno (vaca, ternera o buey, wagyu, angus, kobe) como lomo liso y filete"
01.1.2.02.03,Producto,bistec de lomo liso,incluido,bistec de lomo liso y filete
01.1.2.02.04,Producto,"cortes de vacuno (vaca, ternera o buey, wagyu, angus, kobe)",incluido,"cortes de vacuno (vaca, ternera o buey, wagyu, angus, kobe) como posta paleta, posta rosada, posta negra"
01.1.2.02.04,Producto,posta paleta,incluido,"cortes de vacuno (vaca, ternera o buey, wagyu, angus, kobe) como posta paleta, posta rosada, posta negra"
01.1.2.02.04,Producto,posta rosada,incluido,"cortes de vacuno (vaca, ternera o buey, wagyu, angus, kobe) como posta paleta, posta rosada, posta negra"
01.1.2.02.04,Producto,posta negra,incluido,"cortes de vacuno (vaca, ternera o buey, wagyu, angus, kobe) como posta paleta, posta rosada, posta negra"
01.1.2.02.04,Producto,bistec de posta paleta,incluido,"bistec de posta paleta, posta rosada, posta negra"
01.1.2.02.05,Producto,"carne de vacuno (vaca, ternera o buey, wagyu, angus, kobe)",incluido,"carne de vacuno (vaca, ternera o buey, wagyu, angus, kobe) como carne molida, carne molida especial, tártaro, hipervita, carne picada"
01.1.2.02.05,Producto,carne molida,incluido,"carne de vacuno (vaca, ternera o buey, wagyu, angus, kobe) como carne molida, carne molida especial, tártaro, hipervita, carne picada"
01.1.2.02.05,Producto,carne molida especial,incluido,"carne de vacuno (vaca, ternera o buey, wagyu, angus, kobe) como carne molida, carne molida especial, tártaro, hipervita, carne picada"
01.1.2.02.05,Producto,tártaro,incluido,"carne de vacuno (vaca, ternera o buey, wagyu, angus, kobe) como carne molida, carne molida especial, tártaro, hipervita, carne picada"
01.1.2.02.05,Producto,hipervita,incluido,"carne de vacuno (vaca, ternera o buey, wagyu, angus, kobe) como carne molida, carne molida especial, tártaro, hipervita, carne picada"
01.1.2.02.05,Producto,carne picada,incluido,"carne de vacuno (vaca, ternera o buey, wagyu, angus, kobe) como carne molida, carne molida especial, tártaro, hipervita, carne picada"
01.1.2.02.06,Producto,"otros cortes de carne de vacuno (vaca, ternera o buey, wagyu, angus, kobe)",incluido,"otros cortes de carne de vacuno (vaca, ternera o buey, wagyu, angus, kobe) como huachalomo, sobrecostilla, cogote, asado carnicero, plateada, choclillo, punta de paleta, osobuco, malaya, tapapecho, asado de tira (costillar), palanca, tapabarriga, punta de ganso, punta de picana, ganso, pollo ganso, abastero, entrecot, etc"
01.1.2.02.06,Producto,huachalomo,incluido,"otros cortes de carne de vacuno (vaca, ternera o buey, wagyu, angus, kobe) como huachalomo, sobrecostilla, cogote, asado carnicero, plateada, choclillo, punta de paleta, osobuco, malaya, tapapecho, asado de tira (costillar), palanca, tapabarriga, punta de ganso, punta de picana, ganso, pollo ganso, abastero, entrecot, etc"
01.1.2.02.06,Producto,sobrecostilla,incluido,"otros cortes de carne de vacuno (vaca, ternera o buey, wagyu, angus, kobe) como huachalomo, sobrecostilla, cogote, asado carnicero, plateada, choclillo, punta de paleta, osobuco, malaya, tapapecho, asado de tira (costillar), palanca, tapabarriga, punta de ganso, punta de picana, ganso, pollo ganso, abastero, entrecot, etc"
01.1.2.02.06,Producto,cogote,incluido,"otros cortes de carne de vacuno (vaca, ternera o buey, wagyu, angus, kobe) como huachalomo, sobrecostilla, cogote, asado carnicero, plateada, choclillo, punta de paleta, osobuco, malaya, tapapecho, asado de tira (costillar), palanca, tapabarriga, punta de ganso, punta de picana, ganso, pollo ganso, abastero, entrecot, etc"
01.1.2.02.06,Producto,asado carnicero,incluido,"otros cortes de carne de vacuno (vaca, ternera o buey, wagyu, angus, kobe) como huachalomo, sobrecostilla, cogote, asado carnicero, plateada, choclillo, punta de paleta, osobuco, malaya, tapapecho, asado de tira (costillar), palanca, tapabarriga, punta de ganso, punta de picana, ganso, pollo ganso, abastero, entrecot, etc"
01.1.2.02.06,Producto,plateada,incluido,"otros cortes de carne de vacuno (vaca, ternera o buey, wagyu, angus, kobe) como huachalomo, sobrecostilla, cogote, asado carnicero, plateada, choclillo, punta de paleta, osobuco, malaya, tapapecho, asado de tira (costillar), palanca, tapabarriga, punta de ganso, punta de picana, ganso, pollo ganso, abastero, entrecot, etc"
01.1.2.02.06,Producto,choclillo,incluido,"otros cortes de carne de vacuno (vaca, ternera o buey, wagyu, angus, kobe) como huachalomo, sobrecostilla, cogote, asado carnicero, plateada, choclillo, punta de paleta, osobuco, malaya, tapapecho, asado de tira (costillar), palanca, tapabarriga, punta de ganso, punta de picana, ganso, pollo ganso, abastero, entrecot, etc"
01.1.2.02.06,Producto,punta de paleta,incluido,"otros cortes de carne de vacuno (vaca, ternera o buey, wagyu, angus, kobe) como huachalomo, sobrecostilla, cogote, asado carnicero, plateada, choclillo, punta de paleta, osobuco, malaya, tapapecho, asado de tira (costillar), palanca, tapabarriga, punta de ganso, punta de picana, ganso, pollo ganso, abastero, entrecot, etc"
01.1.2.02.06,Producto,osobuco,incluido,"otros cortes de carne de vacuno (vaca, ternera o buey, wagyu, angus, kobe) como huachalomo, sobrecostilla, cogote, asado carnicero, plateada, choclillo, punta de paleta, osobuco, malaya, tapapecho, asado de tira (costillar), palanca, tapabarriga, punta de ganso, punta de picana, ganso, pollo ganso, abastero, entrecot, etc"
01.1.2.02.06,Producto,malaya,incluido,"otros cortes de carne de vacuno (vaca, ternera o buey, wagyu, angus, kobe) como huachalomo, sobrecostilla, cogote, asado carnicero, plateada, choclillo, punta de paleta, osobuco, malaya, tapapecho, asado de tira (costillar), palanca, tapabarriga, punta de ganso, punta de picana, ganso, pollo ganso, abastero, entrecot, etc"
01.1.2.02.06,Producto,tapapecho,incluido,"otros cortes de carne de vacuno (vaca, ternera o buey, wagyu, angus, kobe) como huachalomo, sobrecostilla, cogote, asado carnicero, plateada, choclillo, punta de paleta, osobuco, malaya, tapapecho, asado de tira (costillar), palanca, tapabarriga, punta de ganso, punta de picana, ganso, pollo ganso, abastero, entrecot, etc"
01.1.2.02.06,Producto,asado de tira (costillar),incluido,"otros cortes de carne de vacuno (vaca, ternera o buey, wagyu, angus, kobe) como huachalomo, sobrecostilla, cogote, asado carnicero, plateada, choclillo, punta de paleta, osobuco, malaya, tapapecho, asado de tira (costillar), palanca, tapabarriga, punta de ganso, punta de picana, ganso, pollo ganso, abastero, entrecot, etc"
01.1.2.02.06,Producto,palanca,incluido,"otros cortes de carne de vacuno (vaca, ternera o buey, wagyu, angus, kobe) como huachalomo, sobrecostilla, cogote, asado carnicero, plateada, choclillo, punta de paleta, osobuco, malaya, tapapecho, asado de tira (costillar), palanca, tapabarriga, punta de ganso, punta de picana, ganso, pollo ganso, abastero, entrecot, etc"
01.1.2.02.06,Producto,tapabarriga,incluido,"otros cortes de carne de vacuno (vaca, ternera o buey, wagyu, angus, kobe) como huachalomo, sobrecostilla, cogote, asado carnicero, plateada, choclillo, punta de paleta, osobuco, malaya, tapapecho, asado de tira (costillar), palanca, tapabarriga, punta de ganso, punta de picana, ganso, pollo ganso, abastero, entrecot, etc"
01.1.2.02.06,Producto,punta de ganso,incluido,"otros cortes de carne de vacuno (vaca, ternera o buey, wagyu, angus, kobe) como huachalomo, sobrecostilla, cogote, asado carnicero, plateada, choclillo, punta de paleta, osobuco, malaya, tapapecho, asado de tira (costillar), palanca, tapabarriga, punta de ganso, punta de picana, ganso, pollo ganso, abastero, entrecot, etc"
01.1.2.02.06,Producto,punta de picana,incluido,"otros cortes de carne de vacuno (vaca, ternera o buey, wagyu, angus, kobe) como huachalomo, sobrecostilla, cogote, asado carnicero, plateada, choclillo, punta de paleta, osobuco, malaya, tapapecho, asado de tira (costillar), palanca, tapabarriga, punta de ganso, punta de picana, ganso, pollo ganso, abastero, entrecot, etc"
01.1.2.02.06,Producto,ganso,incluido,"otros cortes de carne de vacuno (vaca, ternera o buey, wagyu, angus, kobe) como huachalomo, sobrecostilla, cogote, asado carnicero, plateada, choclillo, punta de paleta, osobuco, malaya, tapapecho, asado de tira (costillar), palanca, tapabarriga, punta de ganso, punta de picana, ganso, pollo ganso, abastero, entrecot, etc"
01.1.2.02.06,Producto,pollo ganso,incluido,"otros cortes de carne de vacuno (vaca, ternera o buey, wagyu, angus, kobe) como huachalomo, sobrecostilla, cogote, asado carnicero, plateada, choclillo, punta de paleta, osobuco, malaya, tapapecho, asado de tira (costillar), palanca, tapabarriga, punta de ganso, punta de picana, ganso, pollo ganso, abastero, entrecot, etc"
01.1.2.02.06,Producto,abastero,incluido,"otros cortes de carne de vacuno (vaca, ternera o buey, wagyu, angus, kobe) como huachalomo, sobrecostilla, cogote, asado carnicero, plateada, choclillo, punta de paleta, osobuco, malaya, tapapecho, asado de tira (costillar), palanca, tapabarriga, punta de ganso, punta de picana, ganso, pollo ganso, abastero, entrecot, etc"
01.1.2.02.06,Producto,entrecot,incluido,"otros cortes de carne de vacuno (vaca, ternera o buey, wagyu, angus, kobe) como huachalomo, sobrecostilla, cogote, asado carnicero, plateada, choclillo, punta de paleta, osobuco, malaya, tapapecho, asado de tira (costillar), palanca, tapabarriga, punta de ganso, punta de picana, ganso, pollo ganso, abastero, entrecot, etc"
01.1.2.02.07,Producto,"carne de vacuno (vaca, ternera o buey, wagyu, angus, kobe) cuyo corte no es posible identificar",incluido,"carne de vacuno (vaca, ternera o buey, wagyu, angus, kobe) cuyo corte no es posible identificar"
01.1.2.02.08,Producto,cortes de cerdo,incluido,"cortes de cerdo como chuleta centro, chuleta vetada, chuleta de lomo, chuleta de pierna, chuleta parrillera"
01.1.2.02.08,Producto,chuleta centro,incluido,"cortes de cerdo como chuleta centro, chuleta vetada, chuleta de lomo, chuleta de pierna, chuleta parrillera"
01.1.2.02.08,Producto,chuleta vetada,incluido,"cortes de cerdo como chuleta centro, chuleta vetada, chuleta de lomo, chuleta de pierna, chuleta parrillera"
01.1.2.02.08,Producto,chuleta de lomo,incluido,"cortes de cerdo como chuleta centro, chuleta vetada, chuleta de lomo, chuleta de pierna, chuleta parrillera"
01.1.2.02.08,Producto,chuleta de pierna,incluido,"cortes de cerdo como chuleta centro, chuleta vetada, chuleta de lomo, chuleta de pierna, chuleta parrillera"
01.1.2.02.08,Producto,chuleta parrillera,incluido,"cortes de cerdo como chuleta centro, chuleta vetada, chuleta de lomo, chuleta de pierna, chuleta parrillera"
01.1.2.02.09,Producto,corte de cerdo,incluido,corte de cerdo como costillar
01.1.2.02.09,Producto,costillar,incluido,corte de cerdo como costillar
01.1.2.02.10,Producto,cortes de cerdo,incluido,"cortes de cerdo como pulpa pierna, pulpa paleta, pulpa paleta especial"
01.1.2.02.10,Producto,pulpa pierna,incluido,"cortes de cerdo como pulpa pierna, pulpa paleta, pulpa paleta especial"
01.1.2.02.10,Producto,pulpa paleta,incluido,"cortes de cerdo como pulpa pierna, pulpa paleta, pulpa paleta especial"
01.1.2.02.10,Producto,pulpa paleta especial,incluido,"cortes de cerdo como pulpa pierna, pulpa paleta, pulpa paleta especial"
01.1.2.02.11,Producto,cortes de cerdo,incluido,"cortes de cerdo como lomo, malaya, solomillo, filete, pernil de cerdo, paleta, pierna entera, carne molida de cerdo, otros cortes de carne de cerdo"
01.1.2.02.11,Producto,lomo,incluido,"cortes de cerdo como lomo, malaya, solomillo, filete, pernil de cerdo, paleta, pierna entera, carne molida de cerdo, otros cortes de carne de cerdo"
01.1.2.02.11,Producto,malaya,incluido,"cortes de cerdo como lomo, malaya, solomillo, filete, pernil de cerdo, paleta, pierna entera, carne molida de cerdo, otros cortes de carne de cerdo"
01.1.2.02.11,Producto,solomillo,incluido,"cortes de cerdo como lomo, malaya, solomillo, filete, pernil de cerdo, paleta, pierna entera, carne molida de cerdo, otros cortes de carne de cerdo"
01.1.2.02.11,Producto,filete,incluido,"cortes de cerdo como lomo, malaya, solomillo, filete, pernil de cerdo, paleta, pierna entera, carne molida de cerdo, otros cortes de carne de cerdo"
01.1.2.02.11,Producto,pernil de cerdo,incluido,"cortes de cerdo como lomo, malaya, solomillo, filete, pernil de cerdo, paleta, pierna entera, carne molida de cerdo, otros cortes de carne de cerdo"
01.1.2.02.11,Producto,paleta,incluido,"cortes de cerdo como lomo, malaya, solomillo, filete, pernil de cerdo, paleta, pierna entera, carne molida de cerdo, otros cortes de carne de cerdo"
01.1.2.02.11,Producto,pierna entera,incluido,"cortes de cerdo como lomo, malaya, solomillo, filete, pernil de cerdo, paleta, pierna entera, carne molida de cerdo, otros cortes de carne de cerdo"
01.1.2.02.11,Producto,carne molida de cerdo,incluido,"cortes de cerdo como lomo, malaya, solomillo, filete, pernil de cerdo, paleta, pierna entera, carne molida de cerdo, otros cortes de carne de cerdo"
01.1.2.02.11,Producto,otros cortes de carne de cerdo,incluido,"cortes de cerdo como lomo, malaya, solomillo, filete, pernil de cerdo, paleta, pierna entera, carne molida de cerdo, otros cortes de carne de cerdo"
01.1.2.02.12,Producto,carne de cerdo cuyo corte no es posible identificar,incluido,carne de cerdo cuyo corte no es posible identificar
01.1.2.02.13,Producto,carne de pavo molida,incluido,carne de pavo molida o picada
01.1.2.02.13,Producto,picada,incluido,carne de pavo molida o picada
01.1.2.02.14,Producto,pechuga de pavo,incluido,pechuga de pavo
01.1.2.02.15,Producto,trutro (entero - corto) deshuesado,incluido,"trutro (entero - corto) deshuesado o no, de pavo"
01.1.2.02.16,Producto,pavo entero,incluido,"pavo entero, osobuco, alas y otros cortes de carne de pavo"
01.1.2.02.16,Producto,osobuco,incluido,"pavo entero, osobuco, alas y otros cortes de carne de pavo"
01.1.2.02.16,Producto,alas,incluido,"pavo entero, osobuco, alas y otros cortes de carne de pavo"
01.1.2.02.16,Producto,otros cortes de carne de pavo,incluido,"pavo entero, osobuco, alas y otros cortes de carne de pavo"
01.1.2.02.17,Producto,carne de pavo cuyo corte no es posible identificar,incluido,carne de pavo cuyo corte no es posible identificar
01.1.2.02.18,Producto,pechuga de pollo (o gallina),incluido,pechuga de pollo (o gallina)
01.1.2.02.19,Producto,pollo (o gallina) entero con,incluido,pollo (o gallina) entero con y sin menudencias
01.1.2.02.20,Producto,trutro de pollo (o gallina),incluido,"trutro de pollo (o gallina) como trutro corto, entero, combinado"
01.1.2.02.20,Producto,trutro corto,incluido,"trutro de pollo (o gallina) como trutro corto, entero, combinado"
01.1.2.02.20,Producto,combinado,incluido,"trutro de pollo (o gallina) como trutro corto, entero, combinado"
01.1.2.02.21,Producto,otros cortes de carne de pollo,incluido,"otros cortes de carne de pollo como alitas, cazuela (especial o popular), escalopa, filetes de pollo, carne de pollo molida y picada"
01.1.2.02.21,Producto,alitas,incluido,"otros cortes de carne de pollo como alitas, cazuela (especial o popular), escalopa, filetes de pollo, carne de pollo molida y picada"
01.1.2.02.21,Producto,cazuela (especial o popular),incluido,"otros cortes de carne de pollo como alitas, cazuela (especial o popular), escalopa, filetes de pollo, carne de pollo molida y picada"
01.1.2.02.21,Producto,escalopa,incluido,"otros cortes de carne de pollo como alitas, cazuela (especial o popular), escalopa, filetes de pollo, carne de pollo molida y picada"
01.1.2.02.21,Producto,filetes de pollo,incluido,"otros cortes de carne de pollo como alitas, cazuela (especial o popular), escalopa, filetes de pollo, carne de pollo molida y picada"
01.1.2.02.21,Producto,carne de pollo molida,incluido,"otros cortes de carne de pollo como alitas, cazuela (especial o popular), escalopa, filetes de pollo, carne de pollo molida y picada"
01.1.2.02.21,Producto,picada,incluido,"otros cortes de carne de pollo como alitas, cazuela (especial o popular), escalopa, filetes de pollo, carne de pollo molida y picada"
01.1.2.05.11,Producto,croquetas,excluido,croquetas y apanados de ave (01.1.2.05.11)
01.1.2.05.11,Producto,apanados de ave,excluido,croquetas y apanados de ave (01.1.2.05.11)
01.1.2.02.22,Producto,carne de pollo cuyo corte no es posible identificar,incluido,carne de pollo cuyo corte no es posible identificar
01.1.2.02.23,Producto,carne de patos,incluido,"carne de patos, perdices, gansos, avestruces, codornices y otras aves"
01.1.2.02.23,Producto,perdices,incluido,"carne de patos, perdices, gansos, avestruces, codornices y otras aves"
01.1.2.02.23,Producto,gansos,incluido,"carne de patos, perdices, gansos, avestruces, codornices y otras aves"
01.1.2.02.23,Producto,avestruces,incluido,"carne de patos, perdices, gansos, avestruces, codornices y otras aves"
01.1.2.02.23,Producto,codornices,incluido,"carne de patos, perdices, gansos, avestruces, codornices y otras aves"
01.1.2.02.23,Producto,otras aves,incluido,"carne de patos, perdices, gansos, avestruces, codornices y otras aves"
01.1.2.02.24,Producto,carne de corderos,incluido,"carne de corderos y ovejas enteros, medio cordero, chuletas, costillar, pulpa, surtido y otros cortes de cordero u oveja"
01.1.2.02.24,Producto,ovejas enteros,incluido,"carne de corderos y ovejas enteros, medio cordero, chuletas, costillar, pulpa, surtido y otros cortes de cordero u oveja"
01.1.2.02.24,Producto,medio cordero,incluido,"carne de corderos y ovejas enteros, medio cordero, chuletas, costillar, pulpa, surtido y otros cortes de cordero u oveja"
01.1.2.02.24,Producto,chuletas,incluido,"carne de corderos y ovejas enteros, medio cordero, chuletas, costillar, pulpa, surtido y otros cortes de cordero u oveja"
01.1.2.02.24,Producto,costillar,incluido,"carne de corderos y ovejas enteros, medio cordero, chuletas, costillar, pulpa, surtido y otros cortes de cordero u oveja"
01.1.2.02.24,Producto,pulpa,incluido,"carne de corderos y ovejas enteros, medio cordero, chuletas, costillar, pulpa, surtido y otros cortes de cordero u oveja"
01.1.2.02.24,Producto,surtido,incluido,"carne de corderos y ovejas enteros, medio cordero, chuletas, costillar, pulpa, surtido y otros cortes de cordero u oveja"
01.1.2.02.24,Producto,otros cortes de cordero,incluido,"carne de corderos y ovejas enteros, medio cordero, chuletas, costillar, pulpa, surtido y otros cortes de cordero u oveja"
01.1.2.02.24,Producto,oveja,incluido,"carne de corderos y ovejas enteros, medio cordero, chuletas, costillar, pulpa, surtido y otros cortes de cordero u oveja"
01.1.2.02.25,Producto,carne fresca,incluido,"carne fresca, refrigerada o congelada cuyo animal de procedencia no es posible identificar"
01.1.2.02.25,Producto,congelada cuyo animal de procedencia no es posible identificar,incluido,"carne fresca, refrigerada o congelada cuyo animal de procedencia no es posible identificar"
01.1.2.02.99,Producto,carne fresca,incluido,"carne fresca, refrigerada o congeladas de otros tipos de animales n.c.p. como carne de cabra, carne de búfalos, carne de liebres y conejos, carne de caballos y otros equinos, carne de alpaca, llama, guanaco, vicuña y otros camélidos, carne de focas y otros mamíferos marinos, carne de antílopes, ciervos, jabalíes, canguros, carne de serpientes, caimanes y otros reptiles, arañas, escorpiones, insectos y gusanos, caracoles terrestres, cangrejos terrestres, carne de rana"
01.1.2.02.99,Producto,congeladas de otros tipos de animales n.c.p,incluido,"carne fresca, refrigerada o congeladas de otros tipos de animales n.c.p. como carne de cabra, carne de búfalos, carne de liebres y conejos, carne de caballos y otros equinos, carne de alpaca, llama, guanaco, vicuña y otros camélidos, carne de focas y otros mamíferos marinos, carne de antílopes, ciervos, jabalíes, canguros, carne de serpientes, caimanes y otros reptiles, arañas, escorpiones, insectos y gusanos, caracoles terrestres, cangrejos terrestres, carne de rana"
01.1.2.02.99,Producto,carne de cabra,incluido,"carne fresca, refrigerada o congeladas de otros tipos de animales n.c.p. como carne de cabra, carne de búfalos, carne de liebres y conejos, carne de caballos y otros equinos, carne de alpaca, llama, guanaco, vicuña y otros camélidos, carne de focas y otros mamíferos marinos, carne de antílopes, ciervos, jabalíes, canguros, carne de serpientes, caimanes y otros reptiles, arañas, escorpiones, insectos y gusanos, caracoles terrestres, cangrejos terrestres, carne de rana"
01.1.2.02.99,Producto,carne de búfalos,incluido,"carne fresca, refrigerada o congeladas de otros tipos de animales n.c.p. como carne de cabra, carne de búfalos, carne de liebres y conejos, carne de caballos y otros equinos, carne de alpaca, llama, guanaco, vicuña y otros camélidos, carne de focas y otros mamíferos marinos, carne de antílopes, ciervos, jabalíes, canguros, carne de serpientes, caimanes y otros reptiles, arañas, escorpiones, insectos y gusanos, caracoles terrestres, cangrejos terrestres, carne de rana"
01.1.2.02.99,Producto,carne de liebres,incluido,"carne fresca, refrigerada o congeladas de otros tipos de animales n.c.p. como carne de cabra, carne de búfalos, carne de liebres y conejos, carne de caballos y otros equinos, carne de alpaca, llama, guanaco, vicuña y otros camélidos, carne de focas y otros mamíferos marinos, carne de antílopes, ciervos, jabalíes, canguros, carne de serpientes, caimanes y otros reptiles, arañas, escorpiones, insectos y gusanos, caracoles terrestres, cangrejos terrestres, carne de rana"
01.1.2.02.99,Producto,conejos,incluido,"carne fresca, refrigerada o congeladas de otros tipos de animales n.c.p. como carne de cabra, carne de búfalos, carne de liebres y conejos, carne de caballos y otros equinos, carne de alpaca, llama, guanaco, vicuña y otros camélidos, carne de focas y otros mamíferos marinos, carne de antílopes, ciervos, jabalíes, canguros, carne de serpientes, caimanes y otros reptiles, arañas, escorpiones, insectos y gusanos, caracoles terrestres, cangrejos terrestres, carne de rana"
01.1.2.02.99,Producto,carne de caballos,incluido,"carne fresca, refrigerada o congeladas de otros tipos de animales n.c.p. como carne de cabra, carne de búfalos, carne de liebres y conejos, carne de caballos y otros equinos, carne de alpaca, llama, guanaco, vicuña y otros camélidos, carne de focas y otros mamíferos marinos, carne de antílopes, ciervos, jabalíes, canguros, carne de serpientes, caimanes y otros reptiles, arañas, escorpiones, insectos y gusanos, caracoles terrestres, cangrejos terrestres, carne de rana"
01.1.2.02.99,Producto,otros equinos,incluido,"carne fresca, refrigerada o congeladas de otros tipos de animales n.c.p. como carne de cabra, carne de búfalos, carne de liebres y conejos, carne de caballos y otros equinos, carne de alpaca, llama, guanaco, vicuña y otros camélidos, carne de focas y otros mamíferos marinos, carne de antílopes, ciervos, jabalíes, canguros, carne de serpientes, caimanes y otros reptiles, arañas, escorpiones, insectos y gusanos, caracoles terrestres, cangrejos terrestres, carne de rana"
01.1.2.02.99,Producto,carne de alpaca,incluido,"carne fresca, refrigerada o congeladas de otros tipos de animales n.c.p. como carne de cabra, carne de búfalos, carne de liebres y conejos, carne de caballos y otros equinos, carne de alpaca, llama, guanaco, vicuña y otros camélidos, carne de focas y otros mamíferos marinos, carne de antílopes, ciervos, jabalíes, canguros, carne de serpientes, caimanes y otros reptiles, arañas, escorpiones, insectos y gusanos, caracoles terrestres, cangrejos terrestres, carne de rana"
01.1.2.02.99,Producto,llama,incluido,"carne fresca, refrigerada o congeladas de otros tipos de animales n.c.p. como carne de cabra, carne de búfalos, carne de liebres y conejos, carne de caballos y otros equinos, carne de alpaca, llama, guanaco, vicuña y otros camélidos, carne de focas y otros mamíferos marinos, carne de antílopes, ciervos, jabalíes, canguros, carne de serpientes, caimanes y otros reptiles, arañas, escorpiones, insectos y gusanos, caracoles terrestres, cangrejos terrestres, carne de rana"
01.1.2.02.99,Producto,guanaco,incluido,"carne fresca, refrigerada o congeladas de otros tipos de animales n.c.p. como carne de cabra, carne de búfalos, carne de liebres y conejos, carne de caballos y otros equinos, carne de alpaca, llama, guanaco, vicuña y otros camélidos, carne de focas y otros mamíferos marinos, carne de antílopes, ciervos, jabalíes, canguros, carne de serpientes, caimanes y otros reptiles, arañas, escorpiones, insectos y gusanos, caracoles terrestres, cangrejos terrestres, carne de rana"
01.1.2.02.99,Producto,vicuña,incluido,"carne fresca, refrigerada o congeladas de otros tipos de animales n.c.p. como carne de cabra, carne de búfalos, carne de liebres y conejos, carne de caballos y otros equinos, carne de alpaca, llama, guanaco, vicuña y otros camélidos, carne de focas y otros mamíferos marinos, carne de antílopes, ciervos, jabalíes, canguros, carne de serpientes, caimanes y otros reptiles, arañas, escorpiones, insectos y gusanos, caracoles terrestres, cangrejos terrestres, carne de rana"
01.1.2.02.99,Producto,otros camélidos,incluido,"carne fresca, refrigerada o congeladas de otros tipos de animales n.c.p. como carne de cabra, carne de búfalos, carne de liebres y conejos, carne de caballos y otros equinos, carne de alpaca, llama, guanaco, vicuña y otros camélidos, carne de focas y otros mamíferos marinos, carne de antílopes, ciervos, jabalíes, canguros, carne de serpientes, caimanes y otros reptiles, arañas, escorpiones, insectos y gusanos, caracoles terrestres, cangrejos terrestres, carne de rana"
01.1.2.02.99,Producto,carne de focas,incluido,"carne fresca, refrigerada o congeladas de otros tipos de animales n.c.p. como carne de cabra, carne de búfalos, carne de liebres y conejos, carne de caballos y otros equinos, carne de alpaca, llama, guanaco, vicuña y otros camélidos, carne de focas y otros mamíferos marinos, carne de antílopes, ciervos, jabalíes, canguros, carne de serpientes, caimanes y otros reptiles, arañas, escorpiones, insectos y gusanos, caracoles terrestres, cangrejos terrestres, carne de rana"
01.1.2.02.99,Producto,otros mamíferos marinos,incluido,"carne fresca, refrigerada o congeladas de otros tipos de animales n.c.p. como carne de cabra, carne de búfalos, carne de liebres y conejos, carne de caballos y otros equinos, carne de alpaca, llama, guanaco, vicuña y otros camélidos, carne de focas y otros mamíferos marinos, carne de antílopes, ciervos, jabalíes, canguros, carne de serpientes, caimanes y otros reptiles, arañas, escorpiones, insectos y gusanos, caracoles terrestres, cangrejos terrestres, carne de rana"
01.1.2.02.99,Producto,carne de antílopes,incluido,"carne fresca, refrigerada o congeladas de otros tipos de animales n.c.p. como carne de cabra, carne de búfalos, carne de liebres y conejos, carne de caballos y otros equinos, carne de alpaca, llama, guanaco, vicuña y otros camélidos, carne de focas y otros mamíferos marinos, carne de antílopes, ciervos, jabalíes, canguros, carne de serpientes, caimanes y otros reptiles, arañas, escorpiones, insectos y gusanos, caracoles terrestres, cangrejos terrestres, carne de rana"
01.1.2.02.99,Producto,ciervos,incluido,"carne fresca, refrigerada o congeladas de otros tipos de animales n.c.p. como carne de cabra, carne de búfalos, carne de liebres y conejos, carne de caballos y otros equinos, carne de alpaca, llama, guanaco, vicuña y otros camélidos, carne de focas y otros mamíferos marinos, carne de antílopes, ciervos, jabalíes, canguros, carne de serpientes, caimanes y otros reptiles, arañas, escorpiones, insectos y gusanos, caracoles terrestres, cangrejos terrestres, carne de rana"
01.1.2.02.99,Producto,jabalíes,incluido,"carne fresca, refrigerada o congeladas de otros tipos de animales n.c.p. como carne de cabra, carne de búfalos, carne de liebres y conejos, carne de caballos y otros equinos, carne de alpaca, llama, guanaco, vicuña y otros camélidos, carne de focas y otros mamíferos marinos, carne de antílopes, ciervos, jabalíes, canguros, carne de serpientes, caimanes y otros reptiles, arañas, escorpiones, insectos y gusanos, caracoles terrestres, cangrejos terrestres, carne de rana"
01.1.2.02.99,Producto,canguros,incluido,"carne fresca, refrigerada o congeladas de otros tipos de animales n.c.p. como carne de cabra, carne de búfalos, carne de liebres y conejos, carne de caballos y otros equinos, carne de alpaca, llama, guanaco, vicuña y otros camélidos, carne de focas y otros mamíferos marinos, carne de antílopes, ciervos, jabalíes, canguros, carne de serpientes, caimanes y otros reptiles, arañas, escorpiones, insectos y gusanos, caracoles terrestres, cangrejos terrestres, carne de rana"
01.1.2.02.99,Producto,carne de serpientes,incluido,"carne fresca, refrigerada o congeladas de otros tipos de animales n.c.p. como carne de cabra, carne de búfalos, carne de liebres y conejos, carne de caballos y otros equinos, carne de alpaca, llama, guanaco, vicuña y otros camélidos, carne de focas y otros mamíferos marinos, carne de antílopes, ciervos, jabalíes, canguros, carne de serpientes, caimanes y otros reptiles, arañas, escorpiones, insectos y gusanos, caracoles terrestres, cangrejos terrestres, carne de rana"
01.1.2.02.99,Producto,caimanes,incluido,"carne fresca, refrigerada o congeladas de otros tipos de animales n.c.p. como carne de cabra, carne de búfalos, carne de liebres y conejos, carne de caballos y otros equinos, carne de alpaca, llama, guanaco, vicuña y otros camélidos, carne de focas y otros mamíferos marinos, carne de antílopes, ciervos, jabalíes, canguros, carne de serpientes, caimanes y otros reptiles, arañas, escorpiones, insectos y gusanos, caracoles terrestres, cangrejos terrestres, carne de rana"
01.1.2.02.99,Producto,otros reptiles,incluido,"carne fresca, refrigerada o congeladas de otros tipos de animales n.c.p. como carne de cabra, carne de búfalos, carne de liebres y conejos, carne de caballos y otros equinos, carne de alpaca, llama, guanaco, vicuña y otros camélidos, carne de focas y otros mamíferos marinos, carne de antílopes, ciervos, jabalíes, canguros, carne de serpientes, caimanes y otros reptiles, arañas, escorpiones, insectos y gusanos, caracoles terrestres, cangrejos terrestres, carne de rana"
01.1.2.02.99,Producto,arañas,incluido,"carne fresca, refrigerada o congeladas de otros tipos de animales n.c.p. como carne de cabra, carne de búfalos, carne de liebres y conejos, carne de caballos y otros equinos, carne de alpaca, llama, guanaco, vicuña y otros camélidos, carne de focas y otros mamíferos marinos, carne de antílopes, ciervos, jabalíes, canguros, carne de serpientes, caimanes y otros reptiles, arañas, escorpiones, insectos y gusanos, caracoles terrestres, cangrejos terrestres, carne de rana"
01.1.2.02.99,Producto,escorpiones,incluido,"carne fresca, refrigerada o congeladas de otros tipos de animales n.c.p. como carne de cabra, carne de búfalos, carne de liebres y conejos, carne de caballos y otros equinos, carne de alpaca, llama, guanaco, vicuña y otros camélidos, carne de focas y otros mamíferos marinos, carne de antílopes, ciervos, jabalíes, canguros, carne de serpientes, caimanes y otros reptiles, arañas, escorpiones, insectos y gusanos, caracoles terrestres, cangrejos terrestres, carne de rana"
01.1.2.02.99,Producto,insectos,incluido,"carne fresca, refrigerada o congeladas de otros tipos de animales n.c.p. como carne de cabra, carne de búfalos, carne de liebres y conejos, carne de caballos y otros equinos, carne de alpaca, llama, guanaco, vicuña y otros camélidos, carne de focas y otros mamíferos marinos, carne de antílopes, ciervos, jabalíes, canguros, carne de serpientes, caimanes y otros reptiles, arañas, escorpiones, insectos y gusanos, caracoles terrestres, cangrejos terrestres, carne de rana"
01.1.2.02.99,Producto,gusanos,incluido,"carne fresca, refrigerada o congeladas de otros tipos de animales n.c.p. como carne de cabra, carne de búfalos, carne de liebres y conejos, carne de caballos y otros equinos, carne de alpaca, llama, guanaco, vicuña y otros camélidos, carne de focas y otros mamíferos marinos, carne de antílopes, ciervos, jabalíes, canguros, carne de serpientes, caimanes y otros reptiles, arañas, escorpiones, insectos y gusanos, caracoles terrestres, cangrejos terrestres, carne de rana"
01.1.2.02.99,Producto,caracoles terrestres,incluido,"carne fresca, refrigerada o congeladas de otros tipos de animales n.c.p. como carne de cabra, carne de búfalos, carne de liebres y conejos, carne de caballos y otros equinos, carne de alpaca, llama, guanaco, vicuña y otros camélidos, carne de focas y otros mamíferos marinos, carne de antílopes, ciervos, jabalíes, canguros, carne de serpientes, caimanes y otros reptiles, arañas, escorpiones, insectos y gusanos, caracoles terrestres, cangrejos terrestres, carne de rana"
01.1.2.02.99,Producto,cangrejos terrestres,incluido,"carne fresca, refrigerada o congeladas de otros tipos de animales n.c.p. como carne de cabra, carne de búfalos, carne de liebres y conejos, carne de caballos y otros equinos, carne de alpaca, llama, guanaco, vicuña y otros camélidos, carne de focas y otros mamíferos marinos, carne de antílopes, ciervos, jabalíes, canguros, carne de serpientes, caimanes y otros reptiles, arañas, escorpiones, insectos y gusanos, caracoles terrestres, cangrejos terrestres, carne de rana"
01.1.2.02.99,Producto,carne de rana,incluido,"carne fresca, refrigerada o congeladas de otros tipos de animales n.c.p. como carne de cabra, carne de búfalos, carne de liebres y conejos, carne de caballos y otros equinos, carne de alpaca, llama, guanaco, vicuña y otros camélidos, carne de focas y otros mamíferos marinos, carne de antílopes, ciervos, jabalíes, canguros, carne de serpientes, caimanes y otros reptiles, arañas, escorpiones, insectos y gusanos, caracoles terrestres, cangrejos terrestres, carne de rana"
01.1.2.03.00,Subclase,tocino,incluido,"tocino, jamón, salame o salami"
01.1.2.03.00,Subclase,jamón,incluido,"tocino, jamón, salame o salami"
01.1.2.03.00,Subclase,salame,incluido,"tocino, jamón, salame o salami"
01.1.2.03.00,Subclase,salami,incluido,"tocino, jamón, salame o salami"
01.1.2.05.04,Producto,patés,excluido,patés (01.1.2.05.04)
01.1.2.03.01,Producto,lomo ahumado,incluido,"lomo ahumado, costillar ahumado, chuletas ahumadas, pierna de cerdo ahumada, cazuela ahumada, charqui"
01.1.2.03.01,Producto,costillar ahumado,incluido,"lomo ahumado, costillar ahumado, chuletas ahumadas, pierna de cerdo ahumada, cazuela ahumada, charqui"
01.1.2.03.01,Producto,chuletas ahumadas,incluido,"lomo ahumado, costillar ahumado, chuletas ahumadas, pierna de cerdo ahumada, cazuela ahumada, charqui"
01.1.2.03.01,Producto,pierna de cerdo ahumada,incluido,"lomo ahumado, costillar ahumado, chuletas ahumadas, pierna de cerdo ahumada, cazuela ahumada, charqui"
01.1.2.03.01,Producto,cazuela ahumada,incluido,"lomo ahumado, costillar ahumado, chuletas ahumadas, pierna de cerdo ahumada, cazuela ahumada, charqui"
01.1.2.03.01,Producto,charqui,incluido,"lomo ahumado, costillar ahumado, chuletas ahumadas, pierna de cerdo ahumada, cazuela ahumada, charqui"
01.1.2.03.02,Producto,cecinas secas,incluido,"cecinas secas, semisecas, saladas o en salmuera en todas sus variedades como salame o salami, salchichón, tocino, panceta, pastrami, jamón serrano"
01.1.2.03.02,Producto,semisecas,incluido,"cecinas secas, semisecas, saladas o en salmuera en todas sus variedades como salame o salami, salchichón, tocino, panceta, pastrami, jamón serrano"
01.1.2.03.02,Producto,salame,incluido,"cecinas secas, semisecas, saladas o en salmuera en todas sus variedades como salame o salami, salchichón, tocino, panceta, pastrami, jamón serrano"
01.1.2.03.02,Producto,salami,incluido,"cecinas secas, semisecas, saladas o en salmuera en todas sus variedades como salame o salami, salchichón, tocino, panceta, pastrami, jamón serrano"
01.1.2.03.02,Producto,salchichón,incluido,"cecinas secas, semisecas, saladas o en salmuera en todas sus variedades como salame o salami, salchichón, tocino, panceta, pastrami, jamón serrano"
01.1.2.03.02,Producto,tocino,incluido,"cecinas secas, semisecas, saladas o en salmuera en todas sus variedades como salame o salami, salchichón, tocino, panceta, pastrami, jamón serrano"
01.1.2.03.02,Producto,panceta,incluido,"cecinas secas, semisecas, saladas o en salmuera en todas sus variedades como salame o salami, salchichón, tocino, panceta, pastrami, jamón serrano"
01.1.2.03.02,Producto,pastrami,incluido,"cecinas secas, semisecas, saladas o en salmuera en todas sus variedades como salame o salami, salchichón, tocino, panceta, pastrami, jamón serrano"
01.1.2.03.02,Producto,jamón serrano,incluido,"cecinas secas, semisecas, saladas o en salmuera en todas sus variedades como salame o salami, salchichón, tocino, panceta, pastrami, jamón serrano"
01.1.2.03.03,Producto,cecinas,incluido,"cecinas y fiambres de cerdo cocidos como jamón y pechuga, mortadela, pernil cocido embutido, arrollado, arrollado huaso, y otros productos similares elaborados con carne de cerdo cocida"
01.1.2.03.03,Producto,fiambres de cerdo cocidos,incluido,"cecinas y fiambres de cerdo cocidos como jamón y pechuga, mortadela, pernil cocido embutido, arrollado, arrollado huaso, y otros productos similares elaborados con carne de cerdo cocida"
01.1.2.03.03,Producto,jamón,incluido,"cecinas y fiambres de cerdo cocidos como jamón y pechuga, mortadela, pernil cocido embutido, arrollado, arrollado huaso, y otros productos similares elaborados con carne de cerdo cocida"
01.1.2.03.03,Producto,pechuga,incluido,"cecinas y fiambres de cerdo cocidos como jamón y pechuga, mortadela, pernil cocido embutido, arrollado, arrollado huaso, y otros productos similares elaborados con carne de cerdo cocida"
01.1.2.03.03,Producto,mortadela,incluido,"cecinas y fiambres de cerdo cocidos como jamón y pechuga, mortadela, pernil cocido embutido, arrollado, arrollado huaso, y otros productos similares elaborados con carne de cerdo cocida"
01.1.2.03.03,Producto,pernil cocido embutido,incluido,"cecinas y fiambres de cerdo cocidos como jamón y pechuga, mortadela, pernil cocido embutido, arrollado, arrollado huaso, y otros productos similares elaborados con carne de cerdo cocida"
01.1.2.03.03,Producto,arrollado,incluido,"cecinas y fiambres de cerdo cocidos como jamón y pechuga, mortadela, pernil cocido embutido, arrollado, arrollado huaso, y otros productos similares elaborados con carne de cerdo cocida"
01.1.2.03.03,Producto,arrollado huaso,incluido,"cecinas y fiambres de cerdo cocidos como jamón y pechuga, mortadela, pernil cocido embutido, arrollado, arrollado huaso, y otros productos similares elaborados con carne de cerdo cocida"
01.1.2.03.03,Producto,y otros productos similares elaborados con carne de cerdo cocida,incluido,"cecinas y fiambres de cerdo cocidos como jamón y pechuga, mortadela, pernil cocido embutido, arrollado, arrollado huaso, y otros productos similares elaborados con carne de cerdo cocida"
01.1.2.02.11,Producto,corte pernil de cerdo,excluido,corte pernil de cerdo (01.1.2.02.11)
01.1.2.03.04,Producto,cecinas,incluido,"cecinas y fiambres de pavo cocidos como jamón y pechuga, mortadela y otros productos similares elaborados con carne de pavo"
01.1.2.03.04,Producto,fiambres de pavo cocidos,incluido,"cecinas y fiambres de pavo cocidos como jamón y pechuga, mortadela y otros productos similares elaborados con carne de pavo"
01.1.2.03.04,Producto,jamón,incluido,"cecinas y fiambres de pavo cocidos como jamón y pechuga, mortadela y otros productos similares elaborados con carne de pavo"
01.1.2.03.04,Producto,pechuga,incluido,"cecinas y fiambres de pavo cocidos como jamón y pechuga, mortadela y otros productos similares elaborados con carne de pavo"
01.1.2.03.04,Producto,mortadela,incluido,"cecinas y fiambres de pavo cocidos como jamón y pechuga, mortadela y otros productos similares elaborados con carne de pavo"
01.1.2.03.04,Producto,otros productos similares elaborados con carne de pavo,incluido,"cecinas y fiambres de pavo cocidos como jamón y pechuga, mortadela y otros productos similares elaborados con carne de pavo"
01.1.2.03.05,Producto,cecinas,incluido,"cecinas y fiambres de pollo cocidos como jamón y pechuga, mortadela y otros productos similares elaborados con carne de pollo"
01.1.2.03.05,Producto,fiambres de pollo cocidos,incluido,"cecinas y fiambres de pollo cocidos como jamón y pechuga, mortadela y otros productos similares elaborados con carne de pollo"
01.1.2.03.05,Producto,jamón,incluido,"cecinas y fiambres de pollo cocidos como jamón y pechuga, mortadela y otros productos similares elaborados con carne de pollo"
01.1.2.03.05,Producto,pechuga,incluido,"cecinas y fiambres de pollo cocidos como jamón y pechuga, mortadela y otros productos similares elaborados con carne de pollo"
01.1.2.03.05,Producto,mortadela,incluido,"cecinas y fiambres de pollo cocidos como jamón y pechuga, mortadela y otros productos similares elaborados con carne de pollo"
01.1.2.03.05,Producto,otros productos similares elaborados con carne de pollo,incluido,"cecinas y fiambres de pollo cocidos como jamón y pechuga, mortadela y otros productos similares elaborados con carne de pollo"
01.1.2.03.06,Producto,cecinas,incluido,cecinas y fiambres cuyo tipo y animal de procedencia no es posible identificar
01.1.2.03.06,Producto,fiambres cuyo tipo,incluido,cecinas y fiambres cuyo tipo y animal de procedencia no es posible identificar
01.1.2.03.06,Producto,animal de procedencia no es posible identificar,incluido,cecinas y fiambres cuyo tipo y animal de procedencia no es posible identificar
01.1.2.03.07,Producto,jamón,incluido,"jamón y pechuga, mortadela y otros productos similares elaborados con carne de otro tipo de animal"
01.1.2.03.07,Producto,pechuga,incluido,"jamón y pechuga, mortadela y otros productos similares elaborados con carne de otro tipo de animal"
01.1.2.03.07,Producto,mortadela,incluido,"jamón y pechuga, mortadela y otros productos similares elaborados con carne de otro tipo de animal"
01.1.2.03.07,Producto,otros productos similares elaborados con carne de otro tipo de animal,incluido,"jamón y pechuga, mortadela y otros productos similares elaborados con carne de otro tipo de animal"
01.1.2.04.00,Subclase,huesos,incluido,huesos
01.1.2.04.00,Subclase,cabezas de cerdo,incluido,"cabezas de cerdo, colas y orejas; patas de pollo"
01.1.2.04.00,Subclase,colas,incluido,"cabezas de cerdo, colas y orejas; patas de pollo"
01.1.2.04.00,Subclase,orejas,incluido,"cabezas de cerdo, colas y orejas; patas de pollo"
01.1.2.04.00,Subclase,patas de pollo,incluido,"cabezas de cerdo, colas y orejas; patas de pollo"
01.1.2.05.00,Subclase,productos procesados en base a carne,excluido,"productos procesados en base a carne, despojos, sangre y otras partes de animales sacrificados (01.1.2.05.00)"
01.1.2.05.00,Subclase,despojos,excluido,"productos procesados en base a carne, despojos, sangre y otras partes de animales sacrificados (01.1.2.05.00)"
01.1.2.05.00,Subclase,sangre,excluido,"productos procesados en base a carne, despojos, sangre y otras partes de animales sacrificados (01.1.2.05.00)"
01.1.2.05.00,Subclase,otras partes de animales sacrificados,excluido,"productos procesados en base a carne, despojos, sangre y otras partes de animales sacrificados (01.1.2.05.00)"
01.1.2.04.01,Producto,subproductos,incluido,"subproductos y menudencias comestibles de vacuno, wagyu, angus, kobe como entrañas, corazón, hígado (pana), guatitas, riñón, ubres, patas, lengua, criadillas, huesos, intestinos en general"
01.1.2.04.01,Producto,menudencias comestibles de vacuno,incluido,"subproductos y menudencias comestibles de vacuno, wagyu, angus, kobe como entrañas, corazón, hígado (pana), guatitas, riñón, ubres, patas, lengua, criadillas, huesos, intestinos en general"
01.1.2.04.01,Producto,wagyu,incluido,"subproductos y menudencias comestibles de vacuno, wagyu, angus, kobe como entrañas, corazón, hígado (pana), guatitas, riñón, ubres, patas, lengua, criadillas, huesos, intestinos en general"
01.1.2.04.01,Producto,angus,incluido,"subproductos y menudencias comestibles de vacuno, wagyu, angus, kobe como entrañas, corazón, hígado (pana), guatitas, riñón, ubres, patas, lengua, criadillas, huesos, intestinos en general"
01.1.2.04.01,Producto,kobe,incluido,"subproductos y menudencias comestibles de vacuno, wagyu, angus, kobe como entrañas, corazón, hígado (pana), guatitas, riñón, ubres, patas, lengua, criadillas, huesos, intestinos en general"
01.1.2.04.01,Producto,entrañas,incluido,"subproductos y menudencias comestibles de vacuno, wagyu, angus, kobe como entrañas, corazón, hígado (pana), guatitas, riñón, ubres, patas, lengua, criadillas, huesos, intestinos en general"
01.1.2.04.01,Producto,corazón,incluido,"subproductos y menudencias comestibles de vacuno, wagyu, angus, kobe como entrañas, corazón, hígado (pana), guatitas, riñón, ubres, patas, lengua, criadillas, huesos, intestinos en general"
01.1.2.04.01,Producto,hígado (pana),incluido,"subproductos y menudencias comestibles de vacuno, wagyu, angus, kobe como entrañas, corazón, hígado (pana), guatitas, riñón, ubres, patas, lengua, criadillas, huesos, intestinos en general"
01.1.2.04.01,Producto,guatitas,incluido,"subproductos y menudencias comestibles de vacuno, wagyu, angus, kobe como entrañas, corazón, hígado (pana), guatitas, riñón, ubres, patas, lengua, criadillas, huesos, intestinos en general"
01.1.2.04.01,Producto,riñón,incluido,"subproductos y menudencias comestibles de vacuno, wagyu, angus, kobe como entrañas, corazón, hígado (pana), guatitas, riñón, ubres, patas, lengua, criadillas, huesos, intestinos en general"
01.1.2.04.01,Producto,ubres,incluido,"subproductos y menudencias comestibles de vacuno, wagyu, angus, kobe como entrañas, corazón, hígado (pana), guatitas, riñón, ubres, patas, lengua, criadillas, huesos, intestinos en general"
01.1.2.04.01,Producto,patas,incluido,"subproductos y menudencias comestibles de vacuno, wagyu, angus, kobe como entrañas, corazón, hígado (pana), guatitas, riñón, ubres, patas, lengua, criadillas, huesos, intestinos en general"
01.1.2.04.01,Producto,lengua,incluido,"subproductos y menudencias comestibles de vacuno, wagyu, angus, kobe como entrañas, corazón, hígado (pana), guatitas, riñón, ubres, patas, lengua, criadillas, huesos, intestinos en general"
01.1.2.04.01,Producto,criadillas,incluido,"subproductos y menudencias comestibles de vacuno, wagyu, angus, kobe como entrañas, corazón, hígado (pana), guatitas, riñón, ubres, patas, lengua, criadillas, huesos, intestinos en general"
01.1.2.04.01,Producto,huesos,incluido,"subproductos y menudencias comestibles de vacuno, wagyu, angus, kobe como entrañas, corazón, hígado (pana), guatitas, riñón, ubres, patas, lengua, criadillas, huesos, intestinos en general"
01.1.2.04.01,Producto,intestinos en general,incluido,"subproductos y menudencias comestibles de vacuno, wagyu, angus, kobe como entrañas, corazón, hígado (pana), guatitas, riñón, ubres, patas, lengua, criadillas, huesos, intestinos en general"
01.1.2.04.02,Producto,subproductos,incluido,"subproductos y menudencias comestibles de cerdo como huesos, corazón, hígado (pana), guatitas, riñón, cuero, manos, lengua, criadillas, intestinos en general, cabezas, colas, orejas y patas de cerdo"
01.1.2.04.02,Producto,menudencias comestibles de cerdo,incluido,"subproductos y menudencias comestibles de cerdo como huesos, corazón, hígado (pana), guatitas, riñón, cuero, manos, lengua, criadillas, intestinos en general, cabezas, colas, orejas y patas de cerdo"
01.1.2.04.02,Producto,huesos,incluido,"subproductos y menudencias comestibles de cerdo como huesos, corazón, hígado (pana), guatitas, riñón, cuero, manos, lengua, criadillas, intestinos en general, cabezas, colas, orejas y patas de cerdo"
01.1.2.04.02,Producto,corazón,incluido,"subproductos y menudencias comestibles de cerdo como huesos, corazón, hígado (pana), guatitas, riñón, cuero, manos, lengua, criadillas, intestinos en general, cabezas, colas, orejas y patas de cerdo"
01.1.2.04.02,Producto,hígado (pana),incluido,"subproductos y menudencias comestibles de cerdo como huesos, corazón, hígado (pana), guatitas, riñón, cuero, manos, lengua, criadillas, intestinos en general, cabezas, colas, orejas y patas de cerdo"
01.1.2.04.02,Producto,guatitas,incluido,"subproductos y menudencias comestibles de cerdo como huesos, corazón, hígado (pana), guatitas, riñón, cuero, manos, lengua, criadillas, intestinos en general, cabezas, colas, orejas y patas de cerdo"
01.1.2.04.02,Producto,riñón,incluido,"subproductos y menudencias comestibles de cerdo como huesos, corazón, hígado (pana), guatitas, riñón, cuero, manos, lengua, criadillas, intestinos en general, cabezas, colas, orejas y patas de cerdo"
01.1.2.04.02,Producto,cuero,incluido,"subproductos y menudencias comestibles de cerdo como huesos, corazón, hígado (pana), guatitas, riñón, cuero, manos, lengua, criadillas, intestinos en general, cabezas, colas, orejas y patas de cerdo"
01.1.2.04.02,Producto,manos,incluido,"subproductos y menudencias comestibles de cerdo como huesos, corazón, hígado (pana), guatitas, riñón, cuero, manos, lengua, criadillas, intestinos en general, cabezas, colas, orejas y patas de cerdo"
01.1.2.04.02,Producto,lengua,incluido,"subproductos y menudencias comestibles de cerdo como huesos, corazón, hígado (pana), guatitas, riñón, cuero, manos, lengua, criadillas, intestinos en general, cabezas, colas, orejas y patas de cerdo"
01.1.2.04.02,Producto,criadillas,incluido,"subproductos y menudencias comestibles de cerdo como huesos, corazón, hígado (pana), guatitas, riñón, cuero, manos, lengua, criadillas, intestinos en general, cabezas, colas, orejas y patas de cerdo"
01.1.2.04.02,Producto,intestinos en general,incluido,"subproductos y menudencias comestibles de cerdo como huesos, corazón, hígado (pana), guatitas, riñón, cuero, manos, lengua, criadillas, intestinos en general, cabezas, colas, orejas y patas de cerdo"
01.1.2.04.02,Producto,cabezas,incluido,"subproductos y menudencias comestibles de cerdo como huesos, corazón, hígado (pana), guatitas, riñón, cuero, manos, lengua, criadillas, intestinos en general, cabezas, colas, orejas y patas de cerdo"
01.1.2.04.02,Producto,colas,incluido,"subproductos y menudencias comestibles de cerdo como huesos, corazón, hígado (pana), guatitas, riñón, cuero, manos, lengua, criadillas, intestinos en general, cabezas, colas, orejas y patas de cerdo"
01.1.2.04.02,Producto,orejas,incluido,"subproductos y menudencias comestibles de cerdo como huesos, corazón, hígado (pana), guatitas, riñón, cuero, manos, lengua, criadillas, intestinos en general, cabezas, colas, orejas y patas de cerdo"
01.1.2.04.02,Producto,patas de cerdo,incluido,"subproductos y menudencias comestibles de cerdo como huesos, corazón, hígado (pana), guatitas, riñón, cuero, manos, lengua, criadillas, intestinos en general, cabezas, colas, orejas y patas de cerdo"
01.1.2.04.03,Producto,subproductos,incluido,"subproductos y menudencias comestibles de pavo como hígado (pana), contre, cogote, corazón, intestinos en general"
01.1.2.04.03,Producto,menudencias comestibles de pavo,incluido,"subproductos y menudencias comestibles de pavo como hígado (pana), contre, cogote, corazón, intestinos en general"
01.1.2.04.03,Producto,hígado (pana),incluido,"subproductos y menudencias comestibles de pavo como hígado (pana), contre, cogote, corazón, intestinos en general"
01.1.2.04.03,Producto,contre,incluido,"subproductos y menudencias comestibles de pavo como hígado (pana), contre, cogote, corazón, intestinos en general"
01.1.2.04.03,Producto,cogote,incluido,"subproductos y menudencias comestibles de pavo como hígado (pana), contre, cogote, corazón, intestinos en general"
01.1.2.04.03,Producto,corazón,incluido,"subproductos y menudencias comestibles de pavo como hígado (pana), contre, cogote, corazón, intestinos en general"
01.1.2.04.03,Producto,intestinos en general,incluido,"subproductos y menudencias comestibles de pavo como hígado (pana), contre, cogote, corazón, intestinos en general"
01.1.2.04.04,Producto,subproductos,incluido,"subproductos y menudencias comestibles de pollo como patas de pollo, hígado (pana), contre, cogote, corazón, intestinos en general"
01.1.2.04.04,Producto,menudencias comestibles de pollo,incluido,"subproductos y menudencias comestibles de pollo como patas de pollo, hígado (pana), contre, cogote, corazón, intestinos en general"
01.1.2.04.04,Producto,patas de pollo,incluido,"subproductos y menudencias comestibles de pollo como patas de pollo, hígado (pana), contre, cogote, corazón, intestinos en general"
01.1.2.04.04,Producto,hígado (pana),incluido,"subproductos y menudencias comestibles de pollo como patas de pollo, hígado (pana), contre, cogote, corazón, intestinos en general"
01.1.2.04.04,Producto,contre,incluido,"subproductos y menudencias comestibles de pollo como patas de pollo, hígado (pana), contre, cogote, corazón, intestinos en general"
01.1.2.04.04,Producto,cogote,incluido,"subproductos y menudencias comestibles de pollo como patas de pollo, hígado (pana), contre, cogote, corazón, intestinos en general"
01.1.2.04.04,Producto,corazón,incluido,"subproductos y menudencias comestibles de pollo como patas de pollo, hígado (pana), contre, cogote, corazón, intestinos en general"
01.1.2.04.04,Producto,intestinos en general,incluido,"subproductos y menudencias comestibles de pollo como patas de pollo, hígado (pana), contre, cogote, corazón, intestinos en general"
01.1.2.04.99,Producto,subproductos,incluido,"subproductos y menudencias comestibles de otros tipos de animales, por ejemplo, menudencias de alpaca, guanaco"
01.1.2.04.99,Producto,menudencias comestibles de otros tipos de animales,incluido,"subproductos y menudencias comestibles de otros tipos de animales, por ejemplo, menudencias de alpaca, guanaco"
01.1.2.04.99,Producto,menudencias de alpaca,incluido,"subproductos y menudencias comestibles de otros tipos de animales, por ejemplo, menudencias de alpaca, guanaco"
01.1.2.04.99,Producto,guanaco,incluido,"subproductos y menudencias comestibles de otros tipos de animales, por ejemplo, menudencias de alpaca, guanaco"
01.1.2.05.00,Subclase,salchichas,incluido,"salchichas y productos similares de carne, despojos o sangre"
01.1.2.05.00,Subclase,productos similares de carne,incluido,"salchichas y productos similares de carne, despojos o sangre"
01.1.2.05.00,Subclase,despojos,incluido,"salchichas y productos similares de carne, despojos o sangre"
01.1.2.05.00,Subclase,sangre,incluido,"salchichas y productos similares de carne, despojos o sangre"
01.1.2.05.00,Subclase,carne marinada,incluido,carne marinada
01.1.2.05.00,Subclase,carne enlatada,incluido,"carne enlatada, extractos de carne, jugos de carne"
01.1.2.05.00,Subclase,extractos de carne,incluido,"carne enlatada, extractos de carne, jugos de carne"
01.1.2.05.00,Subclase,jugos de carne,incluido,"carne enlatada, extractos de carne, jugos de carne"
01.1.2.05.00,Subclase,mezcla de carne picada,incluido,"mezcla de carne picada, de diferentes tipos de carne"
01.1.2.05.00,Subclase,todo tipo de paté,incluido,"todo tipo de paté, incluido el paté de hígado"
01.1.2.05.00,Subclase,carne apanada,incluido,carne apanada
01.1.2.05.00,Subclase,otras preparaciones de carne,incluido,"otras preparaciones de carne, despojos o sangre"
01.1.2.05.01,Producto,vienesas,incluido,"vienesas, salchichas tradicionales (de cerdo)"
01.1.2.05.01,Producto,salchichas tradicionales (de cerdo),incluido,"vienesas, salchichas tradicionales (de cerdo)"
01.1.2.05.02,Producto,vienesas,incluido,"vienesas, salchichas de pollo, pavo y otras aves"
01.1.2.05.02,Producto,salchichas de pollo,incluido,"vienesas, salchichas de pollo, pavo y otras aves"
01.1.2.05.02,Producto,pavo,incluido,"vienesas, salchichas de pollo, pavo y otras aves"
01.1.2.05.02,Producto,otras aves,incluido,"vienesas, salchichas de pollo, pavo y otras aves"
01.1.2.05.03,Producto,vienesas,incluido,"vienesas, salchichas de carne de otros tipos de animales, distintos a los incluidos en 01.1.2.05.01 y 01.1.2.05.02"
01.1.2.05.03,Producto,salchichas de carne de otros tipos de animales,incluido,"vienesas, salchichas de carne de otros tipos de animales, distintos a los incluidos en 01.1.2.05.01 y 01.1.2.05.02"
01.1.2.05.03,Producto,distintos a los incluidos en 01.1.2.05.01,incluido,"vienesas, salchichas de carne de otros tipos de animales, distintos a los incluidos en 01.1.2.05.01 y 01.1.2.05.02"
01.1.2.05.04,Producto,patés,incluido,patés y otras pastas de carne para untar
01.1.2.05.04,Producto,otras pastas de carne para untar,incluido,patés y otras pastas de carne para untar
01.1.2.05.04,Producto,paté de hígado,incluido,paté de hígado
01.1.2.05.05,Producto,otros embutidos frescos,incluido,"otros embutidos frescos como gordas, morcillas, prietas, longanizas, chorizos, choricillos, butifarras y otros productos similares elaborados con carne de todo tipo de animal"
01.1.2.05.05,Producto,gordas,incluido,"otros embutidos frescos como gordas, morcillas, prietas, longanizas, chorizos, choricillos, butifarras y otros productos similares elaborados con carne de todo tipo de animal"
01.1.2.05.05,Producto,morcillas,incluido,"otros embutidos frescos como gordas, morcillas, prietas, longanizas, chorizos, choricillos, butifarras y otros productos similares elaborados con carne de todo tipo de animal"
01.1.2.05.05,Producto,prietas,incluido,"otros embutidos frescos como gordas, morcillas, prietas, longanizas, chorizos, choricillos, butifarras y otros productos similares elaborados con carne de todo tipo de animal"
01.1.2.05.05,Producto,longanizas,incluido,"otros embutidos frescos como gordas, morcillas, prietas, longanizas, chorizos, choricillos, butifarras y otros productos similares elaborados con carne de todo tipo de animal"
01.1.2.05.05,Producto,chorizos,incluido,"otros embutidos frescos como gordas, morcillas, prietas, longanizas, chorizos, choricillos, butifarras y otros productos similares elaborados con carne de todo tipo de animal"
01.1.2.05.05,Producto,choricillos,incluido,"otros embutidos frescos como gordas, morcillas, prietas, longanizas, chorizos, choricillos, butifarras y otros productos similares elaborados con carne de todo tipo de animal"
01.1.2.05.05,Producto,butifarras,incluido,"otros embutidos frescos como gordas, morcillas, prietas, longanizas, chorizos, choricillos, butifarras y otros productos similares elaborados con carne de todo tipo de animal"
01.1.2.05.05,Producto,otros productos similares elaborados con carne de todo tipo de animal,incluido,"otros embutidos frescos como gordas, morcillas, prietas, longanizas, chorizos, choricillos, butifarras y otros productos similares elaborados con carne de todo tipo de animal"
01.1.2.05.06,Producto,hamburguesas elaboradas con carne de vacuno,incluido,hamburguesas elaboradas con carne de vacuno
01.1.2.05.07,Producto,hamburguesas elaboradas con carne de pollo,incluido,"hamburguesas elaboradas con carne de pollo, de pavo y de otras aves"
01.1.2.05.08,Producto,hamburguesas elaboradas con carne de cerdo,incluido,hamburguesas elaboradas con carne de cerdo
01.1.2.05.09,Producto,hamburguesas elaboradas con carne cuyo animal de procedencia no es posible identificar,incluido,hamburguesas elaboradas con carne cuyo animal de procedencia no es posible identificar
01.1.2.05.10,Producto,hamburguesas elaboradas con carne de otros tipos de animales,incluido,hamburguesas elaboradas con carne de otros tipos de animales
01.1.7.09.07,Producto,carne de soya,excluido,"carne de soya, hamburguesas vegetarianas, hamburguesas de carne vegetal, tofu, tempeh y otros sustitutos de la carne hechos de verduras y nueces (01.1.7.09.07)"
01.1.7.09.07,Producto,hamburguesas vegetarianas,excluido,"carne de soya, hamburguesas vegetarianas, hamburguesas de carne vegetal, tofu, tempeh y otros sustitutos de la carne hechos de verduras y nueces (01.1.7.09.07)"
01.1.7.09.07,Producto,hamburguesas de carne vegetal,excluido,"carne de soya, hamburguesas vegetarianas, hamburguesas de carne vegetal, tofu, tempeh y otros sustitutos de la carne hechos de verduras y nueces (01.1.7.09.07)"
01.1.7.09.07,Producto,tofu,excluido,"carne de soya, hamburguesas vegetarianas, hamburguesas de carne vegetal, tofu, tempeh y otros sustitutos de la carne hechos de verduras y nueces (01.1.7.09.07)"
01.1.7.09.07,Producto,tempeh,excluido,"carne de soya, hamburguesas vegetarianas, hamburguesas de carne vegetal, tofu, tempeh y otros sustitutos de la carne hechos de verduras y nueces (01.1.7.09.07)"
01.1.7.09.07,Producto,otros sustitutos de la carne hechos de verduras,excluido,"carne de soya, hamburguesas vegetarianas, hamburguesas de carne vegetal, tofu, tempeh y otros sustitutos de la carne hechos de verduras y nueces (01.1.7.09.07)"
01.1.7.09.07,Producto,nueces,excluido,"carne de soya, hamburguesas vegetarianas, hamburguesas de carne vegetal, tofu, tempeh y otros sustitutos de la carne hechos de verduras y nueces (01.1.7.09.07)"
01.1.2.05.11,Producto,croquetas,incluido,"croquetas, nuggets y apanados de ave"
01.1.2.05.11,Producto,nuggets,incluido,"croquetas, nuggets y apanados de ave"
01.1.2.05.11,Producto,apanados de ave,incluido,"croquetas, nuggets y apanados de ave"
01.1.2.05.99,Producto,croquetas que no son de ave,excluido,croquetas que no son de ave (01.1.2.05.99)
01.1.3.03.01,Producto,productos apanados de pescado,excluido,productos apanados de pescado (01.1.3.03.01)
01.1.2.05.99,Producto,carne en conserva,incluido,"carne en conserva o enlatada, extractos de carne, jugos de carne, mezcla de carne picada de diferentes tipos de carne, croquetas (que no son de aves o de especies marinas), chicharrones, albóndigas, carne marinada, carne apanada, otras preparaciones de carne, despojos o sangre"
01.1.2.05.99,Producto,enlatada,incluido,"carne en conserva o enlatada, extractos de carne, jugos de carne, mezcla de carne picada de diferentes tipos de carne, croquetas (que no son de aves o de especies marinas), chicharrones, albóndigas, carne marinada, carne apanada, otras preparaciones de carne, despojos o sangre"
01.1.2.05.99,Producto,extractos de carne,incluido,"carne en conserva o enlatada, extractos de carne, jugos de carne, mezcla de carne picada de diferentes tipos de carne, croquetas (que no son de aves o de especies marinas), chicharrones, albóndigas, carne marinada, carne apanada, otras preparaciones de carne, despojos o sangre"
01.1.2.05.99,Producto,jugos de carne,incluido,"carne en conserva o enlatada, extractos de carne, jugos de carne, mezcla de carne picada de diferentes tipos de carne, croquetas (que no son de aves o de especies marinas), chicharrones, albóndigas, carne marinada, carne apanada, otras preparaciones de carne, despojos o sangre"
01.1.2.05.99,Producto,mezcla de carne picada de diferentes tipos de carne,incluido,"carne en conserva o enlatada, extractos de carne, jugos de carne, mezcla de carne picada de diferentes tipos de carne, croquetas (que no son de aves o de especies marinas), chicharrones, albóndigas, carne marinada, carne apanada, otras preparaciones de carne, despojos o sangre"
01.1.2.05.99,Producto,croquetas (que no son de aves o de especies marinas),incluido,"carne en conserva o enlatada, extractos de carne, jugos de carne, mezcla de carne picada de diferentes tipos de carne, croquetas (que no son de aves o de especies marinas), chicharrones, albóndigas, carne marinada, carne apanada, otras preparaciones de carne, despojos o sangre"
01.1.2.05.99,Producto,chicharrones,incluido,"carne en conserva o enlatada, extractos de carne, jugos de carne, mezcla de carne picada de diferentes tipos de carne, croquetas (que no son de aves o de especies marinas), chicharrones, albóndigas, carne marinada, carne apanada, otras preparaciones de carne, despojos o sangre"
01.1.2.05.99,Producto,albóndigas,incluido,"carne en conserva o enlatada, extractos de carne, jugos de carne, mezcla de carne picada de diferentes tipos de carne, croquetas (que no son de aves o de especies marinas), chicharrones, albóndigas, carne marinada, carne apanada, otras preparaciones de carne, despojos o sangre"
01.1.2.05.99,Producto,carne marinada,incluido,"carne en conserva o enlatada, extractos de carne, jugos de carne, mezcla de carne picada de diferentes tipos de carne, croquetas (que no son de aves o de especies marinas), chicharrones, albóndigas, carne marinada, carne apanada, otras preparaciones de carne, despojos o sangre"
01.1.2.05.99,Producto,carne apanada,incluido,"carne en conserva o enlatada, extractos de carne, jugos de carne, mezcla de carne picada de diferentes tipos de carne, croquetas (que no son de aves o de especies marinas), chicharrones, albóndigas, carne marinada, carne apanada, otras preparaciones de carne, despojos o sangre"
01.1.2.05.99,Producto,otras preparaciones de carne,incluido,"carne en conserva o enlatada, extractos de carne, jugos de carne, mezcla de carne picada de diferentes tipos de carne, croquetas (que no son de aves o de especies marinas), chicharrones, albóndigas, carne marinada, carne apanada, otras preparaciones de carne, despojos o sangre"
01.1.2.05.99,Producto,despojos,incluido,"carne en conserva o enlatada, extractos de carne, jugos de carne, mezcla de carne picada de diferentes tipos de carne, croquetas (que no son de aves o de especies marinas), chicharrones, albóndigas, carne marinada, carne apanada, otras preparaciones de carne, despojos o sangre"
01.1.2.05.99,Producto,sangre,incluido,"carne en conserva o enlatada, extractos de carne, jugos de carne, mezcla de carne picada de diferentes tipos de carne, croquetas (que no son de aves o de especies marinas), chicharrones, albóndigas, carne marinada, carne apanada, otras preparaciones de carne, despojos o sangre"
01.1.2.05.99,Producto,procesados de otros tipos de animales,incluido,"procesados de otros tipos de animales como camarones de tierra en conserva, caracoles de tierra en conserva, cangrejos de tierra en conserva"
01.1.2.05.99,Producto,camarones de tierra en conserva,incluido,"procesados de otros tipos de animales como camarones de tierra en conserva, caracoles de tierra en conserva, cangrejos de tierra en conserva"
01.1.2.05.99,Producto,caracoles de tierra en conserva,incluido,"procesados de otros tipos de animales como camarones de tierra en conserva, caracoles de tierra en conserva, cangrejos de tierra en conserva"
01.1.2.05.99,Producto,cangrejos de tierra en conserva,incluido,"procesados de otros tipos de animales como camarones de tierra en conserva, caracoles de tierra en conserva, cangrejos de tierra en conserva"
01.1.2.02.00,Subclase,carne de pollo sin marinar,excluido,carne de pollo sin marinar (01.1.2.02.00)
01.1.3.03.01,Producto,croquetas de pescado,excluido,croquetas de pescado (01.1.3.03.01)
01.1.3.00.00,Clase,tortugas acuáticas,incluido,tortugas acuáticas
01.1.3.00.00,Clase,otros invertebrados acuáticos comestibles,incluido,"otros invertebrados acuáticos comestibles y animales, como los pepinos de mar, los erizos de mar, los chorros de mar y las medusas"
01.1.3.00.00,Clase,animales,incluido,"otros invertebrados acuáticos comestibles y animales, como los pepinos de mar, los erizos de mar, los chorros de mar y las medusas"
01.1.2.03.00,Subclase,mamíferos marinos,excluido,"mamíferos marinos, ranas y caracoles terrestres (01.1.2.01.00, 01.1.2.02.00, 01.1.2.03.00)"
01.1.2.03.00,Subclase,ranas,excluido,"mamíferos marinos, ranas y caracoles terrestres (01.1.2.01.00, 01.1.2.02.00, 01.1.2.03.00)"
01.1.2.03.00,Subclase,caracoles terrestres,excluido,"mamíferos marinos, ranas y caracoles terrestres (01.1.2.01.00, 01.1.2.02.00, 01.1.2.03.00)"
01.1.7.04.00,Subclase,algas,excluido,algas y otras plantas acuáticas (01.1.7.04.00)
01.1.7.04.00,Subclase,otras plantas acuáticas,excluido,algas y otras plantas acuáticas (01.1.7.04.00)
01.1.7.04.08,Producto,algas frescas,excluido,algas frescas o refrigeradas (01.1.7.04.08)
01.1.7.07.01,Producto,algas marinas secas,excluido,algas marinas secas o deshidratadas (01.1.7.07.01)
01.1.3.01.00,Subclase,peces vivos con fines alimenticios,incluido,peces vivos con fines alimenticios
01.1.3.01.00,Subclase,pescado fresco,incluido,"pescado fresco, refrigerado o congelado"
01.1.3.01.00,Subclase,filetes,incluido,"filetes y carne de pescado, picados o no, frescos, refrigerados o congelados"
01.1.3.01.00,Subclase,carne de pescado,incluido,"filetes y carne de pescado, picados o no, frescos, refrigerados o congelados"
01.1.3.01.00,Subclase,picados,incluido,"filetes y carne de pescado, picados o no, frescos, refrigerados o congelados"
01.1.3.07.01,Producto,hígados,excluido,"hígados, huevas, aletas y otros despojos de pescados y mariscos (01.1.3.07.01)"
01.1.3.07.01,Producto,huevas,excluido,"hígados, huevas, aletas y otros despojos de pescados y mariscos (01.1.3.07.01)"
01.1.3.07.01,Producto,aletas,excluido,"hígados, huevas, aletas y otros despojos de pescados y mariscos (01.1.3.07.01)"
01.1.3.07.01,Producto,otros despojos de pescados,excluido,"hígados, huevas, aletas y otros despojos de pescados y mariscos (01.1.3.07.01)"
01.1.3.07.01,Producto,mariscos,excluido,"hígados, huevas, aletas y otros despojos de pescados y mariscos (01.1.3.07.01)"
09.3.2.01.01,Producto,peces vivos ornamentales,excluido,peces vivos ornamentales o mascotas (09.3.2.01.01)
09.3.2.01.01,Producto,mascotas,excluido,peces vivos ornamentales o mascotas (09.3.2.01.01)
01.1.3.01.01,Producto,merluza,incluido,"merluza o pescada y merluza austral viva con fines alimenticios; filetes y carne de merluza o pescada y merluza austral, picados o no, frescos, refrigerados o congelados"
01.1.3.01.01,Producto,pescada,incluido,"merluza o pescada y merluza austral viva con fines alimenticios; filetes y carne de merluza o pescada y merluza austral, picados o no, frescos, refrigerados o congelados"
01.1.3.01.01,Producto,merluza austral viva con fines alimenticios,incluido,"merluza o pescada y merluza austral viva con fines alimenticios; filetes y carne de merluza o pescada y merluza austral, picados o no, frescos, refrigerados o congelados"
01.1.3.01.01,Producto,filetes,incluido,"merluza o pescada y merluza austral viva con fines alimenticios; filetes y carne de merluza o pescada y merluza austral, picados o no, frescos, refrigerados o congelados"
01.1.3.01.01,Producto,carne de merluza,incluido,"merluza o pescada y merluza austral viva con fines alimenticios; filetes y carne de merluza o pescada y merluza austral, picados o no, frescos, refrigerados o congelados"
01.1.3.01.01,Producto,merluza austral,incluido,"merluza o pescada y merluza austral viva con fines alimenticios; filetes y carne de merluza o pescada y merluza austral, picados o no, frescos, refrigerados o congelados"
01.1.3.01.01,Producto,picados,incluido,"merluza o pescada y merluza austral viva con fines alimenticios; filetes y carne de merluza o pescada y merluza austral, picados o no, frescos, refrigerados o congelados"
01.1.3.01.02,Producto,reineta,incluido,"reineta o palometa del sur viva con fines alimenticios; filetes y carne de pescado de reineta o palometa del sur, picados o no, frescos, refrigerados o congelados"
01.1.3.01.02,Producto,palometa del sur viva con fines alimenticios,incluido,"reineta o palometa del sur viva con fines alimenticios; filetes y carne de pescado de reineta o palometa del sur, picados o no, frescos, refrigerados o congelados"
01.1.3.01.02,Producto,filetes,incluido,"reineta o palometa del sur viva con fines alimenticios; filetes y carne de pescado de reineta o palometa del sur, picados o no, frescos, refrigerados o congelados"
01.1.3.01.02,Producto,carne de pescado de reineta,incluido,"reineta o palometa del sur viva con fines alimenticios; filetes y carne de pescado de reineta o palometa del sur, picados o no, frescos, refrigerados o congelados"
01.1.3.01.02,Producto,palometa del sur,incluido,"reineta o palometa del sur viva con fines alimenticios; filetes y carne de pescado de reineta o palometa del sur, picados o no, frescos, refrigerados o congelados"
01.1.3.01.02,Producto,picados,incluido,"reineta o palometa del sur viva con fines alimenticios; filetes y carne de pescado de reineta o palometa del sur, picados o no, frescos, refrigerados o congelados"
01.1.3.01.03,Producto,salmón vivo con fines alimenticios,incluido,"salmón vivo con fines alimenticios; filetes y carne de salmón, picados o no, frescos, refrigerados o congelados"
01.1.3.01.03,Producto,filetes,incluido,"salmón vivo con fines alimenticios; filetes y carne de salmón, picados o no, frescos, refrigerados o congelados"
01.1.3.01.03,Producto,carne de salmón,incluido,"salmón vivo con fines alimenticios; filetes y carne de salmón, picados o no, frescos, refrigerados o congelados"
01.1.3.01.03,Producto,picados,incluido,"salmón vivo con fines alimenticios; filetes y carne de salmón, picados o no, frescos, refrigerados o congelados"
01.1.3.01.04,Producto,peces,incluido,peces y pescados (con fines alimenticios) cuya especie no es posible identificar
01.1.3.01.04,Producto,pescados (con fines alimenticios) cuya especie no es posible identificar,incluido,peces y pescados (con fines alimenticios) cuya especie no es posible identificar
01.1.3.01.99,Producto,otros tipos de peces,incluido,"otros tipos de peces y pescados con fines alimenticios como congrio (colorado, negro, dorado), jurel, tollo, lenguado, corvina, sardina, atún, sierra, albacora o pez espada, pejegallo, anchoveta, bacalao, pejerrey, caballa y otros tipos de peces y pescados, vivos, frescos, refrigerados o congelados n.c.p"
01.1.3.01.99,Producto,pescados con fines alimenticios,incluido,"otros tipos de peces y pescados con fines alimenticios como congrio (colorado, negro, dorado), jurel, tollo, lenguado, corvina, sardina, atún, sierra, albacora o pez espada, pejegallo, anchoveta, bacalao, pejerrey, caballa y otros tipos de peces y pescados, vivos, frescos, refrigerados o congelados n.c.p"
01.1.3.01.99,Producto,"congrio (colorado, negro, dorado)",incluido,"otros tipos de peces y pescados con fines alimenticios como congrio (colorado, negro, dorado), jurel, tollo, lenguado, corvina, sardina, atún, sierra, albacora o pez espada, pejegallo, anchoveta, bacalao, pejerrey, caballa y otros tipos de peces y pescados, vivos, frescos, refrigerados o congelados n.c.p"
01.1.3.01.99,Producto,jurel,incluido,"otros tipos de peces y pescados con fines alimenticios como congrio (colorado, negro, dorado), jurel, tollo, lenguado, corvina, sardina, atún, sierra, albacora o pez espada, pejegallo, anchoveta, bacalao, pejerrey, caballa y otros tipos de peces y pescados, vivos, frescos, refrigerados o congelados n.c.p"
01.1.3.01.99,Producto,tollo,incluido,"otros tipos de peces y pescados con fines alimenticios como congrio (colorado, negro, dorado), jurel, tollo, lenguado, corvina, sardina, atún, sierra, albacora o pez espada, pejegallo, anchoveta, bacalao, pejerrey, caballa y otros tipos de peces y pescados, vivos, frescos, refrigerados o congelados n.c.p"
01.1.3.01.99,Producto,lenguado,incluido,"otros tipos de peces y pescados con fines alimenticios como congrio (colorado, negro, dorado), jurel, tollo, lenguado, corvina, sardina, atún, sierra, albacora o pez espada, pejegallo, anchoveta, bacalao, pejerrey, caballa y otros tipos de peces y pescados, vivos, frescos, refrigerados o congelados n.c.p"
01.1.3.01.99,Producto,corvina,incluido,"otros tipos de peces y pescados con fines alimenticios como congrio (colorado, negro, dorado), jurel, tollo, lenguado, corvina, sardina, atún, sierra, albacora o pez espada, pejegallo, anchoveta, bacalao, pejerrey, caballa y otros tipos de peces y pescados, vivos, frescos, refrigerados o congelados n.c.p"
01.1.3.01.99,Producto,sardina,incluido,"otros tipos de peces y pescados con fines alimenticios como congrio (colorado, negro, dorado), jurel, tollo, lenguado, corvina, sardina, atún, sierra, albacora o pez espada, pejegallo, anchoveta, bacalao, pejerrey, caballa y otros tipos de peces y pescados, vivos, frescos, refrigerados o congelados n.c.p"
01.1.3.01.99,Producto,atún,incluido,"otros tipos de peces y pescados con fines alimenticios como congrio (colorado, negro, dorado), jurel, tollo, lenguado, corvina, sardina, atún, sierra, albacora o pez espada, pejegallo, anchoveta, bacalao, pejerrey, caballa y otros tipos de peces y pescados, vivos, frescos, refrigerados o congelados n.c.p"
01.1.3.01.99,Producto,sierra,incluido,"otros tipos de peces y pescados con fines alimenticios como congrio (colorado, negro, dorado), jurel, tollo, lenguado, corvina, sardina, atún, sierra, albacora o pez espada, pejegallo, anchoveta, bacalao, pejerrey, caballa y otros tipos de peces y pescados, vivos, frescos, refrigerados o congelados n.c.p"
01.1.3.01.99,Producto,albacora,incluido,"otros tipos de peces y pescados con fines alimenticios como congrio (colorado, negro, dorado), jurel, tollo, lenguado, corvina, sardina, atún, sierra, albacora o pez espada, pejegallo, anchoveta, bacalao, pejerrey, caballa y otros tipos de peces y pescados, vivos, frescos, refrigerados o congelados n.c.p"
01.1.3.01.99,Producto,pez espada,incluido,"otros tipos de peces y pescados con fines alimenticios como congrio (colorado, negro, dorado), jurel, tollo, lenguado, corvina, sardina, atún, sierra, albacora o pez espada, pejegallo, anchoveta, bacalao, pejerrey, caballa y otros tipos de peces y pescados, vivos, frescos, refrigerados o congelados n.c.p"
01.1.3.01.99,Producto,pejegallo,incluido,"otros tipos de peces y pescados con fines alimenticios como congrio (colorado, negro, dorado), jurel, tollo, lenguado, corvina, sardina, atún, sierra, albacora o pez espada, pejegallo, anchoveta, bacalao, pejerrey, caballa y otros tipos de peces y pescados, vivos, frescos, refrigerados o congelados n.c.p"
01.1.3.01.99,Producto,anchoveta,incluido,"otros tipos de peces y pescados con fines alimenticios como congrio (colorado, negro, dorado), jurel, tollo, lenguado, corvina, sardina, atún, sierra, albacora o pez espada, pejegallo, anchoveta, bacalao, pejerrey, caballa y otros tipos de peces y pescados, vivos, frescos, refrigerados o congelados n.c.p"
01.1.3.01.99,Producto,bacalao,incluido,"otros tipos de peces y pescados con fines alimenticios como congrio (colorado, negro, dorado), jurel, tollo, lenguado, corvina, sardina, atún, sierra, albacora o pez espada, pejegallo, anchoveta, bacalao, pejerrey, caballa y otros tipos de peces y pescados, vivos, frescos, refrigerados o congelados n.c.p"
01.1.3.01.99,Producto,pejerrey,incluido,"otros tipos de peces y pescados con fines alimenticios como congrio (colorado, negro, dorado), jurel, tollo, lenguado, corvina, sardina, atún, sierra, albacora o pez espada, pejegallo, anchoveta, bacalao, pejerrey, caballa y otros tipos de peces y pescados, vivos, frescos, refrigerados o congelados n.c.p"
01.1.3.01.99,Producto,caballa,incluido,"otros tipos de peces y pescados con fines alimenticios como congrio (colorado, negro, dorado), jurel, tollo, lenguado, corvina, sardina, atún, sierra, albacora o pez espada, pejegallo, anchoveta, bacalao, pejerrey, caballa y otros tipos de peces y pescados, vivos, frescos, refrigerados o congelados n.c.p"
01.1.3.01.99,Producto,pescados,incluido,"otros tipos de peces y pescados con fines alimenticios como congrio (colorado, negro, dorado), jurel, tollo, lenguado, corvina, sardina, atún, sierra, albacora o pez espada, pejegallo, anchoveta, bacalao, pejerrey, caballa y otros tipos de peces y pescados, vivos, frescos, refrigerados o congelados n.c.p"
01.1.3.01.99,Producto,vivos,incluido,"otros tipos de peces y pescados con fines alimenticios como congrio (colorado, negro, dorado), jurel, tollo, lenguado, corvina, sardina, atún, sierra, albacora o pez espada, pejegallo, anchoveta, bacalao, pejerrey, caballa y otros tipos de peces y pescados, vivos, frescos, refrigerados o congelados n.c.p"
01.1.3.01.99,Producto,congelados n.c.p,incluido,"otros tipos de peces y pescados con fines alimenticios como congrio (colorado, negro, dorado), jurel, tollo, lenguado, corvina, sardina, atún, sierra, albacora o pez espada, pejegallo, anchoveta, bacalao, pejerrey, caballa y otros tipos de peces y pescados, vivos, frescos, refrigerados o congelados n.c.p"
01.1.3.02.00,Subclase,filetes,incluido,"filetes y carne de pescados secos, salados o en salmuera; ahumados"
01.1.3.02.00,Subclase,carne de pescados secos,incluido,"filetes y carne de pescados secos, salados o en salmuera; ahumados"
01.1.3.02.00,Subclase,ahumados,incluido,"filetes y carne de pescados secos, salados o en salmuera; ahumados"
01.1.3.02.01,Producto,filetes,incluido,"filetes y carne de pescados secos, salados o en salmuera, ahumados como charqui de pescado, merluza, salmón, congrio y otros pescados secos, salados, en salmuera o ahumados"
01.1.3.02.01,Producto,carne de pescados secos,incluido,"filetes y carne de pescados secos, salados o en salmuera, ahumados como charqui de pescado, merluza, salmón, congrio y otros pescados secos, salados, en salmuera o ahumados"
01.1.3.02.01,Producto,ahumados,incluido,"filetes y carne de pescados secos, salados o en salmuera, ahumados como charqui de pescado, merluza, salmón, congrio y otros pescados secos, salados, en salmuera o ahumados"
01.1.3.02.01,Producto,charqui de pescado,incluido,"filetes y carne de pescados secos, salados o en salmuera, ahumados como charqui de pescado, merluza, salmón, congrio y otros pescados secos, salados, en salmuera o ahumados"
01.1.3.02.01,Producto,merluza,incluido,"filetes y carne de pescados secos, salados o en salmuera, ahumados como charqui de pescado, merluza, salmón, congrio y otros pescados secos, salados, en salmuera o ahumados"
01.1.3.02.01,Producto,salmón,incluido,"filetes y carne de pescados secos, salados o en salmuera, ahumados como charqui de pescado, merluza, salmón, congrio y otros pescados secos, salados, en salmuera o ahumados"
01.1.3.02.01,Producto,congrio,incluido,"filetes y carne de pescados secos, salados o en salmuera, ahumados como charqui de pescado, merluza, salmón, congrio y otros pescados secos, salados, en salmuera o ahumados"
01.1.3.02.01,Producto,otros pescados secos,incluido,"filetes y carne de pescados secos, salados o en salmuera, ahumados como charqui de pescado, merluza, salmón, congrio y otros pescados secos, salados, en salmuera o ahumados"
01.1.3.03.00,Subclase,filetes apanados,incluido,"filetes apanados o cubiertos con batido, estén o no congelados"
01.1.3.03.00,Subclase,cubiertos con batido,incluido,"filetes apanados o cubiertos con batido, estén o no congelados"
01.1.3.03.00,Subclase,surimi,incluido,"surimi, palitos de cangrejo o kanikama"
01.1.3.03.00,Subclase,palitos de cangrejo,incluido,"surimi, palitos de cangrejo o kanikama"
01.1.3.03.00,Subclase,kanikama,incluido,"surimi, palitos de cangrejo o kanikama"
01.1.3.07.01,Producto,caviar,excluido,"caviar y sustitutos de caviar y aletas de tiburón procesadas y conservadas; hígados, huevas, aletas y otros despojos (01.1.3.07.01)"
01.1.3.07.01,Producto,sustitutos de caviar,excluido,"caviar y sustitutos de caviar y aletas de tiburón procesadas y conservadas; hígados, huevas, aletas y otros despojos (01.1.3.07.01)"
01.1.3.07.01,Producto,aletas de tiburón procesadas,excluido,"caviar y sustitutos de caviar y aletas de tiburón procesadas y conservadas; hígados, huevas, aletas y otros despojos (01.1.3.07.01)"
01.1.3.07.01,Producto,conservadas,excluido,"caviar y sustitutos de caviar y aletas de tiburón procesadas y conservadas; hígados, huevas, aletas y otros despojos (01.1.3.07.01)"
01.1.3.07.01,Producto,otros despojos,excluido,"caviar y sustitutos de caviar y aletas de tiburón procesadas y conservadas; hígados, huevas, aletas y otros despojos (01.1.3.07.01)"
01.1.3.03.01,Producto,hamburguesas de pescado,incluido,"hamburguesas de pescado, croquetas de pescado, nuggets de pescado, filetes apanados o cubiertos con batido, estén o no congelados y otros productos similares de pescado"
01.1.3.03.01,Producto,croquetas de pescado,incluido,"hamburguesas de pescado, croquetas de pescado, nuggets de pescado, filetes apanados o cubiertos con batido, estén o no congelados y otros productos similares de pescado"
01.1.3.03.01,Producto,nuggets de pescado,incluido,"hamburguesas de pescado, croquetas de pescado, nuggets de pescado, filetes apanados o cubiertos con batido, estén o no congelados y otros productos similares de pescado"
01.1.3.03.01,Producto,filetes apanados,incluido,"hamburguesas de pescado, croquetas de pescado, nuggets de pescado, filetes apanados o cubiertos con batido, estén o no congelados y otros productos similares de pescado"
01.1.3.03.01,Producto,cubiertos con batido,incluido,"hamburguesas de pescado, croquetas de pescado, nuggets de pescado, filetes apanados o cubiertos con batido, estén o no congelados y otros productos similares de pescado"
01.1.3.03.01,Producto,otros productos similares de pescado,incluido,"hamburguesas de pescado, croquetas de pescado, nuggets de pescado, filetes apanados o cubiertos con batido, estén o no congelados y otros productos similares de pescado"
01.1.3.03.02,Producto,"atún en conserva (al agua, al aceite u otra variedad; en lomitos, desmenuzado u otra variedad)",incluido,"atún en conserva (al agua, al aceite u otra variedad; en lomitos, desmenuzado u otra variedad)"
01.1.3.03.03,Producto,jurel en conserva,incluido,jurel en conserva
01.1.3.03.04,Producto,otros tipos de pescados en conserva,incluido,"otros tipos de pescados en conserva, tales como merluza, pescada, merluza austral, congrio (colorado, negro, dorado), reineta o palometa del sur, salmón, tollo, lenguado, corvina, sardina, sierra, albacora o pez espada, pejegallo, anchoveta, bacalao, pejerrey, entre otros"
01.1.3.03.04,Producto,merluza,incluido,"otros tipos de pescados en conserva, tales como merluza, pescada, merluza austral, congrio (colorado, negro, dorado), reineta o palometa del sur, salmón, tollo, lenguado, corvina, sardina, sierra, albacora o pez espada, pejegallo, anchoveta, bacalao, pejerrey, entre otros"
01.1.3.03.04,Producto,pescada,incluido,"otros tipos de pescados en conserva, tales como merluza, pescada, merluza austral, congrio (colorado, negro, dorado), reineta o palometa del sur, salmón, tollo, lenguado, corvina, sardina, sierra, albacora o pez espada, pejegallo, anchoveta, bacalao, pejerrey, entre otros"
01.1.3.03.04,Producto,merluza austral,incluido,"otros tipos de pescados en conserva, tales como merluza, pescada, merluza austral, congrio (colorado, negro, dorado), reineta o palometa del sur, salmón, tollo, lenguado, corvina, sardina, sierra, albacora o pez espada, pejegallo, anchoveta, bacalao, pejerrey, entre otros"
01.1.3.03.04,Producto,"congrio (colorado, negro, dorado)",incluido,"otros tipos de pescados en conserva, tales como merluza, pescada, merluza austral, congrio (colorado, negro, dorado), reineta o palometa del sur, salmón, tollo, lenguado, corvina, sardina, sierra, albacora o pez espada, pejegallo, anchoveta, bacalao, pejerrey, entre otros"
01.1.3.03.04,Producto,reineta,incluido,"otros tipos de pescados en conserva, tales como merluza, pescada, merluza austral, congrio (colorado, negro, dorado), reineta o palometa del sur, salmón, tollo, lenguado, corvina, sardina, sierra, albacora o pez espada, pejegallo, anchoveta, bacalao, pejerrey, entre otros"
01.1.3.03.04,Producto,palometa del sur,incluido,"otros tipos de pescados en conserva, tales como merluza, pescada, merluza austral, congrio (colorado, negro, dorado), reineta o palometa del sur, salmón, tollo, lenguado, corvina, sardina, sierra, albacora o pez espada, pejegallo, anchoveta, bacalao, pejerrey, entre otros"
01.1.3.03.04,Producto,salmón,incluido,"otros tipos de pescados en conserva, tales como merluza, pescada, merluza austral, congrio (colorado, negro, dorado), reineta o palometa del sur, salmón, tollo, lenguado, corvina, sardina, sierra, albacora o pez espada, pejegallo, anchoveta, bacalao, pejerrey, entre otros"
01.1.3.03.04,Producto,tollo,incluido,"otros tipos de pescados en conserva, tales como merluza, pescada, merluza austral, congrio (colorado, negro, dorado), reineta o palometa del sur, salmón, tollo, lenguado, corvina, sardina, sierra, albacora o pez espada, pejegallo, anchoveta, bacalao, pejerrey, entre otros"
01.1.3.03.04,Producto,lenguado,incluido,"otros tipos de pescados en conserva, tales como merluza, pescada, merluza austral, congrio (colorado, negro, dorado), reineta o palometa del sur, salmón, tollo, lenguado, corvina, sardina, sierra, albacora o pez espada, pejegallo, anchoveta, bacalao, pejerrey, entre otros"
01.1.3.03.04,Producto,corvina,incluido,"otros tipos de pescados en conserva, tales como merluza, pescada, merluza austral, congrio (colorado, negro, dorado), reineta o palometa del sur, salmón, tollo, lenguado, corvina, sardina, sierra, albacora o pez espada, pejegallo, anchoveta, bacalao, pejerrey, entre otros"
01.1.3.03.04,Producto,sardina,incluido,"otros tipos de pescados en conserva, tales como merluza, pescada, merluza austral, congrio (colorado, negro, dorado), reineta o palometa del sur, salmón, tollo, lenguado, corvina, sardina, sierra, albacora o pez espada, pejegallo, anchoveta, bacalao, pejerrey, entre otros"
01.1.3.03.04,Producto,sierra,incluido,"otros tipos de pescados en conserva, tales como merluza, pescada, merluza austral, congrio (colorado, negro, dorado), reineta o palometa del sur, salmón, tollo, lenguado, corvina, sardina, sierra, albacora o pez espada, pejegallo, anchoveta, bacalao, pejerrey, entre otros"
01.1.3.03.04,Producto,albacora,incluido,"otros tipos de pescados en conserva, tales como merluza, pescada, merluza austral, congrio (colorado, negro, dorado), reineta o palometa del sur, salmón, tollo, lenguado, corvina, sardina, sierra, albacora o pez espada, pejegallo, anchoveta, bacalao, pejerrey, entre otros"
01.1.3.03.04,Producto,pez espada,incluido,"otros tipos de pescados en conserva, tales como merluza, pescada, merluza austral, congrio (colorado, negro, dorado), reineta o palometa del sur, salmón, tollo, lenguado, corvina, sardina, sierra, albacora o pez espada, pejegallo, anchoveta, bacalao, pejerrey, entre otros"
01.1.3.03.04,Producto,pejegallo,incluido,"otros tipos de pescados en conserva, tales como merluza, pescada, merluza austral, congrio (colorado, negro, dorado), reineta o palometa del sur, salmón, tollo, lenguado, corvina, sardina, sierra, albacora o pez espada, pejegallo, anchoveta, bacalao, pejerrey, entre otros"
01.1.3.03.04,Producto,anchoveta,incluido,"otros tipos de pescados en conserva, tales como merluza, pescada, merluza austral, congrio (colorado, negro, dorado), reineta o palometa del sur, salmón, tollo, lenguado, corvina, sardina, sierra, albacora o pez espada, pejegallo, anchoveta, bacalao, pejerrey, entre otros"
01.1.3.03.04,Producto,bacalao,incluido,"otros tipos de pescados en conserva, tales como merluza, pescada, merluza austral, congrio (colorado, negro, dorado), reineta o palometa del sur, salmón, tollo, lenguado, corvina, sardina, sierra, albacora o pez espada, pejegallo, anchoveta, bacalao, pejerrey, entre otros"
01.1.3.03.04,Producto,pejerrey,incluido,"otros tipos de pescados en conserva, tales como merluza, pescada, merluza austral, congrio (colorado, negro, dorado), reineta o palometa del sur, salmón, tollo, lenguado, corvina, sardina, sierra, albacora o pez espada, pejegallo, anchoveta, bacalao, pejerrey, entre otros"
01.1.3.03.05,Producto,pescados en conserva cuya especie no es posible identificar,incluido,pescados en conserva cuya especie no es posible identificar
01.1.3.03.99,Producto,paté,incluido,"paté y pastas de pescado, surimi, palitos de cangrejo o kanikama, estén o no congelados"
01.1.3.03.99,Producto,pastas de pescado,incluido,"paté y pastas de pescado, surimi, palitos de cangrejo o kanikama, estén o no congelados"
01.1.3.03.99,Producto,surimi,incluido,"paté y pastas de pescado, surimi, palitos de cangrejo o kanikama, estén o no congelados"
01.1.3.03.99,Producto,palitos de cangrejo,incluido,"paté y pastas de pescado, surimi, palitos de cangrejo o kanikama, estén o no congelados"
01.1.3.03.99,Producto,kanikama,incluido,"paté y pastas de pescado, surimi, palitos de cangrejo o kanikama, estén o no congelados"
01.1.3.04.00,Subclase,cangrejos,incluido,"cangrejos, langostas, cangrejos de río, krill, arañas marinas, camarones y langostinos y otros crustáceos, vivos, frescos, refrigerados o congelados"
01.1.3.04.00,Subclase,langostas,incluido,"cangrejos, langostas, cangrejos de río, krill, arañas marinas, camarones y langostinos y otros crustáceos, vivos, frescos, refrigerados o congelados"
01.1.3.04.00,Subclase,cangrejos de río,incluido,"cangrejos, langostas, cangrejos de río, krill, arañas marinas, camarones y langostinos y otros crustáceos, vivos, frescos, refrigerados o congelados"
01.1.3.04.00,Subclase,krill,incluido,"cangrejos, langostas, cangrejos de río, krill, arañas marinas, camarones y langostinos y otros crustáceos, vivos, frescos, refrigerados o congelados"
01.1.3.04.00,Subclase,arañas marinas,incluido,"cangrejos, langostas, cangrejos de río, krill, arañas marinas, camarones y langostinos y otros crustáceos, vivos, frescos, refrigerados o congelados"
01.1.3.04.00,Subclase,camarones,incluido,"cangrejos, langostas, cangrejos de río, krill, arañas marinas, camarones y langostinos y otros crustáceos, vivos, frescos, refrigerados o congelados"
01.1.3.04.00,Subclase,langostinos,incluido,"cangrejos, langostas, cangrejos de río, krill, arañas marinas, camarones y langostinos y otros crustáceos, vivos, frescos, refrigerados o congelados"
01.1.3.04.00,Subclase,otros crustáceos,incluido,"cangrejos, langostas, cangrejos de río, krill, arañas marinas, camarones y langostinos y otros crustáceos, vivos, frescos, refrigerados o congelados"
01.1.3.04.00,Subclase,vivos,incluido,"cangrejos, langostas, cangrejos de río, krill, arañas marinas, camarones y langostinos y otros crustáceos, vivos, frescos, refrigerados o congelados"
01.1.3.04.00,Subclase,sepia,incluido,"sepia, calamar, pulpo, caracoles de mar, abulón y bivalvos como ostras, vieiras, mejillones, almejas, berberechos y conchas de arca y otros moluscos, vivos, frescos, refrigerados o congelados"
01.1.3.04.00,Subclase,calamar,incluido,"sepia, calamar, pulpo, caracoles de mar, abulón y bivalvos como ostras, vieiras, mejillones, almejas, berberechos y conchas de arca y otros moluscos, vivos, frescos, refrigerados o congelados"
01.1.3.04.00,Subclase,pulpo,incluido,"sepia, calamar, pulpo, caracoles de mar, abulón y bivalvos como ostras, vieiras, mejillones, almejas, berberechos y conchas de arca y otros moluscos, vivos, frescos, refrigerados o congelados"
01.1.3.04.00,Subclase,caracoles de mar,incluido,"sepia, calamar, pulpo, caracoles de mar, abulón y bivalvos como ostras, vieiras, mejillones, almejas, berberechos y conchas de arca y otros moluscos, vivos, frescos, refrigerados o congelados"
01.1.3.04.00,Subclase,abulón,incluido,"sepia, calamar, pulpo, caracoles de mar, abulón y bivalvos como ostras, vieiras, mejillones, almejas, berberechos y conchas de arca y otros moluscos, vivos, frescos, refrigerados o congelados"
01.1.3.04.00,Subclase,bivalvos,incluido,"sepia, calamar, pulpo, caracoles de mar, abulón y bivalvos como ostras, vieiras, mejillones, almejas, berberechos y conchas de arca y otros moluscos, vivos, frescos, refrigerados o congelados"
01.1.3.04.00,Subclase,ostras,incluido,"sepia, calamar, pulpo, caracoles de mar, abulón y bivalvos como ostras, vieiras, mejillones, almejas, berberechos y conchas de arca y otros moluscos, vivos, frescos, refrigerados o congelados"
01.1.3.04.00,Subclase,vieiras,incluido,"sepia, calamar, pulpo, caracoles de mar, abulón y bivalvos como ostras, vieiras, mejillones, almejas, berberechos y conchas de arca y otros moluscos, vivos, frescos, refrigerados o congelados"
01.1.3.04.00,Subclase,mejillones,incluido,"sepia, calamar, pulpo, caracoles de mar, abulón y bivalvos como ostras, vieiras, mejillones, almejas, berberechos y conchas de arca y otros moluscos, vivos, frescos, refrigerados o congelados"
01.1.3.04.00,Subclase,almejas,incluido,"sepia, calamar, pulpo, caracoles de mar, abulón y bivalvos como ostras, vieiras, mejillones, almejas, berberechos y conchas de arca y otros moluscos, vivos, frescos, refrigerados o congelados"
01.1.3.04.00,Subclase,berberechos,incluido,"sepia, calamar, pulpo, caracoles de mar, abulón y bivalvos como ostras, vieiras, mejillones, almejas, berberechos y conchas de arca y otros moluscos, vivos, frescos, refrigerados o congelados"
01.1.3.04.00,Subclase,conchas de arca,incluido,"sepia, calamar, pulpo, caracoles de mar, abulón y bivalvos como ostras, vieiras, mejillones, almejas, berberechos y conchas de arca y otros moluscos, vivos, frescos, refrigerados o congelados"
01.1.3.04.00,Subclase,otros moluscos,incluido,"sepia, calamar, pulpo, caracoles de mar, abulón y bivalvos como ostras, vieiras, mejillones, almejas, berberechos y conchas de arca y otros moluscos, vivos, frescos, refrigerados o congelados"
01.1.3.04.00,Subclase,erizos de mar,incluido,"erizos de mar, pepinos de mar (bêches de mer), medusas y otros invertebrados acuáticos, vivos, frescos, refrigerados o congelados"
01.1.3.04.00,Subclase,pepinos de mar (bêches de mer),incluido,"erizos de mar, pepinos de mar (bêches de mer), medusas y otros invertebrados acuáticos, vivos, frescos, refrigerados o congelados"
01.1.3.04.00,Subclase,medusas,incluido,"erizos de mar, pepinos de mar (bêches de mer), medusas y otros invertebrados acuáticos, vivos, frescos, refrigerados o congelados"
01.1.3.04.00,Subclase,otros invertebrados acuáticos,incluido,"erizos de mar, pepinos de mar (bêches de mer), medusas y otros invertebrados acuáticos, vivos, frescos, refrigerados o congelados"
01.1.2.02.99,Producto,moluscos terrestres,excluido,"moluscos terrestres, incluidos los caracoles terrestres vivos, frescos, refrigerados o congelados (01.1.2.01.01, 01.1.2.02.99)"
01.1.3.04.01,Producto,almejas vivas,incluido,"almejas vivas, frescas, refrigeradas o congeladas"
01.1.3.04.02,Producto,camarones de tierra,incluido,"camarones de tierra y agua vivos, frescos, refrigerados o congelados"
01.1.3.04.02,Producto,agua vivos,incluido,"camarones de tierra y agua vivos, frescos, refrigerados o congelados"
01.1.3.04.03,Producto,cholgas vivas,incluido,"cholgas vivas, frescas, refrigeradas o congeladas"
01.1.3.04.03,Producto,choritos,incluido,"choritos, choros o choro maltón vivos, frescos, refrigerados o congelados"
01.1.3.04.03,Producto,choros,incluido,"choritos, choros o choro maltón vivos, frescos, refrigerados o congelados"
01.1.3.04.03,Producto,choro maltón vivos,incluido,"choritos, choros o choro maltón vivos, frescos, refrigerados o congelados"
01.1.3.04.04,Producto,machas vivas,incluido,"machas vivas, frescas, refrigeradas o congeladas"
01.1.3.04.05,Producto,mariscos cuya variedad no es posible identificar,incluido,mariscos cuya variedad no es posible identificar
01.1.3.04.99,Producto,cangrejos,incluido,"cangrejos, jaibas, centollas, langostas, cangrejos de río, krill, arañas marinas, langostinos, gambas, picorocos y otros crustáceos, vivos, frescos, refrigerados o congelados"
01.1.3.04.99,Producto,jaibas,incluido,"cangrejos, jaibas, centollas, langostas, cangrejos de río, krill, arañas marinas, langostinos, gambas, picorocos y otros crustáceos, vivos, frescos, refrigerados o congelados"
01.1.3.04.99,Producto,centollas,incluido,"cangrejos, jaibas, centollas, langostas, cangrejos de río, krill, arañas marinas, langostinos, gambas, picorocos y otros crustáceos, vivos, frescos, refrigerados o congelados"
01.1.3.04.99,Producto,langostas,incluido,"cangrejos, jaibas, centollas, langostas, cangrejos de río, krill, arañas marinas, langostinos, gambas, picorocos y otros crustáceos, vivos, frescos, refrigerados o congelados"
01.1.3.04.99,Producto,cangrejos de río,incluido,"cangrejos, jaibas, centollas, langostas, cangrejos de río, krill, arañas marinas, langostinos, gambas, picorocos y otros crustáceos, vivos, frescos, refrigerados o congelados"
01.1.3.04.99,Producto,krill,incluido,"cangrejos, jaibas, centollas, langostas, cangrejos de río, krill, arañas marinas, langostinos, gambas, picorocos y otros crustáceos, vivos, frescos, refrigerados o congelados"
01.1.3.04.99,Producto,arañas marinas,incluido,"cangrejos, jaibas, centollas, langostas, cangrejos de río, krill, arañas marinas, langostinos, gambas, picorocos y otros crustáceos, vivos, frescos, refrigerados o congelados"
01.1.3.04.99,Producto,langostinos,incluido,"cangrejos, jaibas, centollas, langostas, cangrejos de río, krill, arañas marinas, langostinos, gambas, picorocos y otros crustáceos, vivos, frescos, refrigerados o congelados"
01.1.3.04.99,Producto,gambas,incluido,"cangrejos, jaibas, centollas, langostas, cangrejos de río, krill, arañas marinas, langostinos, gambas, picorocos y otros crustáceos, vivos, frescos, refrigerados o congelados"
01.1.3.04.99,Producto,picorocos,incluido,"cangrejos, jaibas, centollas, langostas, cangrejos de río, krill, arañas marinas, langostinos, gambas, picorocos y otros crustáceos, vivos, frescos, refrigerados o congelados"
01.1.3.04.99,Producto,otros crustáceos,incluido,"cangrejos, jaibas, centollas, langostas, cangrejos de río, krill, arañas marinas, langostinos, gambas, picorocos y otros crustáceos, vivos, frescos, refrigerados o congelados"
01.1.3.04.99,Producto,vivos,incluido,"cangrejos, jaibas, centollas, langostas, cangrejos de río, krill, arañas marinas, langostinos, gambas, picorocos y otros crustáceos, vivos, frescos, refrigerados o congelados"
01.1.3.04.99,Producto,sepia,incluido,"sepia o jibia, calamar, pulpo, caracoles de mar, lapas, abulón y bivalvos, como ostras, ostiones, locos, culengues, vieiras, mejillones, berberechos, conchas de arca y otros moluscos, vivos, frescos, refrigerados o congelados"
01.1.3.04.99,Producto,jibia,incluido,"sepia o jibia, calamar, pulpo, caracoles de mar, lapas, abulón y bivalvos, como ostras, ostiones, locos, culengues, vieiras, mejillones, berberechos, conchas de arca y otros moluscos, vivos, frescos, refrigerados o congelados"
01.1.3.04.99,Producto,calamar,incluido,"sepia o jibia, calamar, pulpo, caracoles de mar, lapas, abulón y bivalvos, como ostras, ostiones, locos, culengues, vieiras, mejillones, berberechos, conchas de arca y otros moluscos, vivos, frescos, refrigerados o congelados"
01.1.3.04.99,Producto,pulpo,incluido,"sepia o jibia, calamar, pulpo, caracoles de mar, lapas, abulón y bivalvos, como ostras, ostiones, locos, culengues, vieiras, mejillones, berberechos, conchas de arca y otros moluscos, vivos, frescos, refrigerados o congelados"
01.1.3.04.99,Producto,caracoles de mar,incluido,"sepia o jibia, calamar, pulpo, caracoles de mar, lapas, abulón y bivalvos, como ostras, ostiones, locos, culengues, vieiras, mejillones, berberechos, conchas de arca y otros moluscos, vivos, frescos, refrigerados o congelados"
01.1.3.04.99,Producto,lapas,incluido,"sepia o jibia, calamar, pulpo, caracoles de mar, lapas, abulón y bivalvos, como ostras, ostiones, locos, culengues, vieiras, mejillones, berberechos, conchas de arca y otros moluscos, vivos, frescos, refrigerados o congelados"
01.1.3.04.99,Producto,abulón,incluido,"sepia o jibia, calamar, pulpo, caracoles de mar, lapas, abulón y bivalvos, como ostras, ostiones, locos, culengues, vieiras, mejillones, berberechos, conchas de arca y otros moluscos, vivos, frescos, refrigerados o congelados"
01.1.3.04.99,Producto,bivalvos,incluido,"sepia o jibia, calamar, pulpo, caracoles de mar, lapas, abulón y bivalvos, como ostras, ostiones, locos, culengues, vieiras, mejillones, berberechos, conchas de arca y otros moluscos, vivos, frescos, refrigerados o congelados"
01.1.3.04.99,Producto,ostiones,incluido,"sepia o jibia, calamar, pulpo, caracoles de mar, lapas, abulón y bivalvos, como ostras, ostiones, locos, culengues, vieiras, mejillones, berberechos, conchas de arca y otros moluscos, vivos, frescos, refrigerados o congelados"
01.1.3.04.99,Producto,locos,incluido,"sepia o jibia, calamar, pulpo, caracoles de mar, lapas, abulón y bivalvos, como ostras, ostiones, locos, culengues, vieiras, mejillones, berberechos, conchas de arca y otros moluscos, vivos, frescos, refrigerados o congelados"
01.1.3.04.99,Producto,culengues,incluido,"sepia o jibia, calamar, pulpo, caracoles de mar, lapas, abulón y bivalvos, como ostras, ostiones, locos, culengues, vieiras, mejillones, berberechos, conchas de arca y otros moluscos, vivos, frescos, refrigerados o congelados"
01.1.3.04.99,Producto,vieiras,incluido,"sepia o jibia, calamar, pulpo, caracoles de mar, lapas, abulón y bivalvos, como ostras, ostiones, locos, culengues, vieiras, mejillones, berberechos, conchas de arca y otros moluscos, vivos, frescos, refrigerados o congelados"
01.1.3.04.99,Producto,mejillones,incluido,"sepia o jibia, calamar, pulpo, caracoles de mar, lapas, abulón y bivalvos, como ostras, ostiones, locos, culengues, vieiras, mejillones, berberechos, conchas de arca y otros moluscos, vivos, frescos, refrigerados o congelados"
01.1.3.04.99,Producto,berberechos,incluido,"sepia o jibia, calamar, pulpo, caracoles de mar, lapas, abulón y bivalvos, como ostras, ostiones, locos, culengues, vieiras, mejillones, berberechos, conchas de arca y otros moluscos, vivos, frescos, refrigerados o congelados"
01.1.3.04.99,Producto,conchas de arca,incluido,"sepia o jibia, calamar, pulpo, caracoles de mar, lapas, abulón y bivalvos, como ostras, ostiones, locos, culengues, vieiras, mejillones, berberechos, conchas de arca y otros moluscos, vivos, frescos, refrigerados o congelados"
01.1.3.04.99,Producto,otros moluscos,incluido,"sepia o jibia, calamar, pulpo, caracoles de mar, lapas, abulón y bivalvos, como ostras, ostiones, locos, culengues, vieiras, mejillones, berberechos, conchas de arca y otros moluscos, vivos, frescos, refrigerados o congelados"
01.1.3.04.99,Producto,erizos de mar,incluido,"erizos de mar, piures, pepinos de mar (bêches de mer), medusas y otros invertebrados acuáticos, vivos, frescos, refrigerados o congelados"
01.1.3.04.99,Producto,piures,incluido,"erizos de mar, piures, pepinos de mar (bêches de mer), medusas y otros invertebrados acuáticos, vivos, frescos, refrigerados o congelados"
01.1.3.04.99,Producto,pepinos de mar (bêches de mer),incluido,"erizos de mar, piures, pepinos de mar (bêches de mer), medusas y otros invertebrados acuáticos, vivos, frescos, refrigerados o congelados"
01.1.3.04.99,Producto,medusas,incluido,"erizos de mar, piures, pepinos de mar (bêches de mer), medusas y otros invertebrados acuáticos, vivos, frescos, refrigerados o congelados"
01.1.3.04.99,Producto,otros invertebrados acuáticos,incluido,"erizos de mar, piures, pepinos de mar (bêches de mer), medusas y otros invertebrados acuáticos, vivos, frescos, refrigerados o congelados"
01.1.3.04.99,Producto,surtidos de mariscos,incluido,surtidos de mariscos
01.1.3.05.00,Subclase,cangrejos,incluido,"cangrejos, langostas, cangrejos de río, krill, arañas marinas, camarones y langostinos y otros crustáceos"
01.1.3.05.00,Subclase,langostas,incluido,"cangrejos, langostas, cangrejos de río, krill, arañas marinas, camarones y langostinos y otros crustáceos"
01.1.3.05.00,Subclase,cangrejos de río,incluido,"cangrejos, langostas, cangrejos de río, krill, arañas marinas, camarones y langostinos y otros crustáceos"
01.1.3.05.00,Subclase,krill,incluido,"cangrejos, langostas, cangrejos de río, krill, arañas marinas, camarones y langostinos y otros crustáceos"
01.1.3.05.00,Subclase,arañas marinas,incluido,"cangrejos, langostas, cangrejos de río, krill, arañas marinas, camarones y langostinos y otros crustáceos"
01.1.3.05.00,Subclase,camarones,incluido,"cangrejos, langostas, cangrejos de río, krill, arañas marinas, camarones y langostinos y otros crustáceos"
01.1.3.05.00,Subclase,langostinos,incluido,"cangrejos, langostas, cangrejos de río, krill, arañas marinas, camarones y langostinos y otros crustáceos"
01.1.3.05.00,Subclase,otros crustáceos,incluido,"cangrejos, langostas, cangrejos de río, krill, arañas marinas, camarones y langostinos y otros crustáceos"
01.1.3.05.00,Subclase,sepia,incluido,"sepia, calamar, pulpo, caracoles de mar, abulón y bivalvos, como ostras, vieiras, mejillones, almejas, berberechos, conchas de arca y otros moluscos"
01.1.3.05.00,Subclase,calamar,incluido,"sepia, calamar, pulpo, caracoles de mar, abulón y bivalvos, como ostras, vieiras, mejillones, almejas, berberechos, conchas de arca y otros moluscos"
01.1.3.05.00,Subclase,pulpo,incluido,"sepia, calamar, pulpo, caracoles de mar, abulón y bivalvos, como ostras, vieiras, mejillones, almejas, berberechos, conchas de arca y otros moluscos"
01.1.3.05.00,Subclase,caracoles de mar,incluido,"sepia, calamar, pulpo, caracoles de mar, abulón y bivalvos, como ostras, vieiras, mejillones, almejas, berberechos, conchas de arca y otros moluscos"
01.1.3.05.00,Subclase,abulón,incluido,"sepia, calamar, pulpo, caracoles de mar, abulón y bivalvos, como ostras, vieiras, mejillones, almejas, berberechos, conchas de arca y otros moluscos"
01.1.3.05.00,Subclase,bivalvos,incluido,"sepia, calamar, pulpo, caracoles de mar, abulón y bivalvos, como ostras, vieiras, mejillones, almejas, berberechos, conchas de arca y otros moluscos"
01.1.3.05.00,Subclase,vieiras,incluido,"sepia, calamar, pulpo, caracoles de mar, abulón y bivalvos, como ostras, vieiras, mejillones, almejas, berberechos, conchas de arca y otros moluscos"
01.1.3.05.00,Subclase,mejillones,incluido,"sepia, calamar, pulpo, caracoles de mar, abulón y bivalvos, como ostras, vieiras, mejillones, almejas, berberechos, conchas de arca y otros moluscos"
01.1.3.05.00,Subclase,almejas,incluido,"sepia, calamar, pulpo, caracoles de mar, abulón y bivalvos, como ostras, vieiras, mejillones, almejas, berberechos, conchas de arca y otros moluscos"
01.1.3.05.00,Subclase,berberechos,incluido,"sepia, calamar, pulpo, caracoles de mar, abulón y bivalvos, como ostras, vieiras, mejillones, almejas, berberechos, conchas de arca y otros moluscos"
01.1.3.05.00,Subclase,conchas de arca,incluido,"sepia, calamar, pulpo, caracoles de mar, abulón y bivalvos, como ostras, vieiras, mejillones, almejas, berberechos, conchas de arca y otros moluscos"
01.1.3.05.00,Subclase,otros moluscos,incluido,"sepia, calamar, pulpo, caracoles de mar, abulón y bivalvos, como ostras, vieiras, mejillones, almejas, berberechos, conchas de arca y otros moluscos"
01.1.3.05.00,Subclase,erizos de mar,incluido,"erizos de mar, pepinos de mar (bêches de mer), medusas y otros invertebrados acuáticos"
01.1.3.05.00,Subclase,pepinos de mar (bêches de mer),incluido,"erizos de mar, pepinos de mar (bêches de mer), medusas y otros invertebrados acuáticos"
01.1.3.05.00,Subclase,medusas,incluido,"erizos de mar, pepinos de mar (bêches de mer), medusas y otros invertebrados acuáticos"
01.1.3.05.00,Subclase,otros invertebrados acuáticos,incluido,"erizos de mar, pepinos de mar (bêches de mer), medusas y otros invertebrados acuáticos"
01.1.3.05.01,Producto,cangrejos,incluido,"cangrejos, langostas, cangrejos de río, krill, arañas marinas, camarones y langostinos y otros crustáceos"
01.1.3.05.01,Producto,langostas,incluido,"cangrejos, langostas, cangrejos de río, krill, arañas marinas, camarones y langostinos y otros crustáceos"
01.1.3.05.01,Producto,cangrejos de río,incluido,"cangrejos, langostas, cangrejos de río, krill, arañas marinas, camarones y langostinos y otros crustáceos"
01.1.3.05.01,Producto,krill,incluido,"cangrejos, langostas, cangrejos de río, krill, arañas marinas, camarones y langostinos y otros crustáceos"
01.1.3.05.01,Producto,arañas marinas,incluido,"cangrejos, langostas, cangrejos de río, krill, arañas marinas, camarones y langostinos y otros crustáceos"
01.1.3.05.01,Producto,camarones,incluido,"cangrejos, langostas, cangrejos de río, krill, arañas marinas, camarones y langostinos y otros crustáceos"
01.1.3.05.01,Producto,langostinos,incluido,"cangrejos, langostas, cangrejos de río, krill, arañas marinas, camarones y langostinos y otros crustáceos"
01.1.3.05.01,Producto,otros crustáceos,incluido,"cangrejos, langostas, cangrejos de río, krill, arañas marinas, camarones y langostinos y otros crustáceos"
01.1.3.05.01,Producto,sepia,incluido,"sepia, calamar, pulpo, caracoles de mar, abulón y bivalvos, como ostras, vieiras, mejillones, almejas, berberechos, conchas de arca y otros moluscos"
01.1.3.05.01,Producto,calamar,incluido,"sepia, calamar, pulpo, caracoles de mar, abulón y bivalvos, como ostras, vieiras, mejillones, almejas, berberechos, conchas de arca y otros moluscos"
01.1.3.05.01,Producto,pulpo,incluido,"sepia, calamar, pulpo, caracoles de mar, abulón y bivalvos, como ostras, vieiras, mejillones, almejas, berberechos, conchas de arca y otros moluscos"
01.1.3.05.01,Producto,caracoles de mar,incluido,"sepia, calamar, pulpo, caracoles de mar, abulón y bivalvos, como ostras, vieiras, mejillones, almejas, berberechos, conchas de arca y otros moluscos"
01.1.3.05.01,Producto,abulón,incluido,"sepia, calamar, pulpo, caracoles de mar, abulón y bivalvos, como ostras, vieiras, mejillones, almejas, berberechos, conchas de arca y otros moluscos"
01.1.3.05.01,Producto,bivalvos,incluido,"sepia, calamar, pulpo, caracoles de mar, abulón y bivalvos, como ostras, vieiras, mejillones, almejas, berberechos, conchas de arca y otros moluscos"
01.1.3.05.01,Producto,vieiras,incluido,"sepia, calamar, pulpo, caracoles de mar, abulón y bivalvos, como ostras, vieiras, mejillones, almejas, berberechos, conchas de arca y otros moluscos"
01.1.3.05.01,Producto,mejillones,incluido,"sepia, calamar, pulpo, caracoles de mar, abulón y bivalvos, como ostras, vieiras, mejillones, almejas, berberechos, conchas de arca y otros moluscos"
01.1.3.05.01,Producto,almejas,incluido,"sepia, calamar, pulpo, caracoles de mar, abulón y bivalvos, como ostras, vieiras, mejillones, almejas, berberechos, conchas de arca y otros moluscos"
01.1.3.05.01,Producto,berberechos,incluido,"sepia, calamar, pulpo, caracoles de mar, abulón y bivalvos, como ostras, vieiras, mejillones, almejas, berberechos, conchas de arca y otros moluscos"
01.1.3.05.01,Producto,conchas de arca,incluido,"sepia, calamar, pulpo, caracoles de mar, abulón y bivalvos, como ostras, vieiras, mejillones, almejas, berberechos, conchas de arca y otros moluscos"
01.1.3.05.01,Producto,otros moluscos,incluido,"sepia, calamar, pulpo, caracoles de mar, abulón y bivalvos, como ostras, vieiras, mejillones, almejas, berberechos, conchas de arca y otros moluscos"
01.1.3.05.01,Producto,erizos de mar,incluido,"erizos de mar, pepinos de mar (bêches de mer), medusas y otros invertebrados acuáticos"
01.1.3.05.01,Producto,pepinos de mar (bêches de mer),incluido,"erizos de mar, pepinos de mar (bêches de mer), medusas y otros invertebrados acuáticos"
01.1.3.05.01,Producto,medusas,incluido,"erizos de mar, pepinos de mar (bêches de mer), medusas y otros invertebrados acuáticos"
01.1.3.05.01,Producto,otros invertebrados acuáticos,incluido,"erizos de mar, pepinos de mar (bêches de mer), medusas y otros invertebrados acuáticos"
01.1.3.05.01,Producto,choritos,incluido,"choritos, almejas, jaibas, piures y otros mariscos"
01.1.3.05.01,Producto,jaibas,incluido,"choritos, almejas, jaibas, piures y otros mariscos"
01.1.3.05.01,Producto,piures,incluido,"choritos, almejas, jaibas, piures y otros mariscos"
01.1.3.05.01,Producto,otros mariscos,incluido,"choritos, almejas, jaibas, piures y otros mariscos"
01.1.3.06.00,Subclase,cangrejos,incluido,"cangrejos, langostas, cangrejos de río, krill, arañas marinas, camarones y langostinos y otros crustáceos"
01.1.3.06.00,Subclase,langostas,incluido,"cangrejos, langostas, cangrejos de río, krill, arañas marinas, camarones y langostinos y otros crustáceos"
01.1.3.06.00,Subclase,cangrejos de río,incluido,"cangrejos, langostas, cangrejos de río, krill, arañas marinas, camarones y langostinos y otros crustáceos"
01.1.3.06.00,Subclase,krill,incluido,"cangrejos, langostas, cangrejos de río, krill, arañas marinas, camarones y langostinos y otros crustáceos"
01.1.3.06.00,Subclase,arañas marinas,incluido,"cangrejos, langostas, cangrejos de río, krill, arañas marinas, camarones y langostinos y otros crustáceos"
01.1.3.06.00,Subclase,camarones,incluido,"cangrejos, langostas, cangrejos de río, krill, arañas marinas, camarones y langostinos y otros crustáceos"
01.1.3.06.00,Subclase,langostinos,incluido,"cangrejos, langostas, cangrejos de río, krill, arañas marinas, camarones y langostinos y otros crustáceos"
01.1.3.06.00,Subclase,otros crustáceos,incluido,"cangrejos, langostas, cangrejos de río, krill, arañas marinas, camarones y langostinos y otros crustáceos"
01.1.3.06.00,Subclase,sepia,incluido,"sepia, calamar, pulpo, caracoles de mar, abulón y bivalvos, como ostras, vieiras, mejillones, almejas, berberechos, conchas de arca y otros moluscos"
01.1.3.06.00,Subclase,calamar,incluido,"sepia, calamar, pulpo, caracoles de mar, abulón y bivalvos, como ostras, vieiras, mejillones, almejas, berberechos, conchas de arca y otros moluscos"
01.1.3.06.00,Subclase,pulpo,incluido,"sepia, calamar, pulpo, caracoles de mar, abulón y bivalvos, como ostras, vieiras, mejillones, almejas, berberechos, conchas de arca y otros moluscos"
01.1.3.06.00,Subclase,caracoles de mar,incluido,"sepia, calamar, pulpo, caracoles de mar, abulón y bivalvos, como ostras, vieiras, mejillones, almejas, berberechos, conchas de arca y otros moluscos"
01.1.3.06.00,Subclase,abulón,incluido,"sepia, calamar, pulpo, caracoles de mar, abulón y bivalvos, como ostras, vieiras, mejillones, almejas, berberechos, conchas de arca y otros moluscos"
01.1.3.06.00,Subclase,bivalvos,incluido,"sepia, calamar, pulpo, caracoles de mar, abulón y bivalvos, como ostras, vieiras, mejillones, almejas, berberechos, conchas de arca y otros moluscos"
01.1.3.06.00,Subclase,vieiras,incluido,"sepia, calamar, pulpo, caracoles de mar, abulón y bivalvos, como ostras, vieiras, mejillones, almejas, berberechos, conchas de arca y otros moluscos"
01.1.3.06.00,Subclase,mejillones,incluido,"sepia, calamar, pulpo, caracoles de mar, abulón y bivalvos, como ostras, vieiras, mejillones, almejas, berberechos, conchas de arca y otros moluscos"
01.1.3.06.00,Subclase,almejas,incluido,"sepia, calamar, pulpo, caracoles de mar, abulón y bivalvos, como ostras, vieiras, mejillones, almejas, berberechos, conchas de arca y otros moluscos"
01.1.3.06.00,Subclase,berberechos,incluido,"sepia, calamar, pulpo, caracoles de mar, abulón y bivalvos, como ostras, vieiras, mejillones, almejas, berberechos, conchas de arca y otros moluscos"
01.1.3.06.00,Subclase,conchas de arca,incluido,"sepia, calamar, pulpo, caracoles de mar, abulón y bivalvos, como ostras, vieiras, mejillones, almejas, berberechos, conchas de arca y otros moluscos"
01.1.3.06.00,Subclase,otros moluscos,incluido,"sepia, calamar, pulpo, caracoles de mar, abulón y bivalvos, como ostras, vieiras, mejillones, almejas, berberechos, conchas de arca y otros moluscos"
01.1.3.06.00,Subclase,erizos de mar,incluido,"erizos de mar, pepinos de mar (bêches de mer), medusas y otros invertebrados acuáticos"
01.1.3.06.00,Subclase,pepinos de mar (bêches de mer),incluido,"erizos de mar, pepinos de mar (bêches de mer), medusas y otros invertebrados acuáticos"
01.1.3.06.00,Subclase,medusas,incluido,"erizos de mar, pepinos de mar (bêches de mer), medusas y otros invertebrados acuáticos"
01.1.3.06.00,Subclase,otros invertebrados acuáticos,incluido,"erizos de mar, pepinos de mar (bêches de mer), medusas y otros invertebrados acuáticos"
01.1.3.06.01,Producto,surtido para caldillo,incluido,"surtido para caldillo, surtido de mariscos, picorocos en conserva, erizos en conserva, camarones de agua en conserva, langostas en conserva, langostinos en conserva, gambas en conserva, caracoles de agua en conserva, cangrejos de agua en conserva, jaibas en conserva, centollas en conserva y otros crustáceos en conserva; almejas en conserva, choritos en conserva, choros en conserva, cholgas en conserva, machas en conserva, ostras en conserva, ostiones en conserva, locos en conserva, piures en conserva, lapas en conserva, calamares o pulpos en conserva, culengues en conserva, jibia en conserva y otros moluscos en conserva"
01.1.3.06.01,Producto,surtido de mariscos,incluido,"surtido para caldillo, surtido de mariscos, picorocos en conserva, erizos en conserva, camarones de agua en conserva, langostas en conserva, langostinos en conserva, gambas en conserva, caracoles de agua en conserva, cangrejos de agua en conserva, jaibas en conserva, centollas en conserva y otros crustáceos en conserva; almejas en conserva, choritos en conserva, choros en conserva, cholgas en conserva, machas en conserva, ostras en conserva, ostiones en conserva, locos en conserva, piures en conserva, lapas en conserva, calamares o pulpos en conserva, culengues en conserva, jibia en conserva y otros moluscos en conserva"
01.1.3.06.01,Producto,picorocos en conserva,incluido,"surtido para caldillo, surtido de mariscos, picorocos en conserva, erizos en conserva, camarones de agua en conserva, langostas en conserva, langostinos en conserva, gambas en conserva, caracoles de agua en conserva, cangrejos de agua en conserva, jaibas en conserva, centollas en conserva y otros crustáceos en conserva; almejas en conserva, choritos en conserva, choros en conserva, cholgas en conserva, machas en conserva, ostras en conserva, ostiones en conserva, locos en conserva, piures en conserva, lapas en conserva, calamares o pulpos en conserva, culengues en conserva, jibia en conserva y otros moluscos en conserva"
01.1.3.06.01,Producto,erizos en conserva,incluido,"surtido para caldillo, surtido de mariscos, picorocos en conserva, erizos en conserva, camarones de agua en conserva, langostas en conserva, langostinos en conserva, gambas en conserva, caracoles de agua en conserva, cangrejos de agua en conserva, jaibas en conserva, centollas en conserva y otros crustáceos en conserva; almejas en conserva, choritos en conserva, choros en conserva, cholgas en conserva, machas en conserva, ostras en conserva, ostiones en conserva, locos en conserva, piures en conserva, lapas en conserva, calamares o pulpos en conserva, culengues en conserva, jibia en conserva y otros moluscos en conserva"
01.1.3.06.01,Producto,camarones de agua en conserva,incluido,"surtido para caldillo, surtido de mariscos, picorocos en conserva, erizos en conserva, camarones de agua en conserva, langostas en conserva, langostinos en conserva, gambas en conserva, caracoles de agua en conserva, cangrejos de agua en conserva, jaibas en conserva, centollas en conserva y otros crustáceos en conserva; almejas en conserva, choritos en conserva, choros en conserva, cholgas en conserva, machas en conserva, ostras en conserva, ostiones en conserva, locos en conserva, piures en conserva, lapas en conserva, calamares o pulpos en conserva, culengues en conserva, jibia en conserva y otros moluscos en conserva"
01.1.3.06.01,Producto,langostas en conserva,incluido,"surtido para caldillo, surtido de mariscos, picorocos en conserva, erizos en conserva, camarones de agua en conserva, langostas en conserva, langostinos en conserva, gambas en conserva, caracoles de agua en conserva, cangrejos de agua en conserva, jaibas en conserva, centollas en conserva y otros crustáceos en conserva; almejas en conserva, choritos en conserva, choros en conserva, cholgas en conserva, machas en conserva, ostras en conserva, ostiones en conserva, locos en conserva, piures en conserva, lapas en conserva, calamares o pulpos en conserva, culengues en conserva, jibia en conserva y otros moluscos en conserva"
01.1.3.06.01,Producto,langostinos en conserva,incluido,"surtido para caldillo, surtido de mariscos, picorocos en conserva, erizos en conserva, camarones de agua en conserva, langostas en conserva, langostinos en conserva, gambas en conserva, caracoles de agua en conserva, cangrejos de agua en conserva, jaibas en conserva, centollas en conserva y otros crustáceos en conserva; almejas en conserva, choritos en conserva, choros en conserva, cholgas en conserva, machas en conserva, ostras en conserva, ostiones en conserva, locos en conserva, piures en conserva, lapas en conserva, calamares o pulpos en conserva, culengues en conserva, jibia en conserva y otros moluscos en conserva"
01.1.3.06.01,Producto,gambas en conserva,incluido,"surtido para caldillo, surtido de mariscos, picorocos en conserva, erizos en conserva, camarones de agua en conserva, langostas en conserva, langostinos en conserva, gambas en conserva, caracoles de agua en conserva, cangrejos de agua en conserva, jaibas en conserva, centollas en conserva y otros crustáceos en conserva; almejas en conserva, choritos en conserva, choros en conserva, cholgas en conserva, machas en conserva, ostras en conserva, ostiones en conserva, locos en conserva, piures en conserva, lapas en conserva, calamares o pulpos en conserva, culengues en conserva, jibia en conserva y otros moluscos en conserva"
01.1.3.06.01,Producto,caracoles de agua en conserva,incluido,"surtido para caldillo, surtido de mariscos, picorocos en conserva, erizos en conserva, camarones de agua en conserva, langostas en conserva, langostinos en conserva, gambas en conserva, caracoles de agua en conserva, cangrejos de agua en conserva, jaibas en conserva, centollas en conserva y otros crustáceos en conserva; almejas en conserva, choritos en conserva, choros en conserva, cholgas en conserva, machas en conserva, ostras en conserva, ostiones en conserva, locos en conserva, piures en conserva, lapas en conserva, calamares o pulpos en conserva, culengues en conserva, jibia en conserva y otros moluscos en conserva"
01.1.3.06.01,Producto,cangrejos de agua en conserva,incluido,"surtido para caldillo, surtido de mariscos, picorocos en conserva, erizos en conserva, camarones de agua en conserva, langostas en conserva, langostinos en conserva, gambas en conserva, caracoles de agua en conserva, cangrejos de agua en conserva, jaibas en conserva, centollas en conserva y otros crustáceos en conserva; almejas en conserva, choritos en conserva, choros en conserva, cholgas en conserva, machas en conserva, ostras en conserva, ostiones en conserva, locos en conserva, piures en conserva, lapas en conserva, calamares o pulpos en conserva, culengues en conserva, jibia en conserva y otros moluscos en conserva"
01.1.3.06.01,Producto,jaibas en conserva,incluido,"surtido para caldillo, surtido de mariscos, picorocos en conserva, erizos en conserva, camarones de agua en conserva, langostas en conserva, langostinos en conserva, gambas en conserva, caracoles de agua en conserva, cangrejos de agua en conserva, jaibas en conserva, centollas en conserva y otros crustáceos en conserva; almejas en conserva, choritos en conserva, choros en conserva, cholgas en conserva, machas en conserva, ostras en conserva, ostiones en conserva, locos en conserva, piures en conserva, lapas en conserva, calamares o pulpos en conserva, culengues en conserva, jibia en conserva y otros moluscos en conserva"
01.1.3.06.01,Producto,centollas en conserva,incluido,"surtido para caldillo, surtido de mariscos, picorocos en conserva, erizos en conserva, camarones de agua en conserva, langostas en conserva, langostinos en conserva, gambas en conserva, caracoles de agua en conserva, cangrejos de agua en conserva, jaibas en conserva, centollas en conserva y otros crustáceos en conserva; almejas en conserva, choritos en conserva, choros en conserva, cholgas en conserva, machas en conserva, ostras en conserva, ostiones en conserva, locos en conserva, piures en conserva, lapas en conserva, calamares o pulpos en conserva, culengues en conserva, jibia en conserva y otros moluscos en conserva"
01.1.3.06.01,Producto,otros crustáceos en conserva,incluido,"surtido para caldillo, surtido de mariscos, picorocos en conserva, erizos en conserva, camarones de agua en conserva, langostas en conserva, langostinos en conserva, gambas en conserva, caracoles de agua en conserva, cangrejos de agua en conserva, jaibas en conserva, centollas en conserva y otros crustáceos en conserva; almejas en conserva, choritos en conserva, choros en conserva, cholgas en conserva, machas en conserva, ostras en conserva, ostiones en conserva, locos en conserva, piures en conserva, lapas en conserva, calamares o pulpos en conserva, culengues en conserva, jibia en conserva y otros moluscos en conserva"
01.1.3.06.01,Producto,almejas en conserva,incluido,"surtido para caldillo, surtido de mariscos, picorocos en conserva, erizos en conserva, camarones de agua en conserva, langostas en conserva, langostinos en conserva, gambas en conserva, caracoles de agua en conserva, cangrejos de agua en conserva, jaibas en conserva, centollas en conserva y otros crustáceos en conserva; almejas en conserva, choritos en conserva, choros en conserva, cholgas en conserva, machas en conserva, ostras en conserva, ostiones en conserva, locos en conserva, piures en conserva, lapas en conserva, calamares o pulpos en conserva, culengues en conserva, jibia en conserva y otros moluscos en conserva"
01.1.3.06.01,Producto,choritos en conserva,incluido,"surtido para caldillo, surtido de mariscos, picorocos en conserva, erizos en conserva, camarones de agua en conserva, langostas en conserva, langostinos en conserva, gambas en conserva, caracoles de agua en conserva, cangrejos de agua en conserva, jaibas en conserva, centollas en conserva y otros crustáceos en conserva; almejas en conserva, choritos en conserva, choros en conserva, cholgas en conserva, machas en conserva, ostras en conserva, ostiones en conserva, locos en conserva, piures en conserva, lapas en conserva, calamares o pulpos en conserva, culengues en conserva, jibia en conserva y otros moluscos en conserva"
01.1.3.06.01,Producto,choros en conserva,incluido,"surtido para caldillo, surtido de mariscos, picorocos en conserva, erizos en conserva, camarones de agua en conserva, langostas en conserva, langostinos en conserva, gambas en conserva, caracoles de agua en conserva, cangrejos de agua en conserva, jaibas en conserva, centollas en conserva y otros crustáceos en conserva; almejas en conserva, choritos en conserva, choros en conserva, cholgas en conserva, machas en conserva, ostras en conserva, ostiones en conserva, locos en conserva, piures en conserva, lapas en conserva, calamares o pulpos en conserva, culengues en conserva, jibia en conserva y otros moluscos en conserva"
01.1.3.06.01,Producto,cholgas en conserva,incluido,"surtido para caldillo, surtido de mariscos, picorocos en conserva, erizos en conserva, camarones de agua en conserva, langostas en conserva, langostinos en conserva, gambas en conserva, caracoles de agua en conserva, cangrejos de agua en conserva, jaibas en conserva, centollas en conserva y otros crustáceos en conserva; almejas en conserva, choritos en conserva, choros en conserva, cholgas en conserva, machas en conserva, ostras en conserva, ostiones en conserva, locos en conserva, piures en conserva, lapas en conserva, calamares o pulpos en conserva, culengues en conserva, jibia en conserva y otros moluscos en conserva"
01.1.3.06.01,Producto,machas en conserva,incluido,"surtido para caldillo, surtido de mariscos, picorocos en conserva, erizos en conserva, camarones de agua en conserva, langostas en conserva, langostinos en conserva, gambas en conserva, caracoles de agua en conserva, cangrejos de agua en conserva, jaibas en conserva, centollas en conserva y otros crustáceos en conserva; almejas en conserva, choritos en conserva, choros en conserva, cholgas en conserva, machas en conserva, ostras en conserva, ostiones en conserva, locos en conserva, piures en conserva, lapas en conserva, calamares o pulpos en conserva, culengues en conserva, jibia en conserva y otros moluscos en conserva"
01.1.3.06.01,Producto,ostras en conserva,incluido,"surtido para caldillo, surtido de mariscos, picorocos en conserva, erizos en conserva, camarones de agua en conserva, langostas en conserva, langostinos en conserva, gambas en conserva, caracoles de agua en conserva, cangrejos de agua en conserva, jaibas en conserva, centollas en conserva y otros crustáceos en conserva; almejas en conserva, choritos en conserva, choros en conserva, cholgas en conserva, machas en conserva, ostras en conserva, ostiones en conserva, locos en conserva, piures en conserva, lapas en conserva, calamares o pulpos en conserva, culengues en conserva, jibia en conserva y otros moluscos en conserva"
01.1.3.06.01,Producto,ostiones en conserva,incluido,"surtido para caldillo, surtido de mariscos, picorocos en conserva, erizos en conserva, camarones de agua en conserva, langostas en conserva, langostinos en conserva, gambas en conserva, caracoles de agua en conserva, cangrejos de agua en conserva, jaibas en conserva, centollas en conserva y otros crustáceos en conserva; almejas en conserva, choritos en conserva, choros en conserva, cholgas en conserva, machas en conserva, ostras en conserva, ostiones en conserva, locos en conserva, piures en conserva, lapas en conserva, calamares o pulpos en conserva, culengues en conserva, jibia en conserva y otros moluscos en conserva"
01.1.3.06.01,Producto,locos en conserva,incluido,"surtido para caldillo, surtido de mariscos, picorocos en conserva, erizos en conserva, camarones de agua en conserva, langostas en conserva, langostinos en conserva, gambas en conserva, caracoles de agua en conserva, cangrejos de agua en conserva, jaibas en conserva, centollas en conserva y otros crustáceos en conserva; almejas en conserva, choritos en conserva, choros en conserva, cholgas en conserva, machas en conserva, ostras en conserva, ostiones en conserva, locos en conserva, piures en conserva, lapas en conserva, calamares o pulpos en conserva, culengues en conserva, jibia en conserva y otros moluscos en conserva"
01.1.3.06.01,Producto,piures en conserva,incluido,"surtido para caldillo, surtido de mariscos, picorocos en conserva, erizos en conserva, camarones de agua en conserva, langostas en conserva, langostinos en conserva, gambas en conserva, caracoles de agua en conserva, cangrejos de agua en conserva, jaibas en conserva, centollas en conserva y otros crustáceos en conserva; almejas en conserva, choritos en conserva, choros en conserva, cholgas en conserva, machas en conserva, ostras en conserva, ostiones en conserva, locos en conserva, piures en conserva, lapas en conserva, calamares o pulpos en conserva, culengues en conserva, jibia en conserva y otros moluscos en conserva"
01.1.3.06.01,Producto,lapas en conserva,incluido,"surtido para caldillo, surtido de mariscos, picorocos en conserva, erizos en conserva, camarones de agua en conserva, langostas en conserva, langostinos en conserva, gambas en conserva, caracoles de agua en conserva, cangrejos de agua en conserva, jaibas en conserva, centollas en conserva y otros crustáceos en conserva; almejas en conserva, choritos en conserva, choros en conserva, cholgas en conserva, machas en conserva, ostras en conserva, ostiones en conserva, locos en conserva, piures en conserva, lapas en conserva, calamares o pulpos en conserva, culengues en conserva, jibia en conserva y otros moluscos en conserva"
01.1.3.06.01,Producto,calamares,incluido,"surtido para caldillo, surtido de mariscos, picorocos en conserva, erizos en conserva, camarones de agua en conserva, langostas en conserva, langostinos en conserva, gambas en conserva, caracoles de agua en conserva, cangrejos de agua en conserva, jaibas en conserva, centollas en conserva y otros crustáceos en conserva; almejas en conserva, choritos en conserva, choros en conserva, cholgas en conserva, machas en conserva, ostras en conserva, ostiones en conserva, locos en conserva, piures en conserva, lapas en conserva, calamares o pulpos en conserva, culengues en conserva, jibia en conserva y otros moluscos en conserva"
01.1.3.06.01,Producto,pulpos en conserva,incluido,"surtido para caldillo, surtido de mariscos, picorocos en conserva, erizos en conserva, camarones de agua en conserva, langostas en conserva, langostinos en conserva, gambas en conserva, caracoles de agua en conserva, cangrejos de agua en conserva, jaibas en conserva, centollas en conserva y otros crustáceos en conserva; almejas en conserva, choritos en conserva, choros en conserva, cholgas en conserva, machas en conserva, ostras en conserva, ostiones en conserva, locos en conserva, piures en conserva, lapas en conserva, calamares o pulpos en conserva, culengues en conserva, jibia en conserva y otros moluscos en conserva"
01.1.3.06.01,Producto,culengues en conserva,incluido,"surtido para caldillo, surtido de mariscos, picorocos en conserva, erizos en conserva, camarones de agua en conserva, langostas en conserva, langostinos en conserva, gambas en conserva, caracoles de agua en conserva, cangrejos de agua en conserva, jaibas en conserva, centollas en conserva y otros crustáceos en conserva; almejas en conserva, choritos en conserva, choros en conserva, cholgas en conserva, machas en conserva, ostras en conserva, ostiones en conserva, locos en conserva, piures en conserva, lapas en conserva, calamares o pulpos en conserva, culengues en conserva, jibia en conserva y otros moluscos en conserva"
01.1.3.06.01,Producto,jibia en conserva,incluido,"surtido para caldillo, surtido de mariscos, picorocos en conserva, erizos en conserva, camarones de agua en conserva, langostas en conserva, langostinos en conserva, gambas en conserva, caracoles de agua en conserva, cangrejos de agua en conserva, jaibas en conserva, centollas en conserva y otros crustáceos en conserva; almejas en conserva, choritos en conserva, choros en conserva, cholgas en conserva, machas en conserva, ostras en conserva, ostiones en conserva, locos en conserva, piures en conserva, lapas en conserva, calamares o pulpos en conserva, culengues en conserva, jibia en conserva y otros moluscos en conserva"
01.1.3.06.01,Producto,otros moluscos en conserva,incluido,"surtido para caldillo, surtido de mariscos, picorocos en conserva, erizos en conserva, camarones de agua en conserva, langostas en conserva, langostinos en conserva, gambas en conserva, caracoles de agua en conserva, cangrejos de agua en conserva, jaibas en conserva, centollas en conserva y otros crustáceos en conserva; almejas en conserva, choritos en conserva, choros en conserva, cholgas en conserva, machas en conserva, ostras en conserva, ostiones en conserva, locos en conserva, piures en conserva, lapas en conserva, calamares o pulpos en conserva, culengues en conserva, jibia en conserva y otros moluscos en conserva"
01.1.3.06.99,Producto,paté,incluido,"paté y pastas de mariscos, mariscos apanados o cubiertos con batido, estén o no congelados"
01.1.3.06.99,Producto,pastas de mariscos,incluido,"paté y pastas de mariscos, mariscos apanados o cubiertos con batido, estén o no congelados"
01.1.3.06.99,Producto,mariscos apanados,incluido,"paté y pastas de mariscos, mariscos apanados o cubiertos con batido, estén o no congelados"
01.1.3.06.99,Producto,cubiertos con batido,incluido,"paté y pastas de mariscos, mariscos apanados o cubiertos con batido, estén o no congelados"
01.1.3.07.00,Subclase,hígados,incluido,"hígados, huevas, aletas, fauces, harina y otros despojos de pescados y mariscos, en todas las formas del producto, es decir, frescos, refrigerados, congelados, secos, salados, en salmuera o ahumados, preparados o conservados"
01.1.3.07.00,Subclase,huevas,incluido,"hígados, huevas, aletas, fauces, harina y otros despojos de pescados y mariscos, en todas las formas del producto, es decir, frescos, refrigerados, congelados, secos, salados, en salmuera o ahumados, preparados o conservados"
01.1.3.07.00,Subclase,aletas,incluido,"hígados, huevas, aletas, fauces, harina y otros despojos de pescados y mariscos, en todas las formas del producto, es decir, frescos, refrigerados, congelados, secos, salados, en salmuera o ahumados, preparados o conservados"
01.1.3.07.00,Subclase,fauces,incluido,"hígados, huevas, aletas, fauces, harina y otros despojos de pescados y mariscos, en todas las formas del producto, es decir, frescos, refrigerados, congelados, secos, salados, en salmuera o ahumados, preparados o conservados"
01.1.3.07.00,Subclase,harina,incluido,"hígados, huevas, aletas, fauces, harina y otros despojos de pescados y mariscos, en todas las formas del producto, es decir, frescos, refrigerados, congelados, secos, salados, en salmuera o ahumados, preparados o conservados"
01.1.3.07.00,Subclase,otros despojos de pescados,incluido,"hígados, huevas, aletas, fauces, harina y otros despojos de pescados y mariscos, en todas las formas del producto, es decir, frescos, refrigerados, congelados, secos, salados, en salmuera o ahumados, preparados o conservados"
01.1.3.07.00,Subclase,mariscos,incluido,"hígados, huevas, aletas, fauces, harina y otros despojos de pescados y mariscos, en todas las formas del producto, es decir, frescos, refrigerados, congelados, secos, salados, en salmuera o ahumados, preparados o conservados"
01.1.3.07.00,Subclase,ahumados,incluido,"hígados, huevas, aletas, fauces, harina y otros despojos de pescados y mariscos, en todas las formas del producto, es decir, frescos, refrigerados, congelados, secos, salados, en salmuera o ahumados, preparados o conservados"
01.1.3.07.00,Subclase,preparados,incluido,"hígados, huevas, aletas, fauces, harina y otros despojos de pescados y mariscos, en todas las formas del producto, es decir, frescos, refrigerados, congelados, secos, salados, en salmuera o ahumados, preparados o conservados"
01.1.3.07.00,Subclase,conservados,incluido,"hígados, huevas, aletas, fauces, harina y otros despojos de pescados y mariscos, en todas las formas del producto, es decir, frescos, refrigerados, congelados, secos, salados, en salmuera o ahumados, preparados o conservados"
01.1.3.07.01,Producto,hígados,incluido,"hígados, huevas, aletas, fauces, harina y otros despojos de pescados y mariscos, en todas las formas del producto, es decir, frescos, refrigerados, congelados, secos, salados, en salmuera o ahumados, preparados o conservados"
01.1.3.07.01,Producto,huevas,incluido,"hígados, huevas, aletas, fauces, harina y otros despojos de pescados y mariscos, en todas las formas del producto, es decir, frescos, refrigerados, congelados, secos, salados, en salmuera o ahumados, preparados o conservados"
01.1.3.07.01,Producto,aletas,incluido,"hígados, huevas, aletas, fauces, harina y otros despojos de pescados y mariscos, en todas las formas del producto, es decir, frescos, refrigerados, congelados, secos, salados, en salmuera o ahumados, preparados o conservados"
01.1.3.07.01,Producto,fauces,incluido,"hígados, huevas, aletas, fauces, harina y otros despojos de pescados y mariscos, en todas las formas del producto, es decir, frescos, refrigerados, congelados, secos, salados, en salmuera o ahumados, preparados o conservados"
01.1.3.07.01,Producto,harina,incluido,"hígados, huevas, aletas, fauces, harina y otros despojos de pescados y mariscos, en todas las formas del producto, es decir, frescos, refrigerados, congelados, secos, salados, en salmuera o ahumados, preparados o conservados"
01.1.3.07.01,Producto,otros despojos de pescados,incluido,"hígados, huevas, aletas, fauces, harina y otros despojos de pescados y mariscos, en todas las formas del producto, es decir, frescos, refrigerados, congelados, secos, salados, en salmuera o ahumados, preparados o conservados"
01.1.3.07.01,Producto,mariscos,incluido,"hígados, huevas, aletas, fauces, harina y otros despojos de pescados y mariscos, en todas las formas del producto, es decir, frescos, refrigerados, congelados, secos, salados, en salmuera o ahumados, preparados o conservados"
01.1.3.07.01,Producto,ahumados,incluido,"hígados, huevas, aletas, fauces, harina y otros despojos de pescados y mariscos, en todas las formas del producto, es decir, frescos, refrigerados, congelados, secos, salados, en salmuera o ahumados, preparados o conservados"
01.1.3.07.01,Producto,preparados,incluido,"hígados, huevas, aletas, fauces, harina y otros despojos de pescados y mariscos, en todas las formas del producto, es decir, frescos, refrigerados, congelados, secos, salados, en salmuera o ahumados, preparados o conservados"
01.1.3.07.01,Producto,conservados,incluido,"hígados, huevas, aletas, fauces, harina y otros despojos de pescados y mariscos, en todas las formas del producto, es decir, frescos, refrigerados, congelados, secos, salados, en salmuera o ahumados, preparados o conservados"
01.1.4.06.04,Producto,leche,excluido,"leche y nata cuajada (crema de leche), fermentada o acidificada (01.1.4.06.04)"
01.1.4.06.04,Producto,nata cuajada (crema de leche),excluido,"leche y nata cuajada (crema de leche), fermentada o acidificada (01.1.4.06.04)"
01.1.4.06.04,Producto,fermentada,excluido,"leche y nata cuajada (crema de leche), fermentada o acidificada (01.1.4.06.04)"
01.1.4.06.04,Producto,acidificada,excluido,"leche y nata cuajada (crema de leche), fermentada o acidificada (01.1.4.06.04)"
01.1.4.01.01,Producto,leche cruda,incluido,"leche cruda y entera de bovinos y búfalos, ovinos y caprinos, camellos y otros animales, fresca, pasteurizada, esterilizada (UHT) y reconstituida, con o sin lactosa"
01.1.4.01.01,Producto,entera de bovinos,incluido,"leche cruda y entera de bovinos y búfalos, ovinos y caprinos, camellos y otros animales, fresca, pasteurizada, esterilizada (UHT) y reconstituida, con o sin lactosa"
01.1.4.01.01,Producto,búfalos,incluido,"leche cruda y entera de bovinos y búfalos, ovinos y caprinos, camellos y otros animales, fresca, pasteurizada, esterilizada (UHT) y reconstituida, con o sin lactosa"
01.1.4.01.01,Producto,ovinos,incluido,"leche cruda y entera de bovinos y búfalos, ovinos y caprinos, camellos y otros animales, fresca, pasteurizada, esterilizada (UHT) y reconstituida, con o sin lactosa"
01.1.4.01.01,Producto,caprinos,incluido,"leche cruda y entera de bovinos y búfalos, ovinos y caprinos, camellos y otros animales, fresca, pasteurizada, esterilizada (UHT) y reconstituida, con o sin lactosa"
01.1.4.01.01,Producto,camellos,incluido,"leche cruda y entera de bovinos y búfalos, ovinos y caprinos, camellos y otros animales, fresca, pasteurizada, esterilizada (UHT) y reconstituida, con o sin lactosa"
01.1.4.01.01,Producto,otros animales,incluido,"leche cruda y entera de bovinos y búfalos, ovinos y caprinos, camellos y otros animales, fresca, pasteurizada, esterilizada (UHT) y reconstituida, con o sin lactosa"
01.1.4.01.01,Producto,pasteurizada,incluido,"leche cruda y entera de bovinos y búfalos, ovinos y caprinos, camellos y otros animales, fresca, pasteurizada, esterilizada (UHT) y reconstituida, con o sin lactosa"
01.1.4.01.01,Producto,esterilizada (UHT),incluido,"leche cruda y entera de bovinos y búfalos, ovinos y caprinos, camellos y otros animales, fresca, pasteurizada, esterilizada (UHT) y reconstituida, con o sin lactosa"
01.1.4.01.01,Producto,reconstituida,incluido,"leche cruda y entera de bovinos y búfalos, ovinos y caprinos, camellos y otros animales, fresca, pasteurizada, esterilizada (UHT) y reconstituida, con o sin lactosa"
01.1.4.02.01,Producto,leche líquida descremada,excluido,leche líquida descremada y semidescremada (01.1.4.02.01)
01.1.4.02.01,Producto,semidescremada,excluido,leche líquida descremada y semidescremada (01.1.4.02.01)
01.1.4.03.01,Producto,leche en polvo,excluido,leche en polvo (01.1.4.03.01)
01.1.4.06.04,Producto,leche cultivada,excluido,leche cultivada (01.1.4.06.04)
01.1.4.07.01,Producto,leche saborizada,excluido,leche saborizada (01.1.4.07.01)
01.1.4.02.01,Producto,leche líquida descremada (o desnatada),incluido,"leche líquida descremada (o desnatada), leche líquida semidescremada, con o sin lactosa"
01.1.4.02.01,Producto,leche líquida semidescremada,incluido,"leche líquida descremada (o desnatada), leche líquida semidescremada, con o sin lactosa"
01.1.4.03.00,Subclase,leche en polvo (entera o descremada (desnatada)),incluido,leche en polvo (entera o descremada (desnatada))
01.1.4.03.00,Subclase,leche evaporada,incluido,leche evaporada y condensada
01.1.4.03.00,Subclase,condensada,incluido,leche evaporada y condensada
01.1.4.03.00,Subclase,crema fresca,incluido,"crema fresca, coagulada, espesada y batida"
01.1.4.03.00,Subclase,coagulada,incluido,"crema fresca, coagulada, espesada y batida"
01.1.4.03.00,Subclase,espesada,incluido,"crema fresca, coagulada, espesada y batida"
01.1.4.03.00,Subclase,batida,incluido,"crema fresca, coagulada, espesada y batida"
01.1.4.03.00,Subclase,crema (nata),incluido,"crema (nata), concentrada o con azúcar añadida u otro edulcorante; crema en polvo"
01.1.4.03.00,Subclase,concentrada,incluido,"crema (nata), concentrada o con azúcar añadida u otro edulcorante; crema en polvo"
01.1.4.03.00,Subclase,otro edulcorante,incluido,"crema (nata), concentrada o con azúcar añadida u otro edulcorante; crema en polvo"
01.1.4.03.00,Subclase,crema en polvo,incluido,"crema (nata), concentrada o con azúcar añadida u otro edulcorante; crema en polvo"
01.1.4.03.00,Subclase,leche al horno (variedad de leche hervida que se cocina a fuego lento),incluido,leche al horno (variedad de leche hervida que se cocina a fuego lento)
01.1.4.07.01,Producto,bebidas con sabor a cacao,excluido,"bebidas con sabor a cacao, café u otras sustancias (01.1.4.07.01)"
01.1.4.07.01,Producto,café,excluido,"bebidas con sabor a cacao, café u otras sustancias (01.1.4.07.01)"
01.1.4.07.01,Producto,otras sustancias,excluido,"bebidas con sabor a cacao, café u otras sustancias (01.1.4.07.01)"
01.1.4.07.01,Producto,postre de leche asada,excluido,postre de leche asada (01.1.4.07.01)
01.1.9.02.01,Producto,leche condensada,excluido,"leche condensada, evaporada o en polvo como alimento para bebés (01.1.9.02.01)"
01.1.9.02.01,Producto,evaporada,excluido,"leche condensada, evaporada o en polvo como alimento para bebés (01.1.9.02.01)"
01.1.4.03.01,Producto,leche en polvo,incluido,"leche en polvo, endulzada o sin endulzar, entera, semidescremada o descremada"
01.1.4.03.01,Producto,semidescremada,incluido,"leche en polvo, endulzada o sin endulzar, entera, semidescremada o descremada"
01.1.9.02.01,Producto,leches de fórmula para bebés,excluido,leches de fórmula para bebés (01.1.9.02.01)
01.1.4.03.02,Producto,leche condensada,incluido,"leche condensada, leche evaporada"
01.1.4.03.02,Producto,leche evaporada,incluido,"leche condensada, leche evaporada"
01.1.4.03.02,Producto,cualquier leche concentrada,incluido,"cualquier leche concentrada o evaporada, endulzada o no, en formato líquido o como pasta, entera, semidescremada o descremada"
01.1.4.03.02,Producto,evaporada,incluido,"cualquier leche concentrada o evaporada, endulzada o no, en formato líquido o como pasta, entera, semidescremada o descremada"
01.1.4.03.02,Producto,semidescremada,incluido,"cualquier leche concentrada o evaporada, endulzada o no, en formato líquido o como pasta, entera, semidescremada o descremada"
01.1.4.03.03,Producto,cremas de leche larga,incluido,"cremas de leche larga o corta vida y otras cremas (chantilly, pastelera, crema espesa), cremas en polvo"
01.1.4.03.03,Producto,corta vida,incluido,"cremas de leche larga o corta vida y otras cremas (chantilly, pastelera, crema espesa), cremas en polvo"
01.1.4.03.03,Producto,"otras cremas (chantilly, pastelera, crema espesa)",incluido,"cremas de leche larga o corta vida y otras cremas (chantilly, pastelera, crema espesa), cremas en polvo"
01.1.4.03.03,Producto,cremas en polvo,incluido,"cremas de leche larga o corta vida y otras cremas (chantilly, pastelera, crema espesa), cremas en polvo"
01.1.4.03.03,Producto,cremas frescas,incluido,"cremas frescas, coaguladas, espesas y batidas"
01.1.4.03.03,Producto,coaguladas,incluido,"cremas frescas, coaguladas, espesas y batidas"
01.1.4.03.03,Producto,espesas,incluido,"cremas frescas, coaguladas, espesas y batidas"
01.1.4.03.03,Producto,batidas,incluido,"cremas frescas, coaguladas, espesas y batidas"
01.1.4.03.03,Producto,cremas,incluido,"cremas, concentradas o con azúcar añadida u otro edulcorante"
01.1.4.03.03,Producto,concentradas,incluido,"cremas, concentradas o con azúcar añadida u otro edulcorante"
01.1.4.03.03,Producto,otro edulcorante,incluido,"cremas, concentradas o con azúcar añadida u otro edulcorante"
01.1.4.03.99,Producto,leche al horno (variedad de leche hervida que se cocina a fuego lento),incluido,"leche al horno (variedad de leche hervida que se cocina a fuego lento), otras leches n.c.p"
01.1.4.03.99,Producto,otras leches n.c.p,incluido,"leche al horno (variedad de leche hervida que se cocina a fuego lento), otras leches n.c.p"
01.1.4.04.00,Subclase,leche de almendras,incluido,leche de almendras
01.1.4.04.00,Subclase,leche de coco para beber,incluido,leche de coco para beber
01.1.4.04.00,Subclase,leche de avena,incluido,leche de avena
01.1.4.04.00,Subclase,leche de arroz,incluido,leche de arroz
01.1.4.04.00,Subclase,leche de soja,incluido,leche de soja
01.1.4.04.00,Subclase,otras leches vegetales,incluido,otras leches vegetales y de frutos secos
01.1.9.03.99,Producto,crema de coco para cocinar,excluido,crema de coco para cocinar (01.1.9.03.99)
01.1.4.04.01,Producto,leche de almendras,incluido,leche de almendras
01.1.4.04.01,Producto,leche de coco para beber,incluido,leche de coco para beber
01.1.4.04.01,Producto,leche de avena,incluido,leche de avena
01.1.4.04.01,Producto,leche de arroz,incluido,leche de arroz
01.1.4.04.01,Producto,leche de soja,incluido,leche de soja
01.1.4.04.01,Producto,otras leches de vegetales,incluido,otras leches de vegetales y frutos secos
01.1.4.04.01,Producto,frutos secos,incluido,otras leches de vegetales y frutos secos
01.1.4.06.04,Producto,leche cuajada,excluido,leche cuajada (01.1.4.06.04)
01.1.4.05.01,Producto,queso gouda,incluido,"queso gouda, queso Ranco, de origen animal"
01.1.4.05.01,Producto,queso Ranco,incluido,"queso gouda, queso Ranco, de origen animal"
01.1.4.05.02,Producto,queso chanco,incluido,"queso chanco o mantecoso, de origen animal"
01.1.4.05.02,Producto,mantecoso,incluido,"queso chanco o mantecoso, de origen animal"
01.1.4.05.03,Producto,queso rallado de todo tipo,incluido,"queso rallado de todo tipo, de origen animal"
01.1.4.05.07,Producto,queso rallado de origen no animal,excluido,queso rallado de origen no animal (01.1.4.05.07)
01.1.4.05.04,Producto,quesillo,incluido,"quesillo, de origen animal"
01.1.4.05.05,Producto,queso fresco,incluido,"queso fresco, queso ricota, queso requesón, queso chacra y queso cottage, de origen animal"
01.1.4.05.05,Producto,queso ricota,incluido,"queso fresco, queso ricota, queso requesón, queso chacra y queso cottage, de origen animal"
01.1.4.05.05,Producto,queso requesón,incluido,"queso fresco, queso ricota, queso requesón, queso chacra y queso cottage, de origen animal"
01.1.4.05.05,Producto,queso chacra,incluido,"queso fresco, queso ricota, queso requesón, queso chacra y queso cottage, de origen animal"
01.1.4.05.05,Producto,queso cottage,incluido,"queso fresco, queso ricota, queso requesón, queso chacra y queso cottage, de origen animal"
01.1.4.05.06,Producto,queso crema,incluido,"queso crema, queso mascarpone, quesos untables, quesos untables saborizados, pastas untables elaboradas en base a queso, etc., de origen animal"
01.1.4.05.06,Producto,queso mascarpone,incluido,"queso crema, queso mascarpone, quesos untables, quesos untables saborizados, pastas untables elaboradas en base a queso, etc., de origen animal"
01.1.4.05.06,Producto,quesos untables,incluido,"queso crema, queso mascarpone, quesos untables, quesos untables saborizados, pastas untables elaboradas en base a queso, etc., de origen animal"
01.1.4.05.06,Producto,quesos untables saborizados,incluido,"queso crema, queso mascarpone, quesos untables, quesos untables saborizados, pastas untables elaboradas en base a queso, etc., de origen animal"
01.1.4.05.06,Producto,pastas untables elaboradas en base a queso,incluido,"queso crema, queso mascarpone, quesos untables, quesos untables saborizados, pastas untables elaboradas en base a queso, etc., de origen animal"
01.1.4.05.07,Producto,todo tipo de quesos producidos con ingredientes de origen no animal,incluido,todo tipo de quesos producidos con ingredientes de origen no animal
01.1.4.05.08,Producto,quesos cuya variedad,incluido,quesos cuya variedad o tipo no es posible identificar
01.1.4.05.08,Producto,tipo no es posible identificar,incluido,quesos cuya variedad o tipo no es posible identificar
01.1.4.05.99,Producto,quesos sólidos,incluido,"quesos sólidos y semisólidos no clasificados previamente como queso parmesano, queso parmesano-reggiano, queso cheddar, queso manchego, queso roquefort, queso feta, queso gruyer, queso emmental, queso edam, etc"
01.1.4.05.99,Producto,semisólidos no clasificados previamente,incluido,"quesos sólidos y semisólidos no clasificados previamente como queso parmesano, queso parmesano-reggiano, queso cheddar, queso manchego, queso roquefort, queso feta, queso gruyer, queso emmental, queso edam, etc"
01.1.4.05.99,Producto,queso parmesano,incluido,"quesos sólidos y semisólidos no clasificados previamente como queso parmesano, queso parmesano-reggiano, queso cheddar, queso manchego, queso roquefort, queso feta, queso gruyer, queso emmental, queso edam, etc"
01.1.4.05.99,Producto,queso parmesano-reggiano,incluido,"quesos sólidos y semisólidos no clasificados previamente como queso parmesano, queso parmesano-reggiano, queso cheddar, queso manchego, queso roquefort, queso feta, queso gruyer, queso emmental, queso edam, etc"
01.1.4.05.99,Producto,queso cheddar,incluido,"quesos sólidos y semisólidos no clasificados previamente como queso parmesano, queso parmesano-reggiano, queso cheddar, queso manchego, queso roquefort, queso feta, queso gruyer, queso emmental, queso edam, etc"
01.1.4.05.99,Producto,queso manchego,incluido,"quesos sólidos y semisólidos no clasificados previamente como queso parmesano, queso parmesano-reggiano, queso cheddar, queso manchego, queso roquefort, queso feta, queso gruyer, queso emmental, queso edam, etc"
01.1.4.05.99,Producto,queso roquefort,incluido,"quesos sólidos y semisólidos no clasificados previamente como queso parmesano, queso parmesano-reggiano, queso cheddar, queso manchego, queso roquefort, queso feta, queso gruyer, queso emmental, queso edam, etc"
01.1.4.05.99,Producto,queso feta,incluido,"quesos sólidos y semisólidos no clasificados previamente como queso parmesano, queso parmesano-reggiano, queso cheddar, queso manchego, queso roquefort, queso feta, queso gruyer, queso emmental, queso edam, etc"
01.1.4.05.99,Producto,queso gruyer,incluido,"quesos sólidos y semisólidos no clasificados previamente como queso parmesano, queso parmesano-reggiano, queso cheddar, queso manchego, queso roquefort, queso feta, queso gruyer, queso emmental, queso edam, etc"
01.1.4.05.99,Producto,queso emmental,incluido,"quesos sólidos y semisólidos no clasificados previamente como queso parmesano, queso parmesano-reggiano, queso cheddar, queso manchego, queso roquefort, queso feta, queso gruyer, queso emmental, queso edam, etc"
01.1.4.05.99,Producto,queso edam,incluido,"quesos sólidos y semisólidos no clasificados previamente como queso parmesano, queso parmesano-reggiano, queso cheddar, queso manchego, queso roquefort, queso feta, queso gruyer, queso emmental, queso edam, etc"
01.1.4.05.99,Producto,quesos blandos,incluido,"quesos blandos y semiblandos no clasificados previamente como queso mozzarella, queso munster, queso camembert, queso brie, queso azul, etc"
01.1.4.05.99,Producto,semiblandos no clasificados previamente,incluido,"quesos blandos y semiblandos no clasificados previamente como queso mozzarella, queso munster, queso camembert, queso brie, queso azul, etc"
01.1.4.05.99,Producto,queso mozzarella,incluido,"quesos blandos y semiblandos no clasificados previamente como queso mozzarella, queso munster, queso camembert, queso brie, queso azul, etc"
01.1.4.05.99,Producto,queso munster,incluido,"quesos blandos y semiblandos no clasificados previamente como queso mozzarella, queso munster, queso camembert, queso brie, queso azul, etc"
01.1.4.05.99,Producto,queso camembert,incluido,"quesos blandos y semiblandos no clasificados previamente como queso mozzarella, queso munster, queso camembert, queso brie, queso azul, etc"
01.1.4.05.99,Producto,queso brie,incluido,"quesos blandos y semiblandos no clasificados previamente como queso mozzarella, queso munster, queso camembert, queso brie, queso azul, etc"
01.1.4.05.99,Producto,queso azul,incluido,"quesos blandos y semiblandos no clasificados previamente como queso mozzarella, queso munster, queso camembert, queso brie, queso azul, etc"
01.1.4.05.99,Producto,quesos con probióticos,incluido,"quesos con probióticos y otros quesos, de origen animal n.c.p"
01.1.4.05.99,Producto,otros quesos,incluido,"quesos con probióticos y otros quesos, de origen animal n.c.p"
01.1.4.05.07,Producto,quesos de origen no animal,excluido,quesos de origen no animal (01.1.4.05.07)
01.1.4.06.00,Subclase,yogur,incluido,yogur
01.1.4.06.00,Subclase,suero de leche de la producción de mantequilla (buttermilk),incluido,suero de leche de la producción de mantequilla (buttermilk) y otros productos lácteos fermentados
01.1.4.06.00,Subclase,otros productos lácteos fermentados,incluido,suero de leche de la producción de mantequilla (buttermilk) y otros productos lácteos fermentados
01.1.4.06.00,Subclase,leches cuajadas,incluido,leches cuajadas y cremas cuajadas
01.1.4.06.00,Subclase,cremas cuajadas,incluido,leches cuajadas y cremas cuajadas
01.1.4.06.00,Subclase,yogur de pajaritos (kéfir),incluido,"yogur de pajaritos (kéfir) y otras leches y cremas fermentadas, cultivadas o acidificadas, estén o no concentradas o con azúcar añadida u otro edulcorante o aromatizadas o que contengan frutas, nueces o cacao añadidos"
01.1.4.06.00,Subclase,otras leches,incluido,"yogur de pajaritos (kéfir) y otras leches y cremas fermentadas, cultivadas o acidificadas, estén o no concentradas o con azúcar añadida u otro edulcorante o aromatizadas o que contengan frutas, nueces o cacao añadidos"
01.1.4.06.00,Subclase,cremas fermentadas,incluido,"yogur de pajaritos (kéfir) y otras leches y cremas fermentadas, cultivadas o acidificadas, estén o no concentradas o con azúcar añadida u otro edulcorante o aromatizadas o que contengan frutas, nueces o cacao añadidos"
01.1.4.06.00,Subclase,cultivadas,incluido,"yogur de pajaritos (kéfir) y otras leches y cremas fermentadas, cultivadas o acidificadas, estén o no concentradas o con azúcar añadida u otro edulcorante o aromatizadas o que contengan frutas, nueces o cacao añadidos"
01.1.4.06.00,Subclase,acidificadas,incluido,"yogur de pajaritos (kéfir) y otras leches y cremas fermentadas, cultivadas o acidificadas, estén o no concentradas o con azúcar añadida u otro edulcorante o aromatizadas o que contengan frutas, nueces o cacao añadidos"
01.1.4.06.00,Subclase,otro edulcorante,incluido,"yogur de pajaritos (kéfir) y otras leches y cremas fermentadas, cultivadas o acidificadas, estén o no concentradas o con azúcar añadida u otro edulcorante o aromatizadas o que contengan frutas, nueces o cacao añadidos"
01.1.4.06.00,Subclase,aromatizadas,incluido,"yogur de pajaritos (kéfir) y otras leches y cremas fermentadas, cultivadas o acidificadas, estén o no concentradas o con azúcar añadida u otro edulcorante o aromatizadas o que contengan frutas, nueces o cacao añadidos"
01.1.4.06.00,Subclase,nueces,incluido,"yogur de pajaritos (kéfir) y otras leches y cremas fermentadas, cultivadas o acidificadas, estén o no concentradas o con azúcar añadida u otro edulcorante o aromatizadas o que contengan frutas, nueces o cacao añadidos"
01.1.4.06.00,Subclase,cacao añadidos,incluido,"yogur de pajaritos (kéfir) y otras leches y cremas fermentadas, cultivadas o acidificadas, estén o no concentradas o con azúcar añadida u otro edulcorante o aromatizadas o que contengan frutas, nueces o cacao añadidos"
01.1.4.06.00,Subclase,"yogur de leche de origen no animal (por ejemplo, yogur de coco, yogur de soja)",incluido,"yogur de leche de origen no animal (por ejemplo, yogur de coco, yogur de soja)"
01.1.4.06.00,Subclase,crema ácida,incluido,crema ácida
01.1.8.06.00,Subclase,helado de yogur,excluido,helado de yogur o yogur congelado (01.1.8.06.00)
01.1.8.06.00,Subclase,yogur congelado,excluido,helado de yogur o yogur congelado (01.1.8.06.00)
01.1.4.06.01,Producto,yogur batido con,incluido,"yogur batido con o sin sabor, con agregados (por ejemplo, yogur con frutas, cereales, mermelada, etc.), yogur líquido"
01.1.4.06.01,Producto,yogur líquido,incluido,"yogur batido con o sin sabor, con agregados (por ejemplo, yogur con frutas, cereales, mermelada, etc.), yogur líquido"
01.1.4.07.01,Producto,bebidas lácteas sin probióticos,excluido,bebidas lácteas sin probióticos (01.1.4.07.01)
01.1.4.06.02,Producto,yogur con probióticos,incluido,yogur con probióticos y/o lactobacilos
01.1.4.06.02,Producto,o lactobacilos,incluido,yogur con probióticos y/o lactobacilos
01.1.4.06.03,Producto,yogur de coco,incluido,"yogur de coco, yogur de soja, otros yogures elaborados con leche de origen no animal"
01.1.4.06.03,Producto,yogur de soja,incluido,"yogur de coco, yogur de soja, otros yogures elaborados con leche de origen no animal"
01.1.4.06.03,Producto,otros yogures elaborados con leche de origen no animal,incluido,"yogur de coco, yogur de soja, otros yogures elaborados con leche de origen no animal"
01.1.4.06.04,Producto,suero de leche de la producción de mantequilla (buttermilk),incluido,"suero de leche de la producción de mantequilla (buttermilk) y otros productos lácteos fermentados, leche cuajada y crema cuajada; yogur de pajaritos (kéfir) y otras leches y cremas fermentadas o acidificadas, estén o no concentradas o con azúcar añadida u otro edulcorante, aromatizadas o que contengan frutas, nueces o cacao añadidos"
01.1.4.06.04,Producto,otros productos lácteos fermentados,incluido,"suero de leche de la producción de mantequilla (buttermilk) y otros productos lácteos fermentados, leche cuajada y crema cuajada; yogur de pajaritos (kéfir) y otras leches y cremas fermentadas o acidificadas, estén o no concentradas o con azúcar añadida u otro edulcorante, aromatizadas o que contengan frutas, nueces o cacao añadidos"
01.1.4.06.04,Producto,leche cuajada,incluido,"suero de leche de la producción de mantequilla (buttermilk) y otros productos lácteos fermentados, leche cuajada y crema cuajada; yogur de pajaritos (kéfir) y otras leches y cremas fermentadas o acidificadas, estén o no concentradas o con azúcar añadida u otro edulcorante, aromatizadas o que contengan frutas, nueces o cacao añadidos"
01.1.4.06.04,Producto,crema cuajada,incluido,"suero de leche de la producción de mantequilla (buttermilk) y otros productos lácteos fermentados, leche cuajada y crema cuajada; yogur de pajaritos (kéfir) y otras leches y cremas fermentadas o acidificadas, estén o no concentradas o con azúcar añadida u otro edulcorante, aromatizadas o que contengan frutas, nueces o cacao añadidos"
01.1.4.06.04,Producto,yogur de pajaritos (kéfir),incluido,"suero de leche de la producción de mantequilla (buttermilk) y otros productos lácteos fermentados, leche cuajada y crema cuajada; yogur de pajaritos (kéfir) y otras leches y cremas fermentadas o acidificadas, estén o no concentradas o con azúcar añadida u otro edulcorante, aromatizadas o que contengan frutas, nueces o cacao añadidos"
01.1.4.06.04,Producto,otras leches,incluido,"suero de leche de la producción de mantequilla (buttermilk) y otros productos lácteos fermentados, leche cuajada y crema cuajada; yogur de pajaritos (kéfir) y otras leches y cremas fermentadas o acidificadas, estén o no concentradas o con azúcar añadida u otro edulcorante, aromatizadas o que contengan frutas, nueces o cacao añadidos"
01.1.4.06.04,Producto,cremas fermentadas,incluido,"suero de leche de la producción de mantequilla (buttermilk) y otros productos lácteos fermentados, leche cuajada y crema cuajada; yogur de pajaritos (kéfir) y otras leches y cremas fermentadas o acidificadas, estén o no concentradas o con azúcar añadida u otro edulcorante, aromatizadas o que contengan frutas, nueces o cacao añadidos"
01.1.4.06.04,Producto,acidificadas,incluido,"suero de leche de la producción de mantequilla (buttermilk) y otros productos lácteos fermentados, leche cuajada y crema cuajada; yogur de pajaritos (kéfir) y otras leches y cremas fermentadas o acidificadas, estén o no concentradas o con azúcar añadida u otro edulcorante, aromatizadas o que contengan frutas, nueces o cacao añadidos"
01.1.4.06.04,Producto,otro edulcorante,incluido,"suero de leche de la producción de mantequilla (buttermilk) y otros productos lácteos fermentados, leche cuajada y crema cuajada; yogur de pajaritos (kéfir) y otras leches y cremas fermentadas o acidificadas, estén o no concentradas o con azúcar añadida u otro edulcorante, aromatizadas o que contengan frutas, nueces o cacao añadidos"
01.1.4.06.04,Producto,aromatizadas,incluido,"suero de leche de la producción de mantequilla (buttermilk) y otros productos lácteos fermentados, leche cuajada y crema cuajada; yogur de pajaritos (kéfir) y otras leches y cremas fermentadas o acidificadas, estén o no concentradas o con azúcar añadida u otro edulcorante, aromatizadas o que contengan frutas, nueces o cacao añadidos"
01.1.4.06.04,Producto,nueces,incluido,"suero de leche de la producción de mantequilla (buttermilk) y otros productos lácteos fermentados, leche cuajada y crema cuajada; yogur de pajaritos (kéfir) y otras leches y cremas fermentadas o acidificadas, estén o no concentradas o con azúcar añadida u otro edulcorante, aromatizadas o que contengan frutas, nueces o cacao añadidos"
01.1.4.06.04,Producto,cacao añadidos,incluido,"suero de leche de la producción de mantequilla (buttermilk) y otros productos lácteos fermentados, leche cuajada y crema cuajada; yogur de pajaritos (kéfir) y otras leches y cremas fermentadas o acidificadas, estén o no concentradas o con azúcar añadida u otro edulcorante, aromatizadas o que contengan frutas, nueces o cacao añadidos"
01.1.4.06.04,Producto,leche cultivada,incluido,"leche cultivada, crema ácida"
01.1.4.06.04,Producto,crema ácida,incluido,"leche cultivada, crema ácida"
01.1.4.07.00,Subclase,postres a base de leche de origen animal,incluido,postres a base de leche de origen animal y no animal
01.1.4.07.00,Subclase,bebidas a base de leche de origen animal,incluido,"bebidas a base de leche de origen animal y no animal aromatizadas con cacao, café u otras sustancias tales como frutilla, vainilla, plátano, mora, etc"
01.1.4.07.00,Subclase,café,incluido,"bebidas a base de leche de origen animal y no animal aromatizadas con cacao, café u otras sustancias tales como frutilla, vainilla, plátano, mora, etc"
01.1.4.07.00,Subclase,otras sustancias,incluido,"bebidas a base de leche de origen animal y no animal aromatizadas con cacao, café u otras sustancias tales como frutilla, vainilla, plátano, mora, etc"
01.1.4.07.00,Subclase,frutilla,incluido,"bebidas a base de leche de origen animal y no animal aromatizadas con cacao, café u otras sustancias tales como frutilla, vainilla, plátano, mora, etc"
01.1.4.07.00,Subclase,vainilla,incluido,"bebidas a base de leche de origen animal y no animal aromatizadas con cacao, café u otras sustancias tales como frutilla, vainilla, plátano, mora, etc"
01.1.4.07.00,Subclase,plátano,incluido,"bebidas a base de leche de origen animal y no animal aromatizadas con cacao, café u otras sustancias tales como frutilla, vainilla, plátano, mora, etc"
01.1.4.07.00,Subclase,mora,incluido,"bebidas a base de leche de origen animal y no animal aromatizadas con cacao, café u otras sustancias tales como frutilla, vainilla, plátano, mora, etc"
01.1.4.07.00,Subclase,bebidas lácteas sin probióticos,incluido,bebidas lácteas sin probióticos
01.1.4.07.00,Subclase,pudines,incluido,pudines/budines a base de leche de origen animal y no animal; panna cotta; crème brûlée y crema catalana
01.1.4.07.00,Subclase,budines a base de leche de origen animal,incluido,pudines/budines a base de leche de origen animal y no animal; panna cotta; crème brûlée y crema catalana
01.1.4.07.00,Subclase,panna cotta,incluido,pudines/budines a base de leche de origen animal y no animal; panna cotta; crème brûlée y crema catalana
01.1.4.07.00,Subclase,crème brûlée,incluido,pudines/budines a base de leche de origen animal y no animal; panna cotta; crème brûlée y crema catalana
01.1.4.07.00,Subclase,crema catalana,incluido,pudines/budines a base de leche de origen animal y no animal; panna cotta; crème brûlée y crema catalana
01.1.8.03.04,Producto,crema,excluido,crema o cuajada de limón y similares (01.1.8.03.04)
01.1.8.03.04,Producto,cuajada de limón,excluido,crema o cuajada de limón y similares (01.1.8.03.04)
01.1.4.07.01,Producto,postres a base de leche de origen animal,incluido,"postres a base de leche de origen animal y no animal como flan, mousse, arroz con leche, sémola con leche, suspiro limeño, leche asada, etc"
01.1.4.07.01,Producto,flan,incluido,"postres a base de leche de origen animal y no animal como flan, mousse, arroz con leche, sémola con leche, suspiro limeño, leche asada, etc"
01.1.4.07.01,Producto,mousse,incluido,"postres a base de leche de origen animal y no animal como flan, mousse, arroz con leche, sémola con leche, suspiro limeño, leche asada, etc"
01.1.4.07.01,Producto,arroz con leche,incluido,"postres a base de leche de origen animal y no animal como flan, mousse, arroz con leche, sémola con leche, suspiro limeño, leche asada, etc"
01.1.4.07.01,Producto,sémola con leche,incluido,"postres a base de leche de origen animal y no animal como flan, mousse, arroz con leche, sémola con leche, suspiro limeño, leche asada, etc"
01.1.4.07.01,Producto,suspiro limeño,incluido,"postres a base de leche de origen animal y no animal como flan, mousse, arroz con leche, sémola con leche, suspiro limeño, leche asada, etc"
01.1.4.07.01,Producto,leche asada,incluido,"postres a base de leche de origen animal y no animal como flan, mousse, arroz con leche, sémola con leche, suspiro limeño, leche asada, etc"
01.1.4.07.01,Producto,bebidas a base de leche de origen animal,incluido,"bebidas a base de leche de origen animal y no animal saborizadas y/o aromatizadas con cacao, café u otras sustancias tales como frutilla, vainilla, plátano, mora, etc"
01.1.4.07.01,Producto,o aromatizadas con cacao,incluido,"bebidas a base de leche de origen animal y no animal saborizadas y/o aromatizadas con cacao, café u otras sustancias tales como frutilla, vainilla, plátano, mora, etc"
01.1.4.07.01,Producto,café,incluido,"bebidas a base de leche de origen animal y no animal saborizadas y/o aromatizadas con cacao, café u otras sustancias tales como frutilla, vainilla, plátano, mora, etc"
01.1.4.07.01,Producto,otras sustancias,incluido,"bebidas a base de leche de origen animal y no animal saborizadas y/o aromatizadas con cacao, café u otras sustancias tales como frutilla, vainilla, plátano, mora, etc"
01.1.4.07.01,Producto,frutilla,incluido,"bebidas a base de leche de origen animal y no animal saborizadas y/o aromatizadas con cacao, café u otras sustancias tales como frutilla, vainilla, plátano, mora, etc"
01.1.4.07.01,Producto,vainilla,incluido,"bebidas a base de leche de origen animal y no animal saborizadas y/o aromatizadas con cacao, café u otras sustancias tales como frutilla, vainilla, plátano, mora, etc"
01.1.4.07.01,Producto,plátano,incluido,"bebidas a base de leche de origen animal y no animal saborizadas y/o aromatizadas con cacao, café u otras sustancias tales como frutilla, vainilla, plátano, mora, etc"
01.1.4.07.01,Producto,mora,incluido,"bebidas a base de leche de origen animal y no animal saborizadas y/o aromatizadas con cacao, café u otras sustancias tales como frutilla, vainilla, plátano, mora, etc"
01.1.4.07.01,Producto,bebidas lácteas sin probióticos,incluido,bebidas lácteas sin probióticos
01.1.4.07.01,Producto,pudines,incluido,pudines/budines a base de leche de origen animal y no animal; panna cotta; crème brûlée y crema catalana
01.1.4.07.01,Producto,budines a base de leche de origen animal,incluido,pudines/budines a base de leche de origen animal y no animal; panna cotta; crème brûlée y crema catalana
01.1.4.07.01,Producto,panna cotta,incluido,pudines/budines a base de leche de origen animal y no animal; panna cotta; crème brûlée y crema catalana
01.1.4.07.01,Producto,crème brûlée,incluido,pudines/budines a base de leche de origen animal y no animal; panna cotta; crème brûlée y crema catalana
01.1.4.07.01,Producto,crema catalana,incluido,pudines/budines a base de leche de origen animal y no animal; panna cotta; crème brûlée y crema catalana
01.1.8.03.04,Producto,postres no lácteos preparados,excluido,postres no lácteos preparados (01.1.8.03.04)
01.1.9.09.04,Producto,postres en polvo,excluido,postres en polvo (01.1.9.09.04)
01.1.4.07.02,Producto,bebidas lácteas con probióticos,incluido,"bebidas lácteas con probióticos y/o lactobacilos, postres de queso con probióticos, postres con lactobacilos"
01.1.4.07.02,Producto,o lactobacilos,incluido,"bebidas lácteas con probióticos y/o lactobacilos, postres de queso con probióticos, postres con lactobacilos"
01.1.4.07.02,Producto,postres de queso con probióticos,incluido,"bebidas lácteas con probióticos y/o lactobacilos, postres de queso con probióticos, postres con lactobacilos"
01.1.4.07.02,Producto,postres con lactobacilos,incluido,"bebidas lácteas con probióticos y/o lactobacilos, postres de queso con probióticos, postres con lactobacilos"
01.1.4.08.00,Subclase,huevos frescos de gallina,incluido,huevos frescos de gallina y otras aves
01.1.4.08.00,Subclase,otras aves,incluido,huevos frescos de gallina y otras aves
01.1.4.08.00,Subclase,huevos frescos de otros animales,incluido,"huevos frescos de otros animales, incluidos los huevos de tortuga"
01.1.4.08.00,Subclase,huevos con cáscara,incluido,"huevos con cáscara o no, conservados o cocidos"
01.1.4.08.00,Subclase,conservados,incluido,"huevos con cáscara o no, conservados o cocidos"
01.1.4.08.00,Subclase,yemas de huevo frescas,incluido,yemas de huevo frescas o en conserva
01.1.4.08.00,Subclase,albúmina de huevo,incluido,albúmina de huevo o clara de huevo deshidratada
01.1.4.08.00,Subclase,clara de huevo deshidratada,incluido,albúmina de huevo o clara de huevo deshidratada
01.1.3.07.01,Producto,huevas de pescado,excluido,huevas de pescado (01.1.3.07.01)
01.1.9.01.00,Subclase,tortillas,excluido,"tortillas, crepes y otros productos alimenticios procesados a base de huevos (01.1.9.01.00)"
01.1.9.01.00,Subclase,crepes,excluido,"tortillas, crepes y otros productos alimenticios procesados a base de huevos (01.1.9.01.00)"
01.1.9.01.00,Subclase,otros productos alimenticios procesados a base de huevos,excluido,"tortillas, crepes y otros productos alimenticios procesados a base de huevos (01.1.9.01.00)"
01.1.4.08.01,Producto,huevos de gallina frescos,incluido,"huevos de gallina frescos y con cáscara, blancos o de color"
01.1.4.08.02,Producto,huevos de otras aves,incluido,"huevos de otras aves, frescos y con cáscara, de codorniz, tórtola, avestruz, etc"
01.1.4.08.02,Producto,tórtola,incluido,"huevos de otras aves, frescos y con cáscara, de codorniz, tórtola, avestruz, etc"
01.1.4.08.02,Producto,avestruz,incluido,"huevos de otras aves, frescos y con cáscara, de codorniz, tórtola, avestruz, etc"
01.1.4.08.02,Producto,huevos de otros animales,incluido,"huevos de otros animales, frescos y con cáscara, incluidos los huevos de tortuga"
01.1.4.08.03,Producto,huevos conservados,incluido,huevos conservados o cocidos de gallina y otros animales con cáscara o no
01.1.4.08.03,Producto,cocidos de gallina,incluido,huevos conservados o cocidos de gallina y otros animales con cáscara o no
01.1.4.08.03,Producto,otros animales con cáscara,incluido,huevos conservados o cocidos de gallina y otros animales con cáscara o no
01.1.4.08.03,Producto,yemas de huevo frescas,incluido,yemas de huevo frescas o en conserva
01.1.4.08.03,Producto,albúmina de huevo,incluido,albúmina de huevo o clara de huevo deshidratada
01.1.4.08.03,Producto,clara de huevo deshidratada,incluido,albúmina de huevo o clara de huevo deshidratada
01.1.4.08.03,Producto,huevos en polvo,incluido,"huevos en polvo, huevos pasteurizados"
01.1.4.08.03,Producto,huevos pasteurizados,incluido,"huevos en polvo, huevos pasteurizados"
01.1.4.09.00,Subclase,suero de leche de la producción de queso (whey),incluido,suero de leche de la producción de queso (whey) y caseína
01.1.4.09.00,Subclase,caseína,incluido,suero de leche de la producción de queso (whey) y caseína
01.1.4.09.00,Subclase,otros productos derivados de la composición de la leche,incluido,"otros productos derivados de la composición de la leche, concentrados de proteínas de leche y productos obtenidos a partir de suero de leche"
01.1.4.09.00,Subclase,concentrados de proteínas de leche,incluido,"otros productos derivados de la composición de la leche, concentrados de proteínas de leche y productos obtenidos a partir de suero de leche"
01.1.4.09.00,Subclase,productos obtenidos a partir de suero de leche,incluido,"otros productos derivados de la composición de la leche, concentrados de proteínas de leche y productos obtenidos a partir de suero de leche"
01.1.5.02.00,Subclase,mantequilla,excluido,mantequilla y otras grasas y aceites derivados de la leche (01.1.5.02.00)
01.1.5.02.00,Subclase,otras grasas,excluido,mantequilla y otras grasas y aceites derivados de la leche (01.1.5.02.00)
01.1.5.02.00,Subclase,aceites derivados de la leche,excluido,mantequilla y otras grasas y aceites derivados de la leche (01.1.5.02.00)
01.1.8.06.00,Subclase,helado,excluido,helado (01.1.8.06.00)
01.1.4.09.01,Producto,suero de leche de la producción de queso (whey),incluido,suero de leche de la producción de queso (whey) y caseína
01.1.4.09.01,Producto,caseína,incluido,suero de leche de la producción de queso (whey) y caseína
01.1.4.09.01,Producto,otros productos derivados de la composición de la leche,incluido,"otros productos derivados de la composición de la leche, concentrados de proteínas de leche y productos obtenidos a partir de suero de leche"
01.1.4.09.01,Producto,concentrados de proteínas de leche,incluido,"otros productos derivados de la composición de la leche, concentrados de proteínas de leche y productos obtenidos a partir de suero de leche"
01.1.4.09.01,Producto,productos obtenidos a partir de suero de leche,incluido,"otros productos derivados de la composición de la leche, concentrados de proteínas de leche y productos obtenidos a partir de suero de leche"
01.1.5.01.00,Subclase,aceite de semillas de girasol,incluido,aceite de semillas de girasol y aceite de cártamo
01.1.5.01.00,Subclase,aceite de cártamo,incluido,aceite de semillas de girasol y aceite de cártamo
01.1.5.01.00,Subclase,aceite de palma,incluido,aceite de palma
01.1.5.01.00,Subclase,aceite de oliva,incluido,aceite de oliva
01.1.5.01.00,Subclase,aceite de soja,incluido,aceite de soja
01.1.5.01.00,Subclase,aceite de maní (cacahuate),incluido,aceite de maní (cacahuate)
01.1.5.01.00,Subclase,aceite de colza,incluido,aceite de colza y aceite mostaza
01.1.5.01.00,Subclase,aceite mostaza,incluido,aceite de colza y aceite mostaza
01.1.5.01.00,Subclase,aceite de maíz,incluido,aceite de maíz
01.1.5.01.00,Subclase,aceite de algodón,incluido,aceite de algodón
01.1.5.01.00,Subclase,otros aceites de origen vegetal,incluido,otros aceites de origen vegetal
01.1.5.01.00,Subclase,aceite de coco,incluido,aceite de coco
01.1.5.01.00,Subclase,aceite de palta (aguacate),incluido,aceite de palta (aguacate)
01.1.5.01.00,Subclase,aceite de salvado de arroz,incluido,aceite de salvado de arroz
01.1.5.01.01,Producto,aceite vegetal,incluido,"aceite vegetal, aceite de maravilla, aceite de maíz, aceite de pepitas de uva, aceite de semillas de girasol y aceite de cártamo, aceite de palma, aceite de soja, aceite de maní (cacahuate), aceite de colza y aceite de mostaza, aceite de algodón, aceite de coco, aceite de palta (aguacate), aceite de salvado de arroz, otros aceites de tipo vegetal, de fruta o semilla"
01.1.5.01.01,Producto,aceite de maravilla,incluido,"aceite vegetal, aceite de maravilla, aceite de maíz, aceite de pepitas de uva, aceite de semillas de girasol y aceite de cártamo, aceite de palma, aceite de soja, aceite de maní (cacahuate), aceite de colza y aceite de mostaza, aceite de algodón, aceite de coco, aceite de palta (aguacate), aceite de salvado de arroz, otros aceites de tipo vegetal, de fruta o semilla"
01.1.5.01.01,Producto,aceite de maíz,incluido,"aceite vegetal, aceite de maravilla, aceite de maíz, aceite de pepitas de uva, aceite de semillas de girasol y aceite de cártamo, aceite de palma, aceite de soja, aceite de maní (cacahuate), aceite de colza y aceite de mostaza, aceite de algodón, aceite de coco, aceite de palta (aguacate), aceite de salvado de arroz, otros aceites de tipo vegetal, de fruta o semilla"
01.1.5.01.01,Producto,aceite de pepitas de uva,incluido,"aceite vegetal, aceite de maravilla, aceite de maíz, aceite de pepitas de uva, aceite de semillas de girasol y aceite de cártamo, aceite de palma, aceite de soja, aceite de maní (cacahuate), aceite de colza y aceite de mostaza, aceite de algodón, aceite de coco, aceite de palta (aguacate), aceite de salvado de arroz, otros aceites de tipo vegetal, de fruta o semilla"
01.1.5.01.01,Producto,aceite de semillas de girasol,incluido,"aceite vegetal, aceite de maravilla, aceite de maíz, aceite de pepitas de uva, aceite de semillas de girasol y aceite de cártamo, aceite de palma, aceite de soja, aceite de maní (cacahuate), aceite de colza y aceite de mostaza, aceite de algodón, aceite de coco, aceite de palta (aguacate), aceite de salvado de arroz, otros aceites de tipo vegetal, de fruta o semilla"
01.1.5.01.01,Producto,aceite de cártamo,incluido,"aceite vegetal, aceite de maravilla, aceite de maíz, aceite de pepitas de uva, aceite de semillas de girasol y aceite de cártamo, aceite de palma, aceite de soja, aceite de maní (cacahuate), aceite de colza y aceite de mostaza, aceite de algodón, aceite de coco, aceite de palta (aguacate), aceite de salvado de arroz, otros aceites de tipo vegetal, de fruta o semilla"
01.1.5.01.01,Producto,aceite de palma,incluido,"aceite vegetal, aceite de maravilla, aceite de maíz, aceite de pepitas de uva, aceite de semillas de girasol y aceite de cártamo, aceite de palma, aceite de soja, aceite de maní (cacahuate), aceite de colza y aceite de mostaza, aceite de algodón, aceite de coco, aceite de palta (aguacate), aceite de salvado de arroz, otros aceites de tipo vegetal, de fruta o semilla"
01.1.5.01.01,Producto,aceite de soja,incluido,"aceite vegetal, aceite de maravilla, aceite de maíz, aceite de pepitas de uva, aceite de semillas de girasol y aceite de cártamo, aceite de palma, aceite de soja, aceite de maní (cacahuate), aceite de colza y aceite de mostaza, aceite de algodón, aceite de coco, aceite de palta (aguacate), aceite de salvado de arroz, otros aceites de tipo vegetal, de fruta o semilla"
01.1.5.01.01,Producto,aceite de maní (cacahuate),incluido,"aceite vegetal, aceite de maravilla, aceite de maíz, aceite de pepitas de uva, aceite de semillas de girasol y aceite de cártamo, aceite de palma, aceite de soja, aceite de maní (cacahuate), aceite de colza y aceite de mostaza, aceite de algodón, aceite de coco, aceite de palta (aguacate), aceite de salvado de arroz, otros aceites de tipo vegetal, de fruta o semilla"
01.1.5.01.01,Producto,aceite de colza,incluido,"aceite vegetal, aceite de maravilla, aceite de maíz, aceite de pepitas de uva, aceite de semillas de girasol y aceite de cártamo, aceite de palma, aceite de soja, aceite de maní (cacahuate), aceite de colza y aceite de mostaza, aceite de algodón, aceite de coco, aceite de palta (aguacate), aceite de salvado de arroz, otros aceites de tipo vegetal, de fruta o semilla"
01.1.5.01.01,Producto,aceite de mostaza,incluido,"aceite vegetal, aceite de maravilla, aceite de maíz, aceite de pepitas de uva, aceite de semillas de girasol y aceite de cártamo, aceite de palma, aceite de soja, aceite de maní (cacahuate), aceite de colza y aceite de mostaza, aceite de algodón, aceite de coco, aceite de palta (aguacate), aceite de salvado de arroz, otros aceites de tipo vegetal, de fruta o semilla"
01.1.5.01.01,Producto,aceite de algodón,incluido,"aceite vegetal, aceite de maravilla, aceite de maíz, aceite de pepitas de uva, aceite de semillas de girasol y aceite de cártamo, aceite de palma, aceite de soja, aceite de maní (cacahuate), aceite de colza y aceite de mostaza, aceite de algodón, aceite de coco, aceite de palta (aguacate), aceite de salvado de arroz, otros aceites de tipo vegetal, de fruta o semilla"
01.1.5.01.01,Producto,aceite de coco,incluido,"aceite vegetal, aceite de maravilla, aceite de maíz, aceite de pepitas de uva, aceite de semillas de girasol y aceite de cártamo, aceite de palma, aceite de soja, aceite de maní (cacahuate), aceite de colza y aceite de mostaza, aceite de algodón, aceite de coco, aceite de palta (aguacate), aceite de salvado de arroz, otros aceites de tipo vegetal, de fruta o semilla"
01.1.5.01.01,Producto,aceite de palta (aguacate),incluido,"aceite vegetal, aceite de maravilla, aceite de maíz, aceite de pepitas de uva, aceite de semillas de girasol y aceite de cártamo, aceite de palma, aceite de soja, aceite de maní (cacahuate), aceite de colza y aceite de mostaza, aceite de algodón, aceite de coco, aceite de palta (aguacate), aceite de salvado de arroz, otros aceites de tipo vegetal, de fruta o semilla"
01.1.5.01.01,Producto,aceite de salvado de arroz,incluido,"aceite vegetal, aceite de maravilla, aceite de maíz, aceite de pepitas de uva, aceite de semillas de girasol y aceite de cártamo, aceite de palma, aceite de soja, aceite de maní (cacahuate), aceite de colza y aceite de mostaza, aceite de algodón, aceite de coco, aceite de palta (aguacate), aceite de salvado de arroz, otros aceites de tipo vegetal, de fruta o semilla"
01.1.5.01.01,Producto,otros aceites de tipo vegetal,incluido,"aceite vegetal, aceite de maravilla, aceite de maíz, aceite de pepitas de uva, aceite de semillas de girasol y aceite de cártamo, aceite de palma, aceite de soja, aceite de maní (cacahuate), aceite de colza y aceite de mostaza, aceite de algodón, aceite de coco, aceite de palta (aguacate), aceite de salvado de arroz, otros aceites de tipo vegetal, de fruta o semilla"
01.1.5.01.01,Producto,semilla,incluido,"aceite vegetal, aceite de maravilla, aceite de maíz, aceite de pepitas de uva, aceite de semillas de girasol y aceite de cártamo, aceite de palma, aceite de soja, aceite de maní (cacahuate), aceite de colza y aceite de mostaza, aceite de algodón, aceite de coco, aceite de palta (aguacate), aceite de salvado de arroz, otros aceites de tipo vegetal, de fruta o semilla"
01.1.5.01.02,Producto,aceite de oliva,excluido,aceite de oliva (01.1.5.01.02)
01.1.5.01.02,Producto,aceite de oliva,incluido,aceite de oliva
01.1.5.01.03,Producto,manteca vegetal,incluido,manteca vegetal
01.1.5.02.00,Subclase,mantequilla,incluido,mantequilla
01.1.5.02.00,Subclase,aceite de mantequilla,incluido,aceite de mantequilla
01.1.5.02.00,Subclase,ghee,incluido,ghee o mantequilla clarificada
01.1.5.02.00,Subclase,mantequilla clarificada,incluido,ghee o mantequilla clarificada
01.1.5.02.01,Producto,mantequilla de leche con,incluido,mantequilla de leche con o sin sal
01.1.8.04.01,Producto,mantequilla de maní,excluido,mantequilla de maní (01.1.8.04.01)
01.1.5.02.02,Producto,aceite de mantequilla,incluido,"aceite de mantequilla, ghee o mantequilla clarificada, otras grasas y aceites derivados de la leche si se consumen con fines alimenticios"
01.1.5.02.02,Producto,ghee,incluido,"aceite de mantequilla, ghee o mantequilla clarificada, otras grasas y aceites derivados de la leche si se consumen con fines alimenticios"
01.1.5.02.02,Producto,mantequilla clarificada,incluido,"aceite de mantequilla, ghee o mantequilla clarificada, otras grasas y aceites derivados de la leche si se consumen con fines alimenticios"
01.1.5.02.02,Producto,otras grasas,incluido,"aceite de mantequilla, ghee o mantequilla clarificada, otras grasas y aceites derivados de la leche si se consumen con fines alimenticios"
01.1.5.02.02,Producto,aceites derivados de la leche si se consumen con fines alimenticios,incluido,"aceite de mantequilla, ghee o mantequilla clarificada, otras grasas y aceites derivados de la leche si se consumen con fines alimenticios"
01.1.5.03.00,Subclase,margarina,incluido,margarina
01.1.5.03.00,Subclase,margarina dietética,incluido,margarina dietética
01.1.5.03.01,Producto,margarina,incluido,"margarina, margarina vegetal, margarinas dietéticas"
01.1.5.03.01,Producto,margarina vegetal,incluido,"margarina, margarina vegetal, margarinas dietéticas"
01.1.5.03.01,Producto,margarinas dietéticas,incluido,"margarina, margarina vegetal, margarinas dietéticas"
01.1.5.09.00,Subclase,grasas de cerdo,incluido,grasas de cerdo y manteca de cerdo (puede incluir hierbas u otras especias)
01.1.5.09.00,Subclase,manteca de cerdo (puede incluir hierbas u otras especias),incluido,grasas de cerdo y manteca de cerdo (puede incluir hierbas u otras especias)
01.1.5.09.00,Subclase,grasas de bovinos,incluido,"grasas de bovinos, búfalos, ovejas, cabras, aves de corral"
01.1.5.09.00,Subclase,búfalos,incluido,"grasas de bovinos, búfalos, ovejas, cabras, aves de corral"
01.1.5.09.00,Subclase,ovejas,incluido,"grasas de bovinos, búfalos, ovejas, cabras, aves de corral"
01.1.5.09.00,Subclase,cabras,incluido,"grasas de bovinos, búfalos, ovejas, cabras, aves de corral"
01.1.5.09.00,Subclase,aves de corral,incluido,"grasas de bovinos, búfalos, ovejas, cabras, aves de corral"
01.1.5.09.00,Subclase,grasas de chicharrones,incluido,grasas de chicharrones y primeros jugos (oleo stock)
01.1.5.09.00,Subclase,primeros jugos (oleo stock),incluido,grasas de chicharrones y primeros jugos (oleo stock)
01.1.5.09.00,Subclase,grasas,incluido,grasas y aceites de pescado
01.1.5.09.00,Subclase,aceites de pescado,incluido,grasas y aceites de pescado
06.1.1.01.00,Subclase,aceite de hígado de bacalao,excluido,aceite de hígado de bacalao o halibut (06.1.1.01.00)
06.1.1.01.00,Subclase,halibut,excluido,aceite de hígado de bacalao o halibut (06.1.1.01.00)
01.1.5.09.01,Producto,aceite de todo tipo de animales,incluido,"aceite de todo tipo de animales, aceite de manteca de cerdo, aceite de pescado, primeros jugos (oleo stock), etc"
01.1.5.09.01,Producto,aceite de manteca de cerdo,incluido,"aceite de todo tipo de animales, aceite de manteca de cerdo, aceite de pescado, primeros jugos (oleo stock), etc"
01.1.5.09.01,Producto,aceite de pescado,incluido,"aceite de todo tipo de animales, aceite de manteca de cerdo, aceite de pescado, primeros jugos (oleo stock), etc"
01.1.5.09.01,Producto,primeros jugos (oleo stock),incluido,"aceite de todo tipo de animales, aceite de manteca de cerdo, aceite de pescado, primeros jugos (oleo stock), etc"
01.1.5.09.02,Producto,manteca de grasa de cerdo,incluido,manteca de grasa de cerdo u otro animal (puede incluir hierbas u otras especias)
01.1.5.09.02,Producto,otro animal (puede incluir hierbas u otras especias),incluido,manteca de grasa de cerdo u otro animal (puede incluir hierbas u otras especias)
01.1.5.09.99,Producto,grasas de bovinos,incluido,"grasas de bovinos, búfalos, ovejas, cabras y aves de corral"
01.1.5.09.99,Producto,búfalos,incluido,"grasas de bovinos, búfalos, ovejas, cabras y aves de corral"
01.1.5.09.99,Producto,ovejas,incluido,"grasas de bovinos, búfalos, ovejas, cabras y aves de corral"
01.1.5.09.99,Producto,cabras,incluido,"grasas de bovinos, búfalos, ovejas, cabras y aves de corral"
01.1.5.09.99,Producto,aves de corral,incluido,"grasas de bovinos, búfalos, ovejas, cabras y aves de corral"
01.1.5.09.99,Producto,grasas de chicharrones,incluido,"grasas de chicharrones, grasas de pescado"
01.1.5.09.99,Producto,grasas de pescado,incluido,"grasas de chicharrones, grasas de pescado"
01.1.5.09.01,Producto,aceite de pescado,excluido,aceite de pescado (01.1.5.09.01)
01.1.6.01.00,Subclase,dátiles frescos,incluido,dátiles frescos
01.1.6.01.00,Subclase,higos frescos,incluido,higos frescos
01.1.6.01.00,Subclase,paltas (aguacates) frescas,incluido,paltas (aguacates) frescas
01.1.6.01.00,Subclase,plátanos frescos,incluido,plátanos frescos
01.1.6.01.00,Subclase,mangos,incluido,"mangos, guayabas y mangostanes frescos"
01.1.6.01.00,Subclase,guayabas,incluido,"mangos, guayabas y mangostanes frescos"
01.1.6.01.00,Subclase,mangostanes frescos,incluido,"mangos, guayabas y mangostanes frescos"
01.1.6.01.00,Subclase,papayas frescas,incluido,papayas frescas
01.1.6.01.00,Subclase,piñas frescas,incluido,piñas frescas
01.1.6.01.00,Subclase,cocos frescos,incluido,cocos frescos
01.1.6.01.00,Subclase,frutas del árbol del pan (breadfruits),incluido,frutas del árbol del pan (breadfruits)
01.1.6.01.00,Subclase,otras frutas tropicales,incluido,"otras frutas tropicales y subtropicales, frescas"
01.1.6.01.00,Subclase,subtropicales,incluido,"otras frutas tropicales y subtropicales, frescas"
01.1.7.05.02,Producto,plátanos,excluido,plátanos y bananas para cocinar (01.1.7.05.02)
01.1.7.05.02,Producto,bananas para cocinar,excluido,plátanos y bananas para cocinar (01.1.7.05.02)
01.1.6.01.01,Producto,plátanos,incluido,"plátanos y bananas, frescas"
01.1.6.01.01,Producto,bananas,incluido,"plátanos y bananas, frescas"
01.1.6.01.02,Producto,mangos frescos en todas sus variedades,incluido,"mangos frescos en todas sus variedades o denominaciones, por ejemplo, mango de hilachas, Thompson, bocao, melocotón"
01.1.6.01.02,Producto,mango de hilachas,incluido,"mangos frescos en todas sus variedades o denominaciones, por ejemplo, mango de hilachas, Thompson, bocao, melocotón"
01.1.6.01.02,Producto,Thompson,incluido,"mangos frescos en todas sus variedades o denominaciones, por ejemplo, mango de hilachas, Thompson, bocao, melocotón"
01.1.6.01.02,Producto,bocao,incluido,"mangos frescos en todas sus variedades o denominaciones, por ejemplo, mango de hilachas, Thompson, bocao, melocotón"
01.1.6.01.02,Producto,melocotón,incluido,"mangos frescos en todas sus variedades o denominaciones, por ejemplo, mango de hilachas, Thompson, bocao, melocotón"
01.1.6.01.03,Producto,piñas (ananás) frescas en todas sus variedades,incluido,"piñas (ananás) frescas en todas sus variedades o denominaciones, por ejemplo, hilo, red spanish, Pernambuco"
01.1.6.01.03,Producto,hilo,incluido,"piñas (ananás) frescas en todas sus variedades o denominaciones, por ejemplo, hilo, red spanish, Pernambuco"
01.1.6.01.03,Producto,red spanish,incluido,"piñas (ananás) frescas en todas sus variedades o denominaciones, por ejemplo, hilo, red spanish, Pernambuco"
01.1.6.01.03,Producto,Pernambuco,incluido,"piñas (ananás) frescas en todas sus variedades o denominaciones, por ejemplo, hilo, red spanish, Pernambuco"
01.1.6.01.04,Producto,chirimoyas frescas en todas sus variedades,incluido,chirimoyas frescas en todas sus variedades o denominaciones
01.1.6.01.05,Producto,higos,incluido,"higos y brevas, frescos, en todas sus variedades o denominaciones"
01.1.6.01.05,Producto,brevas,incluido,"higos y brevas, frescos, en todas sus variedades o denominaciones"
01.1.6.01.06,Producto,papayas frescas en todas sus variedades,incluido,"papayas frescas en todas sus variedades o denominaciones, por ejemplo, chilena, carica"
01.1.6.01.06,Producto,chilena,incluido,"papayas frescas en todas sus variedades o denominaciones, por ejemplo, chilena, carica"
01.1.6.01.06,Producto,carica,incluido,"papayas frescas en todas sus variedades o denominaciones, por ejemplo, chilena, carica"
01.1.6.01.07,Producto,paltas (aguacates) frescas en todas sus variedades,incluido,"paltas (aguacates) frescas en todas sus variedades o denominaciones, por ejemplo, hass, negra de La Cruz, fuerte, edranol, bacón, torres, ettinger"
01.1.6.01.07,Producto,hass,incluido,"paltas (aguacates) frescas en todas sus variedades o denominaciones, por ejemplo, hass, negra de La Cruz, fuerte, edranol, bacón, torres, ettinger"
01.1.6.01.07,Producto,negra de La Cruz,incluido,"paltas (aguacates) frescas en todas sus variedades o denominaciones, por ejemplo, hass, negra de La Cruz, fuerte, edranol, bacón, torres, ettinger"
01.1.6.01.07,Producto,fuerte,incluido,"paltas (aguacates) frescas en todas sus variedades o denominaciones, por ejemplo, hass, negra de La Cruz, fuerte, edranol, bacón, torres, ettinger"
01.1.6.01.07,Producto,edranol,incluido,"paltas (aguacates) frescas en todas sus variedades o denominaciones, por ejemplo, hass, negra de La Cruz, fuerte, edranol, bacón, torres, ettinger"
01.1.6.01.07,Producto,bacón,incluido,"paltas (aguacates) frescas en todas sus variedades o denominaciones, por ejemplo, hass, negra de La Cruz, fuerte, edranol, bacón, torres, ettinger"
01.1.6.01.07,Producto,torres,incluido,"paltas (aguacates) frescas en todas sus variedades o denominaciones, por ejemplo, hass, negra de La Cruz, fuerte, edranol, bacón, torres, ettinger"
01.1.6.01.07,Producto,ettinger,incluido,"paltas (aguacates) frescas en todas sus variedades o denominaciones, por ejemplo, hass, negra de La Cruz, fuerte, edranol, bacón, torres, ettinger"
01.1.6.01.99,Producto,dátiles,incluido,"dátiles, guayabas y mangostanes, cocos, maracuyá, feijoa, frutas del árbol del pan (breadfruits), otras frutas tropicales y subtropicales, frescas"
01.1.6.01.99,Producto,guayabas,incluido,"dátiles, guayabas y mangostanes, cocos, maracuyá, feijoa, frutas del árbol del pan (breadfruits), otras frutas tropicales y subtropicales, frescas"
01.1.6.01.99,Producto,mangostanes,incluido,"dátiles, guayabas y mangostanes, cocos, maracuyá, feijoa, frutas del árbol del pan (breadfruits), otras frutas tropicales y subtropicales, frescas"
01.1.6.01.99,Producto,cocos,incluido,"dátiles, guayabas y mangostanes, cocos, maracuyá, feijoa, frutas del árbol del pan (breadfruits), otras frutas tropicales y subtropicales, frescas"
01.1.6.01.99,Producto,maracuyá,incluido,"dátiles, guayabas y mangostanes, cocos, maracuyá, feijoa, frutas del árbol del pan (breadfruits), otras frutas tropicales y subtropicales, frescas"
01.1.6.01.99,Producto,feijoa,incluido,"dátiles, guayabas y mangostanes, cocos, maracuyá, feijoa, frutas del árbol del pan (breadfruits), otras frutas tropicales y subtropicales, frescas"
01.1.6.01.99,Producto,frutas del árbol del pan (breadfruits),incluido,"dátiles, guayabas y mangostanes, cocos, maracuyá, feijoa, frutas del árbol del pan (breadfruits), otras frutas tropicales y subtropicales, frescas"
01.1.6.01.99,Producto,otras frutas tropicales,incluido,"dátiles, guayabas y mangostanes, cocos, maracuyá, feijoa, frutas del árbol del pan (breadfruits), otras frutas tropicales y subtropicales, frescas"
01.1.6.01.99,Producto,subtropicales,incluido,"dátiles, guayabas y mangostanes, cocos, maracuyá, feijoa, frutas del árbol del pan (breadfruits), otras frutas tropicales y subtropicales, frescas"
01.1.6.02.00,Subclase,naranjas frescas,incluido,naranjas frescas
01.1.6.02.00,Subclase,pomelos,incluido,"pomelos y toronjas, frescas"
01.1.6.02.00,Subclase,toronjas,incluido,"pomelos y toronjas, frescas"
01.1.6.02.00,Subclase,limones,incluido,"limones y limas, frescas"
01.1.6.02.00,Subclase,limas,incluido,"limones y limas, frescas"
01.1.6.02.00,Subclase,mandarinas,incluido,"mandarinas, tangerinas y clementinas, frescas"
01.1.6.02.00,Subclase,tangerinas,incluido,"mandarinas, tangerinas y clementinas, frescas"
01.1.6.02.00,Subclase,clementinas,incluido,"mandarinas, tangerinas y clementinas, frescas"
01.1.6.02.00,Subclase,otros cítricos frescos,incluido,otros cítricos frescos
01.1.6.02.01,Producto,pomelos,incluido,"pomelos y toronjas, frescas"
01.1.6.02.01,Producto,toronjas,incluido,"pomelos y toronjas, frescas"
01.1.6.02.02,Producto,naranjas frescas en todas sus variedades,incluido,naranjas frescas en todas sus variedades o denominaciones
01.1.6.02.03,Producto,mandarinas,incluido,"mandarinas, tangerinas y clementinas, frescas, en todas sus variedades o denominaciones"
01.1.6.02.03,Producto,tangerinas,incluido,"mandarinas, tangerinas y clementinas, frescas, en todas sus variedades o denominaciones"
01.1.6.02.03,Producto,clementinas,incluido,"mandarinas, tangerinas y clementinas, frescas, en todas sus variedades o denominaciones"
01.1.6.02.04,Producto,limones,incluido,"limones y limas, frescas, en todas sus variedades o denominaciones, por ejemplo, Pica, fino, eureka, lisbón, verna"
01.1.6.02.04,Producto,limas,incluido,"limones y limas, frescas, en todas sus variedades o denominaciones, por ejemplo, Pica, fino, eureka, lisbón, verna"
01.1.6.02.04,Producto,Pica,incluido,"limones y limas, frescas, en todas sus variedades o denominaciones, por ejemplo, Pica, fino, eureka, lisbón, verna"
01.1.6.02.04,Producto,fino,incluido,"limones y limas, frescas, en todas sus variedades o denominaciones, por ejemplo, Pica, fino, eureka, lisbón, verna"
01.1.6.02.04,Producto,eureka,incluido,"limones y limas, frescas, en todas sus variedades o denominaciones, por ejemplo, Pica, fino, eureka, lisbón, verna"
01.1.6.02.04,Producto,lisbón,incluido,"limones y limas, frescas, en todas sus variedades o denominaciones, por ejemplo, Pica, fino, eureka, lisbón, verna"
01.1.6.02.04,Producto,verna,incluido,"limones y limas, frescas, en todas sus variedades o denominaciones, por ejemplo, Pica, fino, eureka, lisbón, verna"
01.1.6.02.99,Producto,otras frutas cítricas frescas,incluido,otras frutas cítricas frescas
01.1.6.03.00,Subclase,manzanas frescas,incluido,manzanas frescas
01.1.6.03.00,Subclase,peras,incluido,"peras y membrillos, frescos"
01.1.6.03.00,Subclase,membrillos,incluido,"peras y membrillos, frescos"
01.1.6.03.00,Subclase,damascos (albaricoques) frescos,incluido,damascos (albaricoques) frescos
01.1.6.03.00,Subclase,cerezas,incluido,"cerezas y guindas, frescas"
01.1.6.03.00,Subclase,guindas,incluido,"cerezas y guindas, frescas"
01.1.6.03.00,Subclase,duraznos (melocotones),incluido,"duraznos (melocotones) y nectarinas, frescas"
01.1.6.03.00,Subclase,nectarinas,incluido,"duraznos (melocotones) y nectarinas, frescas"
01.1.6.03.00,Subclase,ciruelas,incluido,"ciruelas y endrinas, frescas"
01.1.6.03.00,Subclase,endrinas,incluido,"ciruelas y endrinas, frescas"
01.1.6.03.00,Subclase,otras frutas de cuesco,incluido,"otras frutas de cuesco y frutas de pepita, frescas"
01.1.6.03.00,Subclase,frutas de pepita,incluido,"otras frutas de cuesco y frutas de pepita, frescas"
01.1.6.03.01,Producto,manzanas frescas,incluido,"manzanas frescas, rojas y verdes, en todas sus variedades o denominaciones, por ejemplo, fuji, red delicious, golden delicious"
01.1.6.03.01,Producto,fuji,incluido,"manzanas frescas, rojas y verdes, en todas sus variedades o denominaciones, por ejemplo, fuji, red delicious, golden delicious"
01.1.6.03.01,Producto,red delicious,incluido,"manzanas frescas, rojas y verdes, en todas sus variedades o denominaciones, por ejemplo, fuji, red delicious, golden delicious"
01.1.6.03.01,Producto,golden delicious,incluido,"manzanas frescas, rojas y verdes, en todas sus variedades o denominaciones, por ejemplo, fuji, red delicious, golden delicious"
01.1.6.03.02,Producto,peras frescas en todas sus variedades,incluido,"peras frescas en todas sus variedades o denominaciones, por ejemplo, winter nelis, packham’s, beurre bosc, pera asiática, forelle"
01.1.6.03.02,Producto,winter nelis,incluido,"peras frescas en todas sus variedades o denominaciones, por ejemplo, winter nelis, packham’s, beurre bosc, pera asiática, forelle"
01.1.6.03.02,Producto,packham’s,incluido,"peras frescas en todas sus variedades o denominaciones, por ejemplo, winter nelis, packham’s, beurre bosc, pera asiática, forelle"
01.1.6.03.02,Producto,beurre bosc,incluido,"peras frescas en todas sus variedades o denominaciones, por ejemplo, winter nelis, packham’s, beurre bosc, pera asiática, forelle"
01.1.6.03.02,Producto,pera asiática,incluido,"peras frescas en todas sus variedades o denominaciones, por ejemplo, winter nelis, packham’s, beurre bosc, pera asiática, forelle"
01.1.6.03.02,Producto,forelle,incluido,"peras frescas en todas sus variedades o denominaciones, por ejemplo, winter nelis, packham’s, beurre bosc, pera asiática, forelle"
01.1.6.03.03,Producto,duraznos frescos,incluido,"duraznos frescos, en todas sus variedades o denominaciones, por ejemplo, conservero, pelados, con pelo"
01.1.6.03.03,Producto,conservero,incluido,"duraznos frescos, en todas sus variedades o denominaciones, por ejemplo, conservero, pelados, con pelo"
01.1.6.03.03,Producto,pelados,incluido,"duraznos frescos, en todas sus variedades o denominaciones, por ejemplo, conservero, pelados, con pelo"
01.1.6.03.04,Producto,ciruelas,incluido,"ciruelas y endrinas, frescas, en todas sus variedades o denominaciones, por ejemplo, damascena, Claudia, Mirabel, satsuma, amarillas"
01.1.6.03.04,Producto,endrinas,incluido,"ciruelas y endrinas, frescas, en todas sus variedades o denominaciones, por ejemplo, damascena, Claudia, Mirabel, satsuma, amarillas"
01.1.6.03.04,Producto,damascena,incluido,"ciruelas y endrinas, frescas, en todas sus variedades o denominaciones, por ejemplo, damascena, Claudia, Mirabel, satsuma, amarillas"
01.1.6.03.04,Producto,Claudia,incluido,"ciruelas y endrinas, frescas, en todas sus variedades o denominaciones, por ejemplo, damascena, Claudia, Mirabel, satsuma, amarillas"
01.1.6.03.04,Producto,Mirabel,incluido,"ciruelas y endrinas, frescas, en todas sus variedades o denominaciones, por ejemplo, damascena, Claudia, Mirabel, satsuma, amarillas"
01.1.6.03.04,Producto,satsuma,incluido,"ciruelas y endrinas, frescas, en todas sus variedades o denominaciones, por ejemplo, damascena, Claudia, Mirabel, satsuma, amarillas"
01.1.6.03.04,Producto,amarillas,incluido,"ciruelas y endrinas, frescas, en todas sus variedades o denominaciones, por ejemplo, damascena, Claudia, Mirabel, satsuma, amarillas"
01.1.6.03.05,Producto,damascos frescos en todas sus variedades,incluido,"damascos frescos en todas sus variedades o denominaciones, por ejemplo, albaricoque"
01.1.6.03.05,Producto,albaricoque,incluido,"damascos frescos en todas sus variedades o denominaciones, por ejemplo, albaricoque"
01.1.6.03.06,Producto,cerezas,incluido,"cerezas y guindas, frescas en todas sus variedades o denominaciones"
01.1.6.03.06,Producto,guindas,incluido,"cerezas y guindas, frescas en todas sus variedades o denominaciones"
01.1.6.03.06,Producto,frescas en todas sus variedades,incluido,"cerezas y guindas, frescas en todas sus variedades o denominaciones"
01.1.6.03.07,Producto,membrillos frescos en todas sus variedades,incluido,"membrillos frescos en todas sus variedades o denominaciones, por ejemplo, cydonia, chino"
01.1.6.03.07,Producto,cydonia,incluido,"membrillos frescos en todas sus variedades o denominaciones, por ejemplo, cydonia, chino"
01.1.6.03.07,Producto,chino,incluido,"membrillos frescos en todas sus variedades o denominaciones, por ejemplo, cydonia, chino"
01.1.6.03.99,Producto,nísperos,incluido,"nísperos y lúcumas, frescas"
01.1.6.03.99,Producto,lúcumas,incluido,"nísperos y lúcumas, frescas"
01.1.6.03.99,Producto,otras frutas de cuesco,incluido,otras frutas de cuesco o pepita frescas
01.1.6.03.99,Producto,pepita frescas,incluido,otras frutas de cuesco o pepita frescas
01.1.6.04.00,Subclase,grosellas,incluido,"grosellas y grosellas espinosas, frescas"
01.1.6.04.00,Subclase,grosellas espinosas,incluido,"grosellas y grosellas espinosas, frescas"
01.1.6.04.00,Subclase,frambuesas frescas,incluido,frambuesas frescas
01.1.6.04.00,Subclase,zarzamoras frescas,incluido,zarzamoras frescas
01.1.6.04.00,Subclase,moras,incluido,"moras y arándanos, frescos"
01.1.6.04.00,Subclase,arándanos,incluido,"moras y arándanos, frescos"
01.1.6.04.00,Subclase,frutillas (fresas) frescas,incluido,frutillas (fresas) frescas
01.1.6.04.00,Subclase,otras bayas frescas,incluido,otras bayas frescas
01.1.6.04.01,Producto,frutillas (fresas) frescas en todas sus variedades,incluido,"frutillas (fresas) frescas en todas sus variedades o denominaciones, por ejemplo, Douglas, camarosa, chilena"
01.1.6.04.01,Producto,Douglas,incluido,"frutillas (fresas) frescas en todas sus variedades o denominaciones, por ejemplo, Douglas, camarosa, chilena"
01.1.6.04.01,Producto,camarosa,incluido,"frutillas (fresas) frescas en todas sus variedades o denominaciones, por ejemplo, Douglas, camarosa, chilena"
01.1.6.04.01,Producto,chilena,incluido,"frutillas (fresas) frescas en todas sus variedades o denominaciones, por ejemplo, Douglas, camarosa, chilena"
01.1.6.04.02,Producto,moras,incluido,"moras y zarzamoras, frescas en todas sus variedades o denominaciones, por ejemplo, alba, negra, roja, pajarera"
01.1.6.04.02,Producto,zarzamoras,incluido,"moras y zarzamoras, frescas en todas sus variedades o denominaciones, por ejemplo, alba, negra, roja, pajarera"
01.1.6.04.02,Producto,frescas en todas sus variedades,incluido,"moras y zarzamoras, frescas en todas sus variedades o denominaciones, por ejemplo, alba, negra, roja, pajarera"
01.1.6.04.02,Producto,alba,incluido,"moras y zarzamoras, frescas en todas sus variedades o denominaciones, por ejemplo, alba, negra, roja, pajarera"
01.1.6.04.02,Producto,pajarera,incluido,"moras y zarzamoras, frescas en todas sus variedades o denominaciones, por ejemplo, alba, negra, roja, pajarera"
01.1.6.04.03,Producto,frambuesas frescas en todas sus variedades,incluido,"frambuesas frescas en todas sus variedades o denominaciones, por ejemplo, negra, roja, azul, amarilla"
01.1.6.04.03,Producto,azul,incluido,"frambuesas frescas en todas sus variedades o denominaciones, por ejemplo, negra, roja, azul, amarilla"
01.1.6.04.03,Producto,amarilla,incluido,"frambuesas frescas en todas sus variedades o denominaciones, por ejemplo, negra, roja, azul, amarilla"
01.1.6.04.04,Producto,arándanos frescos en todas sus variedades,incluido,"arándanos frescos en todas sus variedades o denominaciones, por ejemplo, negro, azul y rojo"
01.1.6.04.04,Producto,azul,incluido,"arándanos frescos en todas sus variedades o denominaciones, por ejemplo, negro, azul y rojo"
01.1.6.04.99,Producto,grosellas,incluido,"grosellas, murtas, murtillas, caquis o mancaquis, calafates y otras bayas, frescas"
01.1.6.04.99,Producto,murtas,incluido,"grosellas, murtas, murtillas, caquis o mancaquis, calafates y otras bayas, frescas"
01.1.6.04.99,Producto,murtillas,incluido,"grosellas, murtas, murtillas, caquis o mancaquis, calafates y otras bayas, frescas"
01.1.6.04.99,Producto,caquis,incluido,"grosellas, murtas, murtillas, caquis o mancaquis, calafates y otras bayas, frescas"
01.1.6.04.99,Producto,mancaquis,incluido,"grosellas, murtas, murtillas, caquis o mancaquis, calafates y otras bayas, frescas"
01.1.6.04.99,Producto,calafates,incluido,"grosellas, murtas, murtillas, caquis o mancaquis, calafates y otras bayas, frescas"
01.1.6.04.99,Producto,otras bayas,incluido,"grosellas, murtas, murtillas, caquis o mancaquis, calafates y otras bayas, frescas"
01.1.6.05.00,Subclase,uvas frescas,incluido,uvas frescas
01.1.6.05.00,Subclase,kiwis frescos,incluido,kiwis frescos
01.1.6.05.00,Subclase,melones calameños (cantaloupe),incluido,"melones calameños (cantaloupe) y otros melones, frescos"
01.1.6.05.00,Subclase,otros melones,incluido,"melones calameños (cantaloupe) y otros melones, frescos"
01.1.6.05.00,Subclase,sandías frescas,incluido,sandías frescas
01.1.6.05.00,Subclase,granadas frescas,incluido,granadas frescas
01.1.6.05.00,Subclase,otras frutas frescas n.c.p,incluido,otras frutas frescas n.c.p
01.1.6.05.01,Producto,granadas frescas en todas sus variedades,incluido,granadas frescas en todas sus variedades o denominaciones
01.1.6.05.02,Producto,uvas frescas en todas sus variedades,incluido,"uvas frescas en todas sus variedades o denominaciones, por ejemplo, Tudor, Thompson, Ruby, Rouge, Ribier, Exótica, Cería"
01.1.6.05.02,Producto,Tudor,incluido,"uvas frescas en todas sus variedades o denominaciones, por ejemplo, Tudor, Thompson, Ruby, Rouge, Ribier, Exótica, Cería"
01.1.6.05.02,Producto,Thompson,incluido,"uvas frescas en todas sus variedades o denominaciones, por ejemplo, Tudor, Thompson, Ruby, Rouge, Ribier, Exótica, Cería"
01.1.6.05.02,Producto,Ruby,incluido,"uvas frescas en todas sus variedades o denominaciones, por ejemplo, Tudor, Thompson, Ruby, Rouge, Ribier, Exótica, Cería"
01.1.6.05.02,Producto,Rouge,incluido,"uvas frescas en todas sus variedades o denominaciones, por ejemplo, Tudor, Thompson, Ruby, Rouge, Ribier, Exótica, Cería"
01.1.6.05.02,Producto,Ribier,incluido,"uvas frescas en todas sus variedades o denominaciones, por ejemplo, Tudor, Thompson, Ruby, Rouge, Ribier, Exótica, Cería"
01.1.6.05.02,Producto,Exótica,incluido,"uvas frescas en todas sus variedades o denominaciones, por ejemplo, Tudor, Thompson, Ruby, Rouge, Ribier, Exótica, Cería"
01.1.6.05.02,Producto,Cería,incluido,"uvas frescas en todas sus variedades o denominaciones, por ejemplo, Tudor, Thompson, Ruby, Rouge, Ribier, Exótica, Cería"
01.1.6.05.03,Producto,kiwis frescos en todas sus variedades,incluido,"kiwis frescos en todas sus variedades o denominaciones, por ejemplo, Hortgem Wha, Jin Li, Hortgem Rua, Abbott, Allison, Bruno"
01.1.6.05.03,Producto,Hortgem Wha,incluido,"kiwis frescos en todas sus variedades o denominaciones, por ejemplo, Hortgem Wha, Jin Li, Hortgem Rua, Abbott, Allison, Bruno"
01.1.6.05.03,Producto,Jin Li,incluido,"kiwis frescos en todas sus variedades o denominaciones, por ejemplo, Hortgem Wha, Jin Li, Hortgem Rua, Abbott, Allison, Bruno"
01.1.6.05.03,Producto,Hortgem Rua,incluido,"kiwis frescos en todas sus variedades o denominaciones, por ejemplo, Hortgem Wha, Jin Li, Hortgem Rua, Abbott, Allison, Bruno"
01.1.6.05.03,Producto,Abbott,incluido,"kiwis frescos en todas sus variedades o denominaciones, por ejemplo, Hortgem Wha, Jin Li, Hortgem Rua, Abbott, Allison, Bruno"
01.1.6.05.03,Producto,Allison,incluido,"kiwis frescos en todas sus variedades o denominaciones, por ejemplo, Hortgem Wha, Jin Li, Hortgem Rua, Abbott, Allison, Bruno"
01.1.6.05.03,Producto,Bruno,incluido,"kiwis frescos en todas sus variedades o denominaciones, por ejemplo, Hortgem Wha, Jin Li, Hortgem Rua, Abbott, Allison, Bruno"
01.1.6.05.04,Producto,melones frescos en todas sus variedades,incluido,"melones frescos en todas sus variedades o denominaciones, por ejemplo, calameño (cantaloupe), tuna, amarillo, piel de sapo, Galia"
01.1.6.05.04,Producto,calameño (cantaloupe),incluido,"melones frescos en todas sus variedades o denominaciones, por ejemplo, calameño (cantaloupe), tuna, amarillo, piel de sapo, Galia"
01.1.6.05.04,Producto,tuna,incluido,"melones frescos en todas sus variedades o denominaciones, por ejemplo, calameño (cantaloupe), tuna, amarillo, piel de sapo, Galia"
01.1.6.05.04,Producto,amarillo,incluido,"melones frescos en todas sus variedades o denominaciones, por ejemplo, calameño (cantaloupe), tuna, amarillo, piel de sapo, Galia"
01.1.6.05.04,Producto,piel de sapo,incluido,"melones frescos en todas sus variedades o denominaciones, por ejemplo, calameño (cantaloupe), tuna, amarillo, piel de sapo, Galia"
01.1.6.05.04,Producto,Galia,incluido,"melones frescos en todas sus variedades o denominaciones, por ejemplo, calameño (cantaloupe), tuna, amarillo, piel de sapo, Galia"
01.1.6.05.05,Producto,sandías (o melón de agua) frescas en todas sus variedades,incluido,"sandías (o melón de agua) frescas en todas sus variedades o denominaciones, por ejemplo, Melchora, Emperador, Majetic, Klondike"
01.1.6.05.05,Producto,Melchora,incluido,"sandías (o melón de agua) frescas en todas sus variedades o denominaciones, por ejemplo, Melchora, Emperador, Majetic, Klondike"
01.1.6.05.05,Producto,Emperador,incluido,"sandías (o melón de agua) frescas en todas sus variedades o denominaciones, por ejemplo, Melchora, Emperador, Majetic, Klondike"
01.1.6.05.05,Producto,Majetic,incluido,"sandías (o melón de agua) frescas en todas sus variedades o denominaciones, por ejemplo, Melchora, Emperador, Majetic, Klondike"
01.1.6.05.05,Producto,Klondike,incluido,"sandías (o melón de agua) frescas en todas sus variedades o denominaciones, por ejemplo, Melchora, Emperador, Majetic, Klondike"
01.1.6.05.06,Producto,tunas frescas en todas sus variedades,incluido,"tunas frescas en todas sus variedades o denominaciones, por ejemplo, morada, amarilla, verde, blanca"
01.1.6.05.06,Producto,morada,incluido,"tunas frescas en todas sus variedades o denominaciones, por ejemplo, morada, amarilla, verde, blanca"
01.1.6.05.06,Producto,amarilla,incluido,"tunas frescas en todas sus variedades o denominaciones, por ejemplo, morada, amarilla, verde, blanca"
01.1.6.05.07,Producto,pepinos dulces (pepino melón o pera melón) frescos en todas sus variedades,incluido,pepinos dulces (pepino melón o pera melón) frescos en todas sus variedades o denominaciones
01.1.7.02.03,Producto,pepinos (hortalizas),excluido,pepinos (hortalizas) (01.1.7.02.03)
01.1.6.05.88,Producto,frutas frescas cuyo gasto no es posible desglosar,incluido,frutas frescas cuyo gasto no es posible desglosar
01.1.6.05.99,Producto,copaos frescos,incluido,copaos frescos y otras frutas frescas n.c.p
01.1.6.05.99,Producto,otras frutas frescas n.c.p,incluido,copaos frescos y otras frutas frescas n.c.p
01.1.6.06.01,Producto,frutas congeladas,incluido,"frutas congeladas, crudas o cocidas, incluidas aquellas con azúcar añadida u otro edulcorante, mix de frutos congelados, frutillas congeladas, frambuesas congeladas, arándanos congelados, moras congeladas y otras frutas congeladas"
01.1.6.06.01,Producto,otro edulcorante,incluido,"frutas congeladas, crudas o cocidas, incluidas aquellas con azúcar añadida u otro edulcorante, mix de frutos congelados, frutillas congeladas, frambuesas congeladas, arándanos congelados, moras congeladas y otras frutas congeladas"
01.1.6.06.01,Producto,mix de frutos congelados,incluido,"frutas congeladas, crudas o cocidas, incluidas aquellas con azúcar añadida u otro edulcorante, mix de frutos congelados, frutillas congeladas, frambuesas congeladas, arándanos congelados, moras congeladas y otras frutas congeladas"
01.1.6.06.01,Producto,frutillas congeladas,incluido,"frutas congeladas, crudas o cocidas, incluidas aquellas con azúcar añadida u otro edulcorante, mix de frutos congelados, frutillas congeladas, frambuesas congeladas, arándanos congelados, moras congeladas y otras frutas congeladas"
01.1.6.06.01,Producto,frambuesas congeladas,incluido,"frutas congeladas, crudas o cocidas, incluidas aquellas con azúcar añadida u otro edulcorante, mix de frutos congelados, frutillas congeladas, frambuesas congeladas, arándanos congelados, moras congeladas y otras frutas congeladas"
01.1.6.06.01,Producto,arándanos congelados,incluido,"frutas congeladas, crudas o cocidas, incluidas aquellas con azúcar añadida u otro edulcorante, mix de frutos congelados, frutillas congeladas, frambuesas congeladas, arándanos congelados, moras congeladas y otras frutas congeladas"
01.1.6.06.01,Producto,moras congeladas,incluido,"frutas congeladas, crudas o cocidas, incluidas aquellas con azúcar añadida u otro edulcorante, mix de frutos congelados, frutillas congeladas, frambuesas congeladas, arándanos congelados, moras congeladas y otras frutas congeladas"
01.1.6.06.01,Producto,otras frutas congeladas,incluido,"frutas congeladas, crudas o cocidas, incluidas aquellas con azúcar añadida u otro edulcorante, mix de frutos congelados, frutillas congeladas, frambuesas congeladas, arándanos congelados, moras congeladas y otras frutas congeladas"
01.1.6.07.00,Subclase,pasas,incluido,pasas
01.1.6.07.00,Subclase,ciruelas deshidratadas,incluido,ciruelas deshidratadas
01.1.6.07.00,Subclase,damascos deshidratados (albaricoques deshidratados),incluido,damascos deshidratados (albaricoques deshidratados)
01.1.6.07.00,Subclase,cocos deshidratados,incluido,cocos deshidratados
01.1.6.07.00,Subclase,otras frutas secas,incluido,otras frutas secas
01.1.6.07.01,Producto,pasas,incluido,"pasas, ciruelas deshidratadas, damascos deshidratados (albaricoques deshidratados), cocos deshidratados, duraznos deshidratados (huesillos), higos deshidratados, manzanas deshidratadas, peras deshidratadas, piñas deshidratadas y otras frutas deshidratadas o desecadas"
01.1.6.07.01,Producto,ciruelas deshidratadas,incluido,"pasas, ciruelas deshidratadas, damascos deshidratados (albaricoques deshidratados), cocos deshidratados, duraznos deshidratados (huesillos), higos deshidratados, manzanas deshidratadas, peras deshidratadas, piñas deshidratadas y otras frutas deshidratadas o desecadas"
01.1.6.07.01,Producto,damascos deshidratados (albaricoques deshidratados),incluido,"pasas, ciruelas deshidratadas, damascos deshidratados (albaricoques deshidratados), cocos deshidratados, duraznos deshidratados (huesillos), higos deshidratados, manzanas deshidratadas, peras deshidratadas, piñas deshidratadas y otras frutas deshidratadas o desecadas"
01.1.6.07.01,Producto,cocos deshidratados,incluido,"pasas, ciruelas deshidratadas, damascos deshidratados (albaricoques deshidratados), cocos deshidratados, duraznos deshidratados (huesillos), higos deshidratados, manzanas deshidratadas, peras deshidratadas, piñas deshidratadas y otras frutas deshidratadas o desecadas"
01.1.6.07.01,Producto,duraznos deshidratados (huesillos),incluido,"pasas, ciruelas deshidratadas, damascos deshidratados (albaricoques deshidratados), cocos deshidratados, duraznos deshidratados (huesillos), higos deshidratados, manzanas deshidratadas, peras deshidratadas, piñas deshidratadas y otras frutas deshidratadas o desecadas"
01.1.6.07.01,Producto,higos deshidratados,incluido,"pasas, ciruelas deshidratadas, damascos deshidratados (albaricoques deshidratados), cocos deshidratados, duraznos deshidratados (huesillos), higos deshidratados, manzanas deshidratadas, peras deshidratadas, piñas deshidratadas y otras frutas deshidratadas o desecadas"
01.1.6.07.01,Producto,manzanas deshidratadas,incluido,"pasas, ciruelas deshidratadas, damascos deshidratados (albaricoques deshidratados), cocos deshidratados, duraznos deshidratados (huesillos), higos deshidratados, manzanas deshidratadas, peras deshidratadas, piñas deshidratadas y otras frutas deshidratadas o desecadas"
01.1.6.07.01,Producto,peras deshidratadas,incluido,"pasas, ciruelas deshidratadas, damascos deshidratados (albaricoques deshidratados), cocos deshidratados, duraznos deshidratados (huesillos), higos deshidratados, manzanas deshidratadas, peras deshidratadas, piñas deshidratadas y otras frutas deshidratadas o desecadas"
01.1.6.07.01,Producto,piñas deshidratadas,incluido,"pasas, ciruelas deshidratadas, damascos deshidratados (albaricoques deshidratados), cocos deshidratados, duraznos deshidratados (huesillos), higos deshidratados, manzanas deshidratadas, peras deshidratadas, piñas deshidratadas y otras frutas deshidratadas o desecadas"
01.1.6.07.01,Producto,otras frutas deshidratadas,incluido,"pasas, ciruelas deshidratadas, damascos deshidratados (albaricoques deshidratados), cocos deshidratados, duraznos deshidratados (huesillos), higos deshidratados, manzanas deshidratadas, peras deshidratadas, piñas deshidratadas y otras frutas deshidratadas o desecadas"
01.1.6.07.01,Producto,desecadas,incluido,"pasas, ciruelas deshidratadas, damascos deshidratados (albaricoques deshidratados), cocos deshidratados, duraznos deshidratados (huesillos), higos deshidratados, manzanas deshidratadas, peras deshidratadas, piñas deshidratadas y otras frutas deshidratadas o desecadas"
01.1.8.09.01,Producto,frutas confitadas,excluido,frutas confitadas (01.1.8.09.01)
01.1.6.08.00,Subclase,almendras,incluido,almendras
01.1.6.08.00,Subclase,castañas de cajú (anacardos),incluido,castañas de cajú (anacardos)
01.1.6.08.00,Subclase,castañas,incluido,castañas
01.1.6.08.00,Subclase,avellanas,incluido,avellanas
01.1.6.08.00,Subclase,pistachos,incluido,pistachos
01.1.6.08.00,Subclase,nueces,incluido,nueces
01.1.6.08.00,Subclase,nueces de Brasil,incluido,nueces de Brasil
01.1.6.08.00,Subclase,maníes (cacahuetes),incluido,maníes (cacahuetes)
01.1.6.08.00,Subclase,otros frutos secos con cáscara,incluido,otros frutos secos con cáscara o sin cáscara
01.1.6.08.01,Producto,frutos secos naturales,incluido,"frutos secos naturales, con cáscara o sin cáscara como piñones, maníes (cacahuetes), almendras, nueces, nueces de Brasil, avellanas, castañas, castañas de cajú (anacardos), pistachos, otros frutos secos con cáscara o sin cáscara"
01.1.6.08.01,Producto,piñones,incluido,"frutos secos naturales, con cáscara o sin cáscara como piñones, maníes (cacahuetes), almendras, nueces, nueces de Brasil, avellanas, castañas, castañas de cajú (anacardos), pistachos, otros frutos secos con cáscara o sin cáscara"
01.1.6.08.01,Producto,maníes (cacahuetes),incluido,"frutos secos naturales, con cáscara o sin cáscara como piñones, maníes (cacahuetes), almendras, nueces, nueces de Brasil, avellanas, castañas, castañas de cajú (anacardos), pistachos, otros frutos secos con cáscara o sin cáscara"
01.1.6.08.01,Producto,almendras,incluido,"frutos secos naturales, con cáscara o sin cáscara como piñones, maníes (cacahuetes), almendras, nueces, nueces de Brasil, avellanas, castañas, castañas de cajú (anacardos), pistachos, otros frutos secos con cáscara o sin cáscara"
01.1.6.08.01,Producto,nueces,incluido,"frutos secos naturales, con cáscara o sin cáscara como piñones, maníes (cacahuetes), almendras, nueces, nueces de Brasil, avellanas, castañas, castañas de cajú (anacardos), pistachos, otros frutos secos con cáscara o sin cáscara"
01.1.6.08.01,Producto,nueces de Brasil,incluido,"frutos secos naturales, con cáscara o sin cáscara como piñones, maníes (cacahuetes), almendras, nueces, nueces de Brasil, avellanas, castañas, castañas de cajú (anacardos), pistachos, otros frutos secos con cáscara o sin cáscara"
01.1.6.08.01,Producto,avellanas,incluido,"frutos secos naturales, con cáscara o sin cáscara como piñones, maníes (cacahuetes), almendras, nueces, nueces de Brasil, avellanas, castañas, castañas de cajú (anacardos), pistachos, otros frutos secos con cáscara o sin cáscara"
01.1.6.08.01,Producto,castañas,incluido,"frutos secos naturales, con cáscara o sin cáscara como piñones, maníes (cacahuetes), almendras, nueces, nueces de Brasil, avellanas, castañas, castañas de cajú (anacardos), pistachos, otros frutos secos con cáscara o sin cáscara"
01.1.6.08.01,Producto,castañas de cajú (anacardos),incluido,"frutos secos naturales, con cáscara o sin cáscara como piñones, maníes (cacahuetes), almendras, nueces, nueces de Brasil, avellanas, castañas, castañas de cajú (anacardos), pistachos, otros frutos secos con cáscara o sin cáscara"
01.1.6.08.01,Producto,pistachos,incluido,"frutos secos naturales, con cáscara o sin cáscara como piñones, maníes (cacahuetes), almendras, nueces, nueces de Brasil, avellanas, castañas, castañas de cajú (anacardos), pistachos, otros frutos secos con cáscara o sin cáscara"
01.1.6.08.01,Producto,otros frutos secos con cáscara,incluido,"frutos secos naturales, con cáscara o sin cáscara como piñones, maníes (cacahuetes), almendras, nueces, nueces de Brasil, avellanas, castañas, castañas de cajú (anacardos), pistachos, otros frutos secos con cáscara o sin cáscara"
01.1.6.09.00,Subclase,harina de frutas,incluido,harina de frutas y frutos secos
01.1.6.09.00,Subclase,frutos secos,incluido,harina de frutas y frutos secos
01.1.6.09.00,Subclase,nueces,incluido,"nueces, maní (cacahuetes), tostados, salados o preparados de otra manera"
01.1.6.09.00,Subclase,maní (cacahuetes),incluido,"nueces, maní (cacahuetes), tostados, salados o preparados de otra manera"
01.1.6.09.00,Subclase,tostados,incluido,"nueces, maní (cacahuetes), tostados, salados o preparados de otra manera"
01.1.6.09.00,Subclase,preparados de otra manera,incluido,"nueces, maní (cacahuetes), tostados, salados o preparados de otra manera"
01.1.6.09.00,Subclase,fruta enlatada,incluido,fruta enlatada
01.1.6.09.00,Subclase,preparaciones de fruta homogeneizadas,incluido,preparaciones de fruta homogeneizadas
01.1.6.09.00,Subclase,encurtidos de frutas,incluido,encurtidos de frutas
01.1.6.09.00,Subclase,fruta conservada en vinagre,incluido,fruta conservada en vinagre
01.1.8.03.00,Subclase,mermeladas,excluido,"mermeladas, jaleas de frutas, purés y pastas de frutas (01.1.8.03.00)"
01.1.8.03.00,Subclase,jaleas de frutas,excluido,"mermeladas, jaleas de frutas, purés y pastas de frutas (01.1.8.03.00)"
01.1.8.03.00,Subclase,purés,excluido,"mermeladas, jaleas de frutas, purés y pastas de frutas (01.1.8.03.00)"
01.1.8.03.00,Subclase,pastas de frutas,excluido,"mermeladas, jaleas de frutas, purés y pastas de frutas (01.1.8.03.00)"
01.1.8.04.01,Producto,puré de frutos secos,excluido,"puré de frutos secos, mantequilla de frutos secos y pastas de frutos secos (01.1.8.04.01)"
01.1.8.04.01,Producto,mantequilla de frutos secos,excluido,"puré de frutos secos, mantequilla de frutos secos y pastas de frutos secos (01.1.8.04.01)"
01.1.8.04.01,Producto,pastas de frutos secos,excluido,"puré de frutos secos, mantequilla de frutos secos y pastas de frutos secos (01.1.8.04.01)"
01.1.9.02.02,Producto,preparaciones homogeneizadas,excluido,preparaciones homogeneizadas como alimento para bebés (01.1.9.02.02)
01.1.9.02.02,Producto,alimento para bebés,excluido,preparaciones homogeneizadas como alimento para bebés (01.1.9.02.02)
01.1.6.09.01,Producto,frutos secos salados,incluido,"frutos secos salados, tostados, ahumados o preparados de otra manera como maní salado, avellanas tostadas, maní con merquén, etc"
01.1.6.09.01,Producto,tostados,incluido,"frutos secos salados, tostados, ahumados o preparados de otra manera como maní salado, avellanas tostadas, maní con merquén, etc"
01.1.6.09.01,Producto,ahumados,incluido,"frutos secos salados, tostados, ahumados o preparados de otra manera como maní salado, avellanas tostadas, maní con merquén, etc"
01.1.6.09.01,Producto,preparados de otra manera,incluido,"frutos secos salados, tostados, ahumados o preparados de otra manera como maní salado, avellanas tostadas, maní con merquén, etc"
01.1.6.09.01,Producto,maní salado,incluido,"frutos secos salados, tostados, ahumados o preparados de otra manera como maní salado, avellanas tostadas, maní con merquén, etc"
01.1.6.09.01,Producto,avellanas tostadas,incluido,"frutos secos salados, tostados, ahumados o preparados de otra manera como maní salado, avellanas tostadas, maní con merquén, etc"
01.1.6.09.01,Producto,maní con merquén,incluido,"frutos secos salados, tostados, ahumados o preparados de otra manera como maní salado, avellanas tostadas, maní con merquén, etc"
01.1.8.09.01,Producto,frutos secos confitados,excluido,frutos secos confitados (01.1.8.09.01)
01.1.6.09.02,Producto,maníes,incluido,"maníes, pasas y almendras, maníes con pasas y otros surtidos de frutos secos y deshidratados de todo tipo"
01.1.6.09.02,Producto,pasas,incluido,"maníes, pasas y almendras, maníes con pasas y otros surtidos de frutos secos y deshidratados de todo tipo"
01.1.6.09.02,Producto,almendras,incluido,"maníes, pasas y almendras, maníes con pasas y otros surtidos de frutos secos y deshidratados de todo tipo"
01.1.6.09.02,Producto,maníes con pasas,incluido,"maníes, pasas y almendras, maníes con pasas y otros surtidos de frutos secos y deshidratados de todo tipo"
01.1.6.09.02,Producto,otros surtidos de frutos secos,incluido,"maníes, pasas y almendras, maníes con pasas y otros surtidos de frutos secos y deshidratados de todo tipo"
01.1.6.09.02,Producto,deshidratados de todo tipo,incluido,"maníes, pasas y almendras, maníes con pasas y otros surtidos de frutos secos y deshidratados de todo tipo"
01.1.6.09.03,Producto,pote de fruta lista en conserva,incluido,"pote de fruta lista en conserva, cajas de fruta lista en conserva, duraznos, piñas, papayas, damascos, frutillas, peras, macedonia (o cocktail) de frutas, cerezas y guindas, castañas en almíbar, marrasquinos y otras frutas"
01.1.6.09.03,Producto,cajas de fruta lista en conserva,incluido,"pote de fruta lista en conserva, cajas de fruta lista en conserva, duraznos, piñas, papayas, damascos, frutillas, peras, macedonia (o cocktail) de frutas, cerezas y guindas, castañas en almíbar, marrasquinos y otras frutas"
01.1.6.09.03,Producto,duraznos,incluido,"pote de fruta lista en conserva, cajas de fruta lista en conserva, duraznos, piñas, papayas, damascos, frutillas, peras, macedonia (o cocktail) de frutas, cerezas y guindas, castañas en almíbar, marrasquinos y otras frutas"
01.1.6.09.03,Producto,piñas,incluido,"pote de fruta lista en conserva, cajas de fruta lista en conserva, duraznos, piñas, papayas, damascos, frutillas, peras, macedonia (o cocktail) de frutas, cerezas y guindas, castañas en almíbar, marrasquinos y otras frutas"
01.1.6.09.03,Producto,papayas,incluido,"pote de fruta lista en conserva, cajas de fruta lista en conserva, duraznos, piñas, papayas, damascos, frutillas, peras, macedonia (o cocktail) de frutas, cerezas y guindas, castañas en almíbar, marrasquinos y otras frutas"
01.1.6.09.03,Producto,damascos,incluido,"pote de fruta lista en conserva, cajas de fruta lista en conserva, duraznos, piñas, papayas, damascos, frutillas, peras, macedonia (o cocktail) de frutas, cerezas y guindas, castañas en almíbar, marrasquinos y otras frutas"
01.1.6.09.03,Producto,frutillas,incluido,"pote de fruta lista en conserva, cajas de fruta lista en conserva, duraznos, piñas, papayas, damascos, frutillas, peras, macedonia (o cocktail) de frutas, cerezas y guindas, castañas en almíbar, marrasquinos y otras frutas"
01.1.6.09.03,Producto,peras,incluido,"pote de fruta lista en conserva, cajas de fruta lista en conserva, duraznos, piñas, papayas, damascos, frutillas, peras, macedonia (o cocktail) de frutas, cerezas y guindas, castañas en almíbar, marrasquinos y otras frutas"
01.1.6.09.03,Producto,macedonia (o cocktail) de frutas,incluido,"pote de fruta lista en conserva, cajas de fruta lista en conserva, duraznos, piñas, papayas, damascos, frutillas, peras, macedonia (o cocktail) de frutas, cerezas y guindas, castañas en almíbar, marrasquinos y otras frutas"
01.1.6.09.03,Producto,cerezas,incluido,"pote de fruta lista en conserva, cajas de fruta lista en conserva, duraznos, piñas, papayas, damascos, frutillas, peras, macedonia (o cocktail) de frutas, cerezas y guindas, castañas en almíbar, marrasquinos y otras frutas"
01.1.6.09.03,Producto,guindas,incluido,"pote de fruta lista en conserva, cajas de fruta lista en conserva, duraznos, piñas, papayas, damascos, frutillas, peras, macedonia (o cocktail) de frutas, cerezas y guindas, castañas en almíbar, marrasquinos y otras frutas"
01.1.6.09.03,Producto,castañas en almíbar,incluido,"pote de fruta lista en conserva, cajas de fruta lista en conserva, duraznos, piñas, papayas, damascos, frutillas, peras, macedonia (o cocktail) de frutas, cerezas y guindas, castañas en almíbar, marrasquinos y otras frutas"
01.1.6.09.03,Producto,marrasquinos,incluido,"pote de fruta lista en conserva, cajas de fruta lista en conserva, duraznos, piñas, papayas, damascos, frutillas, peras, macedonia (o cocktail) de frutas, cerezas y guindas, castañas en almíbar, marrasquinos y otras frutas"
01.1.6.09.03,Producto,otras frutas,incluido,"pote de fruta lista en conserva, cajas de fruta lista en conserva, duraznos, piñas, papayas, damascos, frutillas, peras, macedonia (o cocktail) de frutas, cerezas y guindas, castañas en almíbar, marrasquinos y otras frutas"
01.1.6.09.99,Producto,harina de frutas,incluido,"harina de frutas y frutos secos, preparaciones de fruta homogeneizadas, encurtidos de frutas, fruta conservada en vinagre"
01.1.6.09.99,Producto,frutos secos,incluido,"harina de frutas y frutos secos, preparaciones de fruta homogeneizadas, encurtidos de frutas, fruta conservada en vinagre"
01.1.6.09.99,Producto,preparaciones de fruta homogeneizadas,incluido,"harina de frutas y frutos secos, preparaciones de fruta homogeneizadas, encurtidos de frutas, fruta conservada en vinagre"
01.1.6.09.99,Producto,encurtidos de frutas,incluido,"harina de frutas y frutos secos, preparaciones de fruta homogeneizadas, encurtidos de frutas, fruta conservada en vinagre"
01.1.6.09.99,Producto,fruta conservada en vinagre,incluido,"harina de frutas y frutos secos, preparaciones de fruta homogeneizadas, encurtidos de frutas, fruta conservada en vinagre"
01.1.1.02.00,Subclase,harinas de cereal,excluido,harinas de cereal (01.1.1.02.00)
01.1.7.09.01,Producto,harinas de legumbres,excluido,"harinas de legumbres, hortalizas, tubérculos y bananas para cocinar (01.1.7.09.01)"
01.1.7.09.01,Producto,bananas para cocinar,excluido,"harinas de legumbres, hortalizas, tubérculos y bananas para cocinar (01.1.7.09.01)"
01.1.9.02.02,Producto,preparaciones de frutas homogeneizadas para bebés,excluido,preparaciones de frutas homogeneizadas para bebés (01.1.9.02.02)
01.1.7.01.00,Subclase,espárragos,incluido,espárragos
01.1.7.01.00,Subclase,coles,incluido,coles
01.1.7.01.00,Subclase,coliflores,incluido,coliflores y brócolis
01.1.7.01.00,Subclase,brócolis,incluido,coliflores y brócolis
01.1.7.01.00,Subclase,lechuga,incluido,lechuga y achicoria
01.1.7.01.00,Subclase,achicoria,incluido,lechuga y achicoria
01.1.7.01.00,Subclase,espinacas,incluido,espinacas
01.1.7.01.00,Subclase,alcachofas,incluido,alcachofas
01.1.7.01.00,Subclase,otras hortalizas de hoja,incluido,"otras hortalizas de hoja o tallo, frescas o refrigeradas"
01.1.7.01.00,Subclase,tallo,incluido,"otras hortalizas de hoja o tallo, frescas o refrigeradas"
01.1.7.01.01,Producto,lechugas frescas,incluido,"lechugas frescas o refrigeradas en todas sus variedades o denominaciones, por ejemplo, costina, escarola, española, francesa, marina, milanesa"
01.1.7.01.01,Producto,refrigeradas en todas sus variedades,incluido,"lechugas frescas o refrigeradas en todas sus variedades o denominaciones, por ejemplo, costina, escarola, española, francesa, marina, milanesa"
01.1.7.01.01,Producto,costina,incluido,"lechugas frescas o refrigeradas en todas sus variedades o denominaciones, por ejemplo, costina, escarola, española, francesa, marina, milanesa"
01.1.7.01.01,Producto,escarola,incluido,"lechugas frescas o refrigeradas en todas sus variedades o denominaciones, por ejemplo, costina, escarola, española, francesa, marina, milanesa"
01.1.7.01.01,Producto,española,incluido,"lechugas frescas o refrigeradas en todas sus variedades o denominaciones, por ejemplo, costina, escarola, española, francesa, marina, milanesa"
01.1.7.01.01,Producto,francesa,incluido,"lechugas frescas o refrigeradas en todas sus variedades o denominaciones, por ejemplo, costina, escarola, española, francesa, marina, milanesa"
01.1.7.01.01,Producto,marina,incluido,"lechugas frescas o refrigeradas en todas sus variedades o denominaciones, por ejemplo, costina, escarola, española, francesa, marina, milanesa"
01.1.7.01.01,Producto,milanesa,incluido,"lechugas frescas o refrigeradas en todas sus variedades o denominaciones, por ejemplo, costina, escarola, española, francesa, marina, milanesa"
01.1.7.01.02,Producto,apios frescos,incluido,apios frescos o refrigerados en todas sus variedades o denominaciones
01.1.7.01.02,Producto,refrigerados en todas sus variedades,incluido,apios frescos o refrigerados en todas sus variedades o denominaciones
01.1.7.01.03,Producto,acelgas frescas,incluido,"acelgas frescas o refrigeradas en todas sus variedades o denominaciones, por ejemplo, verde penca blanca, Ginebra, rey de invierno, rubí, arcoíris"
01.1.7.01.03,Producto,refrigeradas en todas sus variedades,incluido,"acelgas frescas o refrigeradas en todas sus variedades o denominaciones, por ejemplo, verde penca blanca, Ginebra, rey de invierno, rubí, arcoíris"
01.1.7.01.03,Producto,verde penca blanca,incluido,"acelgas frescas o refrigeradas en todas sus variedades o denominaciones, por ejemplo, verde penca blanca, Ginebra, rey de invierno, rubí, arcoíris"
01.1.7.01.03,Producto,Ginebra,incluido,"acelgas frescas o refrigeradas en todas sus variedades o denominaciones, por ejemplo, verde penca blanca, Ginebra, rey de invierno, rubí, arcoíris"
01.1.7.01.03,Producto,rey de invierno,incluido,"acelgas frescas o refrigeradas en todas sus variedades o denominaciones, por ejemplo, verde penca blanca, Ginebra, rey de invierno, rubí, arcoíris"
01.1.7.01.03,Producto,rubí,incluido,"acelgas frescas o refrigeradas en todas sus variedades o denominaciones, por ejemplo, verde penca blanca, Ginebra, rey de invierno, rubí, arcoíris"
01.1.7.01.03,Producto,arcoíris,incluido,"acelgas frescas o refrigeradas en todas sus variedades o denominaciones, por ejemplo, verde penca blanca, Ginebra, rey de invierno, rubí, arcoíris"
01.1.7.01.04,Producto,espinacas frescas,incluido,espinacas frescas o refrigeradas
01.1.7.01.05,Producto,alcachofas frescas,incluido,"alcachofas frescas o refrigeradas en todas sus variedades o denominaciones, por ejemplo, chilena, Argentina, española, camus, verde, violeta"
01.1.7.01.05,Producto,refrigeradas en todas sus variedades,incluido,"alcachofas frescas o refrigeradas en todas sus variedades o denominaciones, por ejemplo, chilena, Argentina, española, camus, verde, violeta"
01.1.7.01.05,Producto,chilena,incluido,"alcachofas frescas o refrigeradas en todas sus variedades o denominaciones, por ejemplo, chilena, Argentina, española, camus, verde, violeta"
01.1.7.01.05,Producto,Argentina,incluido,"alcachofas frescas o refrigeradas en todas sus variedades o denominaciones, por ejemplo, chilena, Argentina, española, camus, verde, violeta"
01.1.7.01.05,Producto,española,incluido,"alcachofas frescas o refrigeradas en todas sus variedades o denominaciones, por ejemplo, chilena, Argentina, española, camus, verde, violeta"
01.1.7.01.05,Producto,camus,incluido,"alcachofas frescas o refrigeradas en todas sus variedades o denominaciones, por ejemplo, chilena, Argentina, española, camus, verde, violeta"
01.1.7.01.05,Producto,violeta,incluido,"alcachofas frescas o refrigeradas en todas sus variedades o denominaciones, por ejemplo, chilena, Argentina, española, camus, verde, violeta"
01.1.7.01.06,Producto,espárragos frescos,incluido,"espárragos frescos o refrigerados en todas sus variedades o denominaciones, por ejemplo, verde, blanco, morado, silvestre"
01.1.7.01.06,Producto,refrigerados en todas sus variedades,incluido,"espárragos frescos o refrigerados en todas sus variedades o denominaciones, por ejemplo, verde, blanco, morado, silvestre"
01.1.7.01.06,Producto,morado,incluido,"espárragos frescos o refrigerados en todas sus variedades o denominaciones, por ejemplo, verde, blanco, morado, silvestre"
01.1.7.01.06,Producto,silvestre,incluido,"espárragos frescos o refrigerados en todas sus variedades o denominaciones, por ejemplo, verde, blanco, morado, silvestre"
01.1.7.01.07,Producto,repollos (coles) frescos,incluido,repollos (coles) frescos o refrigerados
01.1.7.01.08,Producto,coliflores frescas,incluido,coliflores frescas o refrigeradas
01.1.7.01.09,Producto,brócolis frescos,incluido,brócolis frescos o refrigerados
01.1.7.01.99,Producto,rúculas,incluido,"rúculas, pencas, nalcas, berros, achicorias, chagual, endivias o endibias frescas o refrigeradas"
01.1.7.01.99,Producto,pencas,incluido,"rúculas, pencas, nalcas, berros, achicorias, chagual, endivias o endibias frescas o refrigeradas"
01.1.7.01.99,Producto,nalcas,incluido,"rúculas, pencas, nalcas, berros, achicorias, chagual, endivias o endibias frescas o refrigeradas"
01.1.7.01.99,Producto,berros,incluido,"rúculas, pencas, nalcas, berros, achicorias, chagual, endivias o endibias frescas o refrigeradas"
01.1.7.01.99,Producto,achicorias,incluido,"rúculas, pencas, nalcas, berros, achicorias, chagual, endivias o endibias frescas o refrigeradas"
01.1.7.01.99,Producto,chagual,incluido,"rúculas, pencas, nalcas, berros, achicorias, chagual, endivias o endibias frescas o refrigeradas"
01.1.7.01.99,Producto,endivias,incluido,"rúculas, pencas, nalcas, berros, achicorias, chagual, endivias o endibias frescas o refrigeradas"
01.1.7.01.99,Producto,endibias frescas,incluido,"rúculas, pencas, nalcas, berros, achicorias, chagual, endivias o endibias frescas o refrigeradas"
01.1.7.02.00,Subclase,ajíes (chiles),incluido,ajíes (chiles) y pimientos
01.1.7.02.00,Subclase,pimientos,incluido,ajíes (chiles) y pimientos
01.1.7.02.00,Subclase,pepinos,incluido,pepinos y pepinillos
01.1.7.02.00,Subclase,pepinillos,incluido,pepinos y pepinillos
01.1.7.02.00,Subclase,berenjenas,incluido,berenjenas
01.1.7.02.00,Subclase,tomates,incluido,tomates
01.1.7.02.00,Subclase,calabazas,incluido,calabazas
01.1.7.02.00,Subclase,zapallos italianos (zucchini),incluido,zapallos italianos (zucchini) y zapallos
01.1.7.02.00,Subclase,zapallos,incluido,zapallos italianos (zucchini) y zapallos
01.1.7.02.00,Subclase,otras hortalizas frutales,incluido,"otras hortalizas frutales, frescas o refrigeradas"
01.1.7.02.01,Producto,ajíes frescos,incluido,"ajíes frescos o refrigerados en todas sus variedades o denominaciones, por ejemplo, verde, rocoto, cacho de cabra, jalapeño, Serrano, Tabasco"
01.1.7.02.01,Producto,refrigerados en todas sus variedades,incluido,"ajíes frescos o refrigerados en todas sus variedades o denominaciones, por ejemplo, verde, rocoto, cacho de cabra, jalapeño, Serrano, Tabasco"
01.1.7.02.01,Producto,rocoto,incluido,"ajíes frescos o refrigerados en todas sus variedades o denominaciones, por ejemplo, verde, rocoto, cacho de cabra, jalapeño, Serrano, Tabasco"
01.1.7.02.01,Producto,cacho de cabra,incluido,"ajíes frescos o refrigerados en todas sus variedades o denominaciones, por ejemplo, verde, rocoto, cacho de cabra, jalapeño, Serrano, Tabasco"
01.1.7.02.01,Producto,jalapeño,incluido,"ajíes frescos o refrigerados en todas sus variedades o denominaciones, por ejemplo, verde, rocoto, cacho de cabra, jalapeño, Serrano, Tabasco"
01.1.7.02.01,Producto,Serrano,incluido,"ajíes frescos o refrigerados en todas sus variedades o denominaciones, por ejemplo, verde, rocoto, cacho de cabra, jalapeño, Serrano, Tabasco"
01.1.7.02.01,Producto,Tabasco,incluido,"ajíes frescos o refrigerados en todas sus variedades o denominaciones, por ejemplo, verde, rocoto, cacho de cabra, jalapeño, Serrano, Tabasco"
01.1.7.02.02,Producto,zapallos frescos,incluido,"zapallos frescos o refrigerados en todas sus variedades o denominaciones, por ejemplo, calabacín, calabazas; alcayotas"
01.1.7.02.02,Producto,refrigerados en todas sus variedades,incluido,"zapallos frescos o refrigerados en todas sus variedades o denominaciones, por ejemplo, calabacín, calabazas; alcayotas"
01.1.7.02.02,Producto,calabacín,incluido,"zapallos frescos o refrigerados en todas sus variedades o denominaciones, por ejemplo, calabacín, calabazas; alcayotas"
01.1.7.02.02,Producto,calabazas,incluido,"zapallos frescos o refrigerados en todas sus variedades o denominaciones, por ejemplo, calabacín, calabazas; alcayotas"
01.1.7.02.02,Producto,alcayotas,incluido,"zapallos frescos o refrigerados en todas sus variedades o denominaciones, por ejemplo, calabacín, calabazas; alcayotas"
01.1.7.02.06,Producto,zapallos italianos,excluido,zapallos italianos (01.1.7.02.06)
01.1.7.02.03,Producto,pepinos frescos,incluido,"pepinos frescos o refrigerados como pepino maduro, pepino verde"
01.1.7.02.03,Producto,pepino maduro,incluido,"pepinos frescos o refrigerados como pepino maduro, pepino verde"
01.1.7.02.03,Producto,pepino verde,incluido,"pepinos frescos o refrigerados como pepino maduro, pepino verde"
01.1.6.05.07,Producto,pepinos dulces,excluido,"pepinos dulces, fruta (01.1.6.05.07)"
01.1.6.05.07,Producto,fruta,excluido,"pepinos dulces, fruta (01.1.6.05.07)"
01.1.7.02.04,Producto,morrones,incluido,"morrones, pimentones frescos o refrigerados en todas sus variedades o denominaciones y colores"
01.1.7.02.04,Producto,pimentones frescos,incluido,"morrones, pimentones frescos o refrigerados en todas sus variedades o denominaciones y colores"
01.1.7.02.04,Producto,refrigerados en todas sus variedades,incluido,"morrones, pimentones frescos o refrigerados en todas sus variedades o denominaciones y colores"
01.1.7.02.04,Producto,colores,incluido,"morrones, pimentones frescos o refrigerados en todas sus variedades o denominaciones y colores"
01.1.7.02.05,Producto,berenjenas frescas,incluido,berenjenas frescas o refrigeradas
01.1.7.02.06,Producto,zapallos italianos frescos,incluido,zapallos italianos frescos o refrigerados en todas sus variedades o denominaciones
01.1.7.02.06,Producto,refrigerados en todas sus variedades,incluido,zapallos italianos frescos o refrigerados en todas sus variedades o denominaciones
01.1.7.02.02,Producto,zapallos frescos,excluido,zapallos frescos o refrigerados (01.1.7.02.02)
01.1.7.02.07,Producto,tomates frescos,incluido,"tomates frescos o refrigerados en todas sus variedades o denominaciones, por ejemplo, cherry, beefsteak, amarillo, verde, naranja, rosado, púrpura, romanito"
01.1.7.02.07,Producto,refrigerados en todas sus variedades,incluido,"tomates frescos o refrigerados en todas sus variedades o denominaciones, por ejemplo, cherry, beefsteak, amarillo, verde, naranja, rosado, púrpura, romanito"
01.1.7.02.07,Producto,cherry,incluido,"tomates frescos o refrigerados en todas sus variedades o denominaciones, por ejemplo, cherry, beefsteak, amarillo, verde, naranja, rosado, púrpura, romanito"
01.1.7.02.07,Producto,beefsteak,incluido,"tomates frescos o refrigerados en todas sus variedades o denominaciones, por ejemplo, cherry, beefsteak, amarillo, verde, naranja, rosado, púrpura, romanito"
01.1.7.02.07,Producto,amarillo,incluido,"tomates frescos o refrigerados en todas sus variedades o denominaciones, por ejemplo, cherry, beefsteak, amarillo, verde, naranja, rosado, púrpura, romanito"
01.1.7.02.07,Producto,naranja,incluido,"tomates frescos o refrigerados en todas sus variedades o denominaciones, por ejemplo, cherry, beefsteak, amarillo, verde, naranja, rosado, púrpura, romanito"
01.1.7.02.07,Producto,rosado,incluido,"tomates frescos o refrigerados en todas sus variedades o denominaciones, por ejemplo, cherry, beefsteak, amarillo, verde, naranja, rosado, púrpura, romanito"
01.1.7.02.07,Producto,púrpura,incluido,"tomates frescos o refrigerados en todas sus variedades o denominaciones, por ejemplo, cherry, beefsteak, amarillo, verde, naranja, rosado, púrpura, romanito"
01.1.7.02.07,Producto,romanito,incluido,"tomates frescos o refrigerados en todas sus variedades o denominaciones, por ejemplo, cherry, beefsteak, amarillo, verde, naranja, rosado, púrpura, romanito"
01.1.7.02.99,Producto,pepinillos,incluido,"pepinillos, caiguas o caihuas, otras hortalizas frutales, frescas o refrigeradas"
01.1.7.02.99,Producto,caiguas,incluido,"pepinillos, caiguas o caihuas, otras hortalizas frutales, frescas o refrigeradas"
01.1.7.02.99,Producto,caihuas,incluido,"pepinillos, caiguas o caihuas, otras hortalizas frutales, frescas o refrigeradas"
01.1.7.02.99,Producto,otras hortalizas frutales,incluido,"pepinillos, caiguas o caihuas, otras hortalizas frutales, frescas o refrigeradas"
01.1.7.03.00,Subclase,porotos verdes (frijoles verdes),incluido,porotos verdes (frijoles verdes)
01.1.7.03.00,Subclase,arvejas (guisantes),incluido,arvejas (guisantes)
01.1.7.03.00,Subclase,habas (incluye horse beans),incluido,habas (incluye horse beans)
01.1.7.03.00,Subclase,granos de soja,incluido,granos de soja
01.1.7.03.00,Subclase,otras leguminosas verdes,incluido,"otras leguminosas verdes, frescas o refrigeradas"
01.1.7.03.01,Producto,arvejas (guisantes) frescas,incluido,arvejas (guisantes) frescas o refrigeradas
01.1.7.06.04,Producto,arvejas secas,excluido,arvejas secas (01.1.7.06.04)
01.1.7.03.02,Producto,porotos verdes (frijoles verdes) frescos,incluido,porotos verdes (frijoles verdes) frescos o refrigerados
01.1.7.03.03,Producto,habas frescas,incluido,habas frescas o refrigeradas
01.1.7.03.99,Producto,otras leguminosas verdes,incluido,"otras leguminosas verdes, frescas o refrigeradas como granos de soja, dientes de dragón (brotes de soja), brotes de alfalfas, brotes de lentejas, brotes de garbanzos, brotes de porotos, etc"
01.1.7.03.99,Producto,granos de soja,incluido,"otras leguminosas verdes, frescas o refrigeradas como granos de soja, dientes de dragón (brotes de soja), brotes de alfalfas, brotes de lentejas, brotes de garbanzos, brotes de porotos, etc"
01.1.7.03.99,Producto,dientes de dragón (brotes de soja),incluido,"otras leguminosas verdes, frescas o refrigeradas como granos de soja, dientes de dragón (brotes de soja), brotes de alfalfas, brotes de lentejas, brotes de garbanzos, brotes de porotos, etc"
01.1.7.03.99,Producto,brotes de alfalfas,incluido,"otras leguminosas verdes, frescas o refrigeradas como granos de soja, dientes de dragón (brotes de soja), brotes de alfalfas, brotes de lentejas, brotes de garbanzos, brotes de porotos, etc"
01.1.7.03.99,Producto,brotes de lentejas,incluido,"otras leguminosas verdes, frescas o refrigeradas como granos de soja, dientes de dragón (brotes de soja), brotes de alfalfas, brotes de lentejas, brotes de garbanzos, brotes de porotos, etc"
01.1.7.03.99,Producto,brotes de garbanzos,incluido,"otras leguminosas verdes, frescas o refrigeradas como granos de soja, dientes de dragón (brotes de soja), brotes de alfalfas, brotes de lentejas, brotes de garbanzos, brotes de porotos, etc"
01.1.7.03.99,Producto,brotes de porotos,incluido,"otras leguminosas verdes, frescas o refrigeradas como granos de soja, dientes de dragón (brotes de soja), brotes de alfalfas, brotes de lentejas, brotes de garbanzos, brotes de porotos, etc"
01.1.7.04.00,Subclase,zanahorias,incluido,zanahorias y nabos
01.1.7.04.00,Subclase,nabos,incluido,zanahorias y nabos
01.1.7.04.00,Subclase,ajos,incluido,ajos
01.1.7.04.00,Subclase,cebollas,incluido,cebollas
01.1.7.04.00,Subclase,puerros,incluido,puerros y otras hortalizas aliáceas
01.1.7.04.00,Subclase,otras hortalizas aliáceas,incluido,puerros y otras hortalizas aliáceas
01.1.7.04.00,Subclase,otras hortalizas de raíz,incluido,"otras hortalizas de raíz, bulbo y tuberosas, frescas o refrigeradas"
01.1.7.04.00,Subclase,bulbo,incluido,"otras hortalizas de raíz, bulbo y tuberosas, frescas o refrigeradas"
01.1.7.04.00,Subclase,tuberosas,incluido,"otras hortalizas de raíz, bulbo y tuberosas, frescas o refrigeradas"
01.1.7.04.00,Subclase,setas,incluido,setas y trufas
01.1.7.04.00,Subclase,trufas,incluido,setas y trufas
01.1.7.04.00,Subclase,algas,incluido,algas y otras plantas acuáticas
01.1.7.04.00,Subclase,otras plantas acuáticas,incluido,algas y otras plantas acuáticas
01.1.7.04.00,Subclase,aceitunas frescas,incluido,aceitunas frescas
01.1.7.04.00,Subclase,otras hortalizas,incluido,"otras hortalizas, frescas o refrigeradas n.c.p"
01.1.7.04.00,Subclase,refrigeradas n.c.p,incluido,"otras hortalizas, frescas o refrigeradas n.c.p"
01.1.7.04.00,Subclase,mezclas de hortalizas,incluido,"mezclas de hortalizas, frescas o refrigeradas"
01.1.7.04.01,Producto,betarragas,incluido,"betarragas y remolachas, frescas o refrigeradas en todas sus variedades o denominaciones"
01.1.7.04.01,Producto,remolachas,incluido,"betarragas y remolachas, frescas o refrigeradas en todas sus variedades o denominaciones"
01.1.7.04.01,Producto,refrigeradas en todas sus variedades,incluido,"betarragas y remolachas, frescas o refrigeradas en todas sus variedades o denominaciones"
01.1.7.04.02,Producto,ajos frescos,incluido,"ajos frescos o refrigerados en todas sus variedades o denominaciones, por ejemplo, de cuello duro, ajos de cuello blando, ajo blanco, ajo rosado"
01.1.7.04.02,Producto,refrigerados en todas sus variedades,incluido,"ajos frescos o refrigerados en todas sus variedades o denominaciones, por ejemplo, de cuello duro, ajos de cuello blando, ajo blanco, ajo rosado"
01.1.7.04.02,Producto,ajos de cuello blando,incluido,"ajos frescos o refrigerados en todas sus variedades o denominaciones, por ejemplo, de cuello duro, ajos de cuello blando, ajo blanco, ajo rosado"
01.1.7.04.02,Producto,ajo blanco,incluido,"ajos frescos o refrigerados en todas sus variedades o denominaciones, por ejemplo, de cuello duro, ajos de cuello blando, ajo blanco, ajo rosado"
01.1.7.04.02,Producto,ajo rosado,incluido,"ajos frescos o refrigerados en todas sus variedades o denominaciones, por ejemplo, de cuello duro, ajos de cuello blando, ajo blanco, ajo rosado"
01.1.7.04.05,Producto,chalotas,excluido,chalotas (01.1.7.04.05)
01.1.7.04.03,Producto,zanahorias frescas,incluido,"zanahorias frescas o refrigeradas en todas sus variedades o denominaciones, por ejemplo, oriental, occidental, blanca, amarilla, roja y púrpura"
01.1.7.04.03,Producto,refrigeradas en todas sus variedades,incluido,"zanahorias frescas o refrigeradas en todas sus variedades o denominaciones, por ejemplo, oriental, occidental, blanca, amarilla, roja y púrpura"
01.1.7.04.03,Producto,oriental,incluido,"zanahorias frescas o refrigeradas en todas sus variedades o denominaciones, por ejemplo, oriental, occidental, blanca, amarilla, roja y púrpura"
01.1.7.04.03,Producto,occidental,incluido,"zanahorias frescas o refrigeradas en todas sus variedades o denominaciones, por ejemplo, oriental, occidental, blanca, amarilla, roja y púrpura"
01.1.7.04.03,Producto,amarilla,incluido,"zanahorias frescas o refrigeradas en todas sus variedades o denominaciones, por ejemplo, oriental, occidental, blanca, amarilla, roja y púrpura"
01.1.7.04.03,Producto,púrpura,incluido,"zanahorias frescas o refrigeradas en todas sus variedades o denominaciones, por ejemplo, oriental, occidental, blanca, amarilla, roja y púrpura"
01.1.7.04.04,Producto,rábanos,incluido,"rábanos y nabos, frescos o refrigerados en todas sus variedades o denominaciones, por ejemplo, rabanitos, rábano japonés, rábanos blancos o nabos"
01.1.7.04.04,Producto,nabos,incluido,"rábanos y nabos, frescos o refrigerados en todas sus variedades o denominaciones, por ejemplo, rabanitos, rábano japonés, rábanos blancos o nabos"
01.1.7.04.04,Producto,refrigerados en todas sus variedades,incluido,"rábanos y nabos, frescos o refrigerados en todas sus variedades o denominaciones, por ejemplo, rabanitos, rábano japonés, rábanos blancos o nabos"
01.1.7.04.04,Producto,rabanitos,incluido,"rábanos y nabos, frescos o refrigerados en todas sus variedades o denominaciones, por ejemplo, rabanitos, rábano japonés, rábanos blancos o nabos"
01.1.7.04.04,Producto,rábano japonés,incluido,"rábanos y nabos, frescos o refrigerados en todas sus variedades o denominaciones, por ejemplo, rabanitos, rábano japonés, rábanos blancos o nabos"
01.1.7.04.04,Producto,rábanos blancos,incluido,"rábanos y nabos, frescos o refrigerados en todas sus variedades o denominaciones, por ejemplo, rabanitos, rábano japonés, rábanos blancos o nabos"
01.1.7.04.05,Producto,cebollas,incluido,"cebollas y chalotas, frescas o refrigeradas en todas sus variedades o denominaciones, por ejemplo, nueva o de guarda, cambrayes, rojas, cebollines, puerros"
01.1.7.04.05,Producto,chalotas,incluido,"cebollas y chalotas, frescas o refrigeradas en todas sus variedades o denominaciones, por ejemplo, nueva o de guarda, cambrayes, rojas, cebollines, puerros"
01.1.7.04.05,Producto,refrigeradas en todas sus variedades,incluido,"cebollas y chalotas, frescas o refrigeradas en todas sus variedades o denominaciones, por ejemplo, nueva o de guarda, cambrayes, rojas, cebollines, puerros"
01.1.7.04.05,Producto,cambrayes,incluido,"cebollas y chalotas, frescas o refrigeradas en todas sus variedades o denominaciones, por ejemplo, nueva o de guarda, cambrayes, rojas, cebollines, puerros"
01.1.7.04.05,Producto,cebollines,incluido,"cebollas y chalotas, frescas o refrigeradas en todas sus variedades o denominaciones, por ejemplo, nueva o de guarda, cambrayes, rojas, cebollines, puerros"
01.1.7.04.05,Producto,puerros,incluido,"cebollas y chalotas, frescas o refrigeradas en todas sus variedades o denominaciones, por ejemplo, nueva o de guarda, cambrayes, rojas, cebollines, puerros"
01.1.7.04.06,Producto,choclos frescos,incluido,choclos frescos o refrigerados
01.1.7.04.06,Producto,choclos dulces,incluido,"choclos dulces, conocidos como ""choclos americanos"" frescos o refrigerados"
01.1.7.04.06,Producto,conocidos,incluido,"choclos dulces, conocidos como ""choclos americanos"" frescos o refrigerados"
01.1.7.04.06,Producto,"""choclos americanos"" frescos",incluido,"choclos dulces, conocidos como ""choclos americanos"" frescos o refrigerados"
01.1.1.01.02,Producto,maíz seco (cereal),excluido,maíz seco (cereal) (01.1.1.01.02)
01.1.7.04.07,Producto,hongos comestibles frescos,incluido,"hongos comestibles frescos o refrigerados en todas sus variedades o denominaciones, por ejemplo, champiñones, setas, callampas, trufas, digüeñes y otros hongos comestibles frescos o refrigerados"
01.1.7.04.07,Producto,refrigerados en todas sus variedades,incluido,"hongos comestibles frescos o refrigerados en todas sus variedades o denominaciones, por ejemplo, champiñones, setas, callampas, trufas, digüeñes y otros hongos comestibles frescos o refrigerados"
01.1.7.04.07,Producto,champiñones,incluido,"hongos comestibles frescos o refrigerados en todas sus variedades o denominaciones, por ejemplo, champiñones, setas, callampas, trufas, digüeñes y otros hongos comestibles frescos o refrigerados"
01.1.7.04.07,Producto,setas,incluido,"hongos comestibles frescos o refrigerados en todas sus variedades o denominaciones, por ejemplo, champiñones, setas, callampas, trufas, digüeñes y otros hongos comestibles frescos o refrigerados"
01.1.7.04.07,Producto,callampas,incluido,"hongos comestibles frescos o refrigerados en todas sus variedades o denominaciones, por ejemplo, champiñones, setas, callampas, trufas, digüeñes y otros hongos comestibles frescos o refrigerados"
01.1.7.04.07,Producto,trufas,incluido,"hongos comestibles frescos o refrigerados en todas sus variedades o denominaciones, por ejemplo, champiñones, setas, callampas, trufas, digüeñes y otros hongos comestibles frescos o refrigerados"
01.1.7.04.07,Producto,digüeñes,incluido,"hongos comestibles frescos o refrigerados en todas sus variedades o denominaciones, por ejemplo, champiñones, setas, callampas, trufas, digüeñes y otros hongos comestibles frescos o refrigerados"
01.1.7.04.07,Producto,otros hongos comestibles frescos,incluido,"hongos comestibles frescos o refrigerados en todas sus variedades o denominaciones, por ejemplo, champiñones, setas, callampas, trufas, digüeñes y otros hongos comestibles frescos o refrigerados"
02.4.1.01.01,Producto,hongos psilocibina,excluido,"hongos psilocibina, hongos alucinógenos (02.4.1.01.01)"
02.4.1.01.01,Producto,hongos alucinógenos,excluido,"hongos psilocibina, hongos alucinógenos (02.4.1.01.01)"
01.1.7.04.08,Producto,algas marinas comestibles frescas,incluido,"algas marinas comestibles frescas o refrigeradas como cochayuyos, ultes, luches, hinojos marinos y otras algas similares frescas o refrigeradas"
01.1.7.04.08,Producto,cochayuyos,incluido,"algas marinas comestibles frescas o refrigeradas como cochayuyos, ultes, luches, hinojos marinos y otras algas similares frescas o refrigeradas"
01.1.7.04.08,Producto,ultes,incluido,"algas marinas comestibles frescas o refrigeradas como cochayuyos, ultes, luches, hinojos marinos y otras algas similares frescas o refrigeradas"
01.1.7.04.08,Producto,luches,incluido,"algas marinas comestibles frescas o refrigeradas como cochayuyos, ultes, luches, hinojos marinos y otras algas similares frescas o refrigeradas"
01.1.7.04.08,Producto,hinojos marinos,incluido,"algas marinas comestibles frescas o refrigeradas como cochayuyos, ultes, luches, hinojos marinos y otras algas similares frescas o refrigeradas"
01.1.7.04.08,Producto,otras algas similares frescas,incluido,"algas marinas comestibles frescas o refrigeradas como cochayuyos, ultes, luches, hinojos marinos y otras algas similares frescas o refrigeradas"
01.1.7.07.01,Producto,cochayuyos secos,excluido,"algas marinas secas o deshidratadas, por ejemplo, cochayuyos secos, nori (01.1.7.07.01)"
01.1.7.07.01,Producto,nori,excluido,"algas marinas secas o deshidratadas, por ejemplo, cochayuyos secos, nori (01.1.7.07.01)"
01.1.7.04.99,Producto,aceitunas frescas,incluido,"aceitunas frescas o refrigeradas, mezclas de hortalizas frescas o refrigeradas para posterior cocción (por ejemplo, chop suey o chapsuí), otras hortalizas frescas o refrigeradas"
01.1.7.04.99,Producto,mezclas de hortalizas frescas,incluido,"aceitunas frescas o refrigeradas, mezclas de hortalizas frescas o refrigeradas para posterior cocción (por ejemplo, chop suey o chapsuí), otras hortalizas frescas o refrigeradas"
01.1.7.04.99,Producto,"refrigeradas para posterior cocción (por ejemplo, chop suey o chapsuí)",incluido,"aceitunas frescas o refrigeradas, mezclas de hortalizas frescas o refrigeradas para posterior cocción (por ejemplo, chop suey o chapsuí), otras hortalizas frescas o refrigeradas"
01.1.7.04.99,Producto,otras hortalizas frescas,incluido,"aceitunas frescas o refrigeradas, mezclas de hortalizas frescas o refrigeradas para posterior cocción (por ejemplo, chop suey o chapsuí), otras hortalizas frescas o refrigeradas"
01.1.7.05.00,Subclase,todo tipo de papas,incluido,"todo tipo de papas, incluyendo las batatas"
01.1.7.05.00,Subclase,mandioca,incluido,mandioca y yuca
01.1.7.05.00,Subclase,yuca,incluido,mandioca y yuca
01.1.7.05.00,Subclase,ñames,incluido,ñames
01.1.7.05.00,Subclase,taro,incluido,taro
01.1.7.05.00,Subclase,yautía,incluido,"yautía, también conocida como malanga, new cocoyam, ocumo, tannia"
01.1.7.05.00,Subclase,malanga,incluido,"yautía, también conocida como malanga, new cocoyam, ocumo, tannia"
01.1.7.05.00,Subclase,new cocoyam,incluido,"yautía, también conocida como malanga, new cocoyam, ocumo, tannia"
01.1.7.05.00,Subclase,ocumo,incluido,"yautía, también conocida como malanga, new cocoyam, ocumo, tannia"
01.1.7.05.00,Subclase,tannia,incluido,"yautía, también conocida como malanga, new cocoyam, ocumo, tannia"
01.1.7.05.00,Subclase,plátanos,incluido,plátanos y bananas para cocinar
01.1.7.05.00,Subclase,bananas para cocinar,incluido,plátanos y bananas para cocinar
01.1.7.05.00,Subclase,arrurruz,incluido,"arrurruz, raíces de loto, salep, alcachofas de Jerusalén, topinambur, tacca"
01.1.7.05.00,Subclase,raíces de loto,incluido,"arrurruz, raíces de loto, salep, alcachofas de Jerusalén, topinambur, tacca"
01.1.7.05.00,Subclase,salep,incluido,"arrurruz, raíces de loto, salep, alcachofas de Jerusalén, topinambur, tacca"
01.1.7.05.00,Subclase,alcachofas de Jerusalén,incluido,"arrurruz, raíces de loto, salep, alcachofas de Jerusalén, topinambur, tacca"
01.1.7.05.00,Subclase,topinambur,incluido,"arrurruz, raíces de loto, salep, alcachofas de Jerusalén, topinambur, tacca"
01.1.7.05.00,Subclase,tacca,incluido,"arrurruz, raíces de loto, salep, alcachofas de Jerusalén, topinambur, tacca"
01.1.6.01.01,Producto,plátanos de postre,excluido,plátanos de postre (01.1.6.01.01)
01.1.7.05.01,Producto,papas,incluido,"papas y tubérculos en todas sus variedades o denominaciones, por ejemplo, asoberana, cabritas, cacho negra, papas camotes (papa dulce o batata), cielo, huicaña, Magallanes, michuñe blanca, ñochas, pachacoña, yucas o mandiocas, papas chilotas, papas bollos de gatos, ñames, taros, yautías, arrurruz, raíces de loto, alcachofas de Jerusalen, topinambur, tacca"
01.1.7.05.01,Producto,tubérculos en todas sus variedades,incluido,"papas y tubérculos en todas sus variedades o denominaciones, por ejemplo, asoberana, cabritas, cacho negra, papas camotes (papa dulce o batata), cielo, huicaña, Magallanes, michuñe blanca, ñochas, pachacoña, yucas o mandiocas, papas chilotas, papas bollos de gatos, ñames, taros, yautías, arrurruz, raíces de loto, alcachofas de Jerusalen, topinambur, tacca"
01.1.7.05.01,Producto,asoberana,incluido,"papas y tubérculos en todas sus variedades o denominaciones, por ejemplo, asoberana, cabritas, cacho negra, papas camotes (papa dulce o batata), cielo, huicaña, Magallanes, michuñe blanca, ñochas, pachacoña, yucas o mandiocas, papas chilotas, papas bollos de gatos, ñames, taros, yautías, arrurruz, raíces de loto, alcachofas de Jerusalen, topinambur, tacca"
01.1.7.05.01,Producto,cabritas,incluido,"papas y tubérculos en todas sus variedades o denominaciones, por ejemplo, asoberana, cabritas, cacho negra, papas camotes (papa dulce o batata), cielo, huicaña, Magallanes, michuñe blanca, ñochas, pachacoña, yucas o mandiocas, papas chilotas, papas bollos de gatos, ñames, taros, yautías, arrurruz, raíces de loto, alcachofas de Jerusalen, topinambur, tacca"
01.1.7.05.01,Producto,cacho negra,incluido,"papas y tubérculos en todas sus variedades o denominaciones, por ejemplo, asoberana, cabritas, cacho negra, papas camotes (papa dulce o batata), cielo, huicaña, Magallanes, michuñe blanca, ñochas, pachacoña, yucas o mandiocas, papas chilotas, papas bollos de gatos, ñames, taros, yautías, arrurruz, raíces de loto, alcachofas de Jerusalen, topinambur, tacca"
01.1.7.05.01,Producto,papas camotes (papa dulce o batata),incluido,"papas y tubérculos en todas sus variedades o denominaciones, por ejemplo, asoberana, cabritas, cacho negra, papas camotes (papa dulce o batata), cielo, huicaña, Magallanes, michuñe blanca, ñochas, pachacoña, yucas o mandiocas, papas chilotas, papas bollos de gatos, ñames, taros, yautías, arrurruz, raíces de loto, alcachofas de Jerusalen, topinambur, tacca"
01.1.7.05.01,Producto,cielo,incluido,"papas y tubérculos en todas sus variedades o denominaciones, por ejemplo, asoberana, cabritas, cacho negra, papas camotes (papa dulce o batata), cielo, huicaña, Magallanes, michuñe blanca, ñochas, pachacoña, yucas o mandiocas, papas chilotas, papas bollos de gatos, ñames, taros, yautías, arrurruz, raíces de loto, alcachofas de Jerusalen, topinambur, tacca"
01.1.7.05.01,Producto,huicaña,incluido,"papas y tubérculos en todas sus variedades o denominaciones, por ejemplo, asoberana, cabritas, cacho negra, papas camotes (papa dulce o batata), cielo, huicaña, Magallanes, michuñe blanca, ñochas, pachacoña, yucas o mandiocas, papas chilotas, papas bollos de gatos, ñames, taros, yautías, arrurruz, raíces de loto, alcachofas de Jerusalen, topinambur, tacca"
01.1.7.05.01,Producto,Magallanes,incluido,"papas y tubérculos en todas sus variedades o denominaciones, por ejemplo, asoberana, cabritas, cacho negra, papas camotes (papa dulce o batata), cielo, huicaña, Magallanes, michuñe blanca, ñochas, pachacoña, yucas o mandiocas, papas chilotas, papas bollos de gatos, ñames, taros, yautías, arrurruz, raíces de loto, alcachofas de Jerusalen, topinambur, tacca"
01.1.7.05.01,Producto,michuñe blanca,incluido,"papas y tubérculos en todas sus variedades o denominaciones, por ejemplo, asoberana, cabritas, cacho negra, papas camotes (papa dulce o batata), cielo, huicaña, Magallanes, michuñe blanca, ñochas, pachacoña, yucas o mandiocas, papas chilotas, papas bollos de gatos, ñames, taros, yautías, arrurruz, raíces de loto, alcachofas de Jerusalen, topinambur, tacca"
01.1.7.05.01,Producto,ñochas,incluido,"papas y tubérculos en todas sus variedades o denominaciones, por ejemplo, asoberana, cabritas, cacho negra, papas camotes (papa dulce o batata), cielo, huicaña, Magallanes, michuñe blanca, ñochas, pachacoña, yucas o mandiocas, papas chilotas, papas bollos de gatos, ñames, taros, yautías, arrurruz, raíces de loto, alcachofas de Jerusalen, topinambur, tacca"
01.1.7.05.01,Producto,pachacoña,incluido,"papas y tubérculos en todas sus variedades o denominaciones, por ejemplo, asoberana, cabritas, cacho negra, papas camotes (papa dulce o batata), cielo, huicaña, Magallanes, michuñe blanca, ñochas, pachacoña, yucas o mandiocas, papas chilotas, papas bollos de gatos, ñames, taros, yautías, arrurruz, raíces de loto, alcachofas de Jerusalen, topinambur, tacca"
01.1.7.05.01,Producto,yucas,incluido,"papas y tubérculos en todas sus variedades o denominaciones, por ejemplo, asoberana, cabritas, cacho negra, papas camotes (papa dulce o batata), cielo, huicaña, Magallanes, michuñe blanca, ñochas, pachacoña, yucas o mandiocas, papas chilotas, papas bollos de gatos, ñames, taros, yautías, arrurruz, raíces de loto, alcachofas de Jerusalen, topinambur, tacca"
01.1.7.05.01,Producto,mandiocas,incluido,"papas y tubérculos en todas sus variedades o denominaciones, por ejemplo, asoberana, cabritas, cacho negra, papas camotes (papa dulce o batata), cielo, huicaña, Magallanes, michuñe blanca, ñochas, pachacoña, yucas o mandiocas, papas chilotas, papas bollos de gatos, ñames, taros, yautías, arrurruz, raíces de loto, alcachofas de Jerusalen, topinambur, tacca"
01.1.7.05.01,Producto,papas chilotas,incluido,"papas y tubérculos en todas sus variedades o denominaciones, por ejemplo, asoberana, cabritas, cacho negra, papas camotes (papa dulce o batata), cielo, huicaña, Magallanes, michuñe blanca, ñochas, pachacoña, yucas o mandiocas, papas chilotas, papas bollos de gatos, ñames, taros, yautías, arrurruz, raíces de loto, alcachofas de Jerusalen, topinambur, tacca"
01.1.7.05.01,Producto,papas bollos de gatos,incluido,"papas y tubérculos en todas sus variedades o denominaciones, por ejemplo, asoberana, cabritas, cacho negra, papas camotes (papa dulce o batata), cielo, huicaña, Magallanes, michuñe blanca, ñochas, pachacoña, yucas o mandiocas, papas chilotas, papas bollos de gatos, ñames, taros, yautías, arrurruz, raíces de loto, alcachofas de Jerusalen, topinambur, tacca"
01.1.7.05.01,Producto,ñames,incluido,"papas y tubérculos en todas sus variedades o denominaciones, por ejemplo, asoberana, cabritas, cacho negra, papas camotes (papa dulce o batata), cielo, huicaña, Magallanes, michuñe blanca, ñochas, pachacoña, yucas o mandiocas, papas chilotas, papas bollos de gatos, ñames, taros, yautías, arrurruz, raíces de loto, alcachofas de Jerusalen, topinambur, tacca"
01.1.7.05.01,Producto,taros,incluido,"papas y tubérculos en todas sus variedades o denominaciones, por ejemplo, asoberana, cabritas, cacho negra, papas camotes (papa dulce o batata), cielo, huicaña, Magallanes, michuñe blanca, ñochas, pachacoña, yucas o mandiocas, papas chilotas, papas bollos de gatos, ñames, taros, yautías, arrurruz, raíces de loto, alcachofas de Jerusalen, topinambur, tacca"
01.1.7.05.01,Producto,yautías,incluido,"papas y tubérculos en todas sus variedades o denominaciones, por ejemplo, asoberana, cabritas, cacho negra, papas camotes (papa dulce o batata), cielo, huicaña, Magallanes, michuñe blanca, ñochas, pachacoña, yucas o mandiocas, papas chilotas, papas bollos de gatos, ñames, taros, yautías, arrurruz, raíces de loto, alcachofas de Jerusalen, topinambur, tacca"
01.1.7.05.01,Producto,arrurruz,incluido,"papas y tubérculos en todas sus variedades o denominaciones, por ejemplo, asoberana, cabritas, cacho negra, papas camotes (papa dulce o batata), cielo, huicaña, Magallanes, michuñe blanca, ñochas, pachacoña, yucas o mandiocas, papas chilotas, papas bollos de gatos, ñames, taros, yautías, arrurruz, raíces de loto, alcachofas de Jerusalen, topinambur, tacca"
01.1.7.05.01,Producto,raíces de loto,incluido,"papas y tubérculos en todas sus variedades o denominaciones, por ejemplo, asoberana, cabritas, cacho negra, papas camotes (papa dulce o batata), cielo, huicaña, Magallanes, michuñe blanca, ñochas, pachacoña, yucas o mandiocas, papas chilotas, papas bollos de gatos, ñames, taros, yautías, arrurruz, raíces de loto, alcachofas de Jerusalen, topinambur, tacca"
01.1.7.05.01,Producto,alcachofas de Jerusalen,incluido,"papas y tubérculos en todas sus variedades o denominaciones, por ejemplo, asoberana, cabritas, cacho negra, papas camotes (papa dulce o batata), cielo, huicaña, Magallanes, michuñe blanca, ñochas, pachacoña, yucas o mandiocas, papas chilotas, papas bollos de gatos, ñames, taros, yautías, arrurruz, raíces de loto, alcachofas de Jerusalen, topinambur, tacca"
01.1.7.05.01,Producto,topinambur,incluido,"papas y tubérculos en todas sus variedades o denominaciones, por ejemplo, asoberana, cabritas, cacho negra, papas camotes (papa dulce o batata), cielo, huicaña, Magallanes, michuñe blanca, ñochas, pachacoña, yucas o mandiocas, papas chilotas, papas bollos de gatos, ñames, taros, yautías, arrurruz, raíces de loto, alcachofas de Jerusalen, topinambur, tacca"
01.1.7.05.01,Producto,tacca,incluido,"papas y tubérculos en todas sus variedades o denominaciones, por ejemplo, asoberana, cabritas, cacho negra, papas camotes (papa dulce o batata), cielo, huicaña, Magallanes, michuñe blanca, ñochas, pachacoña, yucas o mandiocas, papas chilotas, papas bollos de gatos, ñames, taros, yautías, arrurruz, raíces de loto, alcachofas de Jerusalen, topinambur, tacca"
01.1.7.05.02,Producto,plátanos,incluido,plátanos y bananas para cocinar como plátano barraganete (plátanos verdes)
01.1.7.05.02,Producto,bananas para cocinar,incluido,plátanos y bananas para cocinar como plátano barraganete (plátanos verdes)
01.1.7.05.02,Producto,plátano barraganete (plátanos verdes),incluido,plátanos y bananas para cocinar como plátano barraganete (plátanos verdes)
01.1.7.06.00,Subclase,frijoles (porotos) comunes,incluido,frijoles (porotos) comunes y otros frijoles
01.1.7.06.00,Subclase,otros frijoles,incluido,frijoles (porotos) comunes y otros frijoles
01.1.7.06.00,Subclase,habas secas,incluido,habas secas
01.1.7.06.00,Subclase,garbanzos,incluido,garbanzos
01.1.7.06.00,Subclase,lentejas,incluido,lentejas
01.1.7.06.00,Subclase,guisantes,incluido,guisantes
01.1.7.06.00,Subclase,guisantes de vaca,incluido,guisantes de vaca
01.1.7.06.00,Subclase,arvejas,incluido,arvejas
01.1.7.06.00,Subclase,habas de bambara,incluido,habas de bambara
01.1.7.06.00,Subclase,mezclas de legumbres,incluido,mezclas de legumbres
01.1.7.06.01,Producto,porotos secos en todas sus variedades,incluido,"porotos secos en todas sus variedades o denominaciones, por ejemplo, apolo, venus, torcaza, astro, granado"
01.1.7.06.01,Producto,apolo,incluido,"porotos secos en todas sus variedades o denominaciones, por ejemplo, apolo, venus, torcaza, astro, granado"
01.1.7.06.01,Producto,venus,incluido,"porotos secos en todas sus variedades o denominaciones, por ejemplo, apolo, venus, torcaza, astro, granado"
01.1.7.06.01,Producto,torcaza,incluido,"porotos secos en todas sus variedades o denominaciones, por ejemplo, apolo, venus, torcaza, astro, granado"
01.1.7.06.01,Producto,astro,incluido,"porotos secos en todas sus variedades o denominaciones, por ejemplo, apolo, venus, torcaza, astro, granado"
01.1.7.06.01,Producto,granado,incluido,"porotos secos en todas sus variedades o denominaciones, por ejemplo, apolo, venus, torcaza, astro, granado"
01.1.7.03.02,Producto,porotos verdes (frijoles verdes) frescos,excluido,porotos verdes (frijoles verdes) frescos o refrigerados (01.1.7.03.02)
01.1.7.06.02,Producto,lentejas secas en todas sus variedades,incluido,"lentejas secas en todas sus variedades o denominaciones, por ejemplo, armuña, pardina, verdina, lentejón"
01.1.7.06.02,Producto,armuña,incluido,"lentejas secas en todas sus variedades o denominaciones, por ejemplo, armuña, pardina, verdina, lentejón"
01.1.7.06.02,Producto,pardina,incluido,"lentejas secas en todas sus variedades o denominaciones, por ejemplo, armuña, pardina, verdina, lentejón"
01.1.7.06.02,Producto,verdina,incluido,"lentejas secas en todas sus variedades o denominaciones, por ejemplo, armuña, pardina, verdina, lentejón"
01.1.7.06.02,Producto,lentejón,incluido,"lentejas secas en todas sus variedades o denominaciones, por ejemplo, armuña, pardina, verdina, lentejón"
01.1.7.06.03,Producto,garbanzos secos en todas sus variedades,incluido,"garbanzos secos en todas sus variedades o denominaciones, por ejemplo, desi, gulabi, kabuli"
01.1.7.06.03,Producto,desi,incluido,"garbanzos secos en todas sus variedades o denominaciones, por ejemplo, desi, gulabi, kabuli"
01.1.7.06.03,Producto,gulabi,incluido,"garbanzos secos en todas sus variedades o denominaciones, por ejemplo, desi, gulabi, kabuli"
01.1.7.06.03,Producto,kabuli,incluido,"garbanzos secos en todas sus variedades o denominaciones, por ejemplo, desi, gulabi, kabuli"
01.1.7.06.04,Producto,arvejas secas,incluido,"arvejas secas, arvejas partidas, guisantes y guisantes de vaca"
01.1.7.06.04,Producto,arvejas partidas,incluido,"arvejas secas, arvejas partidas, guisantes y guisantes de vaca"
01.1.7.06.04,Producto,guisantes,incluido,"arvejas secas, arvejas partidas, guisantes y guisantes de vaca"
01.1.7.06.04,Producto,guisantes de vaca,incluido,"arvejas secas, arvejas partidas, guisantes y guisantes de vaca"
01.1.7.03.01,Producto,arvejas frescas,excluido,arvejas frescas (01.1.7.03.01)
01.1.7.06.99,Producto,habas secas,incluido,"habas secas, habas de bambara, mezclas de legumbres"
01.1.7.06.99,Producto,habas de bambara,incluido,"habas secas, habas de bambara, mezclas de legumbres"
01.1.7.06.99,Producto,mezclas de legumbres,incluido,"habas secas, habas de bambara, mezclas de legumbres"
01.1.7.07.00,Subclase,soja seca,incluido,soja seca
01.1.7.07.00,Subclase,papas secas,incluido,papas secas
01.1.7.07.00,Subclase,ajos,incluido,ajos y cebollas deshidratadas
01.1.7.07.00,Subclase,cebollas deshidratadas,incluido,ajos y cebollas deshidratadas
01.1.1.02.00,Subclase,harinas de cereales,excluido,harinas de cereales (01.1.1.02.00)
01.1.7.09.01,Producto,harinas de hortalizas,excluido,harinas de hortalizas (01.1.7.09.01)
01.1.7.07.01,Producto,soja seca,incluido,"soja seca, papas secas, ajos y cebollas deshidratados (ajo en polvo, ajo en láminas o ajo entero, cebolla en polvo, cebolla en láminas o cebolla entera), papa chuño, zanahorias deshidratadas, betarragas deshidratadas, algas marinas secas o deshidratadas (cochayuyo seco, nori, otras algas marinas secas o deshidratadas), etc"
01.1.7.07.01,Producto,papas secas,incluido,"soja seca, papas secas, ajos y cebollas deshidratados (ajo en polvo, ajo en láminas o ajo entero, cebolla en polvo, cebolla en láminas o cebolla entera), papa chuño, zanahorias deshidratadas, betarragas deshidratadas, algas marinas secas o deshidratadas (cochayuyo seco, nori, otras algas marinas secas o deshidratadas), etc"
01.1.7.07.01,Producto,ajos,incluido,"soja seca, papas secas, ajos y cebollas deshidratados (ajo en polvo, ajo en láminas o ajo entero, cebolla en polvo, cebolla en láminas o cebolla entera), papa chuño, zanahorias deshidratadas, betarragas deshidratadas, algas marinas secas o deshidratadas (cochayuyo seco, nori, otras algas marinas secas o deshidratadas), etc"
01.1.7.07.01,Producto,"cebollas deshidratados (ajo en polvo, ajo en láminas o ajo entero, cebolla en polvo, cebolla en láminas o cebolla entera)",incluido,"soja seca, papas secas, ajos y cebollas deshidratados (ajo en polvo, ajo en láminas o ajo entero, cebolla en polvo, cebolla en láminas o cebolla entera), papa chuño, zanahorias deshidratadas, betarragas deshidratadas, algas marinas secas o deshidratadas (cochayuyo seco, nori, otras algas marinas secas o deshidratadas), etc"
01.1.7.07.01,Producto,papa chuño,incluido,"soja seca, papas secas, ajos y cebollas deshidratados (ajo en polvo, ajo en láminas o ajo entero, cebolla en polvo, cebolla en láminas o cebolla entera), papa chuño, zanahorias deshidratadas, betarragas deshidratadas, algas marinas secas o deshidratadas (cochayuyo seco, nori, otras algas marinas secas o deshidratadas), etc"
01.1.7.07.01,Producto,zanahorias deshidratadas,incluido,"soja seca, papas secas, ajos y cebollas deshidratados (ajo en polvo, ajo en láminas o ajo entero, cebolla en polvo, cebolla en láminas o cebolla entera), papa chuño, zanahorias deshidratadas, betarragas deshidratadas, algas marinas secas o deshidratadas (cochayuyo seco, nori, otras algas marinas secas o deshidratadas), etc"
01.1.7.07.01,Producto,betarragas deshidratadas,incluido,"soja seca, papas secas, ajos y cebollas deshidratados (ajo en polvo, ajo en láminas o ajo entero, cebolla en polvo, cebolla en láminas o cebolla entera), papa chuño, zanahorias deshidratadas, betarragas deshidratadas, algas marinas secas o deshidratadas (cochayuyo seco, nori, otras algas marinas secas o deshidratadas), etc"
01.1.7.07.01,Producto,algas marinas secas,incluido,"soja seca, papas secas, ajos y cebollas deshidratados (ajo en polvo, ajo en láminas o ajo entero, cebolla en polvo, cebolla en láminas o cebolla entera), papa chuño, zanahorias deshidratadas, betarragas deshidratadas, algas marinas secas o deshidratadas (cochayuyo seco, nori, otras algas marinas secas o deshidratadas), etc"
01.1.7.07.01,Producto,"deshidratadas (cochayuyo seco, nori, otras algas marinas secas o deshidratadas)",incluido,"soja seca, papas secas, ajos y cebollas deshidratados (ajo en polvo, ajo en láminas o ajo entero, cebolla en polvo, cebolla en láminas o cebolla entera), papa chuño, zanahorias deshidratadas, betarragas deshidratadas, algas marinas secas o deshidratadas (cochayuyo seco, nori, otras algas marinas secas o deshidratadas), etc"
01.1.7.04.08,Producto,algas marinas frescas,excluido,"algas marinas frescas o refrigeradas, por ejemplo, cochayuyo fresco (01.1.7.04.08)"
01.1.7.04.08,Producto,cochayuyo fresco,excluido,"algas marinas frescas o refrigeradas, por ejemplo, cochayuyo fresco (01.1.7.04.08)"
01.1.7.09.99,Producto,almidón de papa,excluido,almidón de papa (01.1.7.09.99)
01.1.7.08.00,Subclase,hortalizas de 01.1.7.01.00 a 01.1.7.04.00,incluido,"hortalizas de 01.1.7.01.00 a 01.1.7.04.00, congeladas"
01.1.7.08.00,Subclase,tubérculos congelados,incluido,tubérculos congelados
01.1.7.08.00,Subclase,plátanos,incluido,plátanos y bananas para cocinar congelados
01.1.7.08.00,Subclase,bananas para cocinar congelados,incluido,plátanos y bananas para cocinar congelados
01.1.7.09.04,Producto,preparaciones congeladas,excluido,"preparaciones congeladas, como papas fritas y prefritas congeladas (01.1.7.09.04)"
01.1.7.09.04,Producto,prefritas congeladas,excluido,"preparaciones congeladas, como papas fritas y prefritas congeladas (01.1.7.09.04)"
01.1.7.08.01,Producto,choclos congelados,incluido,choclos congelados
01.1.7.08.02,Producto,arvejas congeladas,incluido,arvejas congeladas
01.1.7.08.03,Producto,mix de verduras congeladas de todo tipo,incluido,"mix de verduras congeladas de todo tipo como surtidos de verduras congeladas, primavera, ensalada rusa, jardinera, carbonada"
01.1.7.08.03,Producto,surtidos de verduras congeladas,incluido,"mix de verduras congeladas de todo tipo como surtidos de verduras congeladas, primavera, ensalada rusa, jardinera, carbonada"
01.1.7.08.03,Producto,primavera,incluido,"mix de verduras congeladas de todo tipo como surtidos de verduras congeladas, primavera, ensalada rusa, jardinera, carbonada"
01.1.7.08.03,Producto,ensalada rusa,incluido,"mix de verduras congeladas de todo tipo como surtidos de verduras congeladas, primavera, ensalada rusa, jardinera, carbonada"
01.1.7.08.03,Producto,jardinera,incluido,"mix de verduras congeladas de todo tipo como surtidos de verduras congeladas, primavera, ensalada rusa, jardinera, carbonada"
01.1.7.08.03,Producto,carbonada,incluido,"mix de verduras congeladas de todo tipo como surtidos de verduras congeladas, primavera, ensalada rusa, jardinera, carbonada"
01.1.7.08.99,Producto,otras hortalizas,incluido,"otras hortalizas, tubérculos, plátanos, bananas para cocinar, congelados como espárragos, porotos verdes, porotos granados, habas, cebollas, papas y otros tubérculos congelados, otras hortalizas congeladas"
01.1.7.08.99,Producto,tubérculos,incluido,"otras hortalizas, tubérculos, plátanos, bananas para cocinar, congelados como espárragos, porotos verdes, porotos granados, habas, cebollas, papas y otros tubérculos congelados, otras hortalizas congeladas"
01.1.7.08.99,Producto,plátanos,incluido,"otras hortalizas, tubérculos, plátanos, bananas para cocinar, congelados como espárragos, porotos verdes, porotos granados, habas, cebollas, papas y otros tubérculos congelados, otras hortalizas congeladas"
01.1.7.08.99,Producto,bananas para cocinar,incluido,"otras hortalizas, tubérculos, plátanos, bananas para cocinar, congelados como espárragos, porotos verdes, porotos granados, habas, cebollas, papas y otros tubérculos congelados, otras hortalizas congeladas"
01.1.7.08.99,Producto,espárragos,incluido,"otras hortalizas, tubérculos, plátanos, bananas para cocinar, congelados como espárragos, porotos verdes, porotos granados, habas, cebollas, papas y otros tubérculos congelados, otras hortalizas congeladas"
01.1.7.08.99,Producto,porotos verdes,incluido,"otras hortalizas, tubérculos, plátanos, bananas para cocinar, congelados como espárragos, porotos verdes, porotos granados, habas, cebollas, papas y otros tubérculos congelados, otras hortalizas congeladas"
01.1.7.08.99,Producto,porotos granados,incluido,"otras hortalizas, tubérculos, plátanos, bananas para cocinar, congelados como espárragos, porotos verdes, porotos granados, habas, cebollas, papas y otros tubérculos congelados, otras hortalizas congeladas"
01.1.7.08.99,Producto,habas,incluido,"otras hortalizas, tubérculos, plátanos, bananas para cocinar, congelados como espárragos, porotos verdes, porotos granados, habas, cebollas, papas y otros tubérculos congelados, otras hortalizas congeladas"
01.1.7.08.99,Producto,cebollas,incluido,"otras hortalizas, tubérculos, plátanos, bananas para cocinar, congelados como espárragos, porotos verdes, porotos granados, habas, cebollas, papas y otros tubérculos congelados, otras hortalizas congeladas"
01.1.7.08.99,Producto,papas,incluido,"otras hortalizas, tubérculos, plátanos, bananas para cocinar, congelados como espárragos, porotos verdes, porotos granados, habas, cebollas, papas y otros tubérculos congelados, otras hortalizas congeladas"
01.1.7.08.99,Producto,otros tubérculos congelados,incluido,"otras hortalizas, tubérculos, plátanos, bananas para cocinar, congelados como espárragos, porotos verdes, porotos granados, habas, cebollas, papas y otros tubérculos congelados, otras hortalizas congeladas"
01.1.7.08.99,Producto,otras hortalizas congeladas,incluido,"otras hortalizas, tubérculos, plátanos, bananas para cocinar, congelados como espárragos, porotos verdes, porotos granados, habas, cebollas, papas y otros tubérculos congelados, otras hortalizas congeladas"
01.1.7.09.04,Producto,papas duquesa,excluido,"papas duquesa, fritas y prefritas congeladas (01.1.7.09.04)"
01.1.7.09.04,Producto,fritas,excluido,"papas duquesa, fritas y prefritas congeladas (01.1.7.09.04)"
01.1.7.09.00,Subclase,harinas de hortalizas,incluido,"harinas de hortalizas, legumbres, tubérculos, plátanos y bananas para cocinar"
01.1.7.09.00,Subclase,legumbres,incluido,"harinas de hortalizas, legumbres, tubérculos, plátanos y bananas para cocinar"
01.1.7.09.00,Subclase,tubérculos,incluido,"harinas de hortalizas, legumbres, tubérculos, plátanos y bananas para cocinar"
01.1.7.09.00,Subclase,plátanos,incluido,"harinas de hortalizas, legumbres, tubérculos, plátanos y bananas para cocinar"
01.1.7.09.00,Subclase,bananas para cocinar,incluido,"harinas de hortalizas, legumbres, tubérculos, plátanos y bananas para cocinar"
01.1.7.09.00,Subclase,verduras enlatadas,incluido,verduras enlatadas
01.1.7.09.00,Subclase,aceitunas en conserva,incluido,"aceitunas en conserva, hojuelas de verduras, puré de verduras, chips de verduras y chips en base a papas fritas"
01.1.7.09.00,Subclase,hojuelas de verduras,incluido,"aceitunas en conserva, hojuelas de verduras, puré de verduras, chips de verduras y chips en base a papas fritas"
01.1.7.09.00,Subclase,puré de verduras,incluido,"aceitunas en conserva, hojuelas de verduras, puré de verduras, chips de verduras y chips en base a papas fritas"
01.1.7.09.00,Subclase,chips de verduras,incluido,"aceitunas en conserva, hojuelas de verduras, puré de verduras, chips de verduras y chips en base a papas fritas"
01.1.7.09.00,Subclase,chips en base a papas fritas,incluido,"aceitunas en conserva, hojuelas de verduras, puré de verduras, chips de verduras y chips en base a papas fritas"
01.1.7.09.00,Subclase,papas congeladas,incluido,papas congeladas y fritas
01.1.7.09.00,Subclase,fritas,incluido,papas congeladas y fritas
01.1.7.09.00,Subclase,concentrados vegetales,incluido,concentrados vegetales
01.1.7.09.00,Subclase,preparaciones homogeneizadas,incluido,preparaciones homogeneizadas
01.1.7.09.00,Subclase,encurtidos de verduras,incluido,encurtidos de verduras
01.1.7.09.00,Subclase,carne,incluido,"carne y hamburguesas de soja, hamburguesas vegetarianas, tofu, tempeh y otros sustitutos de la carne hechos de verduras y nueces"
01.1.7.09.00,Subclase,hamburguesas de soja,incluido,"carne y hamburguesas de soja, hamburguesas vegetarianas, tofu, tempeh y otros sustitutos de la carne hechos de verduras y nueces"
01.1.7.09.00,Subclase,hamburguesas vegetarianas,incluido,"carne y hamburguesas de soja, hamburguesas vegetarianas, tofu, tempeh y otros sustitutos de la carne hechos de verduras y nueces"
01.1.7.09.00,Subclase,tofu,incluido,"carne y hamburguesas de soja, hamburguesas vegetarianas, tofu, tempeh y otros sustitutos de la carne hechos de verduras y nueces"
01.1.7.09.00,Subclase,tempeh,incluido,"carne y hamburguesas de soja, hamburguesas vegetarianas, tofu, tempeh y otros sustitutos de la carne hechos de verduras y nueces"
01.1.7.09.00,Subclase,otros sustitutos de la carne hechos de verduras,incluido,"carne y hamburguesas de soja, hamburguesas vegetarianas, tofu, tempeh y otros sustitutos de la carne hechos de verduras y nueces"
01.1.7.09.00,Subclase,nueces,incluido,"carne y hamburguesas de soja, hamburguesas vegetarianas, tofu, tempeh y otros sustitutos de la carne hechos de verduras y nueces"
01.1.7.09.00,Subclase,kocho (pan plano hecho de tallo vegetal),incluido,kocho (pan plano hecho de tallo vegetal)
01.1.7.09.00,Subclase,almidón de papa,incluido,"almidón de papa, tapioca, sagú y otros almidones"
01.1.7.09.00,Subclase,tapioca,incluido,"almidón de papa, tapioca, sagú y otros almidones"
01.1.7.09.00,Subclase,sagú,incluido,"almidón de papa, tapioca, sagú y otros almidones"
01.1.7.09.00,Subclase,otros almidones,incluido,"almidón de papa, tapioca, sagú y otros almidones"
01.1.1.09.99,Producto,seitán,excluido,seitán y otros sustitutos de la carne hechos de cereales (01.1.1.09.99)
01.1.1.09.99,Producto,otros sustitutos de la carne hechos de cereales,excluido,seitán y otros sustitutos de la carne hechos de cereales (01.1.1.09.99)
01.1.9.01.00,Subclase,hortalizas preparadas,excluido,"hortalizas preparadas, congelados o no, incluidos otros ingredientes, como queso o carne/pescado; sopas preparadas (01.1.9.01.00)"
01.1.9.01.00,Subclase,carne,excluido,"hortalizas preparadas, congelados o no, incluidos otros ingredientes, como queso o carne/pescado; sopas preparadas (01.1.9.01.00)"
01.1.9.01.00,Subclase,sopas preparadas,excluido,"hortalizas preparadas, congelados o no, incluidos otros ingredientes, como queso o carne/pescado; sopas preparadas (01.1.9.01.00)"
01.1.9.04.00,Subclase,hierbas,excluido,hierbas y especias culinarias (01.1.9.04.00)
01.1.9.04.00,Subclase,especias culinarias,excluido,hierbas y especias culinarias (01.1.9.04.00)
01.1.9.09.02,Producto,caldos,excluido,caldos y caldos que contienen verduras (01.1.9.09.02)
01.1.9.09.02,Producto,caldos que contienen verduras,excluido,caldos y caldos que contienen verduras (01.1.9.09.02)
01.2.1.01.00,Subclase,jugos de verduras,excluido,jugos de verduras (01.2.1.01.00)
01.1.7.09.01,Producto,"harinas de legumbres (porotos, arvejas, garbanzos y mezclas)",incluido,"harinas de legumbres (porotos, arvejas, garbanzos y mezclas), harinas de hortalizas, harinas de tubérculos, harinas de plátanos y bananas para cocinar, harinas de soja"
01.1.7.09.01,Producto,harinas de hortalizas,incluido,"harinas de legumbres (porotos, arvejas, garbanzos y mezclas), harinas de hortalizas, harinas de tubérculos, harinas de plátanos y bananas para cocinar, harinas de soja"
01.1.7.09.01,Producto,harinas de tubérculos,incluido,"harinas de legumbres (porotos, arvejas, garbanzos y mezclas), harinas de hortalizas, harinas de tubérculos, harinas de plátanos y bananas para cocinar, harinas de soja"
01.1.7.09.01,Producto,harinas de plátanos,incluido,"harinas de legumbres (porotos, arvejas, garbanzos y mezclas), harinas de hortalizas, harinas de tubérculos, harinas de plátanos y bananas para cocinar, harinas de soja"
01.1.7.09.01,Producto,bananas para cocinar,incluido,"harinas de legumbres (porotos, arvejas, garbanzos y mezclas), harinas de hortalizas, harinas de tubérculos, harinas de plátanos y bananas para cocinar, harinas de soja"
01.1.7.09.01,Producto,harinas de soja,incluido,"harinas de legumbres (porotos, arvejas, garbanzos y mezclas), harinas de hortalizas, harinas de tubérculos, harinas de plátanos y bananas para cocinar, harinas de soja"
01.1.6.09.99,Producto,harinas de frutas,excluido,harinas de frutas y frutos secos (01.1.6.09.99)
01.1.7.09.02,Producto,todo tipo de legumbres enlatadas,incluido,"todo tipo de legumbres enlatadas y en conserva como arvejas, porotos, lentejas, garbanzos, porotos verdes, entre otros"
01.1.7.09.02,Producto,arvejas,incluido,"todo tipo de legumbres enlatadas y en conserva como arvejas, porotos, lentejas, garbanzos, porotos verdes, entre otros"
01.1.7.09.02,Producto,porotos,incluido,"todo tipo de legumbres enlatadas y en conserva como arvejas, porotos, lentejas, garbanzos, porotos verdes, entre otros"
01.1.7.09.02,Producto,lentejas,incluido,"todo tipo de legumbres enlatadas y en conserva como arvejas, porotos, lentejas, garbanzos, porotos verdes, entre otros"
01.1.7.09.02,Producto,garbanzos,incluido,"todo tipo de legumbres enlatadas y en conserva como arvejas, porotos, lentejas, garbanzos, porotos verdes, entre otros"
01.1.7.09.02,Producto,porotos verdes,incluido,"todo tipo de legumbres enlatadas y en conserva como arvejas, porotos, lentejas, garbanzos, porotos verdes, entre otros"
01.1.7.09.03,Producto,hortalizas,incluido,"hortalizas, tubérculos y bananas para cocinar, en conserva como espárragos, champiñones, choclos, palmitos, tomates enteros, alcaparras, fondos de alcachofa, dientes de dragón, etc"
01.1.7.09.03,Producto,tubérculos,incluido,"hortalizas, tubérculos y bananas para cocinar, en conserva como espárragos, champiñones, choclos, palmitos, tomates enteros, alcaparras, fondos de alcachofa, dientes de dragón, etc"
01.1.7.09.03,Producto,bananas para cocinar,incluido,"hortalizas, tubérculos y bananas para cocinar, en conserva como espárragos, champiñones, choclos, palmitos, tomates enteros, alcaparras, fondos de alcachofa, dientes de dragón, etc"
01.1.7.09.03,Producto,espárragos,incluido,"hortalizas, tubérculos y bananas para cocinar, en conserva como espárragos, champiñones, choclos, palmitos, tomates enteros, alcaparras, fondos de alcachofa, dientes de dragón, etc"
01.1.7.09.03,Producto,champiñones,incluido,"hortalizas, tubérculos y bananas para cocinar, en conserva como espárragos, champiñones, choclos, palmitos, tomates enteros, alcaparras, fondos de alcachofa, dientes de dragón, etc"
01.1.7.09.03,Producto,choclos,incluido,"hortalizas, tubérculos y bananas para cocinar, en conserva como espárragos, champiñones, choclos, palmitos, tomates enteros, alcaparras, fondos de alcachofa, dientes de dragón, etc"
01.1.7.09.03,Producto,palmitos,incluido,"hortalizas, tubérculos y bananas para cocinar, en conserva como espárragos, champiñones, choclos, palmitos, tomates enteros, alcaparras, fondos de alcachofa, dientes de dragón, etc"
01.1.7.09.03,Producto,tomates enteros,incluido,"hortalizas, tubérculos y bananas para cocinar, en conserva como espárragos, champiñones, choclos, palmitos, tomates enteros, alcaparras, fondos de alcachofa, dientes de dragón, etc"
01.1.7.09.03,Producto,alcaparras,incluido,"hortalizas, tubérculos y bananas para cocinar, en conserva como espárragos, champiñones, choclos, palmitos, tomates enteros, alcaparras, fondos de alcachofa, dientes de dragón, etc"
01.1.7.09.03,Producto,fondos de alcachofa,incluido,"hortalizas, tubérculos y bananas para cocinar, en conserva como espárragos, champiñones, choclos, palmitos, tomates enteros, alcaparras, fondos de alcachofa, dientes de dragón, etc"
01.1.7.09.03,Producto,dientes de dragón,incluido,"hortalizas, tubérculos y bananas para cocinar, en conserva como espárragos, champiñones, choclos, palmitos, tomates enteros, alcaparras, fondos de alcachofa, dientes de dragón, etc"
01.1.7.09.04,Producto,papas duquesa,incluido,"papas duquesa, papas prefritas, papas fritas, congeladas"
01.1.7.09.04,Producto,papas prefritas,incluido,"papas duquesa, papas prefritas, papas fritas, congeladas"
01.1.7.09.04,Producto,papas fritas,incluido,"papas duquesa, papas prefritas, papas fritas, congeladas"
01.1.7.08.99,Producto,papas naturales congeladas,excluido,papas naturales congeladas (01.1.7.08.99)
01.1.7.09.05,Producto,snacks,incluido,"snacks y chips en base a papas fritas, preparadas y envasadas con peso definido"
01.1.7.09.05,Producto,chips en base a papas fritas,incluido,"snacks y chips en base a papas fritas, preparadas y envasadas con peso definido"
01.1.7.09.05,Producto,preparadas,incluido,"snacks y chips en base a papas fritas, preparadas y envasadas con peso definido"
01.1.7.09.05,Producto,envasadas con peso definido,incluido,"snacks y chips en base a papas fritas, preparadas y envasadas con peso definido"
01.1.7.09.06,Producto,papas desmenuzadas,incluido,"papas desmenuzadas o molidas, puré de papas instantáneo"
01.1.7.09.06,Producto,puré de papas instantáneo,incluido,"papas desmenuzadas o molidas, puré de papas instantáneo"
01.1.7.09.07,Producto,carne vegetal de soja,incluido,"carne vegetal de soja, hamburguesas de soja, hamburguesas vegetarianas, tofu, tempeh y otros sustitutos de la carne hechos de verduras y frutos secos"
01.1.7.09.07,Producto,hamburguesas de soja,incluido,"carne vegetal de soja, hamburguesas de soja, hamburguesas vegetarianas, tofu, tempeh y otros sustitutos de la carne hechos de verduras y frutos secos"
01.1.7.09.07,Producto,hamburguesas vegetarianas,incluido,"carne vegetal de soja, hamburguesas de soja, hamburguesas vegetarianas, tofu, tempeh y otros sustitutos de la carne hechos de verduras y frutos secos"
01.1.7.09.07,Producto,tofu,incluido,"carne vegetal de soja, hamburguesas de soja, hamburguesas vegetarianas, tofu, tempeh y otros sustitutos de la carne hechos de verduras y frutos secos"
01.1.7.09.07,Producto,tempeh,incluido,"carne vegetal de soja, hamburguesas de soja, hamburguesas vegetarianas, tofu, tempeh y otros sustitutos de la carne hechos de verduras y frutos secos"
01.1.7.09.07,Producto,otros sustitutos de la carne hechos de verduras,incluido,"carne vegetal de soja, hamburguesas de soja, hamburguesas vegetarianas, tofu, tempeh y otros sustitutos de la carne hechos de verduras y frutos secos"
01.1.7.09.07,Producto,frutos secos,incluido,"carne vegetal de soja, hamburguesas de soja, hamburguesas vegetarianas, tofu, tempeh y otros sustitutos de la carne hechos de verduras y frutos secos"
01.1.7.09.08,Producto,aceitunas,incluido,"aceitunas, pepinillos, pickle, cebollas perla, ajíes escabeche y los surtidos de las mismas como pichanga o similares (como salsa americana)"
01.1.7.09.08,Producto,pepinillos,incluido,"aceitunas, pepinillos, pickle, cebollas perla, ajíes escabeche y los surtidos de las mismas como pichanga o similares (como salsa americana)"
01.1.7.09.08,Producto,pickle,incluido,"aceitunas, pepinillos, pickle, cebollas perla, ajíes escabeche y los surtidos de las mismas como pichanga o similares (como salsa americana)"
01.1.7.09.08,Producto,cebollas perla,incluido,"aceitunas, pepinillos, pickle, cebollas perla, ajíes escabeche y los surtidos de las mismas como pichanga o similares (como salsa americana)"
01.1.7.09.08,Producto,ajíes escabeche,incluido,"aceitunas, pepinillos, pickle, cebollas perla, ajíes escabeche y los surtidos de las mismas como pichanga o similares (como salsa americana)"
01.1.7.09.08,Producto,pichanga,incluido,"aceitunas, pepinillos, pickle, cebollas perla, ajíes escabeche y los surtidos de las mismas como pichanga o similares (como salsa americana)"
01.1.7.09.08,Producto,similares (como salsa americana),incluido,"aceitunas, pepinillos, pickle, cebollas perla, ajíes escabeche y los surtidos de las mismas como pichanga o similares (como salsa americana)"
01.1.7.09.99,Producto,hojuelas de verduras,incluido,"hojuelas de verduras, puré de verduras, snacks o chips de verduras, concentrados de vegetales, preparaciones homogeneizadas, kocho (pan plano hecho de tallo vegetal), almidones de papa, tapioca, sagú y otros almidones"
01.1.7.09.99,Producto,puré de verduras,incluido,"hojuelas de verduras, puré de verduras, snacks o chips de verduras, concentrados de vegetales, preparaciones homogeneizadas, kocho (pan plano hecho de tallo vegetal), almidones de papa, tapioca, sagú y otros almidones"
01.1.7.09.99,Producto,snacks,incluido,"hojuelas de verduras, puré de verduras, snacks o chips de verduras, concentrados de vegetales, preparaciones homogeneizadas, kocho (pan plano hecho de tallo vegetal), almidones de papa, tapioca, sagú y otros almidones"
01.1.7.09.99,Producto,chips de verduras,incluido,"hojuelas de verduras, puré de verduras, snacks o chips de verduras, concentrados de vegetales, preparaciones homogeneizadas, kocho (pan plano hecho de tallo vegetal), almidones de papa, tapioca, sagú y otros almidones"
01.1.7.09.99,Producto,concentrados de vegetales,incluido,"hojuelas de verduras, puré de verduras, snacks o chips de verduras, concentrados de vegetales, preparaciones homogeneizadas, kocho (pan plano hecho de tallo vegetal), almidones de papa, tapioca, sagú y otros almidones"
01.1.7.09.99,Producto,preparaciones homogeneizadas,incluido,"hojuelas de verduras, puré de verduras, snacks o chips de verduras, concentrados de vegetales, preparaciones homogeneizadas, kocho (pan plano hecho de tallo vegetal), almidones de papa, tapioca, sagú y otros almidones"
01.1.7.09.99,Producto,kocho (pan plano hecho de tallo vegetal),incluido,"hojuelas de verduras, puré de verduras, snacks o chips de verduras, concentrados de vegetales, preparaciones homogeneizadas, kocho (pan plano hecho de tallo vegetal), almidones de papa, tapioca, sagú y otros almidones"
01.1.7.09.99,Producto,almidones de papa,incluido,"hojuelas de verduras, puré de verduras, snacks o chips de verduras, concentrados de vegetales, preparaciones homogeneizadas, kocho (pan plano hecho de tallo vegetal), almidones de papa, tapioca, sagú y otros almidones"
01.1.7.09.99,Producto,tapioca,incluido,"hojuelas de verduras, puré de verduras, snacks o chips de verduras, concentrados de vegetales, preparaciones homogeneizadas, kocho (pan plano hecho de tallo vegetal), almidones de papa, tapioca, sagú y otros almidones"
01.1.7.09.99,Producto,sagú,incluido,"hojuelas de verduras, puré de verduras, snacks o chips de verduras, concentrados de vegetales, preparaciones homogeneizadas, kocho (pan plano hecho de tallo vegetal), almidones de papa, tapioca, sagú y otros almidones"
01.1.7.09.99,Producto,otros almidones,incluido,"hojuelas de verduras, puré de verduras, snacks o chips de verduras, concentrados de vegetales, preparaciones homogeneizadas, kocho (pan plano hecho de tallo vegetal), almidones de papa, tapioca, sagú y otros almidones"
01.1.8.01.00,Subclase,azúcar de caña,incluido,"azúcar de caña o de remolacha, en bruto o refinada, en polvo, cristalizada o en terrones"
01.1.8.01.00,Subclase,refinada,incluido,"azúcar de caña o de remolacha, en bruto o refinada, en polvo, cristalizada o en terrones"
01.1.8.01.00,Subclase,cristalizada,incluido,"azúcar de caña o de remolacha, en bruto o refinada, en polvo, cristalizada o en terrones"
01.1.8.01.01,Producto,azúcar de caña,incluido,"azúcar de caña o de remolacha, en bruto o refinada, en polvo, cristalizada o en terrones, azúcar blanca, azúcar morena, azúcar dorada, azúcar rubia, azúcar refinada o extra blanca (flor), azúcar integral, azúcar light, azúcar granulada, azúcar caramelizada, azúcar glaseada"
01.1.8.01.01,Producto,refinada,incluido,"azúcar de caña o de remolacha, en bruto o refinada, en polvo, cristalizada o en terrones, azúcar blanca, azúcar morena, azúcar dorada, azúcar rubia, azúcar refinada o extra blanca (flor), azúcar integral, azúcar light, azúcar granulada, azúcar caramelizada, azúcar glaseada"
01.1.8.01.01,Producto,cristalizada,incluido,"azúcar de caña o de remolacha, en bruto o refinada, en polvo, cristalizada o en terrones, azúcar blanca, azúcar morena, azúcar dorada, azúcar rubia, azúcar refinada o extra blanca (flor), azúcar integral, azúcar light, azúcar granulada, azúcar caramelizada, azúcar glaseada"
01.1.8.01.01,Producto,azúcar blanca,incluido,"azúcar de caña o de remolacha, en bruto o refinada, en polvo, cristalizada o en terrones, azúcar blanca, azúcar morena, azúcar dorada, azúcar rubia, azúcar refinada o extra blanca (flor), azúcar integral, azúcar light, azúcar granulada, azúcar caramelizada, azúcar glaseada"
01.1.8.01.01,Producto,azúcar morena,incluido,"azúcar de caña o de remolacha, en bruto o refinada, en polvo, cristalizada o en terrones, azúcar blanca, azúcar morena, azúcar dorada, azúcar rubia, azúcar refinada o extra blanca (flor), azúcar integral, azúcar light, azúcar granulada, azúcar caramelizada, azúcar glaseada"
01.1.8.01.01,Producto,azúcar dorada,incluido,"azúcar de caña o de remolacha, en bruto o refinada, en polvo, cristalizada o en terrones, azúcar blanca, azúcar morena, azúcar dorada, azúcar rubia, azúcar refinada o extra blanca (flor), azúcar integral, azúcar light, azúcar granulada, azúcar caramelizada, azúcar glaseada"
01.1.8.01.01,Producto,azúcar rubia,incluido,"azúcar de caña o de remolacha, en bruto o refinada, en polvo, cristalizada o en terrones, azúcar blanca, azúcar morena, azúcar dorada, azúcar rubia, azúcar refinada o extra blanca (flor), azúcar integral, azúcar light, azúcar granulada, azúcar caramelizada, azúcar glaseada"
01.1.8.01.01,Producto,azúcar refinada,incluido,"azúcar de caña o de remolacha, en bruto o refinada, en polvo, cristalizada o en terrones, azúcar blanca, azúcar morena, azúcar dorada, azúcar rubia, azúcar refinada o extra blanca (flor), azúcar integral, azúcar light, azúcar granulada, azúcar caramelizada, azúcar glaseada"
01.1.8.01.01,Producto,extra blanca (flor),incluido,"azúcar de caña o de remolacha, en bruto o refinada, en polvo, cristalizada o en terrones, azúcar blanca, azúcar morena, azúcar dorada, azúcar rubia, azúcar refinada o extra blanca (flor), azúcar integral, azúcar light, azúcar granulada, azúcar caramelizada, azúcar glaseada"
01.1.8.01.01,Producto,azúcar integral,incluido,"azúcar de caña o de remolacha, en bruto o refinada, en polvo, cristalizada o en terrones, azúcar blanca, azúcar morena, azúcar dorada, azúcar rubia, azúcar refinada o extra blanca (flor), azúcar integral, azúcar light, azúcar granulada, azúcar caramelizada, azúcar glaseada"
01.1.8.01.01,Producto,azúcar light,incluido,"azúcar de caña o de remolacha, en bruto o refinada, en polvo, cristalizada o en terrones, azúcar blanca, azúcar morena, azúcar dorada, azúcar rubia, azúcar refinada o extra blanca (flor), azúcar integral, azúcar light, azúcar granulada, azúcar caramelizada, azúcar glaseada"
01.1.8.01.01,Producto,azúcar granulada,incluido,"azúcar de caña o de remolacha, en bruto o refinada, en polvo, cristalizada o en terrones, azúcar blanca, azúcar morena, azúcar dorada, azúcar rubia, azúcar refinada o extra blanca (flor), azúcar integral, azúcar light, azúcar granulada, azúcar caramelizada, azúcar glaseada"
01.1.8.01.01,Producto,azúcar caramelizada,incluido,"azúcar de caña o de remolacha, en bruto o refinada, en polvo, cristalizada o en terrones, azúcar blanca, azúcar morena, azúcar dorada, azúcar rubia, azúcar refinada o extra blanca (flor), azúcar integral, azúcar light, azúcar granulada, azúcar caramelizada, azúcar glaseada"
01.1.8.01.01,Producto,azúcar glaseada,incluido,"azúcar de caña o de remolacha, en bruto o refinada, en polvo, cristalizada o en terrones, azúcar blanca, azúcar morena, azúcar dorada, azúcar rubia, azúcar refinada o extra blanca (flor), azúcar integral, azúcar light, azúcar granulada, azúcar caramelizada, azúcar glaseada"
01.1.8.02.00,Subclase,azúcar distinta de la caña,incluido,"azúcar distinta de la caña y la remolacha (por ejemplo, azúcar de coco)"
01.1.8.02.00,Subclase,estevia,incluido,estevia
01.1.8.02.00,Subclase,glucosa,incluido,glucosa y jarabe de glucosa
01.1.8.02.00,Subclase,jarabe de glucosa,incluido,glucosa y jarabe de glucosa
01.1.8.02.00,Subclase,fructosa,incluido,fructosa y jarabe de fructosa
01.1.8.02.00,Subclase,jarabe de fructosa,incluido,fructosa y jarabe de fructosa
01.1.8.02.00,Subclase,lactosa,incluido,lactosa y jarabe de lactosa
01.1.8.02.00,Subclase,jarabe de lactosa,incluido,lactosa y jarabe de lactosa
01.1.8.02.00,Subclase,azúcar invertido,incluido,azúcar invertido
01.1.8.02.00,Subclase,miel artificial,incluido,"miel artificial, sacarina y otros edulcorantes artificiales"
01.1.8.02.00,Subclase,sacarina,incluido,"miel artificial, sacarina y otros edulcorantes artificiales"
01.1.8.02.00,Subclase,otros edulcorantes artificiales,incluido,"miel artificial, sacarina y otros edulcorantes artificiales"
01.1.8.02.00,Subclase,caña de azúcar refinada,incluido,"caña de azúcar refinada o azúcar de remolacha, en forma sólida, que contenga aromatizantes o colorantes añadidos"
01.1.8.02.00,Subclase,azúcar de remolacha,incluido,"caña de azúcar refinada o azúcar de remolacha, en forma sólida, que contenga aromatizantes o colorantes añadidos"
01.1.8.02.00,Subclase,colorantes añadidos,incluido,"caña de azúcar refinada o azúcar de remolacha, en forma sólida, que contenga aromatizantes o colorantes añadidos"
01.1.8.02.00,Subclase,azúcar de arce,incluido,azúcar de arce y jarabe de arce; caramelo; melaza; azúcares y jarabes de azúcar n.c.p
01.1.8.02.00,Subclase,jarabe de arce,incluido,azúcar de arce y jarabe de arce; caramelo; melaza; azúcares y jarabes de azúcar n.c.p
01.1.8.02.00,Subclase,caramelo,incluido,azúcar de arce y jarabe de arce; caramelo; melaza; azúcares y jarabes de azúcar n.c.p
01.1.8.02.00,Subclase,melaza,incluido,azúcar de arce y jarabe de arce; caramelo; melaza; azúcares y jarabes de azúcar n.c.p
01.1.8.02.00,Subclase,azúcares,incluido,azúcar de arce y jarabe de arce; caramelo; melaza; azúcares y jarabes de azúcar n.c.p
01.1.8.02.00,Subclase,jarabes de azúcar n.c.p,incluido,azúcar de arce y jarabe de arce; caramelo; melaza; azúcares y jarabes de azúcar n.c.p
01.1.8.02.01,Producto,endulzantes,incluido,"endulzantes y edulcorantes en todas sus variedades como sucralosa, estevia, sacarina, fructosa, glucosa, azúcar invertido, lactosa, etc"
01.1.8.02.01,Producto,edulcorantes en todas sus variedades,incluido,"endulzantes y edulcorantes en todas sus variedades como sucralosa, estevia, sacarina, fructosa, glucosa, azúcar invertido, lactosa, etc"
01.1.8.02.01,Producto,sucralosa,incluido,"endulzantes y edulcorantes en todas sus variedades como sucralosa, estevia, sacarina, fructosa, glucosa, azúcar invertido, lactosa, etc"
01.1.8.02.01,Producto,estevia,incluido,"endulzantes y edulcorantes en todas sus variedades como sucralosa, estevia, sacarina, fructosa, glucosa, azúcar invertido, lactosa, etc"
01.1.8.02.01,Producto,sacarina,incluido,"endulzantes y edulcorantes en todas sus variedades como sucralosa, estevia, sacarina, fructosa, glucosa, azúcar invertido, lactosa, etc"
01.1.8.02.01,Producto,fructosa,incluido,"endulzantes y edulcorantes en todas sus variedades como sucralosa, estevia, sacarina, fructosa, glucosa, azúcar invertido, lactosa, etc"
01.1.8.02.01,Producto,glucosa,incluido,"endulzantes y edulcorantes en todas sus variedades como sucralosa, estevia, sacarina, fructosa, glucosa, azúcar invertido, lactosa, etc"
01.1.8.02.01,Producto,azúcar invertido,incluido,"endulzantes y edulcorantes en todas sus variedades como sucralosa, estevia, sacarina, fructosa, glucosa, azúcar invertido, lactosa, etc"
01.1.8.02.01,Producto,lactosa,incluido,"endulzantes y edulcorantes en todas sus variedades como sucralosa, estevia, sacarina, fructosa, glucosa, azúcar invertido, lactosa, etc"
01.1.8.02.99,Producto,chancaca,incluido,"chancaca, jarabes o siropes de arce, de melaza, de glucosa, de fructosa, de lactosa, salsas dulces (de manjar, frambuesa, caramelo, etc.)"
01.1.8.02.99,Producto,jarabes,incluido,"chancaca, jarabes o siropes de arce, de melaza, de glucosa, de fructosa, de lactosa, salsas dulces (de manjar, frambuesa, caramelo, etc.)"
01.1.8.02.99,Producto,siropes de arce,incluido,"chancaca, jarabes o siropes de arce, de melaza, de glucosa, de fructosa, de lactosa, salsas dulces (de manjar, frambuesa, caramelo, etc.)"
01.1.8.02.99,Producto,"salsas dulces (de manjar, frambuesa, caramelo, etc.)",incluido,"chancaca, jarabes o siropes de arce, de melaza, de glucosa, de fructosa, de lactosa, salsas dulces (de manjar, frambuesa, caramelo, etc.)"
01.1.8.02.99,Producto,azúcar distinta de la caña,incluido,"azúcar distinta de la caña y la remolacha (por ejemplo, azúcar de coco)"
01.1.8.02.99,Producto,miel artificial,incluido,miel artificial
01.1.8.02.99,Producto,caña de azúcar refinada,incluido,"caña de azúcar refinada o azúcar de remolacha, en forma sólida, que contenga aromatizantes o colorantes añadidos"
01.1.8.02.99,Producto,azúcar de remolacha,incluido,"caña de azúcar refinada o azúcar de remolacha, en forma sólida, que contenga aromatizantes o colorantes añadidos"
01.1.8.02.99,Producto,colorantes añadidos,incluido,"caña de azúcar refinada o azúcar de remolacha, en forma sólida, que contenga aromatizantes o colorantes añadidos"
01.1.8.02.99,Producto,azúcar de arce,incluido,"azúcar de arce, melaza, azúcares y jarabes de azúcar n.c.p"
01.1.8.02.99,Producto,melaza,incluido,"azúcar de arce, melaza, azúcares y jarabes de azúcar n.c.p"
01.1.8.02.99,Producto,azúcares,incluido,"azúcar de arce, melaza, azúcares y jarabes de azúcar n.c.p"
01.1.8.02.99,Producto,jarabes de azúcar n.c.p,incluido,"azúcar de arce, melaza, azúcares y jarabes de azúcar n.c.p"
01.1.8.03.03,Producto,miel natural,excluido,miel natural (01.1.8.03.03)
01.1.8.05.03,Producto,salsas de chocolate,excluido,salsas de chocolate (01.1.8.05.03)
01.2.9.01.99,Producto,jarabes,excluido,jarabes o siropes para la preparación de bebidas (01.2.9.01.99)
01.2.9.01.99,Producto,siropes para la preparación de bebidas,excluido,jarabes o siropes para la preparación de bebidas (01.2.9.01.99)
01.1.8.03.00,Subclase,miel natural,incluido,"miel natural, mermeladas, compotas, gelatinas de fruta, purés y pastas de frutas"
01.1.8.03.00,Subclase,mermeladas,incluido,"miel natural, mermeladas, compotas, gelatinas de fruta, purés y pastas de frutas"
01.1.8.03.00,Subclase,compotas,incluido,"miel natural, mermeladas, compotas, gelatinas de fruta, purés y pastas de frutas"
01.1.8.03.00,Subclase,gelatinas de fruta,incluido,"miel natural, mermeladas, compotas, gelatinas de fruta, purés y pastas de frutas"
01.1.8.03.00,Subclase,purés,incluido,"miel natural, mermeladas, compotas, gelatinas de fruta, purés y pastas de frutas"
01.1.8.03.00,Subclase,pastas de frutas,incluido,"miel natural, mermeladas, compotas, gelatinas de fruta, purés y pastas de frutas"
01.1.8.03.00,Subclase,cuajada de limón,incluido,cuajada de limón y otra cuajada de frutas
01.1.8.03.00,Subclase,otra cuajada de frutas,incluido,cuajada de limón y otra cuajada de frutas
01.1.8.03.01,Producto,mermeladas de frutas en todas sus variedades,incluido,"mermeladas de frutas en todas sus variedades como mermelada de durazno, mora, naranja, damasco, alcayota, manzana, frutilla, etc"
01.1.8.03.01,Producto,mermelada de durazno,incluido,"mermeladas de frutas en todas sus variedades como mermelada de durazno, mora, naranja, damasco, alcayota, manzana, frutilla, etc"
01.1.8.03.01,Producto,mora,incluido,"mermeladas de frutas en todas sus variedades como mermelada de durazno, mora, naranja, damasco, alcayota, manzana, frutilla, etc"
01.1.8.03.01,Producto,naranja,incluido,"mermeladas de frutas en todas sus variedades como mermelada de durazno, mora, naranja, damasco, alcayota, manzana, frutilla, etc"
01.1.8.03.01,Producto,damasco,incluido,"mermeladas de frutas en todas sus variedades como mermelada de durazno, mora, naranja, damasco, alcayota, manzana, frutilla, etc"
01.1.8.03.01,Producto,alcayota,incluido,"mermeladas de frutas en todas sus variedades como mermelada de durazno, mora, naranja, damasco, alcayota, manzana, frutilla, etc"
01.1.8.03.01,Producto,manzana,incluido,"mermeladas de frutas en todas sus variedades como mermelada de durazno, mora, naranja, damasco, alcayota, manzana, frutilla, etc"
01.1.8.03.01,Producto,frutilla,incluido,"mermeladas de frutas en todas sus variedades como mermelada de durazno, mora, naranja, damasco, alcayota, manzana, frutilla, etc"
01.1.8.03.02,Producto,dulce de membrillo,excluido,dulce de membrillo o dulce de mora (01.1.8.03.02)
01.1.8.03.02,Producto,dulce de mora,excluido,dulce de membrillo o dulce de mora (01.1.8.03.02)
01.1.8.03.02,Producto,pastas de frutas en todas sus variedades,incluido,"dulces o pastas de frutas en todas sus variedades como dulce de membrillo, camote, papaya, mora y otras similares"
01.1.8.03.02,Producto,dulce de membrillo,incluido,"dulces o pastas de frutas en todas sus variedades como dulce de membrillo, camote, papaya, mora y otras similares"
01.1.8.03.02,Producto,camote,incluido,"dulces o pastas de frutas en todas sus variedades como dulce de membrillo, camote, papaya, mora y otras similares"
01.1.8.03.02,Producto,papaya,incluido,"dulces o pastas de frutas en todas sus variedades como dulce de membrillo, camote, papaya, mora y otras similares"
01.1.8.03.02,Producto,mora,incluido,"dulces o pastas de frutas en todas sus variedades como dulce de membrillo, camote, papaya, mora y otras similares"
01.1.8.03.02,Producto,otras similares,incluido,"dulces o pastas de frutas en todas sus variedades como dulce de membrillo, camote, papaya, mora y otras similares"
01.1.8.03.01,Producto,mermeladas,excluido,mermeladas (01.1.8.03.01)
01.1.8.03.03,Producto,miel de abeja,incluido,"miel de abeja, de caña, de palma y similares (productos naturales)"
01.1.8.03.03,Producto,similares (productos naturales),incluido,"miel de abeja, de caña, de palma y similares (productos naturales)"
01.1.8.02.99,Producto,miel artificial,excluido,miel artificial (01.1.8.02.99)
01.1.8.03.04,Producto,compotas,incluido,"compotas, jaleas y gelatinas preparadas, purés de frutas, cuajada de limón, cuajadas de otras frutas y otros productos similares"
01.1.8.03.04,Producto,jaleas,incluido,"compotas, jaleas y gelatinas preparadas, purés de frutas, cuajada de limón, cuajadas de otras frutas y otros productos similares"
01.1.8.03.04,Producto,gelatinas preparadas,incluido,"compotas, jaleas y gelatinas preparadas, purés de frutas, cuajada de limón, cuajadas de otras frutas y otros productos similares"
01.1.8.03.04,Producto,purés de frutas,incluido,"compotas, jaleas y gelatinas preparadas, purés de frutas, cuajada de limón, cuajadas de otras frutas y otros productos similares"
01.1.8.03.04,Producto,cuajada de limón,incluido,"compotas, jaleas y gelatinas preparadas, purés de frutas, cuajada de limón, cuajadas de otras frutas y otros productos similares"
01.1.8.03.04,Producto,cuajadas de otras frutas,incluido,"compotas, jaleas y gelatinas preparadas, purés de frutas, cuajada de limón, cuajadas de otras frutas y otros productos similares"
01.1.8.03.04,Producto,otros productos similares,incluido,"compotas, jaleas y gelatinas preparadas, purés de frutas, cuajada de limón, cuajadas de otras frutas y otros productos similares"
01.1.4.07.01,Producto,postres a base de leche de origen animal,excluido,postres a base de leche de origen animal y no animal (01.1.4.07.01)
01.1.8.04.00,Subclase,mantequilla de maní,incluido,mantequilla de maní
01.1.8.04.00,Subclase,otras mantequillas de frutos secos,incluido,"otras mantequillas de frutos secos, tales como mantequilla de almendras, mantequilla de anacardo (nuez de la india), mantequilla de avellana, mantequilla de nuez de macadamia, mantequilla de pacana, mantequilla de pistacho y mantequilla de nuez"
01.1.8.04.00,Subclase,mantequilla de almendras,incluido,"otras mantequillas de frutos secos, tales como mantequilla de almendras, mantequilla de anacardo (nuez de la india), mantequilla de avellana, mantequilla de nuez de macadamia, mantequilla de pacana, mantequilla de pistacho y mantequilla de nuez"
01.1.8.04.00,Subclase,mantequilla de anacardo (nuez de la india),incluido,"otras mantequillas de frutos secos, tales como mantequilla de almendras, mantequilla de anacardo (nuez de la india), mantequilla de avellana, mantequilla de nuez de macadamia, mantequilla de pacana, mantequilla de pistacho y mantequilla de nuez"
01.1.8.04.00,Subclase,mantequilla de avellana,incluido,"otras mantequillas de frutos secos, tales como mantequilla de almendras, mantequilla de anacardo (nuez de la india), mantequilla de avellana, mantequilla de nuez de macadamia, mantequilla de pacana, mantequilla de pistacho y mantequilla de nuez"
01.1.8.04.00,Subclase,mantequilla de nuez de macadamia,incluido,"otras mantequillas de frutos secos, tales como mantequilla de almendras, mantequilla de anacardo (nuez de la india), mantequilla de avellana, mantequilla de nuez de macadamia, mantequilla de pacana, mantequilla de pistacho y mantequilla de nuez"
01.1.8.04.00,Subclase,mantequilla de pacana,incluido,"otras mantequillas de frutos secos, tales como mantequilla de almendras, mantequilla de anacardo (nuez de la india), mantequilla de avellana, mantequilla de nuez de macadamia, mantequilla de pacana, mantequilla de pistacho y mantequilla de nuez"
01.1.8.04.00,Subclase,mantequilla de pistacho,incluido,"otras mantequillas de frutos secos, tales como mantequilla de almendras, mantequilla de anacardo (nuez de la india), mantequilla de avellana, mantequilla de nuez de macadamia, mantequilla de pacana, mantequilla de pistacho y mantequilla de nuez"
01.1.8.04.00,Subclase,mantequilla de nuez,incluido,"otras mantequillas de frutos secos, tales como mantequilla de almendras, mantequilla de anacardo (nuez de la india), mantequilla de avellana, mantequilla de nuez de macadamia, mantequilla de pacana, mantequilla de pistacho y mantequilla de nuez"
01.1.8.04.01,Producto,mantequilla de maní,incluido,mantequilla de maní
01.1.8.04.01,Producto,otras mantequillas de frutos secos,incluido,"otras mantequillas de frutos secos, tales como mantequilla de almendras, mantequilla de anacardo (nuez de la india), mantequilla de avellana, mantequilla de nuez de macadamia, mantequilla de pacana, mantequilla de pistacho y mantequilla de nuez"
01.1.8.04.01,Producto,mantequilla de almendras,incluido,"otras mantequillas de frutos secos, tales como mantequilla de almendras, mantequilla de anacardo (nuez de la india), mantequilla de avellana, mantequilla de nuez de macadamia, mantequilla de pacana, mantequilla de pistacho y mantequilla de nuez"
01.1.8.04.01,Producto,mantequilla de anacardo (nuez de la india),incluido,"otras mantequillas de frutos secos, tales como mantequilla de almendras, mantequilla de anacardo (nuez de la india), mantequilla de avellana, mantequilla de nuez de macadamia, mantequilla de pacana, mantequilla de pistacho y mantequilla de nuez"
01.1.8.04.01,Producto,mantequilla de avellana,incluido,"otras mantequillas de frutos secos, tales como mantequilla de almendras, mantequilla de anacardo (nuez de la india), mantequilla de avellana, mantequilla de nuez de macadamia, mantequilla de pacana, mantequilla de pistacho y mantequilla de nuez"
01.1.8.04.01,Producto,mantequilla de nuez de macadamia,incluido,"otras mantequillas de frutos secos, tales como mantequilla de almendras, mantequilla de anacardo (nuez de la india), mantequilla de avellana, mantequilla de nuez de macadamia, mantequilla de pacana, mantequilla de pistacho y mantequilla de nuez"
01.1.8.04.01,Producto,mantequilla de pacana,incluido,"otras mantequillas de frutos secos, tales como mantequilla de almendras, mantequilla de anacardo (nuez de la india), mantequilla de avellana, mantequilla de nuez de macadamia, mantequilla de pacana, mantequilla de pistacho y mantequilla de nuez"
01.1.8.04.01,Producto,mantequilla de pistacho,incluido,"otras mantequillas de frutos secos, tales como mantequilla de almendras, mantequilla de anacardo (nuez de la india), mantequilla de avellana, mantequilla de nuez de macadamia, mantequilla de pacana, mantequilla de pistacho y mantequilla de nuez"
01.1.8.04.01,Producto,mantequilla de nuez,incluido,"otras mantequillas de frutos secos, tales como mantequilla de almendras, mantequilla de anacardo (nuez de la india), mantequilla de avellana, mantequilla de nuez de macadamia, mantequilla de pacana, mantequilla de pistacho y mantequilla de nuez"
01.1.8.05.00,Subclase,cacao (incluidos los granos de cacao),incluido,cacao (incluidos los granos de cacao) y cacao en polvo para todos los fines
01.1.8.05.00,Subclase,cacao en polvo para todos los fines,incluido,cacao (incluidos los granos de cacao) y cacao en polvo para todos los fines
01.1.8.05.00,Subclase,chocolate en barras,incluido,"chocolate en barras o losas, incluido el chocolate blanco"
01.1.8.05.00,Subclase,losas,incluido,"chocolate en barras o losas, incluido el chocolate blanco"
01.1.8.05.00,Subclase,alimentos a base de chocolate,incluido,alimentos a base de chocolate y cacao y postres a base de cacao
01.1.8.05.00,Subclase,cacao,incluido,alimentos a base de chocolate y cacao y postres a base de cacao
01.1.8.05.00,Subclase,postres a base de cacao,incluido,alimentos a base de chocolate y cacao y postres a base de cacao
01.1.8.05.00,Subclase,cremas,incluido,cremas o productos para untar a base de chocolate y cacao
01.1.8.05.00,Subclase,productos para untar a base de chocolate,incluido,cremas o productos para untar a base de chocolate y cacao
01.1.8.05.00,Subclase,malvaviscos cubiertos de chocolate,incluido,"malvaviscos cubiertos de chocolate y gelatina cubierta de chocolate, siempre que el ingrediente principal sea el chocolate"
01.1.8.05.00,Subclase,gelatina cubierta de chocolate,incluido,"malvaviscos cubiertos de chocolate y gelatina cubierta de chocolate, siempre que el ingrediente principal sea el chocolate"
01.2.4.01.01,Producto,bebidas a base de cacao,excluido,bebidas a base de cacao y chocolate (01.2.4.01.01)
01.2.4.01.01,Producto,chocolate,excluido,bebidas a base de cacao y chocolate (01.2.4.01.01)
01.1.8.05.01,Producto,chocolates en todas sus variedades,incluido,"chocolates en todas sus variedades, blancos, negros, amargos, rellenos, con frutos, tales como maníes con chocolate, barras de chocolate, bombones, malvaviscos (o malvas) bañados en chocolate y gelatinas cubierta de chocolate, siempre que el ingrediente principal sea el chocolate"
01.1.8.05.01,Producto,amargos,incluido,"chocolates en todas sus variedades, blancos, negros, amargos, rellenos, con frutos, tales como maníes con chocolate, barras de chocolate, bombones, malvaviscos (o malvas) bañados en chocolate y gelatinas cubierta de chocolate, siempre que el ingrediente principal sea el chocolate"
01.1.8.05.01,Producto,rellenos,incluido,"chocolates en todas sus variedades, blancos, negros, amargos, rellenos, con frutos, tales como maníes con chocolate, barras de chocolate, bombones, malvaviscos (o malvas) bañados en chocolate y gelatinas cubierta de chocolate, siempre que el ingrediente principal sea el chocolate"
01.1.8.05.01,Producto,maníes con chocolate,incluido,"chocolates en todas sus variedades, blancos, negros, amargos, rellenos, con frutos, tales como maníes con chocolate, barras de chocolate, bombones, malvaviscos (o malvas) bañados en chocolate y gelatinas cubierta de chocolate, siempre que el ingrediente principal sea el chocolate"
01.1.8.05.01,Producto,barras de chocolate,incluido,"chocolates en todas sus variedades, blancos, negros, amargos, rellenos, con frutos, tales como maníes con chocolate, barras de chocolate, bombones, malvaviscos (o malvas) bañados en chocolate y gelatinas cubierta de chocolate, siempre que el ingrediente principal sea el chocolate"
01.1.8.05.01,Producto,bombones,incluido,"chocolates en todas sus variedades, blancos, negros, amargos, rellenos, con frutos, tales como maníes con chocolate, barras de chocolate, bombones, malvaviscos (o malvas) bañados en chocolate y gelatinas cubierta de chocolate, siempre que el ingrediente principal sea el chocolate"
01.1.8.05.01,Producto,malvaviscos (o malvas) bañados en chocolate,incluido,"chocolates en todas sus variedades, blancos, negros, amargos, rellenos, con frutos, tales como maníes con chocolate, barras de chocolate, bombones, malvaviscos (o malvas) bañados en chocolate y gelatinas cubierta de chocolate, siempre que el ingrediente principal sea el chocolate"
01.1.8.05.01,Producto,gelatinas cubierta de chocolate,incluido,"chocolates en todas sus variedades, blancos, negros, amargos, rellenos, con frutos, tales como maníes con chocolate, barras de chocolate, bombones, malvaviscos (o malvas) bañados en chocolate y gelatinas cubierta de chocolate, siempre que el ingrediente principal sea el chocolate"
01.1.8.09.99,Producto,malvaviscos,excluido,malvaviscos (01.1.8.09.99)
01.1.8.05.02,Producto,cacao (incluidos los granos de cacao),incluido,cacao (incluidos los granos de cacao)
01.1.8.05.02,Producto,cacao en polvo (para todos los fines) con,incluido,"cacao en polvo (para todos los fines) con o sin azúcar, saborizantes para leche con cacao o sabor chocolate"
01.1.8.05.02,Producto,saborizantes para leche con cacao,incluido,"cacao en polvo (para todos los fines) con o sin azúcar, saborizantes para leche con cacao o sabor chocolate"
01.1.8.05.03,Producto,alimentos a base de chocolate,incluido,"alimentos a base de chocolate y cacao y postres a base de cacao, por ejemplo, cremas o productos para untar a base de chocolate y cacao, salsas de chocolate"
01.1.8.05.03,Producto,cacao,incluido,"alimentos a base de chocolate y cacao y postres a base de cacao, por ejemplo, cremas o productos para untar a base de chocolate y cacao, salsas de chocolate"
01.1.8.05.03,Producto,postres a base de cacao,incluido,"alimentos a base de chocolate y cacao y postres a base de cacao, por ejemplo, cremas o productos para untar a base de chocolate y cacao, salsas de chocolate"
01.1.8.05.03,Producto,cremas,incluido,"alimentos a base de chocolate y cacao y postres a base de cacao, por ejemplo, cremas o productos para untar a base de chocolate y cacao, salsas de chocolate"
01.1.8.05.03,Producto,productos para untar a base de chocolate,incluido,"alimentos a base de chocolate y cacao y postres a base de cacao, por ejemplo, cremas o productos para untar a base de chocolate y cacao, salsas de chocolate"
01.1.8.05.03,Producto,salsas de chocolate,incluido,"alimentos a base de chocolate y cacao y postres a base de cacao, por ejemplo, cremas o productos para untar a base de chocolate y cacao, salsas de chocolate"
01.1.8.02.99,Producto,salsas dulces de otros tipos que no sean de chocolate,excluido,"salsas dulces de otros tipos que no sean de chocolate, por ejemplo, de manjar, frambuesa, caramelo, etc. (01.1.8.02.99)"
01.1.8.02.99,Producto,frambuesa,excluido,"salsas dulces de otros tipos que no sean de chocolate, por ejemplo, de manjar, frambuesa, caramelo, etc. (01.1.8.02.99)"
01.1.8.02.99,Producto,caramelo,excluido,"salsas dulces de otros tipos que no sean de chocolate, por ejemplo, de manjar, frambuesa, caramelo, etc. (01.1.8.02.99)"
01.1.9.03.06,Producto,salsas no dulces,excluido,salsas no dulces (01.1.9.03.06)
01.1.8.06.00,Subclase,cubitos de hielo para bebidas,incluido,cubitos de hielo para bebidas
01.1.8.06.00,Subclase,helado,incluido,helado y kulfi
01.1.8.06.00,Subclase,kulfi,incluido,helado y kulfi
01.1.8.06.00,Subclase,sorbete,incluido,sorbete
01.1.8.06.00,Subclase,helado de yogur,incluido,helado de yogur o yogur congelado
01.1.8.06.00,Subclase,yogur congelado,incluido,helado de yogur o yogur congelado
01.1.8.06.00,Subclase,paletas heladas,incluido,paletas heladas
01.1.8.06.00,Subclase,helado de tofu,incluido,helado de tofu
04.5.5.01.99,Producto,hielo para enfriamiento,excluido,hielo para enfriamiento (04.5.5.01.99)
01.1.8.06.01,Producto,"hielo comestible (picado, en cubos o en cualquiera de sus formas)",incluido,"hielo comestible (picado, en cubos o en cualquiera de sus formas)"
01.1.8.06.02,Producto,helados en formato familiar,incluido,"helados en formato familiar como cassatas de uno o más sabores (helados de leche, de agua o sorbetes, de yogur, de tofu, etc.)"
01.1.8.06.02,Producto,cassatas de uno,incluido,"helados en formato familiar como cassatas de uno o más sabores (helados de leche, de agua o sorbetes, de yogur, de tofu, etc.)"
01.1.8.06.03,Producto,helados en formato individual,incluido,"helados en formato individual como paletas, barquillos, vasitos, helados artesanales, helados caseros como cubos o similares (de leche, de agua o sorbetes, de yogur, de tofu, etc.)"
01.1.8.06.03,Producto,paletas,incluido,"helados en formato individual como paletas, barquillos, vasitos, helados artesanales, helados caseros como cubos o similares (de leche, de agua o sorbetes, de yogur, de tofu, etc.)"
01.1.8.06.03,Producto,barquillos,incluido,"helados en formato individual como paletas, barquillos, vasitos, helados artesanales, helados caseros como cubos o similares (de leche, de agua o sorbetes, de yogur, de tofu, etc.)"
01.1.8.06.03,Producto,vasitos,incluido,"helados en formato individual como paletas, barquillos, vasitos, helados artesanales, helados caseros como cubos o similares (de leche, de agua o sorbetes, de yogur, de tofu, etc.)"
01.1.8.06.03,Producto,helados artesanales,incluido,"helados en formato individual como paletas, barquillos, vasitos, helados artesanales, helados caseros como cubos o similares (de leche, de agua o sorbetes, de yogur, de tofu, etc.)"
01.1.8.06.03,Producto,helados caseros,incluido,"helados en formato individual como paletas, barquillos, vasitos, helados artesanales, helados caseros como cubos o similares (de leche, de agua o sorbetes, de yogur, de tofu, etc.)"
01.1.8.06.03,Producto,cubos,incluido,"helados en formato individual como paletas, barquillos, vasitos, helados artesanales, helados caseros como cubos o similares (de leche, de agua o sorbetes, de yogur, de tofu, etc.)"
01.1.8.06.03,Producto,"similares (de leche, de agua o sorbetes, de yogur, de tofu, etc.)",incluido,"helados en formato individual como paletas, barquillos, vasitos, helados artesanales, helados caseros como cubos o similares (de leche, de agua o sorbetes, de yogur, de tofu, etc.)"
01.1.8.06.04,Producto,postres,incluido,postres y tortas heladas
01.1.8.06.04,Producto,tortas heladas,incluido,postres y tortas heladas
01.1.8.06.00,Subclase,helados de fruta,excluido,"helados de fruta, de agua o sorbete (01.1.8.06.00)"
01.1.8.06.00,Subclase,sorbete,excluido,"helados de fruta, de agua o sorbete (01.1.8.06.00)"
01.1.8.06.05,Producto,helados cuyo formato,incluido,helados cuyo formato o tipo no es posible identificar
01.1.8.06.05,Producto,tipo no es posible identificar,incluido,helados cuyo formato o tipo no es posible identificar
01.1.8.09.00,Subclase,postres n.c.p,incluido,postres n.c.p
01.1.8.09.00,Subclase,hortalizas,incluido,"hortalizas, frutas, nueces, cáscaras de frutas y otras partes de plantas, conservadas en azúcar"
01.1.8.09.00,Subclase,frutas,incluido,"hortalizas, frutas, nueces, cáscaras de frutas y otras partes de plantas, conservadas en azúcar"
01.1.8.09.00,Subclase,nueces,incluido,"hortalizas, frutas, nueces, cáscaras de frutas y otras partes de plantas, conservadas en azúcar"
01.1.8.09.00,Subclase,cáscaras de frutas,incluido,"hortalizas, frutas, nueces, cáscaras de frutas y otras partes de plantas, conservadas en azúcar"
01.1.8.09.00,Subclase,otras partes de plantas,incluido,"hortalizas, frutas, nueces, cáscaras de frutas y otras partes de plantas, conservadas en azúcar"
01.1.8.09.00,Subclase,conservadas en azúcar,incluido,"hortalizas, frutas, nueces, cáscaras de frutas y otras partes de plantas, conservadas en azúcar"
01.1.8.09.00,Subclase,chicles,incluido,"chicles, toffee, caramelos, pastillas"
01.1.8.09.00,Subclase,toffee,incluido,"chicles, toffee, caramelos, pastillas"
01.1.8.09.00,Subclase,caramelos,incluido,"chicles, toffee, caramelos, pastillas"
01.1.8.09.00,Subclase,pastillas,incluido,"chicles, toffee, caramelos, pastillas"
01.1.8.09.00,Subclase,otros productos de confitería,incluido,otros productos de confitería
01.1.8.05.00,Subclase,productos de confitería a base de cacao,excluido,productos de confitería a base de cacao y chocolate (01.1.8.05.00)
01.1.8.05.00,Subclase,chocolate,excluido,productos de confitería a base de cacao y chocolate (01.1.8.05.00)
01.1.8.09.01,Producto,manzanas confitadas,incluido,"manzanas confitadas, plátanos confitados, frutillas confitadas, cáscaras de naranja confitadas, maníes confitados, almendras confitadas, maníes con miel, etc"
01.1.8.09.01,Producto,plátanos confitados,incluido,"manzanas confitadas, plátanos confitados, frutillas confitadas, cáscaras de naranja confitadas, maníes confitados, almendras confitadas, maníes con miel, etc"
01.1.8.09.01,Producto,frutillas confitadas,incluido,"manzanas confitadas, plátanos confitados, frutillas confitadas, cáscaras de naranja confitadas, maníes confitados, almendras confitadas, maníes con miel, etc"
01.1.8.09.01,Producto,cáscaras de naranja confitadas,incluido,"manzanas confitadas, plátanos confitados, frutillas confitadas, cáscaras de naranja confitadas, maníes confitados, almendras confitadas, maníes con miel, etc"
01.1.8.09.01,Producto,maníes confitados,incluido,"manzanas confitadas, plátanos confitados, frutillas confitadas, cáscaras de naranja confitadas, maníes confitados, almendras confitadas, maníes con miel, etc"
01.1.8.09.01,Producto,almendras confitadas,incluido,"manzanas confitadas, plátanos confitados, frutillas confitadas, cáscaras de naranja confitadas, maníes confitados, almendras confitadas, maníes con miel, etc"
01.1.8.09.01,Producto,maníes con miel,incluido,"manzanas confitadas, plátanos confitados, frutillas confitadas, cáscaras de naranja confitadas, maníes confitados, almendras confitadas, maníes con miel, etc"
01.1.8.09.02,Producto,chicles,incluido,"chicles, dulces, caramelos, toffee, calugones, grageas o pastillas, gomitas, masticables"
01.1.8.09.02,Producto,caramelos,incluido,"chicles, dulces, caramelos, toffee, calugones, grageas o pastillas, gomitas, masticables"
01.1.8.09.02,Producto,toffee,incluido,"chicles, dulces, caramelos, toffee, calugones, grageas o pastillas, gomitas, masticables"
01.1.8.09.02,Producto,calugones,incluido,"chicles, dulces, caramelos, toffee, calugones, grageas o pastillas, gomitas, masticables"
01.1.8.09.02,Producto,grageas,incluido,"chicles, dulces, caramelos, toffee, calugones, grageas o pastillas, gomitas, masticables"
01.1.8.09.02,Producto,pastillas,incluido,"chicles, dulces, caramelos, toffee, calugones, grageas o pastillas, gomitas, masticables"
01.1.8.09.02,Producto,gomitas,incluido,"chicles, dulces, caramelos, toffee, calugones, grageas o pastillas, gomitas, masticables"
01.1.8.09.02,Producto,masticables,incluido,"chicles, dulces, caramelos, toffee, calugones, grageas o pastillas, gomitas, masticables"
01.1.8.09.03,Producto,perlas comestibles,incluido,"perlas comestibles, coco rallado, mostacillas comestibles, merengues para decorar, coberturas de repostería, esencias (vainilla, pan de pascua, etc.), colorantes para galletas, etc"
01.1.8.09.03,Producto,coco rallado,incluido,"perlas comestibles, coco rallado, mostacillas comestibles, merengues para decorar, coberturas de repostería, esencias (vainilla, pan de pascua, etc.), colorantes para galletas, etc"
01.1.8.09.03,Producto,mostacillas comestibles,incluido,"perlas comestibles, coco rallado, mostacillas comestibles, merengues para decorar, coberturas de repostería, esencias (vainilla, pan de pascua, etc.), colorantes para galletas, etc"
01.1.8.09.03,Producto,merengues para decorar,incluido,"perlas comestibles, coco rallado, mostacillas comestibles, merengues para decorar, coberturas de repostería, esencias (vainilla, pan de pascua, etc.), colorantes para galletas, etc"
01.1.8.09.03,Producto,coberturas de repostería,incluido,"perlas comestibles, coco rallado, mostacillas comestibles, merengues para decorar, coberturas de repostería, esencias (vainilla, pan de pascua, etc.), colorantes para galletas, etc"
01.1.8.09.03,Producto,"esencias (vainilla, pan de pascua, etc.)",incluido,"perlas comestibles, coco rallado, mostacillas comestibles, merengues para decorar, coberturas de repostería, esencias (vainilla, pan de pascua, etc.), colorantes para galletas, etc"
01.1.8.09.03,Producto,colorantes para galletas,incluido,"perlas comestibles, coco rallado, mostacillas comestibles, merengues para decorar, coberturas de repostería, esencias (vainilla, pan de pascua, etc.), colorantes para galletas, etc"
01.1.8.09.99,Producto,merengues,excluido,merengues como producto de confitería (no decoración) (01.1.8.09.99)
01.1.8.09.99,Producto,producto de confitería (no decoración),excluido,merengues como producto de confitería (no decoración) (01.1.8.09.99)
01.1.8.09.99,Producto,postres n.c.p,incluido,postres n.c.p
01.1.8.09.99,Producto,cocadas,incluido,"cocadas, merengues, mazapanes, turrones, sustancias, malvaviscos, helados de invierno en cono, melcochas, otros productos de confitería que no contienen cacao"
01.1.8.09.99,Producto,merengues,incluido,"cocadas, merengues, mazapanes, turrones, sustancias, malvaviscos, helados de invierno en cono, melcochas, otros productos de confitería que no contienen cacao"
01.1.8.09.99,Producto,mazapanes,incluido,"cocadas, merengues, mazapanes, turrones, sustancias, malvaviscos, helados de invierno en cono, melcochas, otros productos de confitería que no contienen cacao"
01.1.8.09.99,Producto,turrones,incluido,"cocadas, merengues, mazapanes, turrones, sustancias, malvaviscos, helados de invierno en cono, melcochas, otros productos de confitería que no contienen cacao"
01.1.8.09.99,Producto,sustancias,incluido,"cocadas, merengues, mazapanes, turrones, sustancias, malvaviscos, helados de invierno en cono, melcochas, otros productos de confitería que no contienen cacao"
01.1.8.09.99,Producto,malvaviscos,incluido,"cocadas, merengues, mazapanes, turrones, sustancias, malvaviscos, helados de invierno en cono, melcochas, otros productos de confitería que no contienen cacao"
01.1.8.09.99,Producto,helados de invierno en cono,incluido,"cocadas, merengues, mazapanes, turrones, sustancias, malvaviscos, helados de invierno en cono, melcochas, otros productos de confitería que no contienen cacao"
01.1.8.09.99,Producto,melcochas,incluido,"cocadas, merengues, mazapanes, turrones, sustancias, malvaviscos, helados de invierno en cono, melcochas, otros productos de confitería que no contienen cacao"
01.1.8.09.99,Producto,otros productos de confitería que no contienen cacao,incluido,"cocadas, merengues, mazapanes, turrones, sustancias, malvaviscos, helados de invierno en cono, melcochas, otros productos de confitería que no contienen cacao"
01.1.8.05.01,Producto,malvaviscos bañados en chocolate,excluido,malvaviscos bañados en chocolate (01.1.8.05.01)
01.1.8.09.03,Producto,merengues para decorar,excluido,merengues para decorar (01.1.8.09.03)
01.1.9.01.00,Subclase,platos precocinados que contienen pasta rellena,incluido,"platos precocinados que contienen pasta rellena, arroz y otros cereales, tales como platos de cuscús, incluidas verduras y/o carne, pescado, queso u otros ingredientes; albóndigas, ravioles, fideos y similares, con salsa listos para comer"
01.1.9.01.00,Subclase,arroz,incluido,"platos precocinados que contienen pasta rellena, arroz y otros cereales, tales como platos de cuscús, incluidas verduras y/o carne, pescado, queso u otros ingredientes; albóndigas, ravioles, fideos y similares, con salsa listos para comer"
01.1.9.01.00,Subclase,otros cereales,incluido,"platos precocinados que contienen pasta rellena, arroz y otros cereales, tales como platos de cuscús, incluidas verduras y/o carne, pescado, queso u otros ingredientes; albóndigas, ravioles, fideos y similares, con salsa listos para comer"
01.1.9.01.00,Subclase,platos de cuscús,incluido,"platos precocinados que contienen pasta rellena, arroz y otros cereales, tales como platos de cuscús, incluidas verduras y/o carne, pescado, queso u otros ingredientes; albóndigas, ravioles, fideos y similares, con salsa listos para comer"
01.1.9.01.00,Subclase,o carne,incluido,"platos precocinados que contienen pasta rellena, arroz y otros cereales, tales como platos de cuscús, incluidas verduras y/o carne, pescado, queso u otros ingredientes; albóndigas, ravioles, fideos y similares, con salsa listos para comer"
01.1.9.01.00,Subclase,pescado,incluido,"platos precocinados que contienen pasta rellena, arroz y otros cereales, tales como platos de cuscús, incluidas verduras y/o carne, pescado, queso u otros ingredientes; albóndigas, ravioles, fideos y similares, con salsa listos para comer"
01.1.9.01.00,Subclase,queso,incluido,"platos precocinados que contienen pasta rellena, arroz y otros cereales, tales como platos de cuscús, incluidas verduras y/o carne, pescado, queso u otros ingredientes; albóndigas, ravioles, fideos y similares, con salsa listos para comer"
01.1.9.01.00,Subclase,otros ingredientes,incluido,"platos precocinados que contienen pasta rellena, arroz y otros cereales, tales como platos de cuscús, incluidas verduras y/o carne, pescado, queso u otros ingredientes; albóndigas, ravioles, fideos y similares, con salsa listos para comer"
01.1.9.01.00,Subclase,albóndigas,incluido,"platos precocinados que contienen pasta rellena, arroz y otros cereales, tales como platos de cuscús, incluidas verduras y/o carne, pescado, queso u otros ingredientes; albóndigas, ravioles, fideos y similares, con salsa listos para comer"
01.1.9.01.00,Subclase,ravioles,incluido,"platos precocinados que contienen pasta rellena, arroz y otros cereales, tales como platos de cuscús, incluidas verduras y/o carne, pescado, queso u otros ingredientes; albóndigas, ravioles, fideos y similares, con salsa listos para comer"
01.1.9.01.00,Subclase,fideos,incluido,"platos precocinados que contienen pasta rellena, arroz y otros cereales, tales como platos de cuscús, incluidas verduras y/o carne, pescado, queso u otros ingredientes; albóndigas, ravioles, fideos y similares, con salsa listos para comer"
01.1.9.01.00,Subclase,comidas preparadas,incluido,"comidas preparadas y platos a base de carne precocida, sucedáneo de la carne y/o pescado"
01.1.9.01.00,Subclase,platos a base de carne precocida,incluido,"comidas preparadas y platos a base de carne precocida, sucedáneo de la carne y/o pescado"
01.1.9.01.00,Subclase,sucedáneo de la carne,incluido,"comidas preparadas y platos a base de carne precocida, sucedáneo de la carne y/o pescado"
01.1.9.01.00,Subclase,o pescado,incluido,"comidas preparadas y platos a base de carne precocida, sucedáneo de la carne y/o pescado"
01.1.9.01.00,Subclase,comida preparada empaquetada que solo requiere calentar antes de que esté lista para comer,incluido,comida preparada empaquetada que solo requiere calentar antes de que esté lista para comer
01.1.9.01.00,Subclase,ensaladas compuestas,incluido,"ensaladas compuestas y otros platos y comidas preparadas a base de verduras, legumbres y papas que también incluyen otros ingredientes, como carne, pescado y queso"
01.1.9.01.00,Subclase,otros platos,incluido,"ensaladas compuestas y otros platos y comidas preparadas a base de verduras, legumbres y papas que también incluyen otros ingredientes, como carne, pescado y queso"
01.1.9.01.00,Subclase,comidas preparadas a base de verduras,incluido,"ensaladas compuestas y otros platos y comidas preparadas a base de verduras, legumbres y papas que también incluyen otros ingredientes, como carne, pescado y queso"
01.1.9.01.00,Subclase,legumbres,incluido,"ensaladas compuestas y otros platos y comidas preparadas a base de verduras, legumbres y papas que también incluyen otros ingredientes, como carne, pescado y queso"
01.1.9.01.00,Subclase,papas que también incluyen otros ingredientes,incluido,"ensaladas compuestas y otros platos y comidas preparadas a base de verduras, legumbres y papas que también incluyen otros ingredientes, como carne, pescado y queso"
01.1.9.01.00,Subclase,sándwiches,incluido,"sándwiches, pizzas, quichés, empanadas de carne o pescado, congelados o no"
01.1.9.01.00,Subclase,pizzas,incluido,"sándwiches, pizzas, quichés, empanadas de carne o pescado, congelados o no"
01.1.9.01.00,Subclase,quichés,incluido,"sándwiches, pizzas, quichés, empanadas de carne o pescado, congelados o no"
01.1.9.01.00,Subclase,empanadas de carne,incluido,"sándwiches, pizzas, quichés, empanadas de carne o pescado, congelados o no"
01.1.9.01.00,Subclase,tortillas (omelette),incluido,"tortillas (omelette), crepes y otros productos alimenticios a base de huevos cuando se cocinan previamente y se sirven como plato principal"
01.1.9.01.00,Subclase,crepes,incluido,"tortillas (omelette), crepes y otros productos alimenticios a base de huevos cuando se cocinan previamente y se sirven como plato principal"
01.1.9.01.00,Subclase,otros productos alimenticios a base de huevos cuando se cocinan previamente,incluido,"tortillas (omelette), crepes y otros productos alimenticios a base de huevos cuando se cocinan previamente y se sirven como plato principal"
01.1.9.01.00,Subclase,plato principal,incluido,"tortillas (omelette), crepes y otros productos alimenticios a base de huevos cuando se cocinan previamente y se sirven como plato principal"
01.1.9.01.00,Subclase,sopas preparadas,incluido,"sopas preparadas, incluidas sopas y guisos deshidratados e instantáneos"
01.1.9.01.00,Subclase,guisos deshidratados,incluido,"sopas preparadas, incluidas sopas y guisos deshidratados e instantáneos"
01.1.9.01.00,Subclase,comidas preparadas n.c.p,incluido,otros platos y comidas preparadas n.c.p
01.1.1.03.00,Subclase,productos de panadería,excluido,"productos de panadería, pasteles (01.1.1.03.00)"
01.1.1.03.00,Subclase,pasteles,excluido,"productos de panadería, pasteles (01.1.1.03.00)"
01.1.1.05.00,Subclase,macarrones,excluido,"macarrones, fideos, cuscús y productos de pasta similares sin cocer, ya sean rellenos o no (01.1.1.05.00)"
01.1.1.05.00,Subclase,fideos,excluido,"macarrones, fideos, cuscús y productos de pasta similares sin cocer, ya sean rellenos o no (01.1.1.05.00)"
01.1.1.05.00,Subclase,cuscús,excluido,"macarrones, fideos, cuscús y productos de pasta similares sin cocer, ya sean rellenos o no (01.1.1.05.00)"
01.1.1.05.00,Subclase,productos de pasta similares sin cocer,excluido,"macarrones, fideos, cuscús y productos de pasta similares sin cocer, ya sean rellenos o no (01.1.1.05.00)"
01.1.4.06.00,Subclase,quesos,excluido,quesos (01.1.4.05.00) y yogur (01.1.4.06.00)
01.1.4.06.00,Subclase,yogur,excluido,quesos (01.1.4.05.00) y yogur (01.1.4.06.00)
01.1.7.09.04,Producto,papas fritas,excluido,papas fritas y prefritas congeladas (01.1.7.09.04)
01.1.8.09.99,Producto,helado,excluido,helado (01.1.8.06.00) y otros postres n.c.p. (01.1.8.09.99)
01.1.8.09.99,Producto,otros postres n.c.p,excluido,helado (01.1.8.06.00) y otros postres n.c.p. (01.1.8.09.99)
01.1.9.01.01,Producto,pizzas con ingredientes listas para hornear,incluido,"pizzas con ingredientes listas para hornear, freír o calentar"
01.1.9.01.01,Producto,freír,incluido,"pizzas con ingredientes listas para hornear, freír o calentar"
01.1.9.01.01,Producto,calentar,incluido,"pizzas con ingredientes listas para hornear, freír o calentar"
01.1.1.03.11,Producto,prepizzas,excluido,prepizzas (01.1.1.03.11)
01.1.9.01.08,Producto,pizzas con relleno listas para su consumo adquiridas en supermercados,excluido,"pizzas con relleno listas para su consumo adquiridas en supermercados, ferias, almacenes, panaderías y similares (01.1.9.01.08)"
01.1.9.01.02,Producto,empanadas de queso,incluido,"empanadas de queso, empanadas de queso más otros ingredientes agregados, empanadas de carne de distintos animales, empanadas de verduras"
01.1.9.01.02,Producto,empanadas de queso más otros ingredientes agregados,incluido,"empanadas de queso, empanadas de queso más otros ingredientes agregados, empanadas de carne de distintos animales, empanadas de verduras"
01.1.9.01.02,Producto,empanadas de carne de distintos animales,incluido,"empanadas de queso, empanadas de queso más otros ingredientes agregados, empanadas de carne de distintos animales, empanadas de verduras"
01.1.9.01.02,Producto,empanadas de verduras,incluido,"empanadas de queso, empanadas de queso más otros ingredientes agregados, empanadas de carne de distintos animales, empanadas de verduras"
01.1.9.01.03,Producto,pasteles de cocktail para hornear,incluido,"pasteles de cocktail para hornear, quichés para hornear, otras masas saladas rellenas o con ingredientes para freír u hornear"
01.1.9.01.03,Producto,quichés para hornear,incluido,"pasteles de cocktail para hornear, quichés para hornear, otras masas saladas rellenas o con ingredientes para freír u hornear"
01.1.9.01.03,Producto,otras masas saladas rellenas,incluido,"pasteles de cocktail para hornear, quichés para hornear, otras masas saladas rellenas o con ingredientes para freír u hornear"
01.1.9.01.03,Producto,hornear,incluido,"pasteles de cocktail para hornear, quichés para hornear, otras masas saladas rellenas o con ingredientes para freír u hornear"
01.1.9.01.03,Producto,masas saladas rellenas,incluido,"masas saladas rellenas o con ingredientes para freír, hornear o calentar como, por ejemplo, arrollados primavera"
01.1.9.01.03,Producto,calentar como,incluido,"masas saladas rellenas o con ingredientes para freír, hornear o calentar como, por ejemplo, arrollados primavera"
01.1.9.01.03,Producto,arrollados primavera,incluido,"masas saladas rellenas o con ingredientes para freír, hornear o calentar como, por ejemplo, arrollados primavera"
01.1.9.01.04,Producto,platos preparados a base de legumbres,incluido,"platos preparados a base de legumbres y hortalizas combinados con carne de todo tipo para calentar, descongelar u otros similares"
01.1.9.01.04,Producto,hortalizas combinados con carne de todo tipo para calentar,incluido,"platos preparados a base de legumbres y hortalizas combinados con carne de todo tipo para calentar, descongelar u otros similares"
01.1.9.01.04,Producto,descongelar,incluido,"platos preparados a base de legumbres y hortalizas combinados con carne de todo tipo para calentar, descongelar u otros similares"
01.1.9.01.04,Producto,otros similares,incluido,"platos preparados a base de legumbres y hortalizas combinados con carne de todo tipo para calentar, descongelar u otros similares"
01.1.9.01.04,Producto,platos congelados preparados a base de pastas rellenas,incluido,platos congelados preparados a base de pastas rellenas como ravioles o lasaña con salsas
01.1.9.01.04,Producto,ravioles,incluido,platos congelados preparados a base de pastas rellenas como ravioles o lasaña con salsas
01.1.9.01.04,Producto,lasaña con salsas,incluido,platos congelados preparados a base de pastas rellenas como ravioles o lasaña con salsas
01.1.9.01.04,Producto,sopas preparadas,incluido,"sopas preparadas, incluidas sopas y guisos deshidratados e instantáneos"
01.1.9.01.04,Producto,guisos deshidratados,incluido,"sopas preparadas, incluidas sopas y guisos deshidratados e instantáneos"
01.1.9.01.05,Producto,hortalizas frescas lavadas,incluido,"hortalizas frescas lavadas, pueden ser cocinadas y envasadas como lechugas, repollos, zanahorias, apios, cebollas, habas, choclos"
01.1.9.01.05,Producto,pueden ser cocinadas,incluido,"hortalizas frescas lavadas, pueden ser cocinadas y envasadas como lechugas, repollos, zanahorias, apios, cebollas, habas, choclos"
01.1.9.01.05,Producto,lechugas,incluido,"hortalizas frescas lavadas, pueden ser cocinadas y envasadas como lechugas, repollos, zanahorias, apios, cebollas, habas, choclos"
01.1.9.01.05,Producto,repollos,incluido,"hortalizas frescas lavadas, pueden ser cocinadas y envasadas como lechugas, repollos, zanahorias, apios, cebollas, habas, choclos"
01.1.9.01.05,Producto,zanahorias,incluido,"hortalizas frescas lavadas, pueden ser cocinadas y envasadas como lechugas, repollos, zanahorias, apios, cebollas, habas, choclos"
01.1.9.01.05,Producto,apios,incluido,"hortalizas frescas lavadas, pueden ser cocinadas y envasadas como lechugas, repollos, zanahorias, apios, cebollas, habas, choclos"
01.1.9.01.05,Producto,cebollas,incluido,"hortalizas frescas lavadas, pueden ser cocinadas y envasadas como lechugas, repollos, zanahorias, apios, cebollas, habas, choclos"
01.1.9.01.05,Producto,habas,incluido,"hortalizas frescas lavadas, pueden ser cocinadas y envasadas como lechugas, repollos, zanahorias, apios, cebollas, habas, choclos"
01.1.9.01.05,Producto,choclos,incluido,"hortalizas frescas lavadas, pueden ser cocinadas y envasadas como lechugas, repollos, zanahorias, apios, cebollas, habas, choclos"
01.1.9.01.05,Producto,ensaladas,incluido,"ensaladas, es decir, varias verduras cortadas y mezcladas, frescas, lavadas; ensaladas surtidas con o sin aderezos, por ejemplo, mayonesa, salsas y similares, ensaladas cesar, mixta, entre otras"
01.1.9.01.05,Producto,varias verduras cortadas,incluido,"ensaladas, es decir, varias verduras cortadas y mezcladas, frescas, lavadas; ensaladas surtidas con o sin aderezos, por ejemplo, mayonesa, salsas y similares, ensaladas cesar, mixta, entre otras"
01.1.9.01.05,Producto,mezcladas,incluido,"ensaladas, es decir, varias verduras cortadas y mezcladas, frescas, lavadas; ensaladas surtidas con o sin aderezos, por ejemplo, mayonesa, salsas y similares, ensaladas cesar, mixta, entre otras"
01.1.9.01.05,Producto,lavadas,incluido,"ensaladas, es decir, varias verduras cortadas y mezcladas, frescas, lavadas; ensaladas surtidas con o sin aderezos, por ejemplo, mayonesa, salsas y similares, ensaladas cesar, mixta, entre otras"
01.1.9.01.05,Producto,ensaladas surtidas con,incluido,"ensaladas, es decir, varias verduras cortadas y mezcladas, frescas, lavadas; ensaladas surtidas con o sin aderezos, por ejemplo, mayonesa, salsas y similares, ensaladas cesar, mixta, entre otras"
01.1.9.01.05,Producto,mayonesa,incluido,"ensaladas, es decir, varias verduras cortadas y mezcladas, frescas, lavadas; ensaladas surtidas con o sin aderezos, por ejemplo, mayonesa, salsas y similares, ensaladas cesar, mixta, entre otras"
01.1.9.01.05,Producto,salsas,incluido,"ensaladas, es decir, varias verduras cortadas y mezcladas, frescas, lavadas; ensaladas surtidas con o sin aderezos, por ejemplo, mayonesa, salsas y similares, ensaladas cesar, mixta, entre otras"
01.1.9.01.05,Producto,ensaladas cesar,incluido,"ensaladas, es decir, varias verduras cortadas y mezcladas, frescas, lavadas; ensaladas surtidas con o sin aderezos, por ejemplo, mayonesa, salsas y similares, ensaladas cesar, mixta, entre otras"
01.1.9.01.05,Producto,mixta,incluido,"ensaladas, es decir, varias verduras cortadas y mezcladas, frescas, lavadas; ensaladas surtidas con o sin aderezos, por ejemplo, mayonesa, salsas y similares, ensaladas cesar, mixta, entre otras"
01.1.9.01.06,Producto,platos de fondo para almuerzo,incluido,"platos de fondo para almuerzo o cena (arroz con pollo, tallarines con salsa, tortillas), sushi"
01.1.9.01.06,Producto,"cena (arroz con pollo, tallarines con salsa, tortillas)",incluido,"platos de fondo para almuerzo o cena (arroz con pollo, tallarines con salsa, tortillas), sushi"
01.1.9.01.06,Producto,sushi,incluido,"platos de fondo para almuerzo o cena (arroz con pollo, tallarines con salsa, tortillas), sushi"
01.1.9.01.07,Producto,menús,incluido,"menús, almuerzos y cenas donde no es posible obtener el detalle de sus platos o bebidas por separado (entrada o ensalada, plato de fondo, postre, bebidas no alcohólicas, en cualquiera de sus combinaciones)"
01.1.9.01.07,Producto,almuerzos,incluido,"menús, almuerzos y cenas donde no es posible obtener el detalle de sus platos o bebidas por separado (entrada o ensalada, plato de fondo, postre, bebidas no alcohólicas, en cualquiera de sus combinaciones)"
01.1.9.01.07,Producto,cenas donde no es posible obtener el detalle de sus platos,incluido,"menús, almuerzos y cenas donde no es posible obtener el detalle de sus platos o bebidas por separado (entrada o ensalada, plato de fondo, postre, bebidas no alcohólicas, en cualquiera de sus combinaciones)"
01.1.9.01.07,Producto,"bebidas por separado (entrada o ensalada, plato de fondo, postre, bebidas no alcohólicas, en cualquiera de sus combinaciones)",incluido,"menús, almuerzos y cenas donde no es posible obtener el detalle de sus platos o bebidas por separado (entrada o ensalada, plato de fondo, postre, bebidas no alcohólicas, en cualquiera de sus combinaciones)"
01.1.9.01.08,Producto,"sándwiches en todas sus variedades (lomitos, churrascos, vegetarianos, ave mayo, lengua, pernil, etc.)",incluido,"sándwiches en todas sus variedades (lomitos, churrascos, vegetarianos, ave mayo, lengua, pernil, etc.), completos, chaparritas, fajitas, tacos, burritos, hamburguesas, pizzas y empanadas, masas saladas con relleno"
01.1.9.01.08,Producto,completos,incluido,"sándwiches en todas sus variedades (lomitos, churrascos, vegetarianos, ave mayo, lengua, pernil, etc.), completos, chaparritas, fajitas, tacos, burritos, hamburguesas, pizzas y empanadas, masas saladas con relleno"
01.1.9.01.08,Producto,chaparritas,incluido,"sándwiches en todas sus variedades (lomitos, churrascos, vegetarianos, ave mayo, lengua, pernil, etc.), completos, chaparritas, fajitas, tacos, burritos, hamburguesas, pizzas y empanadas, masas saladas con relleno"
01.1.9.01.08,Producto,fajitas,incluido,"sándwiches en todas sus variedades (lomitos, churrascos, vegetarianos, ave mayo, lengua, pernil, etc.), completos, chaparritas, fajitas, tacos, burritos, hamburguesas, pizzas y empanadas, masas saladas con relleno"
01.1.9.01.08,Producto,tacos,incluido,"sándwiches en todas sus variedades (lomitos, churrascos, vegetarianos, ave mayo, lengua, pernil, etc.), completos, chaparritas, fajitas, tacos, burritos, hamburguesas, pizzas y empanadas, masas saladas con relleno"
01.1.9.01.08,Producto,burritos,incluido,"sándwiches en todas sus variedades (lomitos, churrascos, vegetarianos, ave mayo, lengua, pernil, etc.), completos, chaparritas, fajitas, tacos, burritos, hamburguesas, pizzas y empanadas, masas saladas con relleno"
01.1.9.01.08,Producto,hamburguesas,incluido,"sándwiches en todas sus variedades (lomitos, churrascos, vegetarianos, ave mayo, lengua, pernil, etc.), completos, chaparritas, fajitas, tacos, burritos, hamburguesas, pizzas y empanadas, masas saladas con relleno"
01.1.9.01.08,Producto,pizzas,incluido,"sándwiches en todas sus variedades (lomitos, churrascos, vegetarianos, ave mayo, lengua, pernil, etc.), completos, chaparritas, fajitas, tacos, burritos, hamburguesas, pizzas y empanadas, masas saladas con relleno"
01.1.9.01.08,Producto,empanadas,incluido,"sándwiches en todas sus variedades (lomitos, churrascos, vegetarianos, ave mayo, lengua, pernil, etc.), completos, chaparritas, fajitas, tacos, burritos, hamburguesas, pizzas y empanadas, masas saladas con relleno"
01.1.9.01.08,Producto,masas saladas con relleno,incluido,"sándwiches en todas sus variedades (lomitos, churrascos, vegetarianos, ave mayo, lengua, pernil, etc.), completos, chaparritas, fajitas, tacos, burritos, hamburguesas, pizzas y empanadas, masas saladas con relleno"
01.1.9.01.01,Producto,pizzas con ingredientes listas para hornear,excluido,pizzas con ingredientes listas para hornear (01.1.9.01.01)
01.1.9.01.09,Producto,papas fritas,incluido,"papas fritas, sopaipillas, wantán, nachos, masas saladas sin relleno"
01.1.9.01.09,Producto,sopaipillas,incluido,"papas fritas, sopaipillas, wantán, nachos, masas saladas sin relleno"
01.1.9.01.09,Producto,wantán,incluido,"papas fritas, sopaipillas, wantán, nachos, masas saladas sin relleno"
01.1.9.01.09,Producto,nachos,incluido,"papas fritas, sopaipillas, wantán, nachos, masas saladas sin relleno"
01.1.9.01.09,Producto,masas saladas sin relleno,incluido,"papas fritas, sopaipillas, wantán, nachos, masas saladas sin relleno"
01.1.9.01.10,Producto,combos,incluido,combos o promociones de comida rápida
01.1.9.01.10,Producto,promociones de comida rápida,incluido,combos o promociones de comida rápida
01.1.9.01.11,Producto,pollos asados preparados,incluido,"pollos asados preparados y listos para su consumo (enteros, trozados, etc.)"
01.1.9.01.11,Producto,"listos para su consumo (enteros, trozados, etc.)",incluido,"pollos asados preparados y listos para su consumo (enteros, trozados, etc.)"
01.1.9.01.12,Producto,café,incluido,"té, café y otras bebidas preparadas listas para su consumo adquiridos en supermercados, ferias, almacenes, panaderías y similares (incluidos los adquiridos mediante máquinas expendedoras relacionadas con este tipo de establecimientos)"
01.1.9.01.12,Producto,otras bebidas preparadas listas para su consumo adquiridos en supermercados,incluido,"té, café y otras bebidas preparadas listas para su consumo adquiridos en supermercados, ferias, almacenes, panaderías y similares (incluidos los adquiridos mediante máquinas expendedoras relacionadas con este tipo de establecimientos)"
01.1.9.01.12,Producto,ferias,incluido,"té, café y otras bebidas preparadas listas para su consumo adquiridos en supermercados, ferias, almacenes, panaderías y similares (incluidos los adquiridos mediante máquinas expendedoras relacionadas con este tipo de establecimientos)"
01.1.9.01.12,Producto,almacenes,incluido,"té, café y otras bebidas preparadas listas para su consumo adquiridos en supermercados, ferias, almacenes, panaderías y similares (incluidos los adquiridos mediante máquinas expendedoras relacionadas con este tipo de establecimientos)"
01.1.9.01.12,Producto,panaderías,incluido,"té, café y otras bebidas preparadas listas para su consumo adquiridos en supermercados, ferias, almacenes, panaderías y similares (incluidos los adquiridos mediante máquinas expendedoras relacionadas con este tipo de establecimientos)"
01.1.9.01.12,Producto,similares (incluidos los adquiridos mediante máquinas expendedoras relacionadas con este tipo de establecimientos),incluido,"té, café y otras bebidas preparadas listas para su consumo adquiridos en supermercados, ferias, almacenes, panaderías y similares (incluidos los adquiridos mediante máquinas expendedoras relacionadas con este tipo de establecimientos)"
01.2.2.01.03,Producto,preparaciones de bebidas a base de café,excluido,"preparaciones de bebidas a base de café y cafés preparados (embotellados, enlatados, envasado de cartón y similares) (01.2.2.01.03)"
01.2.2.01.03,Producto,"cafés preparados (embotellados, enlatados, envasado de cartón y similares)",excluido,"preparaciones de bebidas a base de café y cafés preparados (embotellados, enlatados, envasado de cartón y similares) (01.2.2.01.03)"
01.2.3.01.04,Producto,otras infusiones embotelladas,excluido,té y otras infusiones embotelladas (01.2.3.01.04)
01.1.9.02.00,Subclase,"fórmula para bebés (leche en polvo, condensada y evaporada para uso en bebés)",incluido,"fórmula para bebés (leche en polvo, condensada y evaporada para uso en bebés)"
01.1.9.02.00,Subclase,cereales,incluido,cereales y harina de arroz para bebés
01.1.9.02.00,Subclase,harina de arroz para bebés,incluido,cereales y harina de arroz para bebés
01.1.9.02.00,Subclase,alimentos homogeneizados para bebés,incluido,alimentos homogeneizados para bebés
01.1.1.02.00,Subclase,cereales,excluido,"cereales y harina no destinados al uso exclusivo del bebé (01.1.1.01.00, 01.1.1.02.00)"
01.1.1.02.00,Subclase,harina no destinados al uso exclusivo del bebé,excluido,"cereales y harina no destinados al uso exclusivo del bebé (01.1.1.01.00, 01.1.1.02.00)"
01.1.4.03.01,Producto,leche en polvo no destinada exclusivamente para uso en bebés,excluido,leche en polvo no destinada exclusivamente para uso en bebés (01.1.4.03.01)
01.1.4.06.00,Subclase,yogur para niños,excluido,yogur para niños (01.1.4.06.00)
01.1.7.09.00,Subclase,preparaciones homogeneizadas de frutas,excluido,preparaciones homogeneizadas de frutas y hortalizas que no están destinadas exclusivamente para uso en bebés (01.1.6.09.00; 01.1.7.09.00)
01.1.7.09.00,Subclase,hortalizas que no están destinadas exclusivamente para uso en bebés,excluido,preparaciones homogeneizadas de frutas y hortalizas que no están destinadas exclusivamente para uso en bebés (01.1.6.09.00; 01.1.7.09.00)
01.1.9.02.01,Producto,"fórmulas para bebés (leches en polvo, condensada o evaporada para uso en bebés)",incluido,"fórmulas para bebés (leches en polvo, condensada o evaporada para uso en bebés), sustitutos de leche materna, fórmulas infantiles con hierro, complementos nutricionales a base de maltodextrina"
01.1.9.02.01,Producto,sustitutos de leche materna,incluido,"fórmulas para bebés (leches en polvo, condensada o evaporada para uso en bebés), sustitutos de leche materna, fórmulas infantiles con hierro, complementos nutricionales a base de maltodextrina"
01.1.9.02.01,Producto,fórmulas infantiles con hierro,incluido,"fórmulas para bebés (leches en polvo, condensada o evaporada para uso en bebés), sustitutos de leche materna, fórmulas infantiles con hierro, complementos nutricionales a base de maltodextrina"
01.1.9.02.01,Producto,complementos nutricionales a base de maltodextrina,incluido,"fórmulas para bebés (leches en polvo, condensada o evaporada para uso en bebés), sustitutos de leche materna, fórmulas infantiles con hierro, complementos nutricionales a base de maltodextrina"
01.1.9.02.01,Producto,cereales,incluido,cereales y harinas de arroz o avena para bebés
01.1.9.02.01,Producto,harinas de arroz,incluido,cereales y harinas de arroz o avena para bebés
01.1.9.02.01,Producto,avena para bebés,incluido,cereales y harinas de arroz o avena para bebés
01.1.9.02.02,Producto,alimentos homogeneizados para bebés,incluido,"alimentos homogeneizados para bebés, por ejemplo, colados y picados en todas sus variedades como colados y picados de carne, verduras, carne con verduras, carbonada, cazuela de ave, charquicán, lasaña, pescado, pollo, porotos, posta, espagueti, frutas"
01.1.9.02.02,Producto,colados,incluido,"alimentos homogeneizados para bebés, por ejemplo, colados y picados en todas sus variedades como colados y picados de carne, verduras, carne con verduras, carbonada, cazuela de ave, charquicán, lasaña, pescado, pollo, porotos, posta, espagueti, frutas"
01.1.9.02.02,Producto,picados en todas sus variedades,incluido,"alimentos homogeneizados para bebés, por ejemplo, colados y picados en todas sus variedades como colados y picados de carne, verduras, carne con verduras, carbonada, cazuela de ave, charquicán, lasaña, pescado, pollo, porotos, posta, espagueti, frutas"
01.1.9.02.02,Producto,picados de carne,incluido,"alimentos homogeneizados para bebés, por ejemplo, colados y picados en todas sus variedades como colados y picados de carne, verduras, carne con verduras, carbonada, cazuela de ave, charquicán, lasaña, pescado, pollo, porotos, posta, espagueti, frutas"
01.1.9.02.02,Producto,verduras,incluido,"alimentos homogeneizados para bebés, por ejemplo, colados y picados en todas sus variedades como colados y picados de carne, verduras, carne con verduras, carbonada, cazuela de ave, charquicán, lasaña, pescado, pollo, porotos, posta, espagueti, frutas"
01.1.9.02.02,Producto,carne con verduras,incluido,"alimentos homogeneizados para bebés, por ejemplo, colados y picados en todas sus variedades como colados y picados de carne, verduras, carne con verduras, carbonada, cazuela de ave, charquicán, lasaña, pescado, pollo, porotos, posta, espagueti, frutas"
01.1.9.02.02,Producto,carbonada,incluido,"alimentos homogeneizados para bebés, por ejemplo, colados y picados en todas sus variedades como colados y picados de carne, verduras, carne con verduras, carbonada, cazuela de ave, charquicán, lasaña, pescado, pollo, porotos, posta, espagueti, frutas"
01.1.9.02.02,Producto,cazuela de ave,incluido,"alimentos homogeneizados para bebés, por ejemplo, colados y picados en todas sus variedades como colados y picados de carne, verduras, carne con verduras, carbonada, cazuela de ave, charquicán, lasaña, pescado, pollo, porotos, posta, espagueti, frutas"
01.1.9.02.02,Producto,charquicán,incluido,"alimentos homogeneizados para bebés, por ejemplo, colados y picados en todas sus variedades como colados y picados de carne, verduras, carne con verduras, carbonada, cazuela de ave, charquicán, lasaña, pescado, pollo, porotos, posta, espagueti, frutas"
01.1.9.02.02,Producto,lasaña,incluido,"alimentos homogeneizados para bebés, por ejemplo, colados y picados en todas sus variedades como colados y picados de carne, verduras, carne con verduras, carbonada, cazuela de ave, charquicán, lasaña, pescado, pollo, porotos, posta, espagueti, frutas"
01.1.9.02.02,Producto,pescado,incluido,"alimentos homogeneizados para bebés, por ejemplo, colados y picados en todas sus variedades como colados y picados de carne, verduras, carne con verduras, carbonada, cazuela de ave, charquicán, lasaña, pescado, pollo, porotos, posta, espagueti, frutas"
01.1.9.02.02,Producto,pollo,incluido,"alimentos homogeneizados para bebés, por ejemplo, colados y picados en todas sus variedades como colados y picados de carne, verduras, carne con verduras, carbonada, cazuela de ave, charquicán, lasaña, pescado, pollo, porotos, posta, espagueti, frutas"
01.1.9.02.02,Producto,porotos,incluido,"alimentos homogeneizados para bebés, por ejemplo, colados y picados en todas sus variedades como colados y picados de carne, verduras, carne con verduras, carbonada, cazuela de ave, charquicán, lasaña, pescado, pollo, porotos, posta, espagueti, frutas"
01.1.9.02.02,Producto,posta,incluido,"alimentos homogeneizados para bebés, por ejemplo, colados y picados en todas sus variedades como colados y picados de carne, verduras, carne con verduras, carbonada, cazuela de ave, charquicán, lasaña, pescado, pollo, porotos, posta, espagueti, frutas"
01.1.9.02.02,Producto,espagueti,incluido,"alimentos homogeneizados para bebés, por ejemplo, colados y picados en todas sus variedades como colados y picados de carne, verduras, carne con verduras, carbonada, cazuela de ave, charquicán, lasaña, pescado, pollo, porotos, posta, espagueti, frutas"
01.1.9.02.02,Producto,frutas,incluido,"alimentos homogeneizados para bebés, por ejemplo, colados y picados en todas sus variedades como colados y picados de carne, verduras, carne con verduras, carbonada, cazuela de ave, charquicán, lasaña, pescado, pollo, porotos, posta, espagueti, frutas"
01.1.9.03.00,Subclase,sal,incluido,"sal, salsas, condimentos y sazonadores (mostaza, mayonesa, kétchup, salsa de soja, etc.), vinagre"
01.1.9.03.00,Subclase,salsas,incluido,"sal, salsas, condimentos y sazonadores (mostaza, mayonesa, kétchup, salsa de soja, etc.), vinagre"
01.1.9.03.00,Subclase,condimentos,incluido,"sal, salsas, condimentos y sazonadores (mostaza, mayonesa, kétchup, salsa de soja, etc.), vinagre"
01.1.9.03.00,Subclase,"sazonadores (mostaza, mayonesa, kétchup, salsa de soja, etc.)",incluido,"sal, salsas, condimentos y sazonadores (mostaza, mayonesa, kétchup, salsa de soja, etc.), vinagre"
01.1.9.03.00,Subclase,vinagre,incluido,"sal, salsas, condimentos y sazonadores (mostaza, mayonesa, kétchup, salsa de soja, etc.), vinagre"
01.1.9.03.00,Subclase,crema de coco,incluido,crema de coco
01.1.4.04.01,Producto,leche de coco para beber,excluido,leche de coco para beber (01.1.4.04.01)
01.1.7.09.00,Subclase,frutas,excluido,frutas y verduras encurtidas (01.1.7.09.00)
01.1.7.09.00,Subclase,verduras encurtidas,excluido,frutas y verduras encurtidas (01.1.7.09.00)
01.1.9.03.01,Producto,sal en todas sus variedades,incluido,"sal en todas sus variedades como sal de mesa, gruesa, condimentada, marina, normal, dietética o con cantidades distintas de sodio o yodo"
01.1.9.03.01,Producto,sal de mesa,incluido,"sal en todas sus variedades como sal de mesa, gruesa, condimentada, marina, normal, dietética o con cantidades distintas de sodio o yodo"
01.1.9.03.01,Producto,gruesa,incluido,"sal en todas sus variedades como sal de mesa, gruesa, condimentada, marina, normal, dietética o con cantidades distintas de sodio o yodo"
01.1.9.03.01,Producto,condimentada,incluido,"sal en todas sus variedades como sal de mesa, gruesa, condimentada, marina, normal, dietética o con cantidades distintas de sodio o yodo"
01.1.9.03.01,Producto,marina,incluido,"sal en todas sus variedades como sal de mesa, gruesa, condimentada, marina, normal, dietética o con cantidades distintas de sodio o yodo"
01.1.9.03.01,Producto,normal,incluido,"sal en todas sus variedades como sal de mesa, gruesa, condimentada, marina, normal, dietética o con cantidades distintas de sodio o yodo"
01.1.9.03.01,Producto,dietética,incluido,"sal en todas sus variedades como sal de mesa, gruesa, condimentada, marina, normal, dietética o con cantidades distintas de sodio o yodo"
01.1.9.03.01,Producto,yodo,incluido,"sal en todas sus variedades como sal de mesa, gruesa, condimentada, marina, normal, dietética o con cantidades distintas de sodio o yodo"
01.1.9.03.02,Producto,salsas de tomate en todas sus variedades para preparaciones culinarias,incluido,"salsas de tomate en todas sus variedades para preparaciones culinarias como salsa de tomates con trozos o sin trozos de tomate, con o sin más ingredientes"
01.1.9.03.02,Producto,salsa de tomates con trozos,incluido,"salsas de tomate en todas sus variedades para preparaciones culinarias como salsa de tomates con trozos o sin trozos de tomate, con o sin más ingredientes"
01.1.7.07.01,Producto,tomates deshidratados,excluido,tomates deshidratados (01.1.7.07.01)
01.1.9.03.04,Producto,kétchup,excluido,kétchup (01.1.9.03.04)
01.1.9.03.03,Producto,mayonesas en todas sus variedades,incluido,"mayonesas en todas sus variedades como mayonesa light, libre de colesterol, con ajo, con cebolla"
01.1.9.03.03,Producto,mayonesa light,incluido,"mayonesas en todas sus variedades como mayonesa light, libre de colesterol, con ajo, con cebolla"
01.1.9.03.03,Producto,libre de colesterol,incluido,"mayonesas en todas sus variedades como mayonesa light, libre de colesterol, con ajo, con cebolla"
01.1.9.03.99,Producto,mayonesas de origen no animal,excluido,mayonesas de origen no animal (01.1.9.03.99)
01.1.9.03.04,Producto,kétchup en todas sus variedades,incluido,"kétchup en todas sus variedades como kétchup light, orgánico, libre de colesterol, reducido en azúcar"
01.1.9.03.04,Producto,kétchup light,incluido,"kétchup en todas sus variedades como kétchup light, orgánico, libre de colesterol, reducido en azúcar"
01.1.9.03.04,Producto,orgánico,incluido,"kétchup en todas sus variedades como kétchup light, orgánico, libre de colesterol, reducido en azúcar"
01.1.9.03.04,Producto,libre de colesterol,incluido,"kétchup en todas sus variedades como kétchup light, orgánico, libre de colesterol, reducido en azúcar"
01.1.9.03.04,Producto,reducido en azúcar,incluido,"kétchup en todas sus variedades como kétchup light, orgánico, libre de colesterol, reducido en azúcar"
01.1.9.03.05,Producto,mostazas en todas sus variedades,incluido,"mostazas en todas sus variedades como mostaza light, libre de colesterol, americana, Dijon, suave, fuerte, semifuerte, con champán y eneldo, con cranberry y miel, dulce, picante, extra picante"
01.1.9.03.05,Producto,mostaza light,incluido,"mostazas en todas sus variedades como mostaza light, libre de colesterol, americana, Dijon, suave, fuerte, semifuerte, con champán y eneldo, con cranberry y miel, dulce, picante, extra picante"
01.1.9.03.05,Producto,libre de colesterol,incluido,"mostazas en todas sus variedades como mostaza light, libre de colesterol, americana, Dijon, suave, fuerte, semifuerte, con champán y eneldo, con cranberry y miel, dulce, picante, extra picante"
01.1.9.03.05,Producto,americana,incluido,"mostazas en todas sus variedades como mostaza light, libre de colesterol, americana, Dijon, suave, fuerte, semifuerte, con champán y eneldo, con cranberry y miel, dulce, picante, extra picante"
01.1.9.03.05,Producto,Dijon,incluido,"mostazas en todas sus variedades como mostaza light, libre de colesterol, americana, Dijon, suave, fuerte, semifuerte, con champán y eneldo, con cranberry y miel, dulce, picante, extra picante"
01.1.9.03.05,Producto,suave,incluido,"mostazas en todas sus variedades como mostaza light, libre de colesterol, americana, Dijon, suave, fuerte, semifuerte, con champán y eneldo, con cranberry y miel, dulce, picante, extra picante"
01.1.9.03.05,Producto,fuerte,incluido,"mostazas en todas sus variedades como mostaza light, libre de colesterol, americana, Dijon, suave, fuerte, semifuerte, con champán y eneldo, con cranberry y miel, dulce, picante, extra picante"
01.1.9.03.05,Producto,semifuerte,incluido,"mostazas en todas sus variedades como mostaza light, libre de colesterol, americana, Dijon, suave, fuerte, semifuerte, con champán y eneldo, con cranberry y miel, dulce, picante, extra picante"
01.1.9.03.05,Producto,eneldo,incluido,"mostazas en todas sus variedades como mostaza light, libre de colesterol, americana, Dijon, suave, fuerte, semifuerte, con champán y eneldo, con cranberry y miel, dulce, picante, extra picante"
01.1.9.03.05,Producto,miel,incluido,"mostazas en todas sus variedades como mostaza light, libre de colesterol, americana, Dijon, suave, fuerte, semifuerte, con champán y eneldo, con cranberry y miel, dulce, picante, extra picante"
01.1.9.03.05,Producto,picante,incluido,"mostazas en todas sus variedades como mostaza light, libre de colesterol, americana, Dijon, suave, fuerte, semifuerte, con champán y eneldo, con cranberry y miel, dulce, picante, extra picante"
01.1.9.03.05,Producto,extra picante,incluido,"mostazas en todas sus variedades como mostaza light, libre de colesterol, americana, Dijon, suave, fuerte, semifuerte, con champán y eneldo, con cranberry y miel, dulce, picante, extra picante"
01.1.9.03.06,Producto,ajíes en salsas,incluido,"ajíes en salsas, cremas, pastas, pulpas y similares de todos los tipos de ajíes o preparaciones de ajíes como jalapeños, pebre, oro, verdes, amarillos, extracto de ajíes, pastas de rocoto, salsas picantes, salsas verdes"
01.1.9.03.06,Producto,cremas,incluido,"ajíes en salsas, cremas, pastas, pulpas y similares de todos los tipos de ajíes o preparaciones de ajíes como jalapeños, pebre, oro, verdes, amarillos, extracto de ajíes, pastas de rocoto, salsas picantes, salsas verdes"
01.1.9.03.06,Producto,pastas,incluido,"ajíes en salsas, cremas, pastas, pulpas y similares de todos los tipos de ajíes o preparaciones de ajíes como jalapeños, pebre, oro, verdes, amarillos, extracto de ajíes, pastas de rocoto, salsas picantes, salsas verdes"
01.1.9.03.06,Producto,pulpas,incluido,"ajíes en salsas, cremas, pastas, pulpas y similares de todos los tipos de ajíes o preparaciones de ajíes como jalapeños, pebre, oro, verdes, amarillos, extracto de ajíes, pastas de rocoto, salsas picantes, salsas verdes"
01.1.9.03.06,Producto,similares de todos los tipos de ajíes,incluido,"ajíes en salsas, cremas, pastas, pulpas y similares de todos los tipos de ajíes o preparaciones de ajíes como jalapeños, pebre, oro, verdes, amarillos, extracto de ajíes, pastas de rocoto, salsas picantes, salsas verdes"
01.1.9.03.06,Producto,preparaciones de ajíes,incluido,"ajíes en salsas, cremas, pastas, pulpas y similares de todos los tipos de ajíes o preparaciones de ajíes como jalapeños, pebre, oro, verdes, amarillos, extracto de ajíes, pastas de rocoto, salsas picantes, salsas verdes"
01.1.9.03.06,Producto,jalapeños,incluido,"ajíes en salsas, cremas, pastas, pulpas y similares de todos los tipos de ajíes o preparaciones de ajíes como jalapeños, pebre, oro, verdes, amarillos, extracto de ajíes, pastas de rocoto, salsas picantes, salsas verdes"
01.1.9.03.06,Producto,pebre,incluido,"ajíes en salsas, cremas, pastas, pulpas y similares de todos los tipos de ajíes o preparaciones de ajíes como jalapeños, pebre, oro, verdes, amarillos, extracto de ajíes, pastas de rocoto, salsas picantes, salsas verdes"
01.1.9.03.06,Producto,oro,incluido,"ajíes en salsas, cremas, pastas, pulpas y similares de todos los tipos de ajíes o preparaciones de ajíes como jalapeños, pebre, oro, verdes, amarillos, extracto de ajíes, pastas de rocoto, salsas picantes, salsas verdes"
01.1.9.03.06,Producto,amarillos,incluido,"ajíes en salsas, cremas, pastas, pulpas y similares de todos los tipos de ajíes o preparaciones de ajíes como jalapeños, pebre, oro, verdes, amarillos, extracto de ajíes, pastas de rocoto, salsas picantes, salsas verdes"
01.1.9.03.06,Producto,extracto de ajíes,incluido,"ajíes en salsas, cremas, pastas, pulpas y similares de todos los tipos de ajíes o preparaciones de ajíes como jalapeños, pebre, oro, verdes, amarillos, extracto de ajíes, pastas de rocoto, salsas picantes, salsas verdes"
01.1.9.03.06,Producto,pastas de rocoto,incluido,"ajíes en salsas, cremas, pastas, pulpas y similares de todos los tipos de ajíes o preparaciones de ajíes como jalapeños, pebre, oro, verdes, amarillos, extracto de ajíes, pastas de rocoto, salsas picantes, salsas verdes"
01.1.9.03.06,Producto,salsas picantes,incluido,"ajíes en salsas, cremas, pastas, pulpas y similares de todos los tipos de ajíes o preparaciones de ajíes como jalapeños, pebre, oro, verdes, amarillos, extracto de ajíes, pastas de rocoto, salsas picantes, salsas verdes"
01.1.9.03.06,Producto,salsas verdes,incluido,"ajíes en salsas, cremas, pastas, pulpas y similares de todos los tipos de ajíes o preparaciones de ajíes como jalapeños, pebre, oro, verdes, amarillos, extracto de ajíes, pastas de rocoto, salsas picantes, salsas verdes"
01.1.8.05.03,Producto,salsas dulces de chocolate,excluido,salsas dulces de chocolate (01.1.8.05.03)
01.1.9.03.02,Producto,salsas de tomate,excluido,salsas de tomate (01.1.9.03.02)
01.1.9.03.07,Producto,vinagres en todas sus variedades,incluido,"vinagres en todas sus variedades como vinagres de vino (tinto, blanco, rosado), de arroz, de ajo, de manzana, acetos balsámicos"
01.1.9.03.07,Producto,"vinagres de vino (tinto, blanco, rosado)",incluido,"vinagres en todas sus variedades como vinagres de vino (tinto, blanco, rosado), de arroz, de ajo, de manzana, acetos balsámicos"
01.1.9.03.07,Producto,acetos balsámicos,incluido,"vinagres en todas sus variedades como vinagres de vino (tinto, blanco, rosado), de arroz, de ajo, de manzana, acetos balsámicos"
01.1.9.03.99,Producto,sucedáneos jugo de limón,incluido,"sucedáneos jugo de limón, salsa inglesa, salsa blanca, salsa aceituna, chucrut, salsa tártara, salsa eneldo, salsa de champiñones, salsa a la pimienta, aliño ensaladas, crema sésamo, salsa de ajo, salsa de soja, salsa de carne, crema de coco, chimichurri, otros aderezos n.c.p"
01.1.9.03.99,Producto,salsa inglesa,incluido,"sucedáneos jugo de limón, salsa inglesa, salsa blanca, salsa aceituna, chucrut, salsa tártara, salsa eneldo, salsa de champiñones, salsa a la pimienta, aliño ensaladas, crema sésamo, salsa de ajo, salsa de soja, salsa de carne, crema de coco, chimichurri, otros aderezos n.c.p"
01.1.9.03.99,Producto,salsa blanca,incluido,"sucedáneos jugo de limón, salsa inglesa, salsa blanca, salsa aceituna, chucrut, salsa tártara, salsa eneldo, salsa de champiñones, salsa a la pimienta, aliño ensaladas, crema sésamo, salsa de ajo, salsa de soja, salsa de carne, crema de coco, chimichurri, otros aderezos n.c.p"
01.1.9.03.99,Producto,salsa aceituna,incluido,"sucedáneos jugo de limón, salsa inglesa, salsa blanca, salsa aceituna, chucrut, salsa tártara, salsa eneldo, salsa de champiñones, salsa a la pimienta, aliño ensaladas, crema sésamo, salsa de ajo, salsa de soja, salsa de carne, crema de coco, chimichurri, otros aderezos n.c.p"
01.1.9.03.99,Producto,chucrut,incluido,"sucedáneos jugo de limón, salsa inglesa, salsa blanca, salsa aceituna, chucrut, salsa tártara, salsa eneldo, salsa de champiñones, salsa a la pimienta, aliño ensaladas, crema sésamo, salsa de ajo, salsa de soja, salsa de carne, crema de coco, chimichurri, otros aderezos n.c.p"
01.1.9.03.99,Producto,salsa tártara,incluido,"sucedáneos jugo de limón, salsa inglesa, salsa blanca, salsa aceituna, chucrut, salsa tártara, salsa eneldo, salsa de champiñones, salsa a la pimienta, aliño ensaladas, crema sésamo, salsa de ajo, salsa de soja, salsa de carne, crema de coco, chimichurri, otros aderezos n.c.p"
01.1.9.03.99,Producto,salsa eneldo,incluido,"sucedáneos jugo de limón, salsa inglesa, salsa blanca, salsa aceituna, chucrut, salsa tártara, salsa eneldo, salsa de champiñones, salsa a la pimienta, aliño ensaladas, crema sésamo, salsa de ajo, salsa de soja, salsa de carne, crema de coco, chimichurri, otros aderezos n.c.p"
01.1.9.03.99,Producto,salsa de champiñones,incluido,"sucedáneos jugo de limón, salsa inglesa, salsa blanca, salsa aceituna, chucrut, salsa tártara, salsa eneldo, salsa de champiñones, salsa a la pimienta, aliño ensaladas, crema sésamo, salsa de ajo, salsa de soja, salsa de carne, crema de coco, chimichurri, otros aderezos n.c.p"
01.1.9.03.99,Producto,salsa a la pimienta,incluido,"sucedáneos jugo de limón, salsa inglesa, salsa blanca, salsa aceituna, chucrut, salsa tártara, salsa eneldo, salsa de champiñones, salsa a la pimienta, aliño ensaladas, crema sésamo, salsa de ajo, salsa de soja, salsa de carne, crema de coco, chimichurri, otros aderezos n.c.p"
01.1.9.03.99,Producto,aliño ensaladas,incluido,"sucedáneos jugo de limón, salsa inglesa, salsa blanca, salsa aceituna, chucrut, salsa tártara, salsa eneldo, salsa de champiñones, salsa a la pimienta, aliño ensaladas, crema sésamo, salsa de ajo, salsa de soja, salsa de carne, crema de coco, chimichurri, otros aderezos n.c.p"
01.1.9.03.99,Producto,crema sésamo,incluido,"sucedáneos jugo de limón, salsa inglesa, salsa blanca, salsa aceituna, chucrut, salsa tártara, salsa eneldo, salsa de champiñones, salsa a la pimienta, aliño ensaladas, crema sésamo, salsa de ajo, salsa de soja, salsa de carne, crema de coco, chimichurri, otros aderezos n.c.p"
01.1.9.03.99,Producto,salsa de ajo,incluido,"sucedáneos jugo de limón, salsa inglesa, salsa blanca, salsa aceituna, chucrut, salsa tártara, salsa eneldo, salsa de champiñones, salsa a la pimienta, aliño ensaladas, crema sésamo, salsa de ajo, salsa de soja, salsa de carne, crema de coco, chimichurri, otros aderezos n.c.p"
01.1.9.03.99,Producto,salsa de soja,incluido,"sucedáneos jugo de limón, salsa inglesa, salsa blanca, salsa aceituna, chucrut, salsa tártara, salsa eneldo, salsa de champiñones, salsa a la pimienta, aliño ensaladas, crema sésamo, salsa de ajo, salsa de soja, salsa de carne, crema de coco, chimichurri, otros aderezos n.c.p"
01.1.9.03.99,Producto,salsa de carne,incluido,"sucedáneos jugo de limón, salsa inglesa, salsa blanca, salsa aceituna, chucrut, salsa tártara, salsa eneldo, salsa de champiñones, salsa a la pimienta, aliño ensaladas, crema sésamo, salsa de ajo, salsa de soja, salsa de carne, crema de coco, chimichurri, otros aderezos n.c.p"
01.1.9.03.99,Producto,crema de coco,incluido,"sucedáneos jugo de limón, salsa inglesa, salsa blanca, salsa aceituna, chucrut, salsa tártara, salsa eneldo, salsa de champiñones, salsa a la pimienta, aliño ensaladas, crema sésamo, salsa de ajo, salsa de soja, salsa de carne, crema de coco, chimichurri, otros aderezos n.c.p"
01.1.9.03.99,Producto,chimichurri,incluido,"sucedáneos jugo de limón, salsa inglesa, salsa blanca, salsa aceituna, chucrut, salsa tártara, salsa eneldo, salsa de champiñones, salsa a la pimienta, aliño ensaladas, crema sésamo, salsa de ajo, salsa de soja, salsa de carne, crema de coco, chimichurri, otros aderezos n.c.p"
01.1.9.03.99,Producto,otros aderezos n.c.p,incluido,"sucedáneos jugo de limón, salsa inglesa, salsa blanca, salsa aceituna, chucrut, salsa tártara, salsa eneldo, salsa de champiñones, salsa a la pimienta, aliño ensaladas, crema sésamo, salsa de ajo, salsa de soja, salsa de carne, crema de coco, chimichurri, otros aderezos n.c.p"
01.1.9.03.99,Producto,mayonesas de origen no animal,incluido,mayonesas de origen no animal
01.1.7.09.08,Producto,salsa americana,excluido,salsa americana (01.1.7.09.08)
01.1.9.04.00,Subclase,pimienta,incluido,"pimienta, pimiento, jengibre y otras especias"
01.1.9.04.00,Subclase,pimiento,incluido,"pimienta, pimiento, jengibre y otras especias"
01.1.9.04.00,Subclase,jengibre,incluido,"pimienta, pimiento, jengibre y otras especias"
01.1.9.04.00,Subclase,otras especias,incluido,"pimienta, pimiento, jengibre y otras especias"
01.1.9.04.00,Subclase,perejil,incluido,"perejil, romero, tomillo y otras hierbas culinarias"
01.1.9.04.00,Subclase,romero,incluido,"perejil, romero, tomillo y otras hierbas culinarias"
01.1.9.04.00,Subclase,tomillo,incluido,"perejil, romero, tomillo y otras hierbas culinarias"
01.1.9.04.00,Subclase,otras hierbas culinarias,incluido,"perejil, romero, tomillo y otras hierbas culinarias"
01.1.9.04.00,Subclase,semillas de amapola,incluido,"semillas de amapola, semillas de sésamo, semillas de linaza y otras semillas"
01.1.9.04.00,Subclase,semillas de sésamo,incluido,"semillas de amapola, semillas de sésamo, semillas de linaza y otras semillas"
01.1.9.04.00,Subclase,semillas de linaza,incluido,"semillas de amapola, semillas de sésamo, semillas de linaza y otras semillas"
01.1.9.04.00,Subclase,otras semillas,incluido,"semillas de amapola, semillas de sésamo, semillas de linaza y otras semillas"
01.1.5.01.00,Subclase,aceites vegetales,excluido,aceites vegetales (01.1.5.01.00)
09.3.1.02.02,Producto,semillas para sembrar,excluido,semillas para sembrar (09.3.1.02.02)
01.1.9.04.01,Producto,especias,incluido,"especias y semillas comestibles como pimienta, comino, jengibre, ají de color, aliño completo, canela, varilla de vainilla, semillas de anís, clavos de olor, nuez moscada, curry, azafrán, merquén, ají cacho cabra seco, semillas de maravilla, semillas de linaza, semillas de sésamo, semillas de chía, semillas de zapallo, semillas de amapola, etc"
01.1.9.04.01,Producto,semillas comestibles,incluido,"especias y semillas comestibles como pimienta, comino, jengibre, ají de color, aliño completo, canela, varilla de vainilla, semillas de anís, clavos de olor, nuez moscada, curry, azafrán, merquén, ají cacho cabra seco, semillas de maravilla, semillas de linaza, semillas de sésamo, semillas de chía, semillas de zapallo, semillas de amapola, etc"
01.1.9.04.01,Producto,pimienta,incluido,"especias y semillas comestibles como pimienta, comino, jengibre, ají de color, aliño completo, canela, varilla de vainilla, semillas de anís, clavos de olor, nuez moscada, curry, azafrán, merquén, ají cacho cabra seco, semillas de maravilla, semillas de linaza, semillas de sésamo, semillas de chía, semillas de zapallo, semillas de amapola, etc"
01.1.9.04.01,Producto,comino,incluido,"especias y semillas comestibles como pimienta, comino, jengibre, ají de color, aliño completo, canela, varilla de vainilla, semillas de anís, clavos de olor, nuez moscada, curry, azafrán, merquén, ají cacho cabra seco, semillas de maravilla, semillas de linaza, semillas de sésamo, semillas de chía, semillas de zapallo, semillas de amapola, etc"
01.1.9.04.01,Producto,jengibre,incluido,"especias y semillas comestibles como pimienta, comino, jengibre, ají de color, aliño completo, canela, varilla de vainilla, semillas de anís, clavos de olor, nuez moscada, curry, azafrán, merquén, ají cacho cabra seco, semillas de maravilla, semillas de linaza, semillas de sésamo, semillas de chía, semillas de zapallo, semillas de amapola, etc"
01.1.9.04.01,Producto,ají de color,incluido,"especias y semillas comestibles como pimienta, comino, jengibre, ají de color, aliño completo, canela, varilla de vainilla, semillas de anís, clavos de olor, nuez moscada, curry, azafrán, merquén, ají cacho cabra seco, semillas de maravilla, semillas de linaza, semillas de sésamo, semillas de chía, semillas de zapallo, semillas de amapola, etc"
01.1.9.04.01,Producto,aliño completo,incluido,"especias y semillas comestibles como pimienta, comino, jengibre, ají de color, aliño completo, canela, varilla de vainilla, semillas de anís, clavos de olor, nuez moscada, curry, azafrán, merquén, ají cacho cabra seco, semillas de maravilla, semillas de linaza, semillas de sésamo, semillas de chía, semillas de zapallo, semillas de amapola, etc"
01.1.9.04.01,Producto,canela,incluido,"especias y semillas comestibles como pimienta, comino, jengibre, ají de color, aliño completo, canela, varilla de vainilla, semillas de anís, clavos de olor, nuez moscada, curry, azafrán, merquén, ají cacho cabra seco, semillas de maravilla, semillas de linaza, semillas de sésamo, semillas de chía, semillas de zapallo, semillas de amapola, etc"
01.1.9.04.01,Producto,varilla de vainilla,incluido,"especias y semillas comestibles como pimienta, comino, jengibre, ají de color, aliño completo, canela, varilla de vainilla, semillas de anís, clavos de olor, nuez moscada, curry, azafrán, merquén, ají cacho cabra seco, semillas de maravilla, semillas de linaza, semillas de sésamo, semillas de chía, semillas de zapallo, semillas de amapola, etc"
01.1.9.04.01,Producto,semillas de anís,incluido,"especias y semillas comestibles como pimienta, comino, jengibre, ají de color, aliño completo, canela, varilla de vainilla, semillas de anís, clavos de olor, nuez moscada, curry, azafrán, merquén, ají cacho cabra seco, semillas de maravilla, semillas de linaza, semillas de sésamo, semillas de chía, semillas de zapallo, semillas de amapola, etc"
01.1.9.04.01,Producto,clavos de olor,incluido,"especias y semillas comestibles como pimienta, comino, jengibre, ají de color, aliño completo, canela, varilla de vainilla, semillas de anís, clavos de olor, nuez moscada, curry, azafrán, merquén, ají cacho cabra seco, semillas de maravilla, semillas de linaza, semillas de sésamo, semillas de chía, semillas de zapallo, semillas de amapola, etc"
01.1.9.04.01,Producto,nuez moscada,incluido,"especias y semillas comestibles como pimienta, comino, jengibre, ají de color, aliño completo, canela, varilla de vainilla, semillas de anís, clavos de olor, nuez moscada, curry, azafrán, merquén, ají cacho cabra seco, semillas de maravilla, semillas de linaza, semillas de sésamo, semillas de chía, semillas de zapallo, semillas de amapola, etc"
01.1.9.04.01,Producto,curry,incluido,"especias y semillas comestibles como pimienta, comino, jengibre, ají de color, aliño completo, canela, varilla de vainilla, semillas de anís, clavos de olor, nuez moscada, curry, azafrán, merquén, ají cacho cabra seco, semillas de maravilla, semillas de linaza, semillas de sésamo, semillas de chía, semillas de zapallo, semillas de amapola, etc"
01.1.9.04.01,Producto,azafrán,incluido,"especias y semillas comestibles como pimienta, comino, jengibre, ají de color, aliño completo, canela, varilla de vainilla, semillas de anís, clavos de olor, nuez moscada, curry, azafrán, merquén, ají cacho cabra seco, semillas de maravilla, semillas de linaza, semillas de sésamo, semillas de chía, semillas de zapallo, semillas de amapola, etc"
01.1.9.04.01,Producto,merquén,incluido,"especias y semillas comestibles como pimienta, comino, jengibre, ají de color, aliño completo, canela, varilla de vainilla, semillas de anís, clavos de olor, nuez moscada, curry, azafrán, merquén, ají cacho cabra seco, semillas de maravilla, semillas de linaza, semillas de sésamo, semillas de chía, semillas de zapallo, semillas de amapola, etc"
01.1.9.04.01,Producto,ají cacho cabra seco,incluido,"especias y semillas comestibles como pimienta, comino, jengibre, ají de color, aliño completo, canela, varilla de vainilla, semillas de anís, clavos de olor, nuez moscada, curry, azafrán, merquén, ají cacho cabra seco, semillas de maravilla, semillas de linaza, semillas de sésamo, semillas de chía, semillas de zapallo, semillas de amapola, etc"
01.1.9.04.01,Producto,semillas de maravilla,incluido,"especias y semillas comestibles como pimienta, comino, jengibre, ají de color, aliño completo, canela, varilla de vainilla, semillas de anís, clavos de olor, nuez moscada, curry, azafrán, merquén, ají cacho cabra seco, semillas de maravilla, semillas de linaza, semillas de sésamo, semillas de chía, semillas de zapallo, semillas de amapola, etc"
01.1.9.04.01,Producto,semillas de linaza,incluido,"especias y semillas comestibles como pimienta, comino, jengibre, ají de color, aliño completo, canela, varilla de vainilla, semillas de anís, clavos de olor, nuez moscada, curry, azafrán, merquén, ají cacho cabra seco, semillas de maravilla, semillas de linaza, semillas de sésamo, semillas de chía, semillas de zapallo, semillas de amapola, etc"
01.1.9.04.01,Producto,semillas de sésamo,incluido,"especias y semillas comestibles como pimienta, comino, jengibre, ají de color, aliño completo, canela, varilla de vainilla, semillas de anís, clavos de olor, nuez moscada, curry, azafrán, merquén, ají cacho cabra seco, semillas de maravilla, semillas de linaza, semillas de sésamo, semillas de chía, semillas de zapallo, semillas de amapola, etc"
01.1.9.04.01,Producto,semillas de chía,incluido,"especias y semillas comestibles como pimienta, comino, jengibre, ají de color, aliño completo, canela, varilla de vainilla, semillas de anís, clavos de olor, nuez moscada, curry, azafrán, merquén, ají cacho cabra seco, semillas de maravilla, semillas de linaza, semillas de sésamo, semillas de chía, semillas de zapallo, semillas de amapola, etc"
01.1.9.04.01,Producto,semillas de zapallo,incluido,"especias y semillas comestibles como pimienta, comino, jengibre, ají de color, aliño completo, canela, varilla de vainilla, semillas de anís, clavos de olor, nuez moscada, curry, azafrán, merquén, ají cacho cabra seco, semillas de maravilla, semillas de linaza, semillas de sésamo, semillas de chía, semillas de zapallo, semillas de amapola, etc"
01.1.9.04.01,Producto,semillas de amapola,incluido,"especias y semillas comestibles como pimienta, comino, jengibre, ají de color, aliño completo, canela, varilla de vainilla, semillas de anís, clavos de olor, nuez moscada, curry, azafrán, merquén, ají cacho cabra seco, semillas de maravilla, semillas de linaza, semillas de sésamo, semillas de chía, semillas de zapallo, semillas de amapola, etc"
01.1.9.04.02,Producto,hierbas frescas,incluido,"hierbas frescas o secas en todas sus variedades, perejil, orégano, cilantro, albahaca, laurel, ciboulette, tomillo o chascú, romero, eneldo, hinojo, salvia, estragón, entre otros"
01.1.9.04.02,Producto,secas en todas sus variedades,incluido,"hierbas frescas o secas en todas sus variedades, perejil, orégano, cilantro, albahaca, laurel, ciboulette, tomillo o chascú, romero, eneldo, hinojo, salvia, estragón, entre otros"
01.1.9.04.02,Producto,perejil,incluido,"hierbas frescas o secas en todas sus variedades, perejil, orégano, cilantro, albahaca, laurel, ciboulette, tomillo o chascú, romero, eneldo, hinojo, salvia, estragón, entre otros"
01.1.9.04.02,Producto,orégano,incluido,"hierbas frescas o secas en todas sus variedades, perejil, orégano, cilantro, albahaca, laurel, ciboulette, tomillo o chascú, romero, eneldo, hinojo, salvia, estragón, entre otros"
01.1.9.04.02,Producto,cilantro,incluido,"hierbas frescas o secas en todas sus variedades, perejil, orégano, cilantro, albahaca, laurel, ciboulette, tomillo o chascú, romero, eneldo, hinojo, salvia, estragón, entre otros"
01.1.9.04.02,Producto,albahaca,incluido,"hierbas frescas o secas en todas sus variedades, perejil, orégano, cilantro, albahaca, laurel, ciboulette, tomillo o chascú, romero, eneldo, hinojo, salvia, estragón, entre otros"
01.1.9.04.02,Producto,laurel,incluido,"hierbas frescas o secas en todas sus variedades, perejil, orégano, cilantro, albahaca, laurel, ciboulette, tomillo o chascú, romero, eneldo, hinojo, salvia, estragón, entre otros"
01.1.9.04.02,Producto,ciboulette,incluido,"hierbas frescas o secas en todas sus variedades, perejil, orégano, cilantro, albahaca, laurel, ciboulette, tomillo o chascú, romero, eneldo, hinojo, salvia, estragón, entre otros"
01.1.9.04.02,Producto,tomillo,incluido,"hierbas frescas o secas en todas sus variedades, perejil, orégano, cilantro, albahaca, laurel, ciboulette, tomillo o chascú, romero, eneldo, hinojo, salvia, estragón, entre otros"
01.1.9.04.02,Producto,chascú,incluido,"hierbas frescas o secas en todas sus variedades, perejil, orégano, cilantro, albahaca, laurel, ciboulette, tomillo o chascú, romero, eneldo, hinojo, salvia, estragón, entre otros"
01.1.9.04.02,Producto,romero,incluido,"hierbas frescas o secas en todas sus variedades, perejil, orégano, cilantro, albahaca, laurel, ciboulette, tomillo o chascú, romero, eneldo, hinojo, salvia, estragón, entre otros"
01.1.9.04.02,Producto,eneldo,incluido,"hierbas frescas o secas en todas sus variedades, perejil, orégano, cilantro, albahaca, laurel, ciboulette, tomillo o chascú, romero, eneldo, hinojo, salvia, estragón, entre otros"
01.1.9.04.02,Producto,hinojo,incluido,"hierbas frescas o secas en todas sus variedades, perejil, orégano, cilantro, albahaca, laurel, ciboulette, tomillo o chascú, romero, eneldo, hinojo, salvia, estragón, entre otros"
01.1.9.04.02,Producto,salvia,incluido,"hierbas frescas o secas en todas sus variedades, perejil, orégano, cilantro, albahaca, laurel, ciboulette, tomillo o chascú, romero, eneldo, hinojo, salvia, estragón, entre otros"
01.1.9.04.02,Producto,estragón,incluido,"hierbas frescas o secas en todas sus variedades, perejil, orégano, cilantro, albahaca, laurel, ciboulette, tomillo o chascú, romero, eneldo, hinojo, salvia, estragón, entre otros"
01.2.3.01.03,Producto,té de menta para infusión,excluido,té de menta para infusión (01.2.3.01.03)
01.1.9.09.00,Subclase,caña de azúcar consumida para extraer zumo,incluido,caña de azúcar consumida para extraer zumo o como aperitivo
01.1.9.09.00,Subclase,levaduras,incluido,"levaduras y polvos para hornear, caldos de huesos, caldos de verduras o carnes, cubitos de caldo, bases para sopas, agar-agar, preparaciones de postres instantáneos"
01.1.9.09.00,Subclase,polvos para hornear,incluido,"levaduras y polvos para hornear, caldos de huesos, caldos de verduras o carnes, cubitos de caldo, bases para sopas, agar-agar, preparaciones de postres instantáneos"
01.1.9.09.00,Subclase,caldos de huesos,incluido,"levaduras y polvos para hornear, caldos de huesos, caldos de verduras o carnes, cubitos de caldo, bases para sopas, agar-agar, preparaciones de postres instantáneos"
01.1.9.09.00,Subclase,caldos de verduras,incluido,"levaduras y polvos para hornear, caldos de huesos, caldos de verduras o carnes, cubitos de caldo, bases para sopas, agar-agar, preparaciones de postres instantáneos"
01.1.9.09.00,Subclase,carnes,incluido,"levaduras y polvos para hornear, caldos de huesos, caldos de verduras o carnes, cubitos de caldo, bases para sopas, agar-agar, preparaciones de postres instantáneos"
01.1.9.09.00,Subclase,cubitos de caldo,incluido,"levaduras y polvos para hornear, caldos de huesos, caldos de verduras o carnes, cubitos de caldo, bases para sopas, agar-agar, preparaciones de postres instantáneos"
01.1.9.09.00,Subclase,bases para sopas,incluido,"levaduras y polvos para hornear, caldos de huesos, caldos de verduras o carnes, cubitos de caldo, bases para sopas, agar-agar, preparaciones de postres instantáneos"
01.1.9.09.00,Subclase,agar-agar,incluido,"levaduras y polvos para hornear, caldos de huesos, caldos de verduras o carnes, cubitos de caldo, bases para sopas, agar-agar, preparaciones de postres instantáneos"
01.1.9.09.00,Subclase,preparaciones de postres instantáneos,incluido,"levaduras y polvos para hornear, caldos de huesos, caldos de verduras o carnes, cubitos de caldo, bases para sopas, agar-agar, preparaciones de postres instantáneos"
01.1.9.09.00,Subclase,suplementos alimenticios,incluido,"suplementos alimenticios y nutricionales, productos alimenticios fortificados, fórmulas dietéticas para deportistas, suplementos para la tercera edad"
01.1.9.09.00,Subclase,nutricionales,incluido,"suplementos alimenticios y nutricionales, productos alimenticios fortificados, fórmulas dietéticas para deportistas, suplementos para la tercera edad"
01.1.9.09.00,Subclase,productos alimenticios fortificados,incluido,"suplementos alimenticios y nutricionales, productos alimenticios fortificados, fórmulas dietéticas para deportistas, suplementos para la tercera edad"
01.1.9.09.00,Subclase,fórmulas dietéticas para deportistas,incluido,"suplementos alimenticios y nutricionales, productos alimenticios fortificados, fórmulas dietéticas para deportistas, suplementos para la tercera edad"
01.1.9.09.00,Subclase,suplementos para la tercera edad,incluido,"suplementos alimenticios y nutricionales, productos alimenticios fortificados, fórmulas dietéticas para deportistas, suplementos para la tercera edad"
01.1.9.09.01,Producto,sopas,incluido,"sopas y cremas para preparar, no instantáneas"
01.1.9.09.01,Producto,cremas para preparar,incluido,"sopas y cremas para preparar, no instantáneas"
01.1.9.09.02,Producto,caldos de huesos,incluido,"caldos de huesos, caldos de verduras o carnes, cubitos de caldo, concentrados para sopas como concentrado de ave, carne, longaniza, pescado, verdura o sofritos en todas sus variedades, bases para hamburguesas, bases para aliñar carnes, pescados, pollo y verduras, etc., bases para apanar, bases comida china"
01.1.9.09.02,Producto,caldos de verduras,incluido,"caldos de huesos, caldos de verduras o carnes, cubitos de caldo, concentrados para sopas como concentrado de ave, carne, longaniza, pescado, verdura o sofritos en todas sus variedades, bases para hamburguesas, bases para aliñar carnes, pescados, pollo y verduras, etc., bases para apanar, bases comida china"
01.1.9.09.02,Producto,carnes,incluido,"caldos de huesos, caldos de verduras o carnes, cubitos de caldo, concentrados para sopas como concentrado de ave, carne, longaniza, pescado, verdura o sofritos en todas sus variedades, bases para hamburguesas, bases para aliñar carnes, pescados, pollo y verduras, etc., bases para apanar, bases comida china"
01.1.9.09.02,Producto,cubitos de caldo,incluido,"caldos de huesos, caldos de verduras o carnes, cubitos de caldo, concentrados para sopas como concentrado de ave, carne, longaniza, pescado, verdura o sofritos en todas sus variedades, bases para hamburguesas, bases para aliñar carnes, pescados, pollo y verduras, etc., bases para apanar, bases comida china"
01.1.9.09.02,Producto,concentrados para sopas,incluido,"caldos de huesos, caldos de verduras o carnes, cubitos de caldo, concentrados para sopas como concentrado de ave, carne, longaniza, pescado, verdura o sofritos en todas sus variedades, bases para hamburguesas, bases para aliñar carnes, pescados, pollo y verduras, etc., bases para apanar, bases comida china"
01.1.9.09.02,Producto,concentrado de ave,incluido,"caldos de huesos, caldos de verduras o carnes, cubitos de caldo, concentrados para sopas como concentrado de ave, carne, longaniza, pescado, verdura o sofritos en todas sus variedades, bases para hamburguesas, bases para aliñar carnes, pescados, pollo y verduras, etc., bases para apanar, bases comida china"
01.1.9.09.02,Producto,carne,incluido,"caldos de huesos, caldos de verduras o carnes, cubitos de caldo, concentrados para sopas como concentrado de ave, carne, longaniza, pescado, verdura o sofritos en todas sus variedades, bases para hamburguesas, bases para aliñar carnes, pescados, pollo y verduras, etc., bases para apanar, bases comida china"
01.1.9.09.02,Producto,longaniza,incluido,"caldos de huesos, caldos de verduras o carnes, cubitos de caldo, concentrados para sopas como concentrado de ave, carne, longaniza, pescado, verdura o sofritos en todas sus variedades, bases para hamburguesas, bases para aliñar carnes, pescados, pollo y verduras, etc., bases para apanar, bases comida china"
01.1.9.09.02,Producto,pescado,incluido,"caldos de huesos, caldos de verduras o carnes, cubitos de caldo, concentrados para sopas como concentrado de ave, carne, longaniza, pescado, verdura o sofritos en todas sus variedades, bases para hamburguesas, bases para aliñar carnes, pescados, pollo y verduras, etc., bases para apanar, bases comida china"
01.1.9.09.02,Producto,verdura,incluido,"caldos de huesos, caldos de verduras o carnes, cubitos de caldo, concentrados para sopas como concentrado de ave, carne, longaniza, pescado, verdura o sofritos en todas sus variedades, bases para hamburguesas, bases para aliñar carnes, pescados, pollo y verduras, etc., bases para apanar, bases comida china"
01.1.9.09.02,Producto,sofritos en todas sus variedades,incluido,"caldos de huesos, caldos de verduras o carnes, cubitos de caldo, concentrados para sopas como concentrado de ave, carne, longaniza, pescado, verdura o sofritos en todas sus variedades, bases para hamburguesas, bases para aliñar carnes, pescados, pollo y verduras, etc., bases para apanar, bases comida china"
01.1.9.09.02,Producto,bases para hamburguesas,incluido,"caldos de huesos, caldos de verduras o carnes, cubitos de caldo, concentrados para sopas como concentrado de ave, carne, longaniza, pescado, verdura o sofritos en todas sus variedades, bases para hamburguesas, bases para aliñar carnes, pescados, pollo y verduras, etc., bases para apanar, bases comida china"
01.1.9.09.02,Producto,bases para aliñar carnes,incluido,"caldos de huesos, caldos de verduras o carnes, cubitos de caldo, concentrados para sopas como concentrado de ave, carne, longaniza, pescado, verdura o sofritos en todas sus variedades, bases para hamburguesas, bases para aliñar carnes, pescados, pollo y verduras, etc., bases para apanar, bases comida china"
01.1.9.09.02,Producto,pescados,incluido,"caldos de huesos, caldos de verduras o carnes, cubitos de caldo, concentrados para sopas como concentrado de ave, carne, longaniza, pescado, verdura o sofritos en todas sus variedades, bases para hamburguesas, bases para aliñar carnes, pescados, pollo y verduras, etc., bases para apanar, bases comida china"
01.1.9.09.02,Producto,pollo,incluido,"caldos de huesos, caldos de verduras o carnes, cubitos de caldo, concentrados para sopas como concentrado de ave, carne, longaniza, pescado, verdura o sofritos en todas sus variedades, bases para hamburguesas, bases para aliñar carnes, pescados, pollo y verduras, etc., bases para apanar, bases comida china"
01.1.9.09.02,Producto,verduras,incluido,"caldos de huesos, caldos de verduras o carnes, cubitos de caldo, concentrados para sopas como concentrado de ave, carne, longaniza, pescado, verdura o sofritos en todas sus variedades, bases para hamburguesas, bases para aliñar carnes, pescados, pollo y verduras, etc., bases para apanar, bases comida china"
01.1.9.09.02,Producto,bases para apanar,incluido,"caldos de huesos, caldos de verduras o carnes, cubitos de caldo, concentrados para sopas como concentrado de ave, carne, longaniza, pescado, verdura o sofritos en todas sus variedades, bases para hamburguesas, bases para aliñar carnes, pescados, pollo y verduras, etc., bases para apanar, bases comida china"
01.1.9.09.02,Producto,bases comida china,incluido,"caldos de huesos, caldos de verduras o carnes, cubitos de caldo, concentrados para sopas como concentrado de ave, carne, longaniza, pescado, verdura o sofritos en todas sus variedades, bases para hamburguesas, bases para aliñar carnes, pescados, pollo y verduras, etc., bases para apanar, bases comida china"
01.1.9.09.03,Producto,levaduras,incluido,"levaduras, polvos para hornear, bicarbonato"
01.1.9.09.03,Producto,polvos para hornear,incluido,"levaduras, polvos para hornear, bicarbonato"
01.1.9.09.03,Producto,bicarbonato,incluido,"levaduras, polvos para hornear, bicarbonato"
01.1.9.09.04,Producto,postres en polvos para preparar jaleas,incluido,"postres en polvos para preparar jaleas, budines y flanes, helados, leches asadas y otros"
01.1.9.09.04,Producto,budines,incluido,"postres en polvos para preparar jaleas, budines y flanes, helados, leches asadas y otros"
01.1.9.09.04,Producto,flanes,incluido,"postres en polvos para preparar jaleas, budines y flanes, helados, leches asadas y otros"
01.1.9.09.04,Producto,helados,incluido,"postres en polvos para preparar jaleas, budines y flanes, helados, leches asadas y otros"
01.1.9.09.04,Producto,leches asadas,incluido,"postres en polvos para preparar jaleas, budines y flanes, helados, leches asadas y otros"
01.1.4.07.00,Subclase,postres preparados a base de leche,excluido,postres preparados a base de leche (01.1.4.07.00)
01.1.9.09.05,Producto,manjar,incluido,"manjar y dulce de leche tradicional o clásico, de repostería, para helados, dietético, mixto"
01.1.9.09.05,Producto,dulce de leche tradicional,incluido,"manjar y dulce de leche tradicional o clásico, de repostería, para helados, dietético, mixto"
01.1.9.09.05,Producto,clásico,incluido,"manjar y dulce de leche tradicional o clásico, de repostería, para helados, dietético, mixto"
01.1.9.09.05,Producto,dietético,incluido,"manjar y dulce de leche tradicional o clásico, de repostería, para helados, dietético, mixto"
01.1.9.09.05,Producto,mixto,incluido,"manjar y dulce de leche tradicional o clásico, de repostería, para helados, dietético, mixto"
01.1.9.09.06,Producto,suplementos alimenticios,incluido,"suplementos alimenticios y nutricionales, fórmulas dietéticas para deportistas, suplementos para la tercera edad"
01.1.9.09.06,Producto,nutricionales,incluido,"suplementos alimenticios y nutricionales, fórmulas dietéticas para deportistas, suplementos para la tercera edad"
01.1.9.09.06,Producto,fórmulas dietéticas para deportistas,incluido,"suplementos alimenticios y nutricionales, fórmulas dietéticas para deportistas, suplementos para la tercera edad"
01.1.9.09.06,Producto,suplementos para la tercera edad,incluido,"suplementos alimenticios y nutricionales, fórmulas dietéticas para deportistas, suplementos para la tercera edad"
01.1.9.02.01,Producto,sustitutos de leche materna,excluido,"sustitutos de leche materna, fórmulas infantiles con hierro, complementos nutricionales a base de maltodextrina para bebés (01.1.9.02.01)"
01.1.9.02.01,Producto,fórmulas infantiles con hierro,excluido,"sustitutos de leche materna, fórmulas infantiles con hierro, complementos nutricionales a base de maltodextrina para bebés (01.1.9.02.01)"
01.1.9.02.01,Producto,complementos nutricionales a base de maltodextrina para bebés,excluido,"sustitutos de leche materna, fórmulas infantiles con hierro, complementos nutricionales a base de maltodextrina para bebés (01.1.9.02.01)"
01.1.9.09.07,Producto,saborizantes para la leche de distintos sabores,incluido,"saborizantes para la leche de distintos sabores como frutilla, vainilla, berries, entre otros según corresponda, tengan o no adición de vitaminas y minerales"
01.1.9.09.07,Producto,frutilla,incluido,"saborizantes para la leche de distintos sabores como frutilla, vainilla, berries, entre otros según corresponda, tengan o no adición de vitaminas y minerales"
01.1.9.09.07,Producto,vainilla,incluido,"saborizantes para la leche de distintos sabores como frutilla, vainilla, berries, entre otros según corresponda, tengan o no adición de vitaminas y minerales"
01.1.9.09.07,Producto,berries,incluido,"saborizantes para la leche de distintos sabores como frutilla, vainilla, berries, entre otros según corresponda, tengan o no adición de vitaminas y minerales"
01.1.9.09.07,Producto,tengan,incluido,"saborizantes para la leche de distintos sabores como frutilla, vainilla, berries, entre otros según corresponda, tengan o no adición de vitaminas y minerales"
01.1.9.09.07,Producto,minerales,incluido,"saborizantes para la leche de distintos sabores como frutilla, vainilla, berries, entre otros según corresponda, tengan o no adición de vitaminas y minerales"
01.1.8.05.02,Producto,cacao en polvo,excluido,"cacao en polvo, saborizantes para leche con cacao o sabor chocolate (01.1.8.05.02)"
01.1.8.05.02,Producto,saborizantes para leche con cacao,excluido,"cacao en polvo, saborizantes para leche con cacao o sabor chocolate (01.1.8.05.02)"
01.1.9.09.99,Producto,caña de azúcar consumida para extraer zumo,incluido,"caña de azúcar consumida para extraer zumo o como aperitivo, agar-agar y otros productos alimenticios n.c.p"
01.1.9.09.99,Producto,agar-agar,incluido,"caña de azúcar consumida para extraer zumo o como aperitivo, agar-agar y otros productos alimenticios n.c.p"
01.1.9.09.99,Producto,otros productos alimenticios n.c.p,incluido,"caña de azúcar consumida para extraer zumo o como aperitivo, agar-agar y otros productos alimenticios n.c.p"
01.2.0.00.00,Grupo,bebidas que no contengan alcohol,incluido,bebidas que no contengan alcohol
01.1.4.04.00,Subclase,leche,excluido,"leche (01.1.4.01.00, 01.1.4.02.00, 01.1.4.03.00, 01.1.4.04.00)"
02.1.2.01.03,Producto,vino sin alcohol,excluido,vino sin alcohol (02.1.2.01.03)
02.1.3.01.02,Producto,cerveza sin alcohol,excluido,cerveza sin alcohol (02.1.3.01.02)
11.1.1.00.00,Clase,bebidas no alcohólicas para consumo inmediato provistas por un servicio de alimentación,excluido,bebidas no alcohólicas para consumo inmediato provistas por un servicio de alimentación (11.1.1.00.00)
01.2.1.00.00,Clase,jugos de frutas,incluido,"jugos de frutas y verduras sin fermentar y que no contengan alcohol agregado, ya sea que contengan o no azúcar añadida u otro edulcorante"
01.2.1.00.00,Clase,verduras sin fermentar,incluido,"jugos de frutas y verduras sin fermentar y que no contengan alcohol agregado, ya sea que contengan o no azúcar añadida u otro edulcorante"
01.2.1.00.00,Clase,otro edulcorante,incluido,"jugos de frutas y verduras sin fermentar y que no contengan alcohol agregado, ya sea que contengan o no azúcar añadida u otro edulcorante"
01.2.1.00.00,Clase,jugos concentrados,incluido,jugos concentrados y jugos congelados
01.2.1.00.00,Clase,jugos congelados,incluido,jugos concentrados y jugos congelados
01.2.1.00.00,Clase,jugos en polvo,incluido,jugos en polvo
01.2.6.01.01,Producto,jugos gasificados (carbonatados),excluido,jugos gasificados (carbonatados) (01.2.6.01.01)
01.2.1.01.00,Subclase,jugos de frutas,incluido,"jugos de frutas y verduras sin fermentar y que no contengan alcohol agregado, ya sea que contengan o no azúcar añadida u otro edulcorante"
01.2.1.01.00,Subclase,verduras sin fermentar,incluido,"jugos de frutas y verduras sin fermentar y que no contengan alcohol agregado, ya sea que contengan o no azúcar añadida u otro edulcorante"
01.2.1.01.00,Subclase,otro edulcorante,incluido,"jugos de frutas y verduras sin fermentar y que no contengan alcohol agregado, ya sea que contengan o no azúcar añadida u otro edulcorante"
01.2.1.01.00,Subclase,jugos concentrados,incluido,jugos concentrados y jugos congelados
01.2.1.01.00,Subclase,jugos congelados,incluido,jugos concentrados y jugos congelados
01.2.1.01.00,Subclase,jugos en polvo,incluido,jugos en polvo
01.2.1.01.01,Producto,jugos de frutas,incluido,"jugos de frutas y verduras sin fermentar y que no contengan alcohol agregado, ya sea que contengan o no azúcar añadida u otro edulcorante, jugos de larga o corta vida, jugos vegetales (de tomate, de soya o similares), néctares"
01.2.1.01.01,Producto,verduras sin fermentar,incluido,"jugos de frutas y verduras sin fermentar y que no contengan alcohol agregado, ya sea que contengan o no azúcar añadida u otro edulcorante, jugos de larga o corta vida, jugos vegetales (de tomate, de soya o similares), néctares"
01.2.1.01.01,Producto,otro edulcorante,incluido,"jugos de frutas y verduras sin fermentar y que no contengan alcohol agregado, ya sea que contengan o no azúcar añadida u otro edulcorante, jugos de larga o corta vida, jugos vegetales (de tomate, de soya o similares), néctares"
01.2.1.01.01,Producto,jugos de larga,incluido,"jugos de frutas y verduras sin fermentar y que no contengan alcohol agregado, ya sea que contengan o no azúcar añadida u otro edulcorante, jugos de larga o corta vida, jugos vegetales (de tomate, de soya o similares), néctares"
01.2.1.01.01,Producto,corta vida,incluido,"jugos de frutas y verduras sin fermentar y que no contengan alcohol agregado, ya sea que contengan o no azúcar añadida u otro edulcorante, jugos de larga o corta vida, jugos vegetales (de tomate, de soya o similares), néctares"
01.2.1.01.01,Producto,"jugos vegetales (de tomate, de soya o similares)",incluido,"jugos de frutas y verduras sin fermentar y que no contengan alcohol agregado, ya sea que contengan o no azúcar añadida u otro edulcorante, jugos de larga o corta vida, jugos vegetales (de tomate, de soya o similares), néctares"
01.2.1.01.01,Producto,néctares,incluido,"jugos de frutas y verduras sin fermentar y que no contengan alcohol agregado, ya sea que contengan o no azúcar añadida u otro edulcorante, jugos de larga o corta vida, jugos vegetales (de tomate, de soya o similares), néctares"
01.2.1.01.02,Producto,jugo concentrado,excluido,jugo concentrado y pulpa (01.2.1.01.02)
01.2.1.01.02,Producto,pulpa,excluido,jugo concentrado y pulpa (01.2.1.01.02)
01.2.3.01.04,Producto,té helado embotellado,excluido,"té helado embotellado, adquirido en supermercado, almacén o similares (01.2.3.01.04)"
01.2.3.01.04,Producto,adquirido en supermercado,excluido,"té helado embotellado, adquirido en supermercado, almacén o similares (01.2.3.01.04)"
01.2.3.01.04,Producto,almacén,excluido,"té helado embotellado, adquirido en supermercado, almacén o similares (01.2.3.01.04)"
01.2.6.01.01,Producto,limonada,excluido,limonada (01.2.6.01.01)
01.2.1.01.02,Producto,"jugos concentrados (concentrados de frutas, verduras, etc.)",incluido,"jugos concentrados (concentrados de frutas, verduras, etc.) y pulpas"
01.2.1.01.02,Producto,pulpas,incluido,"jugos concentrados (concentrados de frutas, verduras, etc.) y pulpas"
01.2.1.01.03,Producto,jugos,incluido,jugos y refrescos en polvo
01.2.1.01.03,Producto,refrescos en polvo,incluido,jugos y refrescos en polvo
01.2.2.00.00,Clase,café,incluido,"café, incluso descafeinado, tostado o molido, incluido el café instantáneo"
01.2.2.00.00,Clase,tostado,incluido,"café, incluso descafeinado, tostado o molido, incluido el café instantáneo"
01.2.2.00.00,Clase,sustitutos del café,incluido,sustitutos del café
01.2.2.00.00,Clase,extractos,incluido,"extractos, esencias y concentrados de café"
01.2.2.00.00,Clase,esencias,incluido,"extractos, esencias y concentrados de café"
01.2.2.00.00,Clase,concentrados de café,incluido,"extractos, esencias y concentrados de café"
01.2.2.00.00,Clase,preparaciones de bebidas a base de café,incluido,preparaciones de bebidas a base de café
01.2.2.00.00,Clase,achicoria tostada,incluido,"achicoria tostada y otros sucedáneos y extractos de café tostados, esencias y concentrados de los mismos"
01.2.2.00.00,Clase,otros sucedáneos,incluido,"achicoria tostada y otros sucedáneos y extractos de café tostados, esencias y concentrados de los mismos"
01.2.2.00.00,Clase,extractos de café tostados,incluido,"achicoria tostada y otros sucedáneos y extractos de café tostados, esencias y concentrados de los mismos"
01.2.2.00.00,Clase,concentrados de los mismos,incluido,"achicoria tostada y otros sucedáneos y extractos de café tostados, esencias y concentrados de los mismos"
01.1.4.07.00,Subclase,leche saborizada con café,excluido,leche saborizada con café (01.1.4.07.00)
01.2.2.01.00,Subclase,café,incluido,"café, incluso descafeinado, tostado o molido, incluido el café instantáneo"
01.2.2.01.00,Subclase,tostado,incluido,"café, incluso descafeinado, tostado o molido, incluido el café instantáneo"
01.2.2.01.00,Subclase,sustitutos del café,incluido,sustitutos del café
01.2.2.01.00,Subclase,extractos,incluido,"extractos, esencias y concentrados de café"
01.2.2.01.00,Subclase,esencias,incluido,"extractos, esencias y concentrados de café"
01.2.2.01.00,Subclase,concentrados de café,incluido,"extractos, esencias y concentrados de café"
01.2.2.01.00,Subclase,preparaciones de bebidas a base de café,incluido,preparaciones de bebidas a base de café
01.2.2.01.00,Subclase,achicoria tostada,incluido,"achicoria tostada y otros sucedáneos y extractos de café tostados, esencias y concentrados de los mismos"
01.2.2.01.00,Subclase,otros sucedáneos,incluido,"achicoria tostada y otros sucedáneos y extractos de café tostados, esencias y concentrados de los mismos"
01.2.2.01.00,Subclase,extractos de café tostados,incluido,"achicoria tostada y otros sucedáneos y extractos de café tostados, esencias y concentrados de los mismos"
01.2.2.01.00,Subclase,concentrados de los mismos,incluido,"achicoria tostada y otros sucedáneos y extractos de café tostados, esencias y concentrados de los mismos"
01.2.2.01.01,Producto,café para preparar,incluido,"café para preparar, en todas sus variedades y sabores como café instantáneo, molido y en grano, café capuchino, café amaretto, café moka, café con crema, descafeinado, express, tostado, arábiga, forte, colombiano, extractos y concentrados de café"
01.2.2.01.01,Producto,café instantáneo,incluido,"café para preparar, en todas sus variedades y sabores como café instantáneo, molido y en grano, café capuchino, café amaretto, café moka, café con crema, descafeinado, express, tostado, arábiga, forte, colombiano, extractos y concentrados de café"
01.2.2.01.01,Producto,café capuchino,incluido,"café para preparar, en todas sus variedades y sabores como café instantáneo, molido y en grano, café capuchino, café amaretto, café moka, café con crema, descafeinado, express, tostado, arábiga, forte, colombiano, extractos y concentrados de café"
01.2.2.01.01,Producto,café amaretto,incluido,"café para preparar, en todas sus variedades y sabores como café instantáneo, molido y en grano, café capuchino, café amaretto, café moka, café con crema, descafeinado, express, tostado, arábiga, forte, colombiano, extractos y concentrados de café"
01.2.2.01.01,Producto,café moka,incluido,"café para preparar, en todas sus variedades y sabores como café instantáneo, molido y en grano, café capuchino, café amaretto, café moka, café con crema, descafeinado, express, tostado, arábiga, forte, colombiano, extractos y concentrados de café"
01.2.2.01.01,Producto,café con crema,incluido,"café para preparar, en todas sus variedades y sabores como café instantáneo, molido y en grano, café capuchino, café amaretto, café moka, café con crema, descafeinado, express, tostado, arábiga, forte, colombiano, extractos y concentrados de café"
01.2.2.01.01,Producto,descafeinado,incluido,"café para preparar, en todas sus variedades y sabores como café instantáneo, molido y en grano, café capuchino, café amaretto, café moka, café con crema, descafeinado, express, tostado, arábiga, forte, colombiano, extractos y concentrados de café"
01.2.2.01.01,Producto,express,incluido,"café para preparar, en todas sus variedades y sabores como café instantáneo, molido y en grano, café capuchino, café amaretto, café moka, café con crema, descafeinado, express, tostado, arábiga, forte, colombiano, extractos y concentrados de café"
01.2.2.01.01,Producto,tostado,incluido,"café para preparar, en todas sus variedades y sabores como café instantáneo, molido y en grano, café capuchino, café amaretto, café moka, café con crema, descafeinado, express, tostado, arábiga, forte, colombiano, extractos y concentrados de café"
01.2.2.01.01,Producto,arábiga,incluido,"café para preparar, en todas sus variedades y sabores como café instantáneo, molido y en grano, café capuchino, café amaretto, café moka, café con crema, descafeinado, express, tostado, arábiga, forte, colombiano, extractos y concentrados de café"
01.2.2.01.01,Producto,forte,incluido,"café para preparar, en todas sus variedades y sabores como café instantáneo, molido y en grano, café capuchino, café amaretto, café moka, café con crema, descafeinado, express, tostado, arábiga, forte, colombiano, extractos y concentrados de café"
01.2.2.01.01,Producto,colombiano,incluido,"café para preparar, en todas sus variedades y sabores como café instantáneo, molido y en grano, café capuchino, café amaretto, café moka, café con crema, descafeinado, express, tostado, arábiga, forte, colombiano, extractos y concentrados de café"
01.2.2.01.01,Producto,extractos,incluido,"café para preparar, en todas sus variedades y sabores como café instantáneo, molido y en grano, café capuchino, café amaretto, café moka, café con crema, descafeinado, express, tostado, arábiga, forte, colombiano, extractos y concentrados de café"
01.2.2.01.01,Producto,concentrados de café,incluido,"café para preparar, en todas sus variedades y sabores como café instantáneo, molido y en grano, café capuchino, café amaretto, café moka, café con crema, descafeinado, express, tostado, arábiga, forte, colombiano, extractos y concentrados de café"
01.2.2.01.03,Producto,"preparaciones de bebidas a base de café (embotellados, enlatados, envasado de cartón y similares)",excluido,"preparaciones de bebidas a base de café (embotellados, enlatados, envasado de cartón y similares) (01.2.2.01.03)"
01.2.2.01.02,Producto,cebadas,incluido,"cebadas y otros cereales para preparar, en todas sus variedades como cebada y otros cereales tostados, instantáneos en polvo, café de higo y otros frutos, achicoria tostada y otros sucedáneos (o sustitutos), esencias y concentrados de los mismos"
01.2.2.01.02,Producto,otros cereales para preparar,incluido,"cebadas y otros cereales para preparar, en todas sus variedades como cebada y otros cereales tostados, instantáneos en polvo, café de higo y otros frutos, achicoria tostada y otros sucedáneos (o sustitutos), esencias y concentrados de los mismos"
01.2.2.01.02,Producto,cebada,incluido,"cebadas y otros cereales para preparar, en todas sus variedades como cebada y otros cereales tostados, instantáneos en polvo, café de higo y otros frutos, achicoria tostada y otros sucedáneos (o sustitutos), esencias y concentrados de los mismos"
01.2.2.01.02,Producto,otros cereales tostados,incluido,"cebadas y otros cereales para preparar, en todas sus variedades como cebada y otros cereales tostados, instantáneos en polvo, café de higo y otros frutos, achicoria tostada y otros sucedáneos (o sustitutos), esencias y concentrados de los mismos"
01.2.2.01.02,Producto,instantáneos en polvo,incluido,"cebadas y otros cereales para preparar, en todas sus variedades como cebada y otros cereales tostados, instantáneos en polvo, café de higo y otros frutos, achicoria tostada y otros sucedáneos (o sustitutos), esencias y concentrados de los mismos"
01.2.2.01.02,Producto,café de higo,incluido,"cebadas y otros cereales para preparar, en todas sus variedades como cebada y otros cereales tostados, instantáneos en polvo, café de higo y otros frutos, achicoria tostada y otros sucedáneos (o sustitutos), esencias y concentrados de los mismos"
01.2.2.01.02,Producto,otros frutos,incluido,"cebadas y otros cereales para preparar, en todas sus variedades como cebada y otros cereales tostados, instantáneos en polvo, café de higo y otros frutos, achicoria tostada y otros sucedáneos (o sustitutos), esencias y concentrados de los mismos"
01.2.2.01.02,Producto,achicoria tostada,incluido,"cebadas y otros cereales para preparar, en todas sus variedades como cebada y otros cereales tostados, instantáneos en polvo, café de higo y otros frutos, achicoria tostada y otros sucedáneos (o sustitutos), esencias y concentrados de los mismos"
01.2.2.01.02,Producto,otros sucedáneos (o sustitutos),incluido,"cebadas y otros cereales para preparar, en todas sus variedades como cebada y otros cereales tostados, instantáneos en polvo, café de higo y otros frutos, achicoria tostada y otros sucedáneos (o sustitutos), esencias y concentrados de los mismos"
01.2.2.01.02,Producto,esencias,incluido,"cebadas y otros cereales para preparar, en todas sus variedades como cebada y otros cereales tostados, instantáneos en polvo, café de higo y otros frutos, achicoria tostada y otros sucedáneos (o sustitutos), esencias y concentrados de los mismos"
01.2.2.01.02,Producto,concentrados de los mismos,incluido,"cebadas y otros cereales para preparar, en todas sus variedades como cebada y otros cereales tostados, instantáneos en polvo, café de higo y otros frutos, achicoria tostada y otros sucedáneos (o sustitutos), esencias y concentrados de los mismos"
01.2.2.01.03,Producto,preparaciones de bebidas a base de café,incluido,"preparaciones de bebidas a base de café y cafés preparados (embotellados, enlatados, envasado de cartón y similares)"
01.2.2.01.03,Producto,"cafés preparados (embotellados, enlatados, envasado de cartón y similares)",incluido,"preparaciones de bebidas a base de café y cafés preparados (embotellados, enlatados, envasado de cartón y similares)"
01.1.9.01.12,Producto,café,excluido,"té, café y otras bebidas preparadas listas para su consumo adquiridos en supermercados, ferias, almacenes, panaderías y similares (incluidos los adquiridos mediante máquinas expendedoras relacionadas con este tipo de establecimientos) (01.1.9.01.12)"
01.1.9.01.12,Producto,otras bebidas preparadas listas para su consumo adquiridos en supermercados,excluido,"té, café y otras bebidas preparadas listas para su consumo adquiridos en supermercados, ferias, almacenes, panaderías y similares (incluidos los adquiridos mediante máquinas expendedoras relacionadas con este tipo de establecimientos) (01.1.9.01.12)"
01.1.9.01.12,Producto,ferias,excluido,"té, café y otras bebidas preparadas listas para su consumo adquiridos en supermercados, ferias, almacenes, panaderías y similares (incluidos los adquiridos mediante máquinas expendedoras relacionadas con este tipo de establecimientos) (01.1.9.01.12)"
01.1.9.01.12,Producto,almacenes,excluido,"té, café y otras bebidas preparadas listas para su consumo adquiridos en supermercados, ferias, almacenes, panaderías y similares (incluidos los adquiridos mediante máquinas expendedoras relacionadas con este tipo de establecimientos) (01.1.9.01.12)"
01.1.9.01.12,Producto,panaderías,excluido,"té, café y otras bebidas preparadas listas para su consumo adquiridos en supermercados, ferias, almacenes, panaderías y similares (incluidos los adquiridos mediante máquinas expendedoras relacionadas con este tipo de establecimientos) (01.1.9.01.12)"
01.1.9.01.12,Producto,similares (incluidos los adquiridos mediante máquinas expendedoras relacionadas con este tipo de establecimientos),excluido,"té, café y otras bebidas preparadas listas para su consumo adquiridos en supermercados, ferias, almacenes, panaderías y similares (incluidos los adquiridos mediante máquinas expendedoras relacionadas con este tipo de establecimientos) (01.1.9.01.12)"
11.0.0.00.00,División,estos mismos productos cuando se comercializan,excluido,estos mismos productos cuando se comercializan como parte de un servicio de alimentación (11.0.0.00.00)
11.0.0.00.00,División,parte de un servicio de alimentación,excluido,estos mismos productos cuando se comercializan como parte de un servicio de alimentación (11.0.0.00.00)
01.2.3.00.00,Clase,té verde (no fermentado),incluido,"té verde (no fermentado), té negro (fermentado) y té parcialmente fermentado, mate y otros productos vegetales para infusión"
01.2.3.00.00,Clase,té negro (fermentado),incluido,"té verde (no fermentado), té negro (fermentado) y té parcialmente fermentado, mate y otros productos vegetales para infusión"
01.2.3.00.00,Clase,té parcialmente fermentado,incluido,"té verde (no fermentado), té negro (fermentado) y té parcialmente fermentado, mate y otros productos vegetales para infusión"
01.2.3.00.00,Clase,mate,incluido,"té verde (no fermentado), té negro (fermentado) y té parcialmente fermentado, mate y otros productos vegetales para infusión"
01.2.3.00.00,Clase,otros productos vegetales para infusión,incluido,"té verde (no fermentado), té negro (fermentado) y té parcialmente fermentado, mate y otros productos vegetales para infusión"
01.2.3.00.00,Clase,extractos,incluido,extractos y esencias de té
01.2.3.00.00,Clase,esencias de té,incluido,extractos y esencias de té
01.2.3.00.00,Clase,té de frutas,incluido,té de frutas y hierbas
01.2.3.00.00,Clase,hierbas,incluido,té de frutas y hierbas
01.2.3.00.00,Clase,té rooibos,incluido,té rooibos
01.2.3.00.00,Clase,té instantáneo,incluido,té instantáneo
01.2.3.00.00,Clase,té helado (para preparar infusiones o que ya se encuentren preparados),incluido,té helado (para preparar infusiones o que ya se encuentren preparados)
01.2.3.01.00,Subclase,té verde (no fermentado),incluido,"té verde (no fermentado), té negro (fermentado) y té parcialmente fermentado, mate y otros productos vegetales para infusión"
01.2.3.01.00,Subclase,té negro (fermentado),incluido,"té verde (no fermentado), té negro (fermentado) y té parcialmente fermentado, mate y otros productos vegetales para infusión"
01.2.3.01.00,Subclase,té parcialmente fermentado,incluido,"té verde (no fermentado), té negro (fermentado) y té parcialmente fermentado, mate y otros productos vegetales para infusión"
01.2.3.01.00,Subclase,mate,incluido,"té verde (no fermentado), té negro (fermentado) y té parcialmente fermentado, mate y otros productos vegetales para infusión"
01.2.3.01.00,Subclase,otros productos vegetales para infusión,incluido,"té verde (no fermentado), té negro (fermentado) y té parcialmente fermentado, mate y otros productos vegetales para infusión"
01.2.3.01.00,Subclase,extractos,incluido,extractos y esencias de té
01.2.3.01.00,Subclase,esencias de té,incluido,extractos y esencias de té
01.2.3.01.00,Subclase,té de frutas,incluido,té de frutas y hierbas
01.2.3.01.00,Subclase,hierbas,incluido,té de frutas y hierbas
01.2.3.01.00,Subclase,té rooibos,incluido,té rooibos
01.2.3.01.00,Subclase,té instantáneo,incluido,té instantáneo
01.2.3.01.00,Subclase,té helado (para preparar infusiones o que ya se encuentren preparados),incluido,té helado (para preparar infusiones o que ya se encuentren preparados)
01.2.3.01.01,Producto,té para preparar,incluido,"té para preparar, en todas sus variedades (té verde, té negro, té rojo, té de frutas, té mezclado con hierbas, té rooibos, etc.) y presentaciones (en hojas, en bolsa, polvo, instantáneo, etc.), extractos y esencias de té, té helado en polvo (para preparar infusiones)"
01.2.3.01.01,Producto,"presentaciones (en hojas, en bolsa, polvo, instantáneo, etc.)",incluido,"té para preparar, en todas sus variedades (té verde, té negro, té rojo, té de frutas, té mezclado con hierbas, té rooibos, etc.) y presentaciones (en hojas, en bolsa, polvo, instantáneo, etc.), extractos y esencias de té, té helado en polvo (para preparar infusiones)"
01.2.3.01.01,Producto,extractos,incluido,"té para preparar, en todas sus variedades (té verde, té negro, té rojo, té de frutas, té mezclado con hierbas, té rooibos, etc.) y presentaciones (en hojas, en bolsa, polvo, instantáneo, etc.), extractos y esencias de té, té helado en polvo (para preparar infusiones)"
01.2.3.01.01,Producto,esencias de té,incluido,"té para preparar, en todas sus variedades (té verde, té negro, té rojo, té de frutas, té mezclado con hierbas, té rooibos, etc.) y presentaciones (en hojas, en bolsa, polvo, instantáneo, etc.), extractos y esencias de té, té helado en polvo (para preparar infusiones)"
01.2.3.01.01,Producto,té helado en polvo (para preparar infusiones),incluido,"té para preparar, en todas sus variedades (té verde, té negro, té rojo, té de frutas, té mezclado con hierbas, té rooibos, etc.) y presentaciones (en hojas, en bolsa, polvo, instantáneo, etc.), extractos y esencias de té, té helado en polvo (para preparar infusiones)"
01.2.3.01.02,Producto,mate para preparar,incluido,"mate para preparar, en todas sus variedades como mate amargo, dulce, entre otras"
01.2.3.01.02,Producto,mate amargo,incluido,"mate para preparar, en todas sus variedades como mate amargo, dulce, entre otras"
01.2.3.01.03,Producto,otros productos vegetales para preparar infusiones,incluido,"otros productos vegetales para preparar infusiones como boldo, menta, manzanilla, bailahuén y otros productos vegetales para infusión"
01.2.3.01.03,Producto,boldo,incluido,"otros productos vegetales para preparar infusiones como boldo, menta, manzanilla, bailahuén y otros productos vegetales para infusión"
01.2.3.01.03,Producto,menta,incluido,"otros productos vegetales para preparar infusiones como boldo, menta, manzanilla, bailahuén y otros productos vegetales para infusión"
01.2.3.01.03,Producto,manzanilla,incluido,"otros productos vegetales para preparar infusiones como boldo, menta, manzanilla, bailahuén y otros productos vegetales para infusión"
01.2.3.01.03,Producto,bailahuén,incluido,"otros productos vegetales para preparar infusiones como boldo, menta, manzanilla, bailahuén y otros productos vegetales para infusión"
01.2.3.01.03,Producto,otros productos vegetales para infusión,incluido,"otros productos vegetales para preparar infusiones como boldo, menta, manzanilla, bailahuén y otros productos vegetales para infusión"
01.2.3.01.01,Producto,té mezclado con hierbas,excluido,té mezclado con hierbas (01.2.3.01.01)
01.2.3.01.04,Producto,mate,incluido,"té, mate y otras infusiones preparadas envasadas, té helado preparado (embotellados, enlatados, envasado de cartón y similares)"
01.2.3.01.04,Producto,otras infusiones preparadas envasadas,incluido,"té, mate y otras infusiones preparadas envasadas, té helado preparado (embotellados, enlatados, envasado de cartón y similares)"
01.2.3.01.04,Producto,"té helado preparado (embotellados, enlatados, envasado de cartón y similares)",incluido,"té, mate y otras infusiones preparadas envasadas, té helado preparado (embotellados, enlatados, envasado de cartón y similares)"
01.2.3.01.01,Producto,té para preparar,excluido,"té para preparar, por ejemplo, té en bolsita (01.2.3.01.01)"
01.2.3.01.01,Producto,té en bolsita,excluido,"té para preparar, por ejemplo, té en bolsita (01.2.3.01.01)"
01.2.4.00.00,Clase,bebidas a base de cacao,incluido,bebidas a base de cacao y chocolate
01.2.4.00.00,Clase,chocolate,incluido,bebidas a base de cacao y chocolate
01.1.4.07.01,Producto,leche,excluido,"leche, saborizada con chocolate o cacao (01.1.4.07.01)"
01.1.4.07.01,Producto,saborizada con chocolate,excluido,"leche, saborizada con chocolate o cacao (01.1.4.07.01)"
01.1.4.07.01,Producto,cacao,excluido,"leche, saborizada con chocolate o cacao (01.1.4.07.01)"
01.1.8.05.00,Subclase,cacao en polvo para todos los fines,excluido,cacao en polvo para todos los fines; chocolate en barra o tabletas; preparaciones alimenticias a base de cacao y postres a base de cacao (01.1.8.05.00)
01.1.8.05.00,Subclase,chocolate en barra,excluido,cacao en polvo para todos los fines; chocolate en barra o tabletas; preparaciones alimenticias a base de cacao y postres a base de cacao (01.1.8.05.00)
01.1.8.05.00,Subclase,tabletas,excluido,cacao en polvo para todos los fines; chocolate en barra o tabletas; preparaciones alimenticias a base de cacao y postres a base de cacao (01.1.8.05.00)
01.1.8.05.00,Subclase,preparaciones alimenticias a base de cacao,excluido,cacao en polvo para todos los fines; chocolate en barra o tabletas; preparaciones alimenticias a base de cacao y postres a base de cacao (01.1.8.05.00)
01.1.8.05.00,Subclase,postres a base de cacao,excluido,cacao en polvo para todos los fines; chocolate en barra o tabletas; preparaciones alimenticias a base de cacao y postres a base de cacao (01.1.8.05.00)
01.2.4.01.00,Subclase,bebidas a base de cacao,incluido,bebidas a base de cacao y chocolate
01.2.4.01.00,Subclase,chocolate,incluido,bebidas a base de cacao y chocolate
01.2.4.01.01,Producto,bebidas a base de cacao,incluido,bebidas a base de cacao y chocolate
01.2.4.01.01,Producto,chocolate,incluido,bebidas a base de cacao y chocolate
01.2.9.01.01,Producto,agua saborizada,excluido,agua saborizada (01.2.9.01.01)
01.2.5.01.01,Producto,aguas minerales,incluido,"aguas minerales o de manantiales, aguas purificadas, aguas soda, con o sin sodio, con o sin gas, sin otros ingredientes adicionales"
01.2.5.01.01,Producto,aguas purificadas,incluido,"aguas minerales o de manantiales, aguas purificadas, aguas soda, con o sin sodio, con o sin gas, sin otros ingredientes adicionales"
01.2.5.01.01,Producto,aguas soda,incluido,"aguas minerales o de manantiales, aguas purificadas, aguas soda, con o sin sodio, con o sin gas, sin otros ingredientes adicionales"
01.2.6.00.00,Clase,refrescos,incluido,"refrescos, como bebidas gaseosas (carbonatadas), limonadas, bebidas colas y bebidas de fantasía"
01.2.6.00.00,Clase,limonadas,incluido,"refrescos, como bebidas gaseosas (carbonatadas), limonadas, bebidas colas y bebidas de fantasía"
01.2.6.00.00,Clase,bebidas colas,incluido,"refrescos, como bebidas gaseosas (carbonatadas), limonadas, bebidas colas y bebidas de fantasía"
01.2.6.00.00,Clase,bebidas de fantasía,incluido,"refrescos, como bebidas gaseosas (carbonatadas), limonadas, bebidas colas y bebidas de fantasía"
01.2.6.00.00,Clase,jugos gasificados (carbonatados),incluido,jugos gasificados (carbonatados)
01.2.5.01.01,Producto,agua con gas sin sabor,excluido,agua con gas sin sabor (01.2.5.01.01)
01.2.6.01.00,Subclase,refrescos,incluido,"refrescos, como bebidas gaseosas (carbonatadas), limonadas, bebidas colas y bebidas de fantasía"
01.2.6.01.00,Subclase,limonadas,incluido,"refrescos, como bebidas gaseosas (carbonatadas), limonadas, bebidas colas y bebidas de fantasía"
01.2.6.01.00,Subclase,bebidas colas,incluido,"refrescos, como bebidas gaseosas (carbonatadas), limonadas, bebidas colas y bebidas de fantasía"
01.2.6.01.00,Subclase,bebidas de fantasía,incluido,"refrescos, como bebidas gaseosas (carbonatadas), limonadas, bebidas colas y bebidas de fantasía"
01.2.6.01.00,Subclase,jugos gasificados (carbonatados),incluido,jugos gasificados (carbonatados)
01.2.6.01.01,Producto,refrescos,incluido,"refrescos, como bebidas gaseosas (carbonatadas), limonadas, bebidas colas y bebidas de fantasía"
01.2.6.01.01,Producto,limonadas,incluido,"refrescos, como bebidas gaseosas (carbonatadas), limonadas, bebidas colas y bebidas de fantasía"
01.2.6.01.01,Producto,bebidas colas,incluido,"refrescos, como bebidas gaseosas (carbonatadas), limonadas, bebidas colas y bebidas de fantasía"
01.2.6.01.01,Producto,bebidas de fantasía,incluido,"refrescos, como bebidas gaseosas (carbonatadas), limonadas, bebidas colas y bebidas de fantasía"
01.2.6.01.01,Producto,jugos gasificados (carbonatados),incluido,jugos gasificados (carbonatados)
01.2.9.00.00,Clase,agua con sabor,incluido,agua con sabor
01.2.9.00.00,Clase,bebidas energéticas,incluido,bebidas energéticas y polvos para la preparación de este tipo de bebidas
01.2.9.00.00,Clase,polvos para la preparación de este tipo de bebidas,incluido,bebidas energéticas y polvos para la preparación de este tipo de bebidas
01.2.9.00.00,Clase,jugo,incluido,"jugo y savia de abedul, jugos y bebidas de aloe vera"
01.2.9.00.00,Clase,savia de abedul,incluido,"jugo y savia de abedul, jugos y bebidas de aloe vera"
01.2.9.00.00,Clase,jugos,incluido,"jugo y savia de abedul, jugos y bebidas de aloe vera"
01.2.9.00.00,Clase,bebidas de aloe vera,incluido,"jugo y savia de abedul, jugos y bebidas de aloe vera"
01.2.9.00.00,Clase,siropes,incluido,siropes y concentrados para la preparación de bebidas
01.2.9.00.00,Clase,concentrados para la preparación de bebidas,incluido,siropes y concentrados para la preparación de bebidas
01.2.9.00.00,Clase,otras bebidas no alcohólicas,incluido,otras bebidas no alcohólicas
01.2.9.01.00,Subclase,agua con sabor,incluido,agua con sabor
01.2.9.01.00,Subclase,bebidas energéticas,incluido,bebidas energéticas y polvos para la preparación de este tipo de bebidas
01.2.9.01.00,Subclase,polvos para la preparación de este tipo de bebidas,incluido,bebidas energéticas y polvos para la preparación de este tipo de bebidas
01.2.9.01.00,Subclase,jugo,incluido,"jugo y savia de abedul, jugos y bebidas de aloe vera"
01.2.9.01.00,Subclase,savia de abedul,incluido,"jugo y savia de abedul, jugos y bebidas de aloe vera"
01.2.9.01.00,Subclase,jugos,incluido,"jugo y savia de abedul, jugos y bebidas de aloe vera"
01.2.9.01.00,Subclase,bebidas de aloe vera,incluido,"jugo y savia de abedul, jugos y bebidas de aloe vera"
01.2.9.01.00,Subclase,siropes,incluido,siropes y concentrados para la preparación de bebidas
01.2.9.01.00,Subclase,concentrados para la preparación de bebidas,incluido,siropes y concentrados para la preparación de bebidas
01.2.9.01.00,Subclase,otras bebidas no alcohólicas,incluido,otras bebidas no alcohólicas
01.2.9.01.01,Producto,aguas minerales con sabor,incluido,"aguas minerales con sabor, aguas con sabor, con o sin gas"
01.2.9.01.01,Producto,aguas con sabor,incluido,"aguas minerales con sabor, aguas con sabor, con o sin gas"
01.2.9.01.02,Producto,bebidas energizantes,incluido,bebidas energizantes y polvos para la preparación de este tipo de bebidas
01.2.9.01.02,Producto,polvos para la preparación de este tipo de bebidas,incluido,bebidas energizantes y polvos para la preparación de este tipo de bebidas
01.2.9.01.03,Producto,bebidas isotónicas,incluido,"bebidas isotónicas, rehidratantes, vitaminadas"
01.2.9.01.03,Producto,rehidratantes,incluido,"bebidas isotónicas, rehidratantes, vitaminadas"
01.2.9.01.03,Producto,vitaminadas,incluido,"bebidas isotónicas, rehidratantes, vitaminadas"
01.2.9.01.99,Producto,jugo,incluido,"jugo y savia de abedul, jugos y bebidas de aloe vera, siropes y concentrados para la preparación de bebidas (granadina, goma, etc.), otras bebidas no alcohólicas"
01.2.9.01.99,Producto,savia de abedul,incluido,"jugo y savia de abedul, jugos y bebidas de aloe vera, siropes y concentrados para la preparación de bebidas (granadina, goma, etc.), otras bebidas no alcohólicas"
01.2.9.01.99,Producto,jugos,incluido,"jugo y savia de abedul, jugos y bebidas de aloe vera, siropes y concentrados para la preparación de bebidas (granadina, goma, etc.), otras bebidas no alcohólicas"
01.2.9.01.99,Producto,bebidas de aloe vera,incluido,"jugo y savia de abedul, jugos y bebidas de aloe vera, siropes y concentrados para la preparación de bebidas (granadina, goma, etc.), otras bebidas no alcohólicas"
01.2.9.01.99,Producto,siropes,incluido,"jugo y savia de abedul, jugos y bebidas de aloe vera, siropes y concentrados para la preparación de bebidas (granadina, goma, etc.), otras bebidas no alcohólicas"
01.2.9.01.99,Producto,"concentrados para la preparación de bebidas (granadina, goma, etc.)",incluido,"jugo y savia de abedul, jugos y bebidas de aloe vera, siropes y concentrados para la preparación de bebidas (granadina, goma, etc.), otras bebidas no alcohólicas"
01.2.9.01.99,Producto,otras bebidas no alcohólicas,incluido,"jugo y savia de abedul, jugos y bebidas de aloe vera, siropes y concentrados para la preparación de bebidas (granadina, goma, etc.), otras bebidas no alcohólicas"
01.1.8.02.99,Producto,siropes utilizados para repostería,excluido,siropes utilizados para repostería y usos distintos a la preparación de bebidas (01.1.8.02.99)
01.1.8.02.99,Producto,usos distintos a la preparación de bebidas,excluido,siropes utilizados para repostería y usos distintos a la preparación de bebidas (01.1.8.02.99)
01.3.1.00.00,Clase,molienda de cereales para la producción de harina,incluido,molienda de cereales para la producción de harina
01.3.1.00.00,Clase,prensado de aceite,incluido,prensado de aceite
01.3.1.00.00,Clase,servicios de trituración,incluido,servicios de trituración y prensado de frutas/verduras para la producción de zumos
01.3.1.00.00,Clase,prensado de frutas,incluido,servicios de trituración y prensado de frutas/verduras para la producción de zumos
01.3.1.00.00,Clase,verduras para la producción de zumos,incluido,servicios de trituración y prensado de frutas/verduras para la producción de zumos
02.2.1.01.01,Producto,servicios de trituración,excluido,servicios de trituración y prensado de frutas/verduras para la producción de bebidas alcohólicas (02.2.1.01.01)
02.2.1.01.01,Producto,prensado de frutas,excluido,servicios de trituración y prensado de frutas/verduras para la producción de bebidas alcohólicas (02.2.1.01.01)
02.2.1.01.01,Producto,verduras para la producción de bebidas alcohólicas,excluido,servicios de trituración y prensado de frutas/verduras para la producción de bebidas alcohólicas (02.2.1.01.01)
01.3.1.01.00,Subclase,molienda de cereales para la producción de harina,incluido,molienda de cereales para la producción de harina
01.3.1.01.00,Subclase,prensado de aceite,incluido,prensado de aceite
01.3.1.01.00,Subclase,servicios de trituración,incluido,servicios de trituración y prensado de frutas/verduras para la producción de zumos
01.3.1.01.00,Subclase,prensado de frutas,incluido,servicios de trituración y prensado de frutas/verduras para la producción de zumos
01.3.1.01.00,Subclase,verduras para la producción de zumos,incluido,servicios de trituración y prensado de frutas/verduras para la producción de zumos
01.3.1.01.01,Producto,molienda de cereales para la producción de harina,incluido,molienda de cereales para la producción de harina
01.3.1.01.01,Producto,prensado de aceite,incluido,prensado de aceite
01.3.1.01.01,Producto,servicios de trituración,incluido,servicios de trituración y prensado de frutas/verduras para la producción de zumos
01.3.1.01.01,Producto,prensado de frutas,incluido,servicios de trituración y prensado de frutas/verduras para la producción de zumos
01.3.1.01.01,Producto,verduras para la producción de zumos,incluido,servicios de trituración y prensado de frutas/verduras para la producción de zumos
02.1.1.00.00,Clase,aguardientes,incluido,"aguardientes, licores y otras bebidas alcohólicas destiladas"
02.1.1.00.00,Clase,licores,incluido,"aguardientes, licores y otras bebidas alcohólicas destiladas"
02.1.1.00.00,Clase,otras bebidas alcohólicas destiladas,incluido,"aguardientes, licores y otras bebidas alcohólicas destiladas"
02.1.1.00.00,Clase,aguamiel,incluido,aguamiel o hidromiel
02.1.1.00.00,Clase,hidromiel,incluido,aguamiel o hidromiel
02.1.1.00.00,Clase,aguardiente de todo tipo,incluido,"aguardiente de todo tipo como pisco, grappa, orujo, etc"
02.1.1.00.00,Clase,pisco,incluido,"aguardiente de todo tipo como pisco, grappa, orujo, etc"
02.1.1.00.00,Clase,grappa,incluido,"aguardiente de todo tipo como pisco, grappa, orujo, etc"
02.1.1.00.00,Clase,orujo,incluido,"aguardiente de todo tipo como pisco, grappa, orujo, etc"
02.1.9.01.99,Producto,cócteles hechos en base a vino,excluido,cócteles hechos en base a vino (02.1.9.01.99)
02.1.1.01.00,Subclase,aguardientes,incluido,"aguardientes, licores y otras bebidas alcohólicas destiladas"
02.1.1.01.00,Subclase,licores,incluido,"aguardientes, licores y otras bebidas alcohólicas destiladas"
02.1.1.01.00,Subclase,otras bebidas alcohólicas destiladas,incluido,"aguardientes, licores y otras bebidas alcohólicas destiladas"
02.1.1.01.00,Subclase,aguamiel,incluido,aguamiel o hidromiel
02.1.1.01.00,Subclase,hidromiel,incluido,aguamiel o hidromiel
02.1.1.01.00,Subclase,aguardiente de todo tipo,incluido,"aguardiente de todo tipo como pisco, grappa, orujo, etc"
02.1.1.01.00,Subclase,pisco,incluido,"aguardiente de todo tipo como pisco, grappa, orujo, etc"
02.1.1.01.00,Subclase,grappa,incluido,"aguardiente de todo tipo como pisco, grappa, orujo, etc"
02.1.1.01.00,Subclase,orujo,incluido,"aguardiente de todo tipo como pisco, grappa, orujo, etc"
02.1.1.01.01,Producto,pisco puro (sin mezclar o combinar con otras bebidas alcohólicas u otro tipo de bebidas no alcohólicas) en todas sus presentaciones,incluido,"pisco puro (sin mezclar o combinar con otras bebidas alcohólicas u otro tipo de bebidas no alcohólicas) en todas sus presentaciones, graduaciones alcohólicas, orígenes y variedades como pisco corriente o tradicional (30°), especial (35°), reservado (40°) y gran pisco (43°)"
02.1.1.01.01,Producto,graduaciones alcohólicas,incluido,"pisco puro (sin mezclar o combinar con otras bebidas alcohólicas u otro tipo de bebidas no alcohólicas) en todas sus presentaciones, graduaciones alcohólicas, orígenes y variedades como pisco corriente o tradicional (30°), especial (35°), reservado (40°) y gran pisco (43°)"
02.1.1.01.01,Producto,pisco corriente,incluido,"pisco puro (sin mezclar o combinar con otras bebidas alcohólicas u otro tipo de bebidas no alcohólicas) en todas sus presentaciones, graduaciones alcohólicas, orígenes y variedades como pisco corriente o tradicional (30°), especial (35°), reservado (40°) y gran pisco (43°)"
02.1.1.01.01,Producto,tradicional (30°),incluido,"pisco puro (sin mezclar o combinar con otras bebidas alcohólicas u otro tipo de bebidas no alcohólicas) en todas sus presentaciones, graduaciones alcohólicas, orígenes y variedades como pisco corriente o tradicional (30°), especial (35°), reservado (40°) y gran pisco (43°)"
02.1.1.01.01,Producto,especial (35°),incluido,"pisco puro (sin mezclar o combinar con otras bebidas alcohólicas u otro tipo de bebidas no alcohólicas) en todas sus presentaciones, graduaciones alcohólicas, orígenes y variedades como pisco corriente o tradicional (30°), especial (35°), reservado (40°) y gran pisco (43°)"
02.1.1.01.01,Producto,reservado (40°),incluido,"pisco puro (sin mezclar o combinar con otras bebidas alcohólicas u otro tipo de bebidas no alcohólicas) en todas sus presentaciones, graduaciones alcohólicas, orígenes y variedades como pisco corriente o tradicional (30°), especial (35°), reservado (40°) y gran pisco (43°)"
02.1.1.01.01,Producto,gran pisco (43°),incluido,"pisco puro (sin mezclar o combinar con otras bebidas alcohólicas u otro tipo de bebidas no alcohólicas) en todas sus presentaciones, graduaciones alcohólicas, orígenes y variedades como pisco corriente o tradicional (30°), especial (35°), reservado (40°) y gran pisco (43°)"
02.1.1.01.01,Producto,pisco especiado,incluido,"pisco especiado, aromatizado o saborizado con limón, piña, manzana, frutos rojos, entre otros"
02.1.1.01.01,Producto,aromatizado,incluido,"pisco especiado, aromatizado o saborizado con limón, piña, manzana, frutos rojos, entre otros"
02.1.1.01.01,Producto,saborizado con limón,incluido,"pisco especiado, aromatizado o saborizado con limón, piña, manzana, frutos rojos, entre otros"
02.1.1.01.01,Producto,piña,incluido,"pisco especiado, aromatizado o saborizado con limón, piña, manzana, frutos rojos, entre otros"
02.1.1.01.01,Producto,manzana,incluido,"pisco especiado, aromatizado o saborizado con limón, piña, manzana, frutos rojos, entre otros"
02.1.1.01.01,Producto,frutos rojos,incluido,"pisco especiado, aromatizado o saborizado con limón, piña, manzana, frutos rojos, entre otros"
02.1.9.01.01,Producto,cócteles hechos en base a pisco con alcohol mezclados,excluido,cócteles hechos en base a pisco con alcohol mezclados o combinados con otras bebidas (alcohólicas o no alcohólicas) (02.1.9.01.01)
02.1.9.01.01,Producto,combinados con otras bebidas (alcohólicas o no alcohólicas),excluido,cócteles hechos en base a pisco con alcohol mezclados o combinados con otras bebidas (alcohólicas o no alcohólicas) (02.1.9.01.01)
02.1.9.01.02,Producto,cócteles hechos en base a pisco con bajo contenido de alcohol,excluido,cócteles hechos en base a pisco con bajo contenido de alcohol o sin alcohol mezclados o combinados con otras bebidas (no alcohólicas) (02.1.9.01.02)
02.1.9.01.02,Producto,combinados con otras bebidas (no alcohólicas),excluido,cócteles hechos en base a pisco con bajo contenido de alcohol o sin alcohol mezclados o combinados con otras bebidas (no alcohólicas) (02.1.9.01.02)
02.1.9.01.99,Producto,alcopops elaborados en base a pisco combinado con otras bebidas (alcohólicas o no alcohólicas),excluido,alcopops elaborados en base a pisco combinado con otras bebidas (alcohólicas o no alcohólicas) (02.1.9.01.99)
02.1.1.01.02,Producto,ron puro (sin mezclar o combinar con otras bebidas alcohólicas u otro tipo de bebidas no alcohólicas) en todas sus presentaciones,incluido,"ron puro (sin mezclar o combinar con otras bebidas alcohólicas u otro tipo de bebidas no alcohólicas) en todas sus presentaciones, graduaciones alcohólicas, orígenes y variedades, por ejemplo, ron dorado, blanco, negro, añejo o premium"
02.1.1.01.02,Producto,graduaciones alcohólicas,incluido,"ron puro (sin mezclar o combinar con otras bebidas alcohólicas u otro tipo de bebidas no alcohólicas) en todas sus presentaciones, graduaciones alcohólicas, orígenes y variedades, por ejemplo, ron dorado, blanco, negro, añejo o premium"
02.1.1.01.02,Producto,ron dorado,incluido,"ron puro (sin mezclar o combinar con otras bebidas alcohólicas u otro tipo de bebidas no alcohólicas) en todas sus presentaciones, graduaciones alcohólicas, orígenes y variedades, por ejemplo, ron dorado, blanco, negro, añejo o premium"
02.1.1.01.02,Producto,añejo,incluido,"ron puro (sin mezclar o combinar con otras bebidas alcohólicas u otro tipo de bebidas no alcohólicas) en todas sus presentaciones, graduaciones alcohólicas, orígenes y variedades, por ejemplo, ron dorado, blanco, negro, añejo o premium"
02.1.1.01.02,Producto,premium,incluido,"ron puro (sin mezclar o combinar con otras bebidas alcohólicas u otro tipo de bebidas no alcohólicas) en todas sus presentaciones, graduaciones alcohólicas, orígenes y variedades, por ejemplo, ron dorado, blanco, negro, añejo o premium"
02.1.1.01.02,Producto,ron especiado,incluido,"ron especiado, aromatizado o saborizado con limón, piña, manzana, frutos rojos, entre otros"
02.1.1.01.02,Producto,aromatizado,incluido,"ron especiado, aromatizado o saborizado con limón, piña, manzana, frutos rojos, entre otros"
02.1.1.01.02,Producto,saborizado con limón,incluido,"ron especiado, aromatizado o saborizado con limón, piña, manzana, frutos rojos, entre otros"
02.1.1.01.02,Producto,piña,incluido,"ron especiado, aromatizado o saborizado con limón, piña, manzana, frutos rojos, entre otros"
02.1.1.01.02,Producto,manzana,incluido,"ron especiado, aromatizado o saborizado con limón, piña, manzana, frutos rojos, entre otros"
02.1.1.01.02,Producto,frutos rojos,incluido,"ron especiado, aromatizado o saborizado con limón, piña, manzana, frutos rojos, entre otros"
02.1.9.01.01,Producto,cócteles hechos en base a ron con alcohol mezclados,excluido,cócteles hechos en base a ron con alcohol mezclados o combinados con otras bebidas (alcohólicas o no alcohólicas) (02.1.9.01.01)
02.1.9.01.02,Producto,cócteles hechos en base a ron con bajo contenido de alcohol,excluido,cócteles hechos en base a ron con bajo contenido de alcohol o sin alcohol mezclados o combinados con otras bebidas (no alcohólicas) (02.1.9.01.02)
02.1.9.01.99,Producto,alcopops elaborados en base a ron combinado con otras bebidas (alcohólicas o no alcohólicas),excluido,alcopops elaborados en base a ron combinado con otras bebidas (alcohólicas o no alcohólicas) (02.1.9.01.99)
02.1.1.01.03,Producto,whisky puro (sin mezclar o combinar con otras bebidas alcohólicas u otro tipo de bebidas no alcohólicas) en todas sus presentaciones,incluido,"whisky puro (sin mezclar o combinar con otras bebidas alcohólicas u otro tipo de bebidas no alcohólicas) en todas sus presentaciones, orígenes y variedades, por ejemplo, whisky de malta, de grano, escocés, irlandés, estadounidense, canadiense, galés, bourbon, moonshine, entre otros"
02.1.1.01.03,Producto,whisky de malta,incluido,"whisky puro (sin mezclar o combinar con otras bebidas alcohólicas u otro tipo de bebidas no alcohólicas) en todas sus presentaciones, orígenes y variedades, por ejemplo, whisky de malta, de grano, escocés, irlandés, estadounidense, canadiense, galés, bourbon, moonshine, entre otros"
02.1.1.01.03,Producto,escocés,incluido,"whisky puro (sin mezclar o combinar con otras bebidas alcohólicas u otro tipo de bebidas no alcohólicas) en todas sus presentaciones, orígenes y variedades, por ejemplo, whisky de malta, de grano, escocés, irlandés, estadounidense, canadiense, galés, bourbon, moonshine, entre otros"
02.1.1.01.03,Producto,irlandés,incluido,"whisky puro (sin mezclar o combinar con otras bebidas alcohólicas u otro tipo de bebidas no alcohólicas) en todas sus presentaciones, orígenes y variedades, por ejemplo, whisky de malta, de grano, escocés, irlandés, estadounidense, canadiense, galés, bourbon, moonshine, entre otros"
02.1.1.01.03,Producto,estadounidense,incluido,"whisky puro (sin mezclar o combinar con otras bebidas alcohólicas u otro tipo de bebidas no alcohólicas) en todas sus presentaciones, orígenes y variedades, por ejemplo, whisky de malta, de grano, escocés, irlandés, estadounidense, canadiense, galés, bourbon, moonshine, entre otros"
02.1.1.01.03,Producto,canadiense,incluido,"whisky puro (sin mezclar o combinar con otras bebidas alcohólicas u otro tipo de bebidas no alcohólicas) en todas sus presentaciones, orígenes y variedades, por ejemplo, whisky de malta, de grano, escocés, irlandés, estadounidense, canadiense, galés, bourbon, moonshine, entre otros"
02.1.1.01.03,Producto,galés,incluido,"whisky puro (sin mezclar o combinar con otras bebidas alcohólicas u otro tipo de bebidas no alcohólicas) en todas sus presentaciones, orígenes y variedades, por ejemplo, whisky de malta, de grano, escocés, irlandés, estadounidense, canadiense, galés, bourbon, moonshine, entre otros"
02.1.1.01.03,Producto,bourbon,incluido,"whisky puro (sin mezclar o combinar con otras bebidas alcohólicas u otro tipo de bebidas no alcohólicas) en todas sus presentaciones, orígenes y variedades, por ejemplo, whisky de malta, de grano, escocés, irlandés, estadounidense, canadiense, galés, bourbon, moonshine, entre otros"
02.1.1.01.03,Producto,moonshine,incluido,"whisky puro (sin mezclar o combinar con otras bebidas alcohólicas u otro tipo de bebidas no alcohólicas) en todas sus presentaciones, orígenes y variedades, por ejemplo, whisky de malta, de grano, escocés, irlandés, estadounidense, canadiense, galés, bourbon, moonshine, entre otros"
02.1.9.01.01,Producto,cócteles hechos en base a whisky con alcohol mezclados,excluido,cócteles hechos en base a whisky con alcohol mezclados o combinados con otras bebidas (alcohólicas o no alcohólicas) (02.1.9.01.01)
02.1.9.01.02,Producto,cócteles hechos en base a whisky con bajo contenido de alcohol,excluido,cócteles hechos en base a whisky con bajo contenido de alcohol o sin alcohol mezclados o combinados con otras bebidas (no alcohólicas) (02.1.9.01.02)
02.1.9.01.99,Producto,alcopops elaborados en base a whisky combinado con otras bebidas (alcohólicas o no alcohólicas),excluido,alcopops elaborados en base a whisky combinado con otras bebidas (alcohólicas o no alcohólicas) (02.1.9.01.99)
02.1.1.01.04,Producto,vodka puro (sin mezclar o combinar con otras bebidas alcohólicas u otro tipo de bebidas no alcohólicas) en todas sus presentaciones,incluido,"vodka puro (sin mezclar o combinar con otras bebidas alcohólicas u otro tipo de bebidas no alcohólicas) en todas sus presentaciones, orígenes y variedades, por ejemplo, vodka de centeno, de papa o de trigo"
02.1.1.01.04,Producto,vodka de centeno,incluido,"vodka puro (sin mezclar o combinar con otras bebidas alcohólicas u otro tipo de bebidas no alcohólicas) en todas sus presentaciones, orígenes y variedades, por ejemplo, vodka de centeno, de papa o de trigo"
02.1.1.01.04,Producto,vodka especiado,incluido,"vodka especiado, aromatizado o saborizado con limón, piña, manzana, frutos rojos, entre otros"
02.1.1.01.04,Producto,aromatizado,incluido,"vodka especiado, aromatizado o saborizado con limón, piña, manzana, frutos rojos, entre otros"
02.1.1.01.04,Producto,saborizado con limón,incluido,"vodka especiado, aromatizado o saborizado con limón, piña, manzana, frutos rojos, entre otros"
02.1.1.01.04,Producto,piña,incluido,"vodka especiado, aromatizado o saborizado con limón, piña, manzana, frutos rojos, entre otros"
02.1.1.01.04,Producto,manzana,incluido,"vodka especiado, aromatizado o saborizado con limón, piña, manzana, frutos rojos, entre otros"
02.1.1.01.04,Producto,frutos rojos,incluido,"vodka especiado, aromatizado o saborizado con limón, piña, manzana, frutos rojos, entre otros"
02.1.9.01.01,Producto,cócteles hechos en base a vodka con alcohol mezclados,excluido,cócteles hechos en base a vodka con alcohol mezclados o combinados con otras bebidas (alcohólicas o no alcohólicas) (02.1.9.01.01)
02.1.9.01.02,Producto,cócteles hechos en base a vodka con bajo contenido de alcohol,excluido,cócteles hechos en base a vodka con bajo contenido de alcohol o sin alcohol mezclados o combinados con otras bebidas (no alcohólicas) (02.1.9.01.02)
02.1.9.01.99,Producto,alcopops elaborados en base a vodka combinado con otras bebidas (alcohólicas o no alcohólicas),excluido,alcopops elaborados en base a vodka combinado con otras bebidas (alcohólicas o no alcohólicas) (02.1.9.01.99)
02.1.1.01.99,Producto,destilados,incluido,"destilados como aguardiente, gin, tequila, coñac, cachaza, mezcal"
02.1.1.01.99,Producto,aguardiente,incluido,"destilados como aguardiente, gin, tequila, coñac, cachaza, mezcal"
02.1.1.01.99,Producto,gin,incluido,"destilados como aguardiente, gin, tequila, coñac, cachaza, mezcal"
02.1.1.01.99,Producto,tequila,incluido,"destilados como aguardiente, gin, tequila, coñac, cachaza, mezcal"
02.1.1.01.99,Producto,coñac,incluido,"destilados como aguardiente, gin, tequila, coñac, cachaza, mezcal"
02.1.1.01.99,Producto,cachaza,incluido,"destilados como aguardiente, gin, tequila, coñac, cachaza, mezcal"
02.1.1.01.99,Producto,mezcal,incluido,"destilados como aguardiente, gin, tequila, coñac, cachaza, mezcal"
02.1.1.01.99,Producto,licores,incluido,"licores como manzanilla, menta, amaretto, fernet, cacao, anís, mistela, licor amargo"
02.1.1.01.99,Producto,manzanilla,incluido,"licores como manzanilla, menta, amaretto, fernet, cacao, anís, mistela, licor amargo"
02.1.1.01.99,Producto,menta,incluido,"licores como manzanilla, menta, amaretto, fernet, cacao, anís, mistela, licor amargo"
02.1.1.01.99,Producto,amaretto,incluido,"licores como manzanilla, menta, amaretto, fernet, cacao, anís, mistela, licor amargo"
02.1.1.01.99,Producto,fernet,incluido,"licores como manzanilla, menta, amaretto, fernet, cacao, anís, mistela, licor amargo"
02.1.1.01.99,Producto,cacao,incluido,"licores como manzanilla, menta, amaretto, fernet, cacao, anís, mistela, licor amargo"
02.1.1.01.99,Producto,anís,incluido,"licores como manzanilla, menta, amaretto, fernet, cacao, anís, mistela, licor amargo"
02.1.1.01.99,Producto,mistela,incluido,"licores como manzanilla, menta, amaretto, fernet, cacao, anís, mistela, licor amargo"
02.1.1.01.99,Producto,licor amargo,incluido,"licores como manzanilla, menta, amaretto, fernet, cacao, anís, mistela, licor amargo"
02.1.1.01.99,Producto,aguamiel,incluido,aguamiel o hidromiel
02.1.1.01.99,Producto,hidromiel,incluido,aguamiel o hidromiel
02.1.1.01.99,Producto,otros destilados,incluido,otros destilados y licores n.c.p
02.1.1.01.99,Producto,licores n.c.p,incluido,otros destilados y licores n.c.p
02.1.9.01.01,Producto,cócteles hechos en base a pisco,excluido,"cócteles hechos en base a pisco, ron, whisky o vodka con alcohol mezclados o combinados con otras bebidas (alcohólicas o no alcohólicas) (02.1.9.01.01)"
02.1.9.01.01,Producto,ron,excluido,"cócteles hechos en base a pisco, ron, whisky o vodka con alcohol mezclados o combinados con otras bebidas (alcohólicas o no alcohólicas) (02.1.9.01.01)"
02.1.9.01.01,Producto,whisky,excluido,"cócteles hechos en base a pisco, ron, whisky o vodka con alcohol mezclados o combinados con otras bebidas (alcohólicas o no alcohólicas) (02.1.9.01.01)"
02.1.9.01.01,Producto,vodka con alcohol mezclados,excluido,"cócteles hechos en base a pisco, ron, whisky o vodka con alcohol mezclados o combinados con otras bebidas (alcohólicas o no alcohólicas) (02.1.9.01.01)"
02.1.9.01.99,Producto,alcopops elaborados en base a pisco,excluido,"alcopops elaborados en base a pisco, ron, whisky o vodka con alcohol combinados con otras bebidas (alcohólicas o no alcohólicas) (02.1.9.01.99)"
02.1.9.01.99,Producto,ron,excluido,"alcopops elaborados en base a pisco, ron, whisky o vodka con alcohol combinados con otras bebidas (alcohólicas o no alcohólicas) (02.1.9.01.99)"
02.1.9.01.99,Producto,whisky,excluido,"alcopops elaborados en base a pisco, ron, whisky o vodka con alcohol combinados con otras bebidas (alcohólicas o no alcohólicas) (02.1.9.01.99)"
02.1.9.01.99,Producto,vodka con alcohol combinados con otras bebidas (alcohólicas o no alcohólicas),excluido,"alcopops elaborados en base a pisco, ron, whisky o vodka con alcohol combinados con otras bebidas (alcohólicas o no alcohólicas) (02.1.9.01.99)"
02.1.2.00.00,Clase,vino,incluido,"vino, sidra y perada, incluido el sake"
02.1.2.00.00,Clase,sidra,incluido,"vino, sidra y perada, incluido el sake"
02.1.2.00.00,Clase,perada,incluido,"vino, sidra y perada, incluido el sake"
02.1.2.00.00,Clase,cócteles a base de vino,incluido,"cócteles a base de vino, vinos fortificados, champán y otros vinos espumosos"
02.1.2.00.00,Clase,vinos fortificados,incluido,"cócteles a base de vino, vinos fortificados, champán y otros vinos espumosos"
02.1.2.00.00,Clase,champán,incluido,"cócteles a base de vino, vinos fortificados, champán y otros vinos espumosos"
02.1.2.00.00,Clase,otros vinos espumosos,incluido,"cócteles a base de vino, vinos fortificados, champán y otros vinos espumosos"
02.1.2.00.00,Clase,vino de hielo (ice-wine),incluido,vino de hielo (ice-wine)
02.1.2.00.00,Clase,vino de bajo contenido alcohólico,incluido,vino de bajo contenido alcohólico y sin alcohol
02.1.2.01.00,Subclase,vino de uvas,incluido,vino de uvas
02.1.2.01.00,Subclase,vinos fortificados,incluido,"vinos fortificados como vermut, jerez, oporto"
02.1.2.01.00,Subclase,vermut,incluido,"vinos fortificados como vermut, jerez, oporto"
02.1.2.01.00,Subclase,jerez,incluido,"vinos fortificados como vermut, jerez, oporto"
02.1.2.01.00,Subclase,oporto,incluido,"vinos fortificados como vermut, jerez, oporto"
02.1.2.01.00,Subclase,champán,incluido,champán y otros vinos espumosos de uvas
02.1.2.01.00,Subclase,otros vinos espumosos de uvas,incluido,champán y otros vinos espumosos de uvas
02.1.2.01.00,Subclase,vino de hielo (ice-wine),incluido,vino de hielo (ice-wine)
02.1.2.01.00,Subclase,vino de bajo contenido alcohólico,incluido,vino de bajo contenido alcohólico y sin alcohol
02.1.2.01.01,Producto,vino de uvas en todas sus presentaciones,incluido,"vino de uvas en todas sus presentaciones, orígenes y variedades, por ejemplo, tinto, blanco, rosado, varietal, reserva, gran reserva o reserva especial, en todas sus cepas y tipos de envase"
02.1.2.01.01,Producto,tinto,incluido,"vino de uvas en todas sus presentaciones, orígenes y variedades, por ejemplo, tinto, blanco, rosado, varietal, reserva, gran reserva o reserva especial, en todas sus cepas y tipos de envase"
02.1.2.01.01,Producto,rosado,incluido,"vino de uvas en todas sus presentaciones, orígenes y variedades, por ejemplo, tinto, blanco, rosado, varietal, reserva, gran reserva o reserva especial, en todas sus cepas y tipos de envase"
02.1.2.01.01,Producto,varietal,incluido,"vino de uvas en todas sus presentaciones, orígenes y variedades, por ejemplo, tinto, blanco, rosado, varietal, reserva, gran reserva o reserva especial, en todas sus cepas y tipos de envase"
02.1.2.01.01,Producto,reserva,incluido,"vino de uvas en todas sus presentaciones, orígenes y variedades, por ejemplo, tinto, blanco, rosado, varietal, reserva, gran reserva o reserva especial, en todas sus cepas y tipos de envase"
02.1.2.01.01,Producto,gran reserva,incluido,"vino de uvas en todas sus presentaciones, orígenes y variedades, por ejemplo, tinto, blanco, rosado, varietal, reserva, gran reserva o reserva especial, en todas sus cepas y tipos de envase"
02.1.2.01.01,Producto,reserva especial,incluido,"vino de uvas en todas sus presentaciones, orígenes y variedades, por ejemplo, tinto, blanco, rosado, varietal, reserva, gran reserva o reserva especial, en todas sus cepas y tipos de envase"
02.1.2.01.01,Producto,tipos de envase,incluido,"vino de uvas en todas sus presentaciones, orígenes y variedades, por ejemplo, tinto, blanco, rosado, varietal, reserva, gran reserva o reserva especial, en todas sus cepas y tipos de envase"
02.1.2.01.03,Producto,vino de uvas con bajo contenido de alcohol,excluido,vino de uvas con bajo contenido de alcohol o sin alcohol (02.1.2.01.03)
02.1.2.01.99,Producto,vinos fortificados,excluido,"vinos fortificados como vermut, jerez y oporto (02.1.2.01.99)"
02.1.2.01.99,Producto,vermut,excluido,"vinos fortificados como vermut, jerez y oporto (02.1.2.01.99)"
02.1.2.01.99,Producto,jerez,excluido,"vinos fortificados como vermut, jerez y oporto (02.1.2.01.99)"
02.1.2.01.99,Producto,oporto,excluido,"vinos fortificados como vermut, jerez y oporto (02.1.2.01.99)"
02.1.2.01.02,Producto,vino espumoso de uvas en todas sus variedades,incluido,"vino espumoso de uvas en todas sus variedades, por ejemplo, champán, cava, prosecco"
02.1.2.01.02,Producto,champán,incluido,"vino espumoso de uvas en todas sus variedades, por ejemplo, champán, cava, prosecco"
02.1.2.01.02,Producto,cava,incluido,"vino espumoso de uvas en todas sus variedades, por ejemplo, champán, cava, prosecco"
02.1.2.01.02,Producto,prosecco,incluido,"vino espumoso de uvas en todas sus variedades, por ejemplo, champán, cava, prosecco"
02.1.2.01.02,Producto,otros vinos espumosos de uvas,incluido,otros vinos espumosos de uvas
02.1.2.01.03,Producto,vino espumoso de uvas con bajo contenido de alcohol,excluido,vino espumoso de uvas con bajo contenido de alcohol o sin alcohol (02.1.2.01.03)
02.1.2.01.03,Producto,vino de uvas con bajo contenido de alcohol,incluido,vino de uvas con bajo contenido de alcohol o sin alcohol
02.1.2.01.03,Producto,vino espumoso de uvas con bajo contenido de alcohol,incluido,"vino espumoso de uvas con bajo contenido de alcohol o sin alcohol, por ejemplo, champán sin alcohol"
02.1.2.01.03,Producto,champán sin alcohol,incluido,"vino espumoso de uvas con bajo contenido de alcohol o sin alcohol, por ejemplo, champán sin alcohol"
02.1.2.02.02,Producto,vinos de otras frutas,excluido,vinos de otras frutas o cereales con bajo contenido de alcohol o sin alcohol (02.1.2.02.02)
02.1.2.02.02,Producto,cereales con bajo contenido de alcohol,excluido,vinos de otras frutas o cereales con bajo contenido de alcohol o sin alcohol (02.1.2.02.02)
02.1.2.01.99,Producto,vinos fortificados,incluido,"vinos fortificados como vermut, jerez y oporto"
02.1.2.01.99,Producto,vermut,incluido,"vinos fortificados como vermut, jerez y oporto"
02.1.2.01.99,Producto,jerez,incluido,"vinos fortificados como vermut, jerez y oporto"
02.1.2.01.99,Producto,oporto,incluido,"vinos fortificados como vermut, jerez y oporto"
02.1.2.01.99,Producto,vino de hielo (ice-wine),incluido,vino de hielo (ice-wine)
02.1.2.01.99,Producto,chicha de uva,incluido,chicha de uva
02.1.2.01.99,Producto,otros vinos de uvas n.c.p,incluido,otros vinos de uvas n.c.p
02.1.2.02.01,Producto,chicha de manzana,excluido,chicha de manzana (02.1.2.02.01)
02.1.2.02.00,Subclase,sidra,incluido,"sidra y perada, incluido el sake"
02.1.2.02.00,Subclase,perada,incluido,"sidra y perada, incluido el sake"
02.1.2.02.00,Subclase,vino de otras frutas,incluido,vino de otras frutas o cereales con bajo contenido de alcohol o sin alcohol
02.1.2.02.00,Subclase,cereales con bajo contenido de alcohol,incluido,vino de otras frutas o cereales con bajo contenido de alcohol o sin alcohol
02.1.2.02.01,Producto,sidra de manzana,incluido,sidra de manzana
02.1.2.02.01,Producto,pera,incluido,sidra de manzana y pera
02.1.2.02.01,Producto,sidra de Punucapa,incluido,sidra de Punucapa
02.1.2.02.01,Producto,sake,incluido,sake
02.1.2.02.01,Producto,perada,incluido,perada
02.1.2.02.01,Producto,chicha de manzana,incluido,chicha de manzana
02.1.2.02.01,Producto,otros vinos de otras frutas,incluido,otros vinos de otras frutas o cereales
02.1.2.02.01,Producto,cereales,incluido,otros vinos de otras frutas o cereales
02.1.2.01.01,Producto,vino de uva,excluido,vino de uva (02.1.2.01.01)
02.1.2.01.99,Producto,chicha de uva,excluido,chicha de uva (02.1.2.01.99)
02.1.2.02.02,Producto,sidra sin alcohol,incluido,sidra sin alcohol
02.1.2.02.02,Producto,otros vinos de frutas,incluido,otros vinos de frutas y cereales con bajo contenido de alcohol o sin alcohol
02.1.2.02.02,Producto,cereales con bajo contenido de alcohol,incluido,otros vinos de frutas y cereales con bajo contenido de alcohol o sin alcohol
02.1.3.00.00,Clase,todo tipo de cerveza (artesanales o industriales),incluido,"todo tipo de cerveza (artesanales o industriales) como ale, lager, stout, porter, India pale ale (IPA), rubia, ámbar, roja o negra"
02.1.3.00.00,Clase,ale,incluido,"todo tipo de cerveza (artesanales o industriales) como ale, lager, stout, porter, India pale ale (IPA), rubia, ámbar, roja o negra"
02.1.3.00.00,Clase,lager,incluido,"todo tipo de cerveza (artesanales o industriales) como ale, lager, stout, porter, India pale ale (IPA), rubia, ámbar, roja o negra"
02.1.3.00.00,Clase,stout,incluido,"todo tipo de cerveza (artesanales o industriales) como ale, lager, stout, porter, India pale ale (IPA), rubia, ámbar, roja o negra"
02.1.3.00.00,Clase,porter,incluido,"todo tipo de cerveza (artesanales o industriales) como ale, lager, stout, porter, India pale ale (IPA), rubia, ámbar, roja o negra"
02.1.3.00.00,Clase,India pale ale (IPA),incluido,"todo tipo de cerveza (artesanales o industriales) como ale, lager, stout, porter, India pale ale (IPA), rubia, ámbar, roja o negra"
02.1.3.00.00,Clase,rubia,incluido,"todo tipo de cerveza (artesanales o industriales) como ale, lager, stout, porter, India pale ale (IPA), rubia, ámbar, roja o negra"
02.1.3.00.00,Clase,ámbar,incluido,"todo tipo de cerveza (artesanales o industriales) como ale, lager, stout, porter, India pale ale (IPA), rubia, ámbar, roja o negra"
02.1.3.00.00,Clase,cerveza saborizada con miel,incluido,"cerveza saborizada con miel, maqui, arándanos, chocolate, lúcuma, etc"
02.1.3.00.00,Clase,maqui,incluido,"cerveza saborizada con miel, maqui, arándanos, chocolate, lúcuma, etc"
02.1.3.00.00,Clase,arándanos,incluido,"cerveza saborizada con miel, maqui, arándanos, chocolate, lúcuma, etc"
02.1.3.00.00,Clase,chocolate,incluido,"cerveza saborizada con miel, maqui, arándanos, chocolate, lúcuma, etc"
02.1.3.00.00,Clase,lúcuma,incluido,"cerveza saborizada con miel, maqui, arándanos, chocolate, lúcuma, etc"
02.1.3.00.00,Clase,malta,incluido,malta
02.1.3.00.00,Clase,cerveza con bajo contenido de alcohol,incluido,cerveza con bajo contenido de alcohol o sin alcohol
02.1.9.01.99,Producto,cervezas con alcohol,excluido,"cervezas con alcohol, con bajo contenido de alcohol o sin alcohol mezcladas o combinadas con alguna bebida gaseosa o fruta cítrica, como la cerveza con limonada, maracuyá o pomelo (02.1.9.01.99)"
02.1.9.01.99,Producto,combinadas con alguna bebida gaseosa,excluido,"cervezas con alcohol, con bajo contenido de alcohol o sin alcohol mezcladas o combinadas con alguna bebida gaseosa o fruta cítrica, como la cerveza con limonada, maracuyá o pomelo (02.1.9.01.99)"
02.1.9.01.99,Producto,fruta cítrica,excluido,"cervezas con alcohol, con bajo contenido de alcohol o sin alcohol mezcladas o combinadas con alguna bebida gaseosa o fruta cítrica, como la cerveza con limonada, maracuyá o pomelo (02.1.9.01.99)"
02.1.9.01.99,Producto,maracuyá,excluido,"cervezas con alcohol, con bajo contenido de alcohol o sin alcohol mezcladas o combinadas con alguna bebida gaseosa o fruta cítrica, como la cerveza con limonada, maracuyá o pomelo (02.1.9.01.99)"
02.1.9.01.99,Producto,pomelo,excluido,"cervezas con alcohol, con bajo contenido de alcohol o sin alcohol mezcladas o combinadas con alguna bebida gaseosa o fruta cítrica, como la cerveza con limonada, maracuyá o pomelo (02.1.9.01.99)"
02.1.3.01.00,Subclase,todo tipo de cerveza (artesanales o industriales),incluido,"todo tipo de cerveza (artesanales o industriales) como ale, lager, stout, porter, India pale ale (IPA), rubia, ámbar, roja o negra"
02.1.3.01.00,Subclase,ale,incluido,"todo tipo de cerveza (artesanales o industriales) como ale, lager, stout, porter, India pale ale (IPA), rubia, ámbar, roja o negra"
02.1.3.01.00,Subclase,lager,incluido,"todo tipo de cerveza (artesanales o industriales) como ale, lager, stout, porter, India pale ale (IPA), rubia, ámbar, roja o negra"
02.1.3.01.00,Subclase,stout,incluido,"todo tipo de cerveza (artesanales o industriales) como ale, lager, stout, porter, India pale ale (IPA), rubia, ámbar, roja o negra"
02.1.3.01.00,Subclase,porter,incluido,"todo tipo de cerveza (artesanales o industriales) como ale, lager, stout, porter, India pale ale (IPA), rubia, ámbar, roja o negra"
02.1.3.01.00,Subclase,India pale ale (IPA),incluido,"todo tipo de cerveza (artesanales o industriales) como ale, lager, stout, porter, India pale ale (IPA), rubia, ámbar, roja o negra"
02.1.3.01.00,Subclase,rubia,incluido,"todo tipo de cerveza (artesanales o industriales) como ale, lager, stout, porter, India pale ale (IPA), rubia, ámbar, roja o negra"
02.1.3.01.00,Subclase,ámbar,incluido,"todo tipo de cerveza (artesanales o industriales) como ale, lager, stout, porter, India pale ale (IPA), rubia, ámbar, roja o negra"
02.1.3.01.00,Subclase,cerveza saborizada con miel,incluido,"cerveza saborizada con miel, maqui, arándanos, chocolate, lúcuma, etc"
02.1.3.01.00,Subclase,maqui,incluido,"cerveza saborizada con miel, maqui, arándanos, chocolate, lúcuma, etc"
02.1.3.01.00,Subclase,arándanos,incluido,"cerveza saborizada con miel, maqui, arándanos, chocolate, lúcuma, etc"
02.1.3.01.00,Subclase,chocolate,incluido,"cerveza saborizada con miel, maqui, arándanos, chocolate, lúcuma, etc"
02.1.3.01.00,Subclase,lúcuma,incluido,"cerveza saborizada con miel, maqui, arándanos, chocolate, lúcuma, etc"
02.1.3.01.00,Subclase,malta,incluido,malta
02.1.3.01.00,Subclase,cerveza con bajo contenido de alcohol,incluido,cerveza con bajo contenido de alcohol o sin alcohol
02.1.3.01.01,Producto,todo tipo de cerveza con alcohol (artesanales o industriales),incluido,"todo tipo de cerveza con alcohol (artesanales o industriales) como ale, lager, stout, porter, India pale ale (IPA), rubia, ámbar, roja o negra"
02.1.3.01.01,Producto,ale,incluido,"todo tipo de cerveza con alcohol (artesanales o industriales) como ale, lager, stout, porter, India pale ale (IPA), rubia, ámbar, roja o negra"
02.1.3.01.01,Producto,lager,incluido,"todo tipo de cerveza con alcohol (artesanales o industriales) como ale, lager, stout, porter, India pale ale (IPA), rubia, ámbar, roja o negra"
02.1.3.01.01,Producto,stout,incluido,"todo tipo de cerveza con alcohol (artesanales o industriales) como ale, lager, stout, porter, India pale ale (IPA), rubia, ámbar, roja o negra"
02.1.3.01.01,Producto,porter,incluido,"todo tipo de cerveza con alcohol (artesanales o industriales) como ale, lager, stout, porter, India pale ale (IPA), rubia, ámbar, roja o negra"
02.1.3.01.01,Producto,India pale ale (IPA),incluido,"todo tipo de cerveza con alcohol (artesanales o industriales) como ale, lager, stout, porter, India pale ale (IPA), rubia, ámbar, roja o negra"
02.1.3.01.01,Producto,rubia,incluido,"todo tipo de cerveza con alcohol (artesanales o industriales) como ale, lager, stout, porter, India pale ale (IPA), rubia, ámbar, roja o negra"
02.1.3.01.01,Producto,ámbar,incluido,"todo tipo de cerveza con alcohol (artesanales o industriales) como ale, lager, stout, porter, India pale ale (IPA), rubia, ámbar, roja o negra"
02.1.3.01.01,Producto,cerveza con alcohol saborizada con miel,incluido,"cerveza con alcohol saborizada con miel, maqui, arándanos, chocolate, lúcuma, etc"
02.1.3.01.01,Producto,maqui,incluido,"cerveza con alcohol saborizada con miel, maqui, arándanos, chocolate, lúcuma, etc"
02.1.3.01.01,Producto,arándanos,incluido,"cerveza con alcohol saborizada con miel, maqui, arándanos, chocolate, lúcuma, etc"
02.1.3.01.01,Producto,chocolate,incluido,"cerveza con alcohol saborizada con miel, maqui, arándanos, chocolate, lúcuma, etc"
02.1.3.01.01,Producto,lúcuma,incluido,"cerveza con alcohol saborizada con miel, maqui, arándanos, chocolate, lúcuma, etc"
02.1.3.01.01,Producto,malta con alcohol,incluido,malta con alcohol
02.1.3.01.02,Producto,cervezas con bajo contenido de alcohol,excluido,cervezas con bajo contenido de alcohol o sin alcohol (02.1.3.01.02)
02.1.9.01.99,Producto,combinadas con alguna bebida frutal,excluido,"cervezas con alcohol, con bajo contenido de alcohol o sin alcohol mezcladas o combinadas con alguna bebida frutal o cítrica, como la cerveza con limonada, maracuyá o pomelo (02.1.9.01.99)"
02.1.9.01.99,Producto,cítrica,excluido,"cervezas con alcohol, con bajo contenido de alcohol o sin alcohol mezcladas o combinadas con alguna bebida frutal o cítrica, como la cerveza con limonada, maracuyá o pomelo (02.1.9.01.99)"
02.1.3.01.02,Producto,todo tipo de cerveza sin alcohol (artesanales o industriales),incluido,todo tipo de cerveza sin alcohol (artesanales o industriales)
02.1.3.01.02,Producto,cerveza sin alcohol saborizada con miel,incluido,"cerveza sin alcohol saborizada con miel, maqui, arándanos, chocolate, lúcuma, etc"
02.1.3.01.02,Producto,maqui,incluido,"cerveza sin alcohol saborizada con miel, maqui, arándanos, chocolate, lúcuma, etc"
02.1.3.01.02,Producto,arándanos,incluido,"cerveza sin alcohol saborizada con miel, maqui, arándanos, chocolate, lúcuma, etc"
02.1.3.01.02,Producto,chocolate,incluido,"cerveza sin alcohol saborizada con miel, maqui, arándanos, chocolate, lúcuma, etc"
02.1.3.01.02,Producto,lúcuma,incluido,"cerveza sin alcohol saborizada con miel, maqui, arándanos, chocolate, lúcuma, etc"
02.1.3.01.02,Producto,malta sin alcohol,incluido,malta sin alcohol
02.1.9.00.00,Clase,bebidas mezcladas a base de alcohol,incluido,"bebidas mezcladas a base de alcohol, como las bebidas alcohólicas mezcladas con agua carbonatada (soda) o con agua mineral (alcopops)"
02.1.9.00.00,Clase,cerveza con alcohol,incluido,"cerveza con alcohol, con bajo contenido de alcohol o sin alcohol mezcladas o combinadas con bebidas gaseosas, limón u otras frutas cítricas"
02.1.9.00.00,Clase,combinadas con bebidas gaseosas,incluido,"cerveza con alcohol, con bajo contenido de alcohol o sin alcohol mezcladas o combinadas con bebidas gaseosas, limón u otras frutas cítricas"
02.1.9.00.00,Clase,limón,incluido,"cerveza con alcohol, con bajo contenido de alcohol o sin alcohol mezcladas o combinadas con bebidas gaseosas, limón u otras frutas cítricas"
02.1.9.00.00,Clase,otras frutas cítricas,incluido,"cerveza con alcohol, con bajo contenido de alcohol o sin alcohol mezcladas o combinadas con bebidas gaseosas, limón u otras frutas cítricas"
02.1.9.00.00,Clase,cócteles con alcohol,incluido,cócteles con alcohol o sin alcohol en base a vino o destilados
02.1.9.00.00,Clase,destilados,incluido,cócteles con alcohol o sin alcohol en base a vino o destilados
02.1.9.01.00,Subclase,bebidas mezcladas a base de alcohol,incluido,"bebidas mezcladas a base de alcohol, como las bebidas alcohólicas mezcladas con agua carbonatada (soda) o con agua mineral (alcopops)"
02.1.9.01.00,Subclase,cerveza con alcohol,incluido,"cerveza con alcohol, con bajo contenido de alcohol o sin alcohol mezcladas o combinadas con bebidas gaseosas, limón u otras frutas cítricas"
02.1.9.01.00,Subclase,combinadas con bebidas gaseosas,incluido,"cerveza con alcohol, con bajo contenido de alcohol o sin alcohol mezcladas o combinadas con bebidas gaseosas, limón u otras frutas cítricas"
02.1.9.01.00,Subclase,limón,incluido,"cerveza con alcohol, con bajo contenido de alcohol o sin alcohol mezcladas o combinadas con bebidas gaseosas, limón u otras frutas cítricas"
02.1.9.01.00,Subclase,otras frutas cítricas,incluido,"cerveza con alcohol, con bajo contenido de alcohol o sin alcohol mezcladas o combinadas con bebidas gaseosas, limón u otras frutas cítricas"
02.1.9.01.00,Subclase,cócteles con alcohol,incluido,cócteles con alcohol o sin alcohol en base a vino o destilados
02.1.9.01.00,Subclase,destilados,incluido,cócteles con alcohol o sin alcohol en base a vino o destilados
02.1.9.01.01,Producto,cócteles (que no sean a base de vino),incluido,"cócteles (que no sean a base de vino) y cremas de licor con alcohol en todas sus presentaciones, orígenes y variedades como mojito, pisco sour, chirimoya sour, mango sour, piña colada, chirimoya colada, cola de mono, crema de whisky, crema de ginebra, crema de coñac, entre otros"
02.1.9.01.01,Producto,cremas de licor con alcohol en todas sus presentaciones,incluido,"cócteles (que no sean a base de vino) y cremas de licor con alcohol en todas sus presentaciones, orígenes y variedades como mojito, pisco sour, chirimoya sour, mango sour, piña colada, chirimoya colada, cola de mono, crema de whisky, crema de ginebra, crema de coñac, entre otros"
02.1.9.01.01,Producto,mojito,incluido,"cócteles (que no sean a base de vino) y cremas de licor con alcohol en todas sus presentaciones, orígenes y variedades como mojito, pisco sour, chirimoya sour, mango sour, piña colada, chirimoya colada, cola de mono, crema de whisky, crema de ginebra, crema de coñac, entre otros"
02.1.9.01.01,Producto,pisco sour,incluido,"cócteles (que no sean a base de vino) y cremas de licor con alcohol en todas sus presentaciones, orígenes y variedades como mojito, pisco sour, chirimoya sour, mango sour, piña colada, chirimoya colada, cola de mono, crema de whisky, crema de ginebra, crema de coñac, entre otros"
02.1.9.01.01,Producto,chirimoya sour,incluido,"cócteles (que no sean a base de vino) y cremas de licor con alcohol en todas sus presentaciones, orígenes y variedades como mojito, pisco sour, chirimoya sour, mango sour, piña colada, chirimoya colada, cola de mono, crema de whisky, crema de ginebra, crema de coñac, entre otros"
02.1.9.01.01,Producto,mango sour,incluido,"cócteles (que no sean a base de vino) y cremas de licor con alcohol en todas sus presentaciones, orígenes y variedades como mojito, pisco sour, chirimoya sour, mango sour, piña colada, chirimoya colada, cola de mono, crema de whisky, crema de ginebra, crema de coñac, entre otros"
02.1.9.01.01,Producto,piña colada,incluido,"cócteles (que no sean a base de vino) y cremas de licor con alcohol en todas sus presentaciones, orígenes y variedades como mojito, pisco sour, chirimoya sour, mango sour, piña colada, chirimoya colada, cola de mono, crema de whisky, crema de ginebra, crema de coñac, entre otros"
02.1.9.01.01,Producto,chirimoya colada,incluido,"cócteles (que no sean a base de vino) y cremas de licor con alcohol en todas sus presentaciones, orígenes y variedades como mojito, pisco sour, chirimoya sour, mango sour, piña colada, chirimoya colada, cola de mono, crema de whisky, crema de ginebra, crema de coñac, entre otros"
02.1.9.01.01,Producto,cola de mono,incluido,"cócteles (que no sean a base de vino) y cremas de licor con alcohol en todas sus presentaciones, orígenes y variedades como mojito, pisco sour, chirimoya sour, mango sour, piña colada, chirimoya colada, cola de mono, crema de whisky, crema de ginebra, crema de coñac, entre otros"
02.1.9.01.01,Producto,crema de whisky,incluido,"cócteles (que no sean a base de vino) y cremas de licor con alcohol en todas sus presentaciones, orígenes y variedades como mojito, pisco sour, chirimoya sour, mango sour, piña colada, chirimoya colada, cola de mono, crema de whisky, crema de ginebra, crema de coñac, entre otros"
02.1.9.01.01,Producto,crema de ginebra,incluido,"cócteles (que no sean a base de vino) y cremas de licor con alcohol en todas sus presentaciones, orígenes y variedades como mojito, pisco sour, chirimoya sour, mango sour, piña colada, chirimoya colada, cola de mono, crema de whisky, crema de ginebra, crema de coñac, entre otros"
02.1.9.01.01,Producto,crema de coñac,incluido,"cócteles (que no sean a base de vino) y cremas de licor con alcohol en todas sus presentaciones, orígenes y variedades como mojito, pisco sour, chirimoya sour, mango sour, piña colada, chirimoya colada, cola de mono, crema de whisky, crema de ginebra, crema de coñac, entre otros"
02.1.9.01.02,Producto,cócteles hechos en base a pisco,excluido,"cócteles hechos en base a pisco, ron, whisky o vodka con bajo contenido de alcohol o sin alcohol mezclados o combinados con otras bebidas (no alcohólicas) (02.1.9.01.02)"
02.1.9.01.02,Producto,ron,excluido,"cócteles hechos en base a pisco, ron, whisky o vodka con bajo contenido de alcohol o sin alcohol mezclados o combinados con otras bebidas (no alcohólicas) (02.1.9.01.02)"
02.1.9.01.02,Producto,whisky,excluido,"cócteles hechos en base a pisco, ron, whisky o vodka con bajo contenido de alcohol o sin alcohol mezclados o combinados con otras bebidas (no alcohólicas) (02.1.9.01.02)"
02.1.9.01.02,Producto,vodka con bajo contenido de alcohol,excluido,"cócteles hechos en base a pisco, ron, whisky o vodka con bajo contenido de alcohol o sin alcohol mezclados o combinados con otras bebidas (no alcohólicas) (02.1.9.01.02)"
02.1.9.01.02,Producto,cócteles (que no sean a base de vino),incluido,"cócteles (que no sean a base de vino) y cremas de licor con bajo contenido de alcohol o sin alcohol como mojito sin alcohol, piña colada sin alcohol, cola de mono sin alcohol, entre otros"
02.1.9.01.02,Producto,cremas de licor con bajo contenido de alcohol,incluido,"cócteles (que no sean a base de vino) y cremas de licor con bajo contenido de alcohol o sin alcohol como mojito sin alcohol, piña colada sin alcohol, cola de mono sin alcohol, entre otros"
02.1.9.01.02,Producto,mojito sin alcohol,incluido,"cócteles (que no sean a base de vino) y cremas de licor con bajo contenido de alcohol o sin alcohol como mojito sin alcohol, piña colada sin alcohol, cola de mono sin alcohol, entre otros"
02.1.9.01.02,Producto,piña colada sin alcohol,incluido,"cócteles (que no sean a base de vino) y cremas de licor con bajo contenido de alcohol o sin alcohol como mojito sin alcohol, piña colada sin alcohol, cola de mono sin alcohol, entre otros"
02.1.9.01.02,Producto,cola de mono sin alcohol,incluido,"cócteles (que no sean a base de vino) y cremas de licor con bajo contenido de alcohol o sin alcohol como mojito sin alcohol, piña colada sin alcohol, cola de mono sin alcohol, entre otros"
02.1.9.01.99,Producto,alcopops elaborados en base a pisco,incluido,"alcopops elaborados en base a pisco, ron, whisky o vodka con alcohol combinados con otras bebidas (alcohólicas o no alcohólicas)"
02.1.9.01.99,Producto,ron,incluido,"alcopops elaborados en base a pisco, ron, whisky o vodka con alcohol combinados con otras bebidas (alcohólicas o no alcohólicas)"
02.1.9.01.99,Producto,whisky,incluido,"alcopops elaborados en base a pisco, ron, whisky o vodka con alcohol combinados con otras bebidas (alcohólicas o no alcohólicas)"
02.1.9.01.99,Producto,vodka con alcohol combinados con otras bebidas (alcohólicas o no alcohólicas),incluido,"alcopops elaborados en base a pisco, ron, whisky o vodka con alcohol combinados con otras bebidas (alcohólicas o no alcohólicas)"
02.1.9.01.99,Producto,cervezas con alcohol,incluido,"cervezas con alcohol, con bajo contenido de alcohol o sin alcohol mezcladas o combinadas con bebidas gaseosas, limón u otras frutas cítricas"
02.1.9.01.99,Producto,combinadas con bebidas gaseosas,incluido,"cervezas con alcohol, con bajo contenido de alcohol o sin alcohol mezcladas o combinadas con bebidas gaseosas, limón u otras frutas cítricas"
02.1.9.01.99,Producto,limón,incluido,"cervezas con alcohol, con bajo contenido de alcohol o sin alcohol mezcladas o combinadas con bebidas gaseosas, limón u otras frutas cítricas"
02.1.9.01.99,Producto,otras frutas cítricas,incluido,"cervezas con alcohol, con bajo contenido de alcohol o sin alcohol mezcladas o combinadas con bebidas gaseosas, limón u otras frutas cítricas"
02.1.9.01.99,Producto,cócteles hechos en base a vino con alcohol,incluido,"cócteles hechos en base a vino con alcohol, con bajo contenido de alcohol o sin alcohol"
02.1.1.01.00,Subclase,pisco,excluido,"pisco, ron, whisky o vodka puros que se encuentran especiados, aromatizados o saborizados, por ejemplo, con limón, piña, manzana, frutos rojos, entre otros (02.1.1.01.00)"
02.1.1.01.00,Subclase,ron,excluido,"pisco, ron, whisky o vodka puros que se encuentran especiados, aromatizados o saborizados, por ejemplo, con limón, piña, manzana, frutos rojos, entre otros (02.1.1.01.00)"
02.1.1.01.00,Subclase,whisky,excluido,"pisco, ron, whisky o vodka puros que se encuentran especiados, aromatizados o saborizados, por ejemplo, con limón, piña, manzana, frutos rojos, entre otros (02.1.1.01.00)"
02.1.1.01.00,Subclase,vodka puros que se encuentran especiados,excluido,"pisco, ron, whisky o vodka puros que se encuentran especiados, aromatizados o saborizados, por ejemplo, con limón, piña, manzana, frutos rojos, entre otros (02.1.1.01.00)"
02.1.1.01.00,Subclase,aromatizados,excluido,"pisco, ron, whisky o vodka puros que se encuentran especiados, aromatizados o saborizados, por ejemplo, con limón, piña, manzana, frutos rojos, entre otros (02.1.1.01.00)"
02.1.1.01.00,Subclase,piña,excluido,"pisco, ron, whisky o vodka puros que se encuentran especiados, aromatizados o saborizados, por ejemplo, con limón, piña, manzana, frutos rojos, entre otros (02.1.1.01.00)"
02.1.1.01.00,Subclase,manzana,excluido,"pisco, ron, whisky o vodka puros que se encuentran especiados, aromatizados o saborizados, por ejemplo, con limón, piña, manzana, frutos rojos, entre otros (02.1.1.01.00)"
02.1.1.01.00,Subclase,frutos rojos,excluido,"pisco, ron, whisky o vodka puros que se encuentran especiados, aromatizados o saborizados, por ejemplo, con limón, piña, manzana, frutos rojos, entre otros (02.1.1.01.00)"
02.1.3.01.00,Subclase,cerveza con alcohol,excluido,"cerveza con alcohol, con bajo contenido de alcohol o sin alcohol saborizada con miel, maqui, arándanos, chocolate, lúcuma, etc. (02.1.3.01.00)"
02.1.3.01.00,Subclase,maqui,excluido,"cerveza con alcohol, con bajo contenido de alcohol o sin alcohol saborizada con miel, maqui, arándanos, chocolate, lúcuma, etc. (02.1.3.01.00)"
02.1.3.01.00,Subclase,arándanos,excluido,"cerveza con alcohol, con bajo contenido de alcohol o sin alcohol saborizada con miel, maqui, arándanos, chocolate, lúcuma, etc. (02.1.3.01.00)"
02.1.3.01.00,Subclase,chocolate,excluido,"cerveza con alcohol, con bajo contenido de alcohol o sin alcohol saborizada con miel, maqui, arándanos, chocolate, lúcuma, etc. (02.1.3.01.00)"
02.1.3.01.00,Subclase,lúcuma,excluido,"cerveza con alcohol, con bajo contenido de alcohol o sin alcohol saborizada con miel, maqui, arándanos, chocolate, lúcuma, etc. (02.1.3.01.00)"
02.1.9.01.01,Producto,cócteles,excluido,cócteles y cremas de licor con alcohol (02.1.9.01.01)
02.1.9.01.01,Producto,cremas de licor con alcohol,excluido,cócteles y cremas de licor con alcohol (02.1.9.01.01)
02.2.1.00.00,Clase,servicios de trituración,incluido,servicios de trituración y prensado de frutas/hortalizas para la producción de bebidas alcohólicas
02.2.1.00.00,Clase,prensado de frutas,incluido,servicios de trituración y prensado de frutas/hortalizas para la producción de bebidas alcohólicas
02.2.1.00.00,Clase,hortalizas para la producción de bebidas alcohólicas,incluido,servicios de trituración y prensado de frutas/hortalizas para la producción de bebidas alcohólicas
02.2.1.00.00,Clase,servicios de destilación,incluido,servicios de destilación y fermentación
02.2.1.00.00,Clase,fermentación,incluido,servicios de destilación y fermentación
02.2.1.00.00,Clase,servicios de elaboración de cerveza,incluido,servicios de elaboración de cerveza
02.2.1.00.00,Clase,servicios de añejado,incluido,servicios de añejado y embotellado
02.2.1.00.00,Clase,embotellado,incluido,servicios de añejado y embotellado
02.2.1.01.00,Subclase,servicios de trituración,incluido,servicios de trituración y prensado de frutas/hortalizas para la producción de bebidas alcohólicas
02.2.1.01.00,Subclase,prensado de frutas,incluido,servicios de trituración y prensado de frutas/hortalizas para la producción de bebidas alcohólicas
02.2.1.01.00,Subclase,hortalizas para la producción de bebidas alcohólicas,incluido,servicios de trituración y prensado de frutas/hortalizas para la producción de bebidas alcohólicas
02.2.1.01.00,Subclase,servicios de destilación,incluido,servicios de destilación y fermentación
02.2.1.01.00,Subclase,fermentación,incluido,servicios de destilación y fermentación
02.2.1.01.00,Subclase,servicios de elaboración de cerveza,incluido,servicios de elaboración de cerveza
02.2.1.01.00,Subclase,servicios de añejado,incluido,servicios de añejado y embotellado
02.2.1.01.00,Subclase,embotellado,incluido,servicios de añejado y embotellado
02.2.1.01.01,Producto,servicios de trituración,incluido,servicios de trituración y prensado de frutas/hortalizas para la producción de bebidas alcohólicas
02.2.1.01.01,Producto,prensado de frutas,incluido,servicios de trituración y prensado de frutas/hortalizas para la producción de bebidas alcohólicas
02.2.1.01.01,Producto,hortalizas para la producción de bebidas alcohólicas,incluido,servicios de trituración y prensado de frutas/hortalizas para la producción de bebidas alcohólicas
02.2.1.01.01,Producto,servicios de destilación,incluido,servicios de destilación y fermentación
02.2.1.01.01,Producto,fermentación,incluido,servicios de destilación y fermentación
02.2.1.01.01,Producto,servicios de elaboración de cerveza,incluido,servicios de elaboración de cerveza
02.2.1.01.01,Producto,servicios de añejado,incluido,servicios de añejado y embotellado
02.2.1.01.01,Producto,embotellado,incluido,servicios de añejado y embotellado
02.3.1.00.00,Clase,cigarrillos,incluido,cigarrillos y cigarros
02.3.1.00.00,Clase,cigarros,incluido,cigarrillos y cigarros
02.3.1.00.00,Clase,tabaco para cigarrillos,incluido,tabaco para cigarrillos y cigarros
02.3.1.00.00,Clase,papeles,incluido,papeles y filtros para cigarrillos y cigarros de un solo uso
02.3.1.00.00,Clase,filtros para cigarrillos,incluido,papeles y filtros para cigarrillos y cigarros de un solo uso
02.3.1.00.00,Clase,cigarros de un solo uso,incluido,papeles y filtros para cigarrillos y cigarros de un solo uso
02.3.1.00.00,Clase,puros,incluido,"puros, tabaco de pipa, tabaco de mascar o rapé y hojas de tabaco"
02.3.1.00.00,Clase,tabaco de pipa,incluido,"puros, tabaco de pipa, tabaco de mascar o rapé y hojas de tabaco"
02.3.1.00.00,Clase,tabaco de mascar,incluido,"puros, tabaco de pipa, tabaco de mascar o rapé y hojas de tabaco"
02.3.1.00.00,Clase,rapé,incluido,"puros, tabaco de pipa, tabaco de mascar o rapé y hojas de tabaco"
02.3.1.00.00,Clase,hojas de tabaco,incluido,"puros, tabaco de pipa, tabaco de mascar o rapé y hojas de tabaco"
02.3.1.00.00,Clase,recargas para cigarrillos electrónicos,incluido,"recargas para cigarrillos electrónicos, con o sin nicotina"
02.3.1.00.00,Clase,tabaco para pipas shisha,incluido,"tabaco para pipas shisha o de narguile (cachimba, pipas de agua, pipas orientales, chimbombo) si se consume en el hogar"
02.3.1.00.00,Clase,tabaco que se compra en bares,incluido,"tabaco que se compra en bares y restaurantes, siempre que no se aplique un cargo por servicio"
02.3.1.00.00,Clase,restaurantes,incluido,"tabaco que se compra en bares y restaurantes, siempre que no se aplique un cargo por servicio"
11.1.1.02.99,Producto,tabaco que se consume con una pipa shisha,excluido,"tabaco que se consume con una pipa shisha o de narguile en restaurantes, cafés o en un establecimiento especializado (hookah lounge) de servicio limitado (11.1.1.02.99)"
11.1.1.02.99,Producto,cafés,excluido,"tabaco que se consume con una pipa shisha o de narguile en restaurantes, cafés o en un establecimiento especializado (hookah lounge) de servicio limitado (11.1.1.02.99)"
13.2.9.01.08,Producto,artículos para fumadores,excluido,artículos para fumadores; dispositivos para cigarrillos electrónicos (13.2.9.01.08)
13.2.9.01.08,Producto,dispositivos para cigarrillos electrónicos,excluido,artículos para fumadores; dispositivos para cigarrillos electrónicos (13.2.9.01.08)
02.3.1.01.00,Subclase,cigarrillos,incluido,"cigarrillos y cigarros en cajetilla o sueltos, en sus versiones fuertes, suaves o con sabor (click o mentolados)"
02.3.1.01.00,Subclase,cigarros en cajetilla,incluido,"cigarrillos y cigarros en cajetilla o sueltos, en sus versiones fuertes, suaves o con sabor (click o mentolados)"
02.3.1.01.00,Subclase,sueltos,incluido,"cigarrillos y cigarros en cajetilla o sueltos, en sus versiones fuertes, suaves o con sabor (click o mentolados)"
02.3.1.01.00,Subclase,suaves,incluido,"cigarrillos y cigarros en cajetilla o sueltos, en sus versiones fuertes, suaves o con sabor (click o mentolados)"
02.3.1.01.00,Subclase,cigarros que se compran en bares,incluido,"cigarrillos y cigarros que se compran en bares y restaurantes, siempre que no se aplique un cargo por servicio"
02.3.1.01.00,Subclase,restaurantes,incluido,"cigarrillos y cigarros que se compran en bares y restaurantes, siempre que no se aplique un cargo por servicio"
02.3.1.01.01,Producto,cigarrillos,incluido,"cigarrillos y cigarros en cajetilla o sueltos, en sus versiones fuertes, suaves o con sabor (click o mentolados)"
02.3.1.01.01,Producto,cigarros en cajetilla,incluido,"cigarrillos y cigarros en cajetilla o sueltos, en sus versiones fuertes, suaves o con sabor (click o mentolados)"
02.3.1.01.01,Producto,sueltos,incluido,"cigarrillos y cigarros en cajetilla o sueltos, en sus versiones fuertes, suaves o con sabor (click o mentolados)"
02.3.1.01.01,Producto,suaves,incluido,"cigarrillos y cigarros en cajetilla o sueltos, en sus versiones fuertes, suaves o con sabor (click o mentolados)"
02.3.1.01.01,Producto,cigarros que se compran en bares,incluido,"cigarrillos y cigarros que se compran en bares y restaurantes, siempre que no se aplique un cargo por servicio"
02.3.1.01.01,Producto,restaurantes,incluido,"cigarrillos y cigarros que se compran en bares y restaurantes, siempre que no se aplique un cargo por servicio"
02.3.1.02.00,Subclase,puros,incluido,"puros, habanos, puritos y tiparillos"
02.3.1.02.00,Subclase,habanos,incluido,"puros, habanos, puritos y tiparillos"
02.3.1.02.00,Subclase,puritos,incluido,"puros, habanos, puritos y tiparillos"
02.3.1.02.00,Subclase,tiparillos,incluido,"puros, habanos, puritos y tiparillos"
02.3.1.02.00,Subclase,tiparillos que se compran en bares,incluido,"puros, habanos, puritos y tiparillos que se compran en bares y restaurantes, siempre que no se aplique un cargo por servicio"
02.3.1.02.00,Subclase,restaurantes,incluido,"puros, habanos, puritos y tiparillos que se compran en bares y restaurantes, siempre que no se aplique un cargo por servicio"
02.3.1.02.01,Producto,puros,incluido,"puros, habanos, puritos y tiparillos"
02.3.1.02.01,Producto,habanos,incluido,"puros, habanos, puritos y tiparillos"
02.3.1.02.01,Producto,puritos,incluido,"puros, habanos, puritos y tiparillos"
02.3.1.02.01,Producto,tiparillos,incluido,"puros, habanos, puritos y tiparillos"
02.3.1.02.01,Producto,tiparillos que se compran en bares,incluido,"puros, habanos, puritos y tiparillos que se compran en bares y restaurantes, siempre que no se aplique un cargo por servicio"
02.3.1.02.01,Producto,restaurantes,incluido,"puros, habanos, puritos y tiparillos que se compran en bares y restaurantes, siempre que no se aplique un cargo por servicio"
02.3.1.09.00,Subclase,tabaco de pipa,incluido,"tabaco de pipa, tabaco de mascar o rapé y hojas de tabaco"
02.3.1.09.00,Subclase,tabaco de mascar,incluido,"tabaco de pipa, tabaco de mascar o rapé y hojas de tabaco"
02.3.1.09.00,Subclase,rapé,incluido,"tabaco de pipa, tabaco de mascar o rapé y hojas de tabaco"
02.3.1.09.00,Subclase,hojas de tabaco,incluido,"tabaco de pipa, tabaco de mascar o rapé y hojas de tabaco"
02.3.1.09.00,Subclase,tabaco para cigarrillos,incluido,tabaco para cigarrillos y cigarros
02.3.1.09.00,Subclase,cigarros,incluido,tabaco para cigarrillos y cigarros
02.3.1.09.00,Subclase,papeles,incluido,papeles y filtros de un solo uso para cigarrillos y cigarros
02.3.1.09.00,Subclase,filtros de un solo uso para cigarrillos,incluido,papeles y filtros de un solo uso para cigarrillos y cigarros
02.3.1.09.00,Subclase,recargas para cigarrillos electrónicos,incluido,"recargas para cigarrillos electrónicos, con o sin nicotina"
02.3.1.09.00,Subclase,tabaco para pipas shisha,incluido,"tabaco para pipas shisha o de narguile (cachimba, pipas de agua, pipas orientales, chimbombo) si se consume en el hogar"
02.3.1.09.00,Subclase,tabaco que se compra en bares,incluido,"tabaco que se compra en bares y restaurantes, siempre que no se aplique un cargo por servicio"
02.3.1.09.00,Subclase,restaurantes,incluido,"tabaco que se compra en bares y restaurantes, siempre que no se aplique un cargo por servicio"
02.3.1.09.01,Producto,tabaco de pipa,incluido,"tabaco de pipa, tabaco de mascar o rapé y hojas de tabaco"
02.3.1.09.01,Producto,tabaco de mascar,incluido,"tabaco de pipa, tabaco de mascar o rapé y hojas de tabaco"
02.3.1.09.01,Producto,rapé,incluido,"tabaco de pipa, tabaco de mascar o rapé y hojas de tabaco"
02.3.1.09.01,Producto,hojas de tabaco,incluido,"tabaco de pipa, tabaco de mascar o rapé y hojas de tabaco"
02.3.1.09.01,Producto,tabaco para cigarrillos,incluido,tabaco para cigarrillos y cigarros
02.3.1.09.01,Producto,cigarros,incluido,tabaco para cigarrillos y cigarros
02.3.1.09.01,Producto,papeles,incluido,papeles y filtros de un solo uso para cigarrillos y cigarros
02.3.1.09.01,Producto,filtros de un solo uso para cigarrillos,incluido,papeles y filtros de un solo uso para cigarrillos y cigarros
02.3.1.09.01,Producto,recargas para cigarrillos electrónicos,incluido,"recargas para cigarrillos electrónicos, con o sin nicotina"
02.3.1.09.01,Producto,tabaco para pipas shisha,incluido,"tabaco para pipas shisha o de narguile (cachimba, pipas de agua, pipas orientales, chimbombo) si se consume en el hogar"
02.3.1.09.01,Producto,tabaco que se compra en bares,incluido,"tabaco que se compra en bares y restaurantes, siempre que no se aplique un cargo por servicio"
02.3.1.09.01,Producto,restaurantes,incluido,"tabaco que se compra en bares y restaurantes, siempre que no se aplique un cargo por servicio"
02.4.1.00.00,Clase,marihuana,incluido,"marihuana, opio, cocaína y sus derivados"
02.4.1.00.00,Clase,opio,incluido,"marihuana, opio, cocaína y sus derivados"
02.4.1.00.00,Clase,cocaína,incluido,"marihuana, opio, cocaína y sus derivados"
02.4.1.00.00,Clase,otros estupefacientes de origen vegetal,incluido,"otros estupefacientes de origen vegetal como las nueces de cola, kava, khat, hojas de betel, hongos de psilocibina y nueces de betel"
02.4.1.00.00,Clase,kava,incluido,"otros estupefacientes de origen vegetal como las nueces de cola, kava, khat, hojas de betel, hongos de psilocibina y nueces de betel"
02.4.1.00.00,Clase,khat,incluido,"otros estupefacientes de origen vegetal como las nueces de cola, kava, khat, hojas de betel, hongos de psilocibina y nueces de betel"
02.4.1.00.00,Clase,hojas de betel,incluido,"otros estupefacientes de origen vegetal como las nueces de cola, kava, khat, hojas de betel, hongos de psilocibina y nueces de betel"
02.4.1.00.00,Clase,hongos de psilocibina,incluido,"otros estupefacientes de origen vegetal como las nueces de cola, kava, khat, hojas de betel, hongos de psilocibina y nueces de betel"
02.4.1.00.00,Clase,nueces de betel,incluido,"otros estupefacientes de origen vegetal como las nueces de cola, kava, khat, hojas de betel, hongos de psilocibina y nueces de betel"
02.4.1.00.00,Clase,otros estupefacientes,incluido,"otros estupefacientes, incluidos productos químicos y drogas sintéticas"
02.4.1.00.00,Clase,drogas sintéticas,incluido,"otros estupefacientes, incluidos productos químicos y drogas sintéticas"
06.1.1.01.00,Subclase,estupefacientes con fines medicinales,excluido,estupefacientes con fines medicinales (06.1.1.01.00)
11.1.1.00.00,Clase,estupefacientes comprados en cafeterías,excluido,"estupefacientes comprados en cafeterías, si se aplica un cargo por servicio (11.1.1.00.00)"
02.4.1.01.00,Subclase,marihuana,incluido,"marihuana, opio, cocaína y sus derivados"
02.4.1.01.00,Subclase,opio,incluido,"marihuana, opio, cocaína y sus derivados"
02.4.1.01.00,Subclase,cocaína,incluido,"marihuana, opio, cocaína y sus derivados"
02.4.1.01.00,Subclase,otros estupefacientes de origen vegetal,incluido,"otros estupefacientes de origen vegetal como las nueces de cola, kava, khat, hojas de betel, hongos de psilocibina y nueces de betel"
02.4.1.01.00,Subclase,kava,incluido,"otros estupefacientes de origen vegetal como las nueces de cola, kava, khat, hojas de betel, hongos de psilocibina y nueces de betel"
02.4.1.01.00,Subclase,khat,incluido,"otros estupefacientes de origen vegetal como las nueces de cola, kava, khat, hojas de betel, hongos de psilocibina y nueces de betel"
02.4.1.01.00,Subclase,hojas de betel,incluido,"otros estupefacientes de origen vegetal como las nueces de cola, kava, khat, hojas de betel, hongos de psilocibina y nueces de betel"
02.4.1.01.00,Subclase,hongos de psilocibina,incluido,"otros estupefacientes de origen vegetal como las nueces de cola, kava, khat, hojas de betel, hongos de psilocibina y nueces de betel"
02.4.1.01.00,Subclase,nueces de betel,incluido,"otros estupefacientes de origen vegetal como las nueces de cola, kava, khat, hojas de betel, hongos de psilocibina y nueces de betel"
02.4.1.01.00,Subclase,otros estupefacientes,incluido,"otros estupefacientes, incluidos productos químicos y drogas sintéticas"
02.4.1.01.00,Subclase,drogas sintéticas,incluido,"otros estupefacientes, incluidos productos químicos y drogas sintéticas"
02.4.1.01.01,Producto,marihuana (Cannabis sativa),incluido,marihuana (Cannabis sativa)
02.4.1.01.01,Producto,opio,incluido,opio
02.4.1.01.01,Producto,nueces de cola,incluido,nueces de cola
02.4.1.01.01,Producto,kava,incluido,kava
02.4.1.01.01,Producto,khat,incluido,khat
02.4.1.01.01,Producto,hojas,incluido,hojas y nueces de betel
02.4.1.01.01,Producto,nueces de betel,incluido,hojas y nueces de betel
02.4.1.01.01,Producto,hongos de psilocibina (hongos alucinógenos),incluido,hongos de psilocibina (hongos alucinógenos)
02.4.1.01.01,Producto,"cactus alucinógenos (peyote, San Pedro)",incluido,"cactus alucinógenos (peyote, San Pedro)"
02.4.1.01.01,Producto,otras drogas naturales,incluido,otras drogas naturales
02.4.1.01.02,Producto,cocaína,incluido,cocaína
02.4.1.01.02,Producto,pasta base,incluido,pasta base
02.4.1.01.02,Producto,crack,incluido,crack
02.4.1.01.02,Producto,anfetaminas,incluido,anfetaminas o metanfetaminas
02.4.1.01.02,Producto,metanfetaminas,incluido,anfetaminas o metanfetaminas
02.4.1.01.02,Producto,heroína,incluido,heroína
02.4.1.01.02,Producto,PCP (fenciclidina),incluido,PCP (fenciclidina)
02.4.1.01.02,Producto,éxtasis,incluido,éxtasis
02.4.1.01.02,Producto,LSD (ácido),incluido,LSD (ácido)
02.4.1.01.02,Producto,BMDP (bencilona),incluido,BMDP (bencilona)
02.4.1.01.02,Producto,otras drogas químicas,incluido,otras drogas químicas y sintéticas
02.4.1.01.02,Producto,sintéticas,incluido,otras drogas químicas y sintéticas
01.2.3.01.02,Producto,mate de hojas de coca,excluido,mate de hojas de coca (01.2.3.01.02)
01.2.3.01.03,Producto,infusión de hojas de coca,excluido,infusión de hojas de coca (01.2.3.01.03)
06.1.1.02.01,Producto,hojas de coca utilizadas con fines medicinales,excluido,hojas de coca utilizadas con fines medicinales (06.1.1.02.01)
04.0.0.00.00,División,alojamiento en residencia permanente,excluido,"alojamiento en residencia permanente, principal o secundaria (04.0.0.00.00)"
04.0.0.00.00,División,principal,excluido,"alojamiento en residencia permanente, principal o secundaria (04.0.0.00.00)"
04.0.0.00.00,División,secundaria,excluido,"alojamiento en residencia permanente, principal o secundaria (04.0.0.00.00)"
11.1.1.00.00,Clase,tabaco que se consume con una pipa shisha,incluido,"tabaco que se consume con una pipa shisha o de narguile (cachimba, pipa de agua, pipa oriental, chimbombo) en restaurantes, cafés o en un establecimiento especializado (hookah lounge)"
11.1.1.00.00,Clase,cafés,incluido,"tabaco que se consume con una pipa shisha o de narguile (cachimba, pipa de agua, pipa oriental, chimbombo) en restaurantes, cafés o en un establecimiento especializado (hookah lounge)"
11.1.1.00.00,Clase,estupefacientes comprados en cafeterías,incluido,"estupefacientes comprados en cafeterías, si se aplica un cargo por servicio"
11.1.1.00.00,Clase,propinas,incluido,propinas
01.0.0.00.00,División,alimentos,excluido,"alimentos y bebidas proporcionados por supermercados y mercados, consumidos en sus instalaciones (productos relacionados de la división 01.0.0.00.00)"
01.0.0.00.00,División,bebidas proporcionados por supermercados,excluido,"alimentos y bebidas proporcionados por supermercados y mercados, consumidos en sus instalaciones (productos relacionados de la división 01.0.0.00.00)"
01.0.0.00.00,División,mercados,excluido,"alimentos y bebidas proporcionados por supermercados y mercados, consumidos en sus instalaciones (productos relacionados de la división 01.0.0.00.00)"
01.0.0.00.00,División,consumidos en sus instalaciones,excluido,"alimentos y bebidas proporcionados por supermercados y mercados, consumidos en sus instalaciones (productos relacionados de la división 01.0.0.00.00)"
01.1.9.01.00,Subclase,productos alimenticios,excluido,"productos alimenticios y bebidas dispensados por máquinas expendedoras automáticas, que no forman parte de un servicio de entrega, proporcionado por restaurantes, cafés, buffets, bares, salones de té y establecimientos similares (01.1.9.01.00)"
01.1.9.01.00,Subclase,bebidas dispensados por máquinas expendedoras automáticas,excluido,"productos alimenticios y bebidas dispensados por máquinas expendedoras automáticas, que no forman parte de un servicio de entrega, proporcionado por restaurantes, cafés, buffets, bares, salones de té y establecimientos similares (01.1.9.01.00)"
01.1.9.01.00,Subclase,proporcionado por restaurantes,excluido,"productos alimenticios y bebidas dispensados por máquinas expendedoras automáticas, que no forman parte de un servicio de entrega, proporcionado por restaurantes, cafés, buffets, bares, salones de té y establecimientos similares (01.1.9.01.00)"
01.1.9.01.00,Subclase,cafés,excluido,"productos alimenticios y bebidas dispensados por máquinas expendedoras automáticas, que no forman parte de un servicio de entrega, proporcionado por restaurantes, cafés, buffets, bares, salones de té y establecimientos similares (01.1.9.01.00)"
01.1.9.01.00,Subclase,buffets,excluido,"productos alimenticios y bebidas dispensados por máquinas expendedoras automáticas, que no forman parte de un servicio de entrega, proporcionado por restaurantes, cafés, buffets, bares, salones de té y establecimientos similares (01.1.9.01.00)"
01.1.9.01.00,Subclase,bares,excluido,"productos alimenticios y bebidas dispensados por máquinas expendedoras automáticas, que no forman parte de un servicio de entrega, proporcionado por restaurantes, cafés, buffets, bares, salones de té y establecimientos similares (01.1.9.01.00)"
01.1.9.01.00,Subclase,salones de té,excluido,"productos alimenticios y bebidas dispensados por máquinas expendedoras automáticas, que no forman parte de un servicio de entrega, proporcionado por restaurantes, cafés, buffets, bares, salones de té y establecimientos similares (01.1.9.01.00)"
01.1.9.01.00,Subclase,establecimientos similares,excluido,"productos alimenticios y bebidas dispensados por máquinas expendedoras automáticas, que no forman parte de un servicio de entrega, proporcionado por restaurantes, cafés, buffets, bares, salones de té y establecimientos similares (01.1.9.01.00)"
02.3.1.00.00,Clase,compras de tabaco,excluido,compras de tabaco (02.3.1.00.00)
07.3.0.00.00,Grupo,servicios de alimentación,excluido,"servicios de alimentación y bebidas en transporte público, si no se cobran por separado (07.3.0.00.00)"
07.3.0.00.00,Grupo,bebidas en transporte público,excluido,"servicios de alimentación y bebidas en transporte público, si no se cobran por separado (07.3.0.00.00)"
07.4.9.02.01,Producto,servicios de entrega de alimentos,excluido,"servicios de entrega de alimentos y bebidas (delivery), si se cobran por separado (07.4.9.02.01)"
07.4.9.02.01,Producto,bebidas (delivery),excluido,"servicios de entrega de alimentos y bebidas (delivery), si se cobran por separado (07.4.9.02.01)"
09.4.6.01.08,Producto,entradas a establecimientos de baile,excluido,entradas a establecimientos de baile y clubes nocturnos (09.4.6.01.08)
09.4.6.01.08,Producto,clubes nocturnos,excluido,entradas a establecimientos de baile y clubes nocturnos (09.4.6.01.08)
09.6.9.01.00,Subclase,servicios de alimentación,excluido,"servicios de alimentación y bebidas en establecimientos que ofrecen servicios recreativos, culturales, deportivos o servicios de entretenimiento, si no se cobran por separado (09.4.6.00.00), (09.6.1.01.00), (09.6.2.01.00), (09.6.9.01.00)"
09.6.9.01.00,Subclase,bebidas en establecimientos que ofrecen servicios recreativos,excluido,"servicios de alimentación y bebidas en establecimientos que ofrecen servicios recreativos, culturales, deportivos o servicios de entretenimiento, si no se cobran por separado (09.4.6.00.00), (09.6.1.01.00), (09.6.2.01.00), (09.6.9.01.00)"
09.6.9.01.00,Subclase,culturales,excluido,"servicios de alimentación y bebidas en establecimientos que ofrecen servicios recreativos, culturales, deportivos o servicios de entretenimiento, si no se cobran por separado (09.4.6.00.00), (09.6.1.01.00), (09.6.2.01.00), (09.6.9.01.00)"
09.6.9.01.00,Subclase,deportivos,excluido,"servicios de alimentación y bebidas en establecimientos que ofrecen servicios recreativos, culturales, deportivos o servicios de entretenimiento, si no se cobran por separado (09.4.6.00.00), (09.6.1.01.00), (09.6.2.01.00), (09.6.9.01.00)"
09.6.9.01.00,Subclase,servicios de entretenimiento,excluido,"servicios de alimentación y bebidas en establecimientos que ofrecen servicios recreativos, culturales, deportivos o servicios de entretenimiento, si no se cobran por separado (09.4.6.00.00), (09.6.1.01.00), (09.6.2.01.00), (09.6.9.01.00)"
09.8.0.00.00,Grupo,servicios de alimentación,excluido,"servicios de alimentación y bebidas proporcionados en paquetes vacacionales, si no se cobran por separado (09.8.0.00.00)"
09.8.0.00.00,Grupo,bebidas proporcionados en paquetes vacacionales,excluido,"servicios de alimentación y bebidas proporcionados en paquetes vacacionales, si no se cobran por separado (09.8.0.00.00)"
11.2.1.00.00,Clase,servicios de alimentación,excluido,"servicios de alimentación y bebidas en hoteles u otros establecimientos de alojamiento, si no es cobrado por separado del alojamiento (11.2.1.00.00)"
11.2.1.00.00,Clase,bebidas en hoteles,excluido,"servicios de alimentación y bebidas en hoteles u otros establecimientos de alojamiento, si no es cobrado por separado del alojamiento (11.2.1.00.00)"
11.2.1.00.00,Clase,otros establecimientos de alojamiento,excluido,"servicios de alimentación y bebidas en hoteles u otros establecimientos de alojamiento, si no es cobrado por separado del alojamiento (11.2.1.00.00)"
11.1.1.01.00,Subclase,alimentos,incluido,"alimentos y bebidas proporcionados por establecimientos de servicio completo que sirven principalmente bebidas: cafés, buffets, bares, salones de té y similares"
11.1.1.01.00,Subclase,bebidas proporcionados por establecimientos de servicio completo que sirven principalmente bebidas,incluido,"alimentos y bebidas proporcionados por establecimientos de servicio completo que sirven principalmente bebidas: cafés, buffets, bares, salones de té y similares"
11.1.1.01.00,Subclase,cafés,incluido,"alimentos y bebidas proporcionados por establecimientos de servicio completo que sirven principalmente bebidas: cafés, buffets, bares, salones de té y similares"
11.1.1.01.00,Subclase,buffets,incluido,"alimentos y bebidas proporcionados por establecimientos de servicio completo que sirven principalmente bebidas: cafés, buffets, bares, salones de té y similares"
11.1.1.01.00,Subclase,bares,incluido,"alimentos y bebidas proporcionados por establecimientos de servicio completo que sirven principalmente bebidas: cafés, buffets, bares, salones de té y similares"
11.1.1.01.00,Subclase,salones de té,incluido,"alimentos y bebidas proporcionados por establecimientos de servicio completo que sirven principalmente bebidas: cafés, buffets, bares, salones de té y similares"
11.1.1.01.00,Subclase,bebidas proporcionados por restaurantes,incluido,"alimentos y bebidas proporcionados por restaurantes, cafés y similares, con servicio completo y consumidos fuera de los establecimientos; alimentos y bebidas proporcionados por restaurantes, cafés y similares, con servicio completo y con entrega (delivery) a domicilio"
11.1.1.01.00,Subclase,consumidos fuera de los establecimientos,incluido,"alimentos y bebidas proporcionados por restaurantes, cafés y similares, con servicio completo y consumidos fuera de los establecimientos; alimentos y bebidas proporcionados por restaurantes, cafés y similares, con servicio completo y con entrega (delivery) a domicilio"
11.1.1.01.00,Subclase,servicios completos de alimentación,incluido,"servicios completos de alimentación y bebidas en hoteles u otros establecimientos de alojamiento, si es cobrado por separado del alojamiento"
11.1.1.01.00,Subclase,bebidas en hoteles,incluido,"servicios completos de alimentación y bebidas en hoteles u otros establecimientos de alojamiento, si es cobrado por separado del alojamiento"
11.1.1.01.00,Subclase,otros establecimientos de alojamiento,incluido,"servicios completos de alimentación y bebidas en hoteles u otros establecimientos de alojamiento, si es cobrado por separado del alojamiento"
11.1.1.01.00,Subclase,bebidas en establecimientos que ofrezcan servicios recreativos,incluido,"servicios completos de alimentación y bebidas en establecimientos que ofrezcan servicios recreativos, culturales y deportivos o servicios de entretenimiento (teatros, cines, estadios deportivos, piscinas, complejos deportivos, museos, galerías de arte, clubes nocturnos, establecimientos de baile e instalaciones similares) si se cobran por separado"
11.1.1.01.00,Subclase,culturales,incluido,"servicios completos de alimentación y bebidas en establecimientos que ofrezcan servicios recreativos, culturales y deportivos o servicios de entretenimiento (teatros, cines, estadios deportivos, piscinas, complejos deportivos, museos, galerías de arte, clubes nocturnos, establecimientos de baile e instalaciones similares) si se cobran por separado"
11.1.1.01.00,Subclase,deportivos,incluido,"servicios completos de alimentación y bebidas en establecimientos que ofrezcan servicios recreativos, culturales y deportivos o servicios de entretenimiento (teatros, cines, estadios deportivos, piscinas, complejos deportivos, museos, galerías de arte, clubes nocturnos, establecimientos de baile e instalaciones similares) si se cobran por separado"
11.1.1.01.00,Subclase,"servicios de entretenimiento (teatros, cines, estadios deportivos, piscinas, complejos deportivos, museos, galerías de arte, clubes nocturnos, establecimientos de baile e instalaciones similares) si se cobran por separado",incluido,"servicios completos de alimentación y bebidas en establecimientos que ofrezcan servicios recreativos, culturales y deportivos o servicios de entretenimiento (teatros, cines, estadios deportivos, piscinas, complejos deportivos, museos, galerías de arte, clubes nocturnos, establecimientos de baile e instalaciones similares) si se cobran por separado"
11.1.1.01.00,Subclase,tabaco que se consume con una pipa shisha,incluido,"tabaco que se consume con una pipa shisha o de narguile (cachimba, pipa de agua, pipa oriental, chimbombo) en restaurantes, cafés o en un establecimiento especializado (hookah lounge)"
11.1.1.01.00,Subclase,estupefacientes comprados en cafeterías,incluido,"estupefacientes comprados en cafeterías, si se aplica un cargo por servicio"
11.1.1.01.00,Subclase,propinas,incluido,propinas
07.4.9.02.00,Subclase,servicio de entrega de alimentos,excluido,"servicio de entrega de alimentos y bebidas (delivery), si se cobra por separado (07.4.9.02.00)"
07.4.9.02.00,Subclase,bebidas (delivery),excluido,"servicio de entrega de alimentos y bebidas (delivery), si se cobra por separado (07.4.9.02.00)"
09.6.9.00.00,Clase,servicios de alimentación,excluido,"servicios de alimentación y bebidas en establecimientos que ofrecen servicios recreativos, culturales, deportivos o servicios de entretenimiento, si no se cobran por separado (09.4.6.00.00), (09.6.1.01.00), (09.6.2.00.00), (09.6.9.00.00)"
09.6.9.00.00,Clase,bebidas en establecimientos que ofrecen servicios recreativos,excluido,"servicios de alimentación y bebidas en establecimientos que ofrecen servicios recreativos, culturales, deportivos o servicios de entretenimiento, si no se cobran por separado (09.4.6.00.00), (09.6.1.01.00), (09.6.2.00.00), (09.6.9.00.00)"
09.6.9.00.00,Clase,culturales,excluido,"servicios de alimentación y bebidas en establecimientos que ofrecen servicios recreativos, culturales, deportivos o servicios de entretenimiento, si no se cobran por separado (09.4.6.00.00), (09.6.1.01.00), (09.6.2.00.00), (09.6.9.00.00)"
09.6.9.00.00,Clase,deportivos,excluido,"servicios de alimentación y bebidas en establecimientos que ofrecen servicios recreativos, culturales, deportivos o servicios de entretenimiento, si no se cobran por separado (09.4.6.00.00), (09.6.1.01.00), (09.6.2.00.00), (09.6.9.00.00)"
09.6.9.00.00,Clase,servicios de entretenimiento,excluido,"servicios de alimentación y bebidas en establecimientos que ofrecen servicios recreativos, culturales, deportivos o servicios de entretenimiento, si no se cobran por separado (09.4.6.00.00), (09.6.1.01.00), (09.6.2.00.00), (09.6.9.00.00)"
09.4.6.01.08,Producto,entradas para establecimientos de baile,excluido,entradas para establecimientos de baile y clubes nocturnos (09.4.6.01.08)
11.1.1.01.01,Producto,"sándwiches en todas sus variedades (lomito, churrasco, vegetariano, ave mayo, lengua, pernil, etc.)",incluido,"sándwiches en todas sus variedades (lomito, churrasco, vegetariano, ave mayo, lengua, pernil, etc.), completos, chaparritas, fajitas, tacos, burritos, hamburguesas, pizzas, empanadas y masas saladas con relleno"
11.1.1.01.01,Producto,completos,incluido,"sándwiches en todas sus variedades (lomito, churrasco, vegetariano, ave mayo, lengua, pernil, etc.), completos, chaparritas, fajitas, tacos, burritos, hamburguesas, pizzas, empanadas y masas saladas con relleno"
11.1.1.01.01,Producto,chaparritas,incluido,"sándwiches en todas sus variedades (lomito, churrasco, vegetariano, ave mayo, lengua, pernil, etc.), completos, chaparritas, fajitas, tacos, burritos, hamburguesas, pizzas, empanadas y masas saladas con relleno"
11.1.1.01.01,Producto,fajitas,incluido,"sándwiches en todas sus variedades (lomito, churrasco, vegetariano, ave mayo, lengua, pernil, etc.), completos, chaparritas, fajitas, tacos, burritos, hamburguesas, pizzas, empanadas y masas saladas con relleno"
11.1.1.01.01,Producto,tacos,incluido,"sándwiches en todas sus variedades (lomito, churrasco, vegetariano, ave mayo, lengua, pernil, etc.), completos, chaparritas, fajitas, tacos, burritos, hamburguesas, pizzas, empanadas y masas saladas con relleno"
11.1.1.01.01,Producto,burritos,incluido,"sándwiches en todas sus variedades (lomito, churrasco, vegetariano, ave mayo, lengua, pernil, etc.), completos, chaparritas, fajitas, tacos, burritos, hamburguesas, pizzas, empanadas y masas saladas con relleno"
11.1.1.01.01,Producto,hamburguesas,incluido,"sándwiches en todas sus variedades (lomito, churrasco, vegetariano, ave mayo, lengua, pernil, etc.), completos, chaparritas, fajitas, tacos, burritos, hamburguesas, pizzas, empanadas y masas saladas con relleno"
11.1.1.01.01,Producto,pizzas,incluido,"sándwiches en todas sus variedades (lomito, churrasco, vegetariano, ave mayo, lengua, pernil, etc.), completos, chaparritas, fajitas, tacos, burritos, hamburguesas, pizzas, empanadas y masas saladas con relleno"
11.1.1.01.01,Producto,empanadas,incluido,"sándwiches en todas sus variedades (lomito, churrasco, vegetariano, ave mayo, lengua, pernil, etc.), completos, chaparritas, fajitas, tacos, burritos, hamburguesas, pizzas, empanadas y masas saladas con relleno"
11.1.1.01.01,Producto,masas saladas con relleno,incluido,"sándwiches en todas sus variedades (lomito, churrasco, vegetariano, ave mayo, lengua, pernil, etc.), completos, chaparritas, fajitas, tacos, burritos, hamburguesas, pizzas, empanadas y masas saladas con relleno"
11.1.1.01.01,Producto,propinas,incluido,propinas
11.1.1.01.02,Producto,sopaipillas adquiridas en restaurantes,excluido,"sopaipillas adquiridas en restaurantes, cafés y similares, con servicio completo (11.1.1.01.02)"
11.1.1.01.02,Producto,cafés,excluido,"sopaipillas adquiridas en restaurantes, cafés y similares, con servicio completo (11.1.1.01.02)"
11.1.1.01.02,Producto,wantán adquirido en restaurantes,excluido,"wantán adquirido en restaurantes, cafés y similares, con servicio completo (11.1.1.01.02)"
11.1.1.02.01,Producto,sándwiches,excluido,"sándwiches, completos, pizzas, empanadas y masas saladas con relleno adquiridos en establecimientos con servicio limitado (11.1.1.02.01)"
11.1.1.02.01,Producto,completos,excluido,"sándwiches, completos, pizzas, empanadas y masas saladas con relleno adquiridos en establecimientos con servicio limitado (11.1.1.02.01)"
11.1.1.02.01,Producto,pizzas,excluido,"sándwiches, completos, pizzas, empanadas y masas saladas con relleno adquiridos en establecimientos con servicio limitado (11.1.1.02.01)"
11.1.1.02.01,Producto,empanadas,excluido,"sándwiches, completos, pizzas, empanadas y masas saladas con relleno adquiridos en establecimientos con servicio limitado (11.1.1.02.01)"
11.1.1.02.01,Producto,masas saladas con relleno adquiridos en establecimientos con servicio limitado,excluido,"sándwiches, completos, pizzas, empanadas y masas saladas con relleno adquiridos en establecimientos con servicio limitado (11.1.1.02.01)"
11.1.1.02.14,Producto,sándwiches,excluido,"sándwiches, completos, pizzas, empanadas y masas saladas con relleno adquiridos en comercio ambulante, carritos de comida y similares (11.1.1.02.14)"
11.1.1.02.14,Producto,completos,excluido,"sándwiches, completos, pizzas, empanadas y masas saladas con relleno adquiridos en comercio ambulante, carritos de comida y similares (11.1.1.02.14)"
11.1.1.02.14,Producto,pizzas,excluido,"sándwiches, completos, pizzas, empanadas y masas saladas con relleno adquiridos en comercio ambulante, carritos de comida y similares (11.1.1.02.14)"
11.1.1.02.14,Producto,empanadas,excluido,"sándwiches, completos, pizzas, empanadas y masas saladas con relleno adquiridos en comercio ambulante, carritos de comida y similares (11.1.1.02.14)"
11.1.1.02.14,Producto,masas saladas con relleno adquiridos en comercio ambulante,excluido,"sándwiches, completos, pizzas, empanadas y masas saladas con relleno adquiridos en comercio ambulante, carritos de comida y similares (11.1.1.02.14)"
11.1.1.02.14,Producto,carritos de comida,excluido,"sándwiches, completos, pizzas, empanadas y masas saladas con relleno adquiridos en comercio ambulante, carritos de comida y similares (11.1.1.02.14)"
11.1.1.01.02,Producto,papas fritas,incluido,"papas fritas, papas bravas, pichangas, wantán frito, aceitunas, sopaipillas, nachos, quesos, masas saladas sin relleno, tablas y otros alimentos de picoteo"
11.1.1.01.02,Producto,papas bravas,incluido,"papas fritas, papas bravas, pichangas, wantán frito, aceitunas, sopaipillas, nachos, quesos, masas saladas sin relleno, tablas y otros alimentos de picoteo"
11.1.1.01.02,Producto,pichangas,incluido,"papas fritas, papas bravas, pichangas, wantán frito, aceitunas, sopaipillas, nachos, quesos, masas saladas sin relleno, tablas y otros alimentos de picoteo"
11.1.1.01.02,Producto,wantán frito,incluido,"papas fritas, papas bravas, pichangas, wantán frito, aceitunas, sopaipillas, nachos, quesos, masas saladas sin relleno, tablas y otros alimentos de picoteo"
11.1.1.01.02,Producto,aceitunas,incluido,"papas fritas, papas bravas, pichangas, wantán frito, aceitunas, sopaipillas, nachos, quesos, masas saladas sin relleno, tablas y otros alimentos de picoteo"
11.1.1.01.02,Producto,sopaipillas,incluido,"papas fritas, papas bravas, pichangas, wantán frito, aceitunas, sopaipillas, nachos, quesos, masas saladas sin relleno, tablas y otros alimentos de picoteo"
11.1.1.01.02,Producto,nachos,incluido,"papas fritas, papas bravas, pichangas, wantán frito, aceitunas, sopaipillas, nachos, quesos, masas saladas sin relleno, tablas y otros alimentos de picoteo"
11.1.1.01.02,Producto,quesos,incluido,"papas fritas, papas bravas, pichangas, wantán frito, aceitunas, sopaipillas, nachos, quesos, masas saladas sin relleno, tablas y otros alimentos de picoteo"
11.1.1.01.02,Producto,masas saladas sin relleno,incluido,"papas fritas, papas bravas, pichangas, wantán frito, aceitunas, sopaipillas, nachos, quesos, masas saladas sin relleno, tablas y otros alimentos de picoteo"
11.1.1.01.02,Producto,tablas,incluido,"papas fritas, papas bravas, pichangas, wantán frito, aceitunas, sopaipillas, nachos, quesos, masas saladas sin relleno, tablas y otros alimentos de picoteo"
11.1.1.01.02,Producto,otros alimentos de picoteo,incluido,"papas fritas, papas bravas, pichangas, wantán frito, aceitunas, sopaipillas, nachos, quesos, masas saladas sin relleno, tablas y otros alimentos de picoteo"
11.1.1.01.02,Producto,propinas,incluido,propinas
11.1.1.01.01,Producto,sándwiches,excluido,"sándwiches, completos, pizzas, empanadas, chaparritas, fajitas, tacos, burritos y masas saladas con relleno adquiridos en restaurantes, cafés y similares, con servicio completo (11.1.1.01.01)"
11.1.1.01.01,Producto,completos,excluido,"sándwiches, completos, pizzas, empanadas, chaparritas, fajitas, tacos, burritos y masas saladas con relleno adquiridos en restaurantes, cafés y similares, con servicio completo (11.1.1.01.01)"
11.1.1.01.01,Producto,pizzas,excluido,"sándwiches, completos, pizzas, empanadas, chaparritas, fajitas, tacos, burritos y masas saladas con relleno adquiridos en restaurantes, cafés y similares, con servicio completo (11.1.1.01.01)"
11.1.1.01.01,Producto,empanadas,excluido,"sándwiches, completos, pizzas, empanadas, chaparritas, fajitas, tacos, burritos y masas saladas con relleno adquiridos en restaurantes, cafés y similares, con servicio completo (11.1.1.01.01)"
11.1.1.01.01,Producto,chaparritas,excluido,"sándwiches, completos, pizzas, empanadas, chaparritas, fajitas, tacos, burritos y masas saladas con relleno adquiridos en restaurantes, cafés y similares, con servicio completo (11.1.1.01.01)"
11.1.1.01.01,Producto,fajitas,excluido,"sándwiches, completos, pizzas, empanadas, chaparritas, fajitas, tacos, burritos y masas saladas con relleno adquiridos en restaurantes, cafés y similares, con servicio completo (11.1.1.01.01)"
11.1.1.01.01,Producto,tacos,excluido,"sándwiches, completos, pizzas, empanadas, chaparritas, fajitas, tacos, burritos y masas saladas con relleno adquiridos en restaurantes, cafés y similares, con servicio completo (11.1.1.01.01)"
11.1.1.01.01,Producto,burritos,excluido,"sándwiches, completos, pizzas, empanadas, chaparritas, fajitas, tacos, burritos y masas saladas con relleno adquiridos en restaurantes, cafés y similares, con servicio completo (11.1.1.01.01)"
11.1.1.01.01,Producto,masas saladas con relleno adquiridos en restaurantes,excluido,"sándwiches, completos, pizzas, empanadas, chaparritas, fajitas, tacos, burritos y masas saladas con relleno adquiridos en restaurantes, cafés y similares, con servicio completo (11.1.1.01.01)"
11.1.1.01.01,Producto,cafés,excluido,"sándwiches, completos, pizzas, empanadas, chaparritas, fajitas, tacos, burritos y masas saladas con relleno adquiridos en restaurantes, cafés y similares, con servicio completo (11.1.1.01.01)"
11.1.1.02.02,Producto,papas fritas,excluido,"papas fritas, masas saladas sin relleno y otros alimentos de picoteo listos para su consumo, adquiridos en establecimientos con servicio limitado (11.1.1.02.02)"
11.1.1.02.02,Producto,masas saladas sin relleno,excluido,"papas fritas, masas saladas sin relleno y otros alimentos de picoteo listos para su consumo, adquiridos en establecimientos con servicio limitado (11.1.1.02.02)"
11.1.1.02.02,Producto,otros alimentos de picoteo listos para su consumo,excluido,"papas fritas, masas saladas sin relleno y otros alimentos de picoteo listos para su consumo, adquiridos en establecimientos con servicio limitado (11.1.1.02.02)"
11.1.1.02.02,Producto,adquiridos en establecimientos con servicio limitado,excluido,"papas fritas, masas saladas sin relleno y otros alimentos de picoteo listos para su consumo, adquiridos en establecimientos con servicio limitado (11.1.1.02.02)"
11.1.1.02.15,Producto,papas fritas,excluido,"papas fritas, masas saladas sin relleno y otros alimentos de picoteo listos para su consumo, adquiridos en comercio ambulante, carritos de comida y similares (11.1.1.02.15)"
11.1.1.02.15,Producto,masas saladas sin relleno,excluido,"papas fritas, masas saladas sin relleno y otros alimentos de picoteo listos para su consumo, adquiridos en comercio ambulante, carritos de comida y similares (11.1.1.02.15)"
11.1.1.02.15,Producto,otros alimentos de picoteo listos para su consumo,excluido,"papas fritas, masas saladas sin relleno y otros alimentos de picoteo listos para su consumo, adquiridos en comercio ambulante, carritos de comida y similares (11.1.1.02.15)"
11.1.1.02.15,Producto,adquiridos en comercio ambulante,excluido,"papas fritas, masas saladas sin relleno y otros alimentos de picoteo listos para su consumo, adquiridos en comercio ambulante, carritos de comida y similares (11.1.1.02.15)"
11.1.1.02.15,Producto,carritos de comida,excluido,"papas fritas, masas saladas sin relleno y otros alimentos de picoteo listos para su consumo, adquiridos en comercio ambulante, carritos de comida y similares (11.1.1.02.15)"
11.1.1.01.03,Producto,tortas,incluido,"tortas, tartaletas, donas, kuchen, pie, panqueques, croissant, galletas dulces, postres en base a masas dulces"
11.1.1.01.03,Producto,tartaletas,incluido,"tortas, tartaletas, donas, kuchen, pie, panqueques, croissant, galletas dulces, postres en base a masas dulces"
11.1.1.01.03,Producto,donas,incluido,"tortas, tartaletas, donas, kuchen, pie, panqueques, croissant, galletas dulces, postres en base a masas dulces"
11.1.1.01.03,Producto,kuchen,incluido,"tortas, tartaletas, donas, kuchen, pie, panqueques, croissant, galletas dulces, postres en base a masas dulces"
11.1.1.01.03,Producto,pie,incluido,"tortas, tartaletas, donas, kuchen, pie, panqueques, croissant, galletas dulces, postres en base a masas dulces"
11.1.1.01.03,Producto,panqueques,incluido,"tortas, tartaletas, donas, kuchen, pie, panqueques, croissant, galletas dulces, postres en base a masas dulces"
11.1.1.01.03,Producto,croissant,incluido,"tortas, tartaletas, donas, kuchen, pie, panqueques, croissant, galletas dulces, postres en base a masas dulces"
11.1.1.01.03,Producto,galletas dulces,incluido,"tortas, tartaletas, donas, kuchen, pie, panqueques, croissant, galletas dulces, postres en base a masas dulces"
11.1.1.01.03,Producto,postres en base a masas dulces,incluido,"tortas, tartaletas, donas, kuchen, pie, panqueques, croissant, galletas dulces, postres en base a masas dulces"
11.1.1.01.03,Producto,propinas,incluido,propinas
11.1.1.01.04,Producto,helados,excluido,"helados y granizados adquiridos en restaurantes, cafés y similares, con servicio completo (11.1.1.01.04)"
11.1.1.01.04,Producto,granizados adquiridos en restaurantes,excluido,"helados y granizados adquiridos en restaurantes, cafés y similares, con servicio completo (11.1.1.01.04)"
11.1.1.01.04,Producto,cafés,excluido,"helados y granizados adquiridos en restaurantes, cafés y similares, con servicio completo (11.1.1.01.04)"
11.1.1.02.03,Producto,masas dulces,excluido,masas dulces y similares adquiridos en establecimientos con servicio limitado (11.1.1.02.03)
11.1.1.02.03,Producto,similares adquiridos en establecimientos con servicio limitado,excluido,masas dulces y similares adquiridos en establecimientos con servicio limitado (11.1.1.02.03)
11.1.1.02.16,Producto,masas dulces,excluido,"masas dulces y similares adquiridos en comercio ambulante, carritos de comida y similares (11.1.1.02.16)"
11.1.1.02.16,Producto,similares adquiridos en comercio ambulante,excluido,"masas dulces y similares adquiridos en comercio ambulante, carritos de comida y similares (11.1.1.02.16)"
11.1.1.02.16,Producto,carritos de comida,excluido,"masas dulces y similares adquiridos en comercio ambulante, carritos de comida y similares (11.1.1.02.16)"
11.1.1.01.04,Producto,"helados (artesanales, industriales)",incluido,"helados (artesanales, industriales) y granizados, mote con huesillos, café helado y otros postres sin masa"
11.1.1.01.04,Producto,granizados,incluido,"helados (artesanales, industriales) y granizados, mote con huesillos, café helado y otros postres sin masa"
11.1.1.01.04,Producto,mote con huesillos,incluido,"helados (artesanales, industriales) y granizados, mote con huesillos, café helado y otros postres sin masa"
11.1.1.01.04,Producto,café helado,incluido,"helados (artesanales, industriales) y granizados, mote con huesillos, café helado y otros postres sin masa"
11.1.1.01.04,Producto,otros postres sin masa,incluido,"helados (artesanales, industriales) y granizados, mote con huesillos, café helado y otros postres sin masa"
11.1.1.01.04,Producto,propinas,incluido,propinas
11.1.1.02.04,Producto,helados,excluido,"helados, granizados y otros postres sin masa, listos para su consumo, adquiridos en establecimientos con servicio limitado (11.1.1.02.04)"
11.1.1.02.04,Producto,granizados,excluido,"helados, granizados y otros postres sin masa, listos para su consumo, adquiridos en establecimientos con servicio limitado (11.1.1.02.04)"
11.1.1.02.04,Producto,otros postres sin masa,excluido,"helados, granizados y otros postres sin masa, listos para su consumo, adquiridos en establecimientos con servicio limitado (11.1.1.02.04)"
11.1.1.02.04,Producto,listos para su consumo,excluido,"helados, granizados y otros postres sin masa, listos para su consumo, adquiridos en establecimientos con servicio limitado (11.1.1.02.04)"
11.1.1.02.04,Producto,adquiridos en establecimientos con servicio limitado,excluido,"helados, granizados y otros postres sin masa, listos para su consumo, adquiridos en establecimientos con servicio limitado (11.1.1.02.04)"
11.1.1.02.17,Producto,helados,excluido,"helados, granizados y otros postres sin masa, listos para su consumo, adquiridos en comercio ambulante, carritos de comida y similares (11.1.1.02.17)"
11.1.1.02.17,Producto,granizados,excluido,"helados, granizados y otros postres sin masa, listos para su consumo, adquiridos en comercio ambulante, carritos de comida y similares (11.1.1.02.17)"
11.1.1.02.17,Producto,otros postres sin masa,excluido,"helados, granizados y otros postres sin masa, listos para su consumo, adquiridos en comercio ambulante, carritos de comida y similares (11.1.1.02.17)"
11.1.1.02.17,Producto,listos para su consumo,excluido,"helados, granizados y otros postres sin masa, listos para su consumo, adquiridos en comercio ambulante, carritos de comida y similares (11.1.1.02.17)"
11.1.1.02.17,Producto,adquiridos en comercio ambulante,excluido,"helados, granizados y otros postres sin masa, listos para su consumo, adquiridos en comercio ambulante, carritos de comida y similares (11.1.1.02.17)"
11.1.1.02.17,Producto,carritos de comida,excluido,"helados, granizados y otros postres sin masa, listos para su consumo, adquiridos en comercio ambulante, carritos de comida y similares (11.1.1.02.17)"
11.1.1.01.05,Producto,"té (verde, rojo, blanco, frío, etc.)",incluido,"té (verde, rojo, blanco, frío, etc.), té helado, café (de grano, café cortado, capuchino, frío, etc.), mate o agua de hierbas (boldo, manzanilla, tilo, etc.)"
11.1.1.01.05,Producto,té helado,incluido,"té (verde, rojo, blanco, frío, etc.), té helado, café (de grano, café cortado, capuchino, frío, etc.), mate o agua de hierbas (boldo, manzanilla, tilo, etc.)"
11.1.1.01.05,Producto,"café (de grano, café cortado, capuchino, frío, etc.)",incluido,"té (verde, rojo, blanco, frío, etc.), té helado, café (de grano, café cortado, capuchino, frío, etc.), mate o agua de hierbas (boldo, manzanilla, tilo, etc.)"
11.1.1.01.05,Producto,mate,incluido,"té (verde, rojo, blanco, frío, etc.), té helado, café (de grano, café cortado, capuchino, frío, etc.), mate o agua de hierbas (boldo, manzanilla, tilo, etc.)"
11.1.1.01.05,Producto,"agua de hierbas (boldo, manzanilla, tilo, etc.)",incluido,"té (verde, rojo, blanco, frío, etc.), té helado, café (de grano, café cortado, capuchino, frío, etc.), mate o agua de hierbas (boldo, manzanilla, tilo, etc.)"
11.1.1.01.05,Producto,propinas,incluido,propinas
01.2.2.01.03,Producto,preparaciones de bebidas a base de café (como café enlatado),excluido,preparaciones de bebidas a base de café (como café enlatado) (01.2.2.01.03)
11.1.1.02.06,Producto,café,excluido,"té, café e infusiones, listos para su consumo, adquiridos en establecimientos con servicio limitado (11.1.1.02.06)"
11.1.1.02.06,Producto,infusiones,excluido,"té, café e infusiones, listos para su consumo, adquiridos en establecimientos con servicio limitado (11.1.1.02.06)"
11.1.1.02.06,Producto,listos para su consumo,excluido,"té, café e infusiones, listos para su consumo, adquiridos en establecimientos con servicio limitado (11.1.1.02.06)"
11.1.1.02.06,Producto,adquiridos en establecimientos con servicio limitado,excluido,"té, café e infusiones, listos para su consumo, adquiridos en establecimientos con servicio limitado (11.1.1.02.06)"
11.1.1.02.18,Producto,café,excluido,"té, café e infusiones, listos para su consumo, adquiridos en comercio ambulante, carritos de comida y similares (11.1.1.02.18)"
11.1.1.02.18,Producto,infusiones,excluido,"té, café e infusiones, listos para su consumo, adquiridos en comercio ambulante, carritos de comida y similares (11.1.1.02.18)"
11.1.1.02.18,Producto,listos para su consumo,excluido,"té, café e infusiones, listos para su consumo, adquiridos en comercio ambulante, carritos de comida y similares (11.1.1.02.18)"
11.1.1.02.18,Producto,adquiridos en comercio ambulante,excluido,"té, café e infusiones, listos para su consumo, adquiridos en comercio ambulante, carritos de comida y similares (11.1.1.02.18)"
11.1.1.02.18,Producto,carritos de comida,excluido,"té, café e infusiones, listos para su consumo, adquiridos en comercio ambulante, carritos de comida y similares (11.1.1.02.18)"
11.1.1.01.06,Producto,aguas minerales,incluido,"aguas minerales, jugos, bebidas gaseosas"
11.1.1.01.06,Producto,jugos,incluido,"aguas minerales, jugos, bebidas gaseosas"
11.1.1.01.06,Producto,bebidas gaseosas,incluido,"aguas minerales, jugos, bebidas gaseosas"
11.1.1.01.06,Producto,jugos naturales,incluido,"jugos naturales, limonadas y otros tipos de bebidas no alcohólicas que son preparadas en el momento o en un período breve antes de ser consumidas"
11.1.1.01.06,Producto,limonadas,incluido,"jugos naturales, limonadas y otros tipos de bebidas no alcohólicas que son preparadas en el momento o en un período breve antes de ser consumidas"
11.1.1.01.06,Producto,otros tipos de bebidas no alcohólicas que son preparadas en el momento,incluido,"jugos naturales, limonadas y otros tipos de bebidas no alcohólicas que son preparadas en el momento o en un período breve antes de ser consumidas"
11.1.1.01.06,Producto,propinas,incluido,propinas
02.1.3.01.02,Producto,cervezas sin alcohol,excluido,cervezas sin alcohol (02.1.3.01.02)
11.1.1.02.17,Producto,mote con huesillos,excluido,"mote con huesillos (11.1.1.01.04), (11.1.1.02.04), (11.1.1.02.17), según el tipo de servicio que corresponda"
11.1.1.01.05,Producto,café,excluido,"té, café e infusiones adquiridos en restaurantes, cafés y similares, con servicio completo (11.1.1.01.05)"
11.1.1.01.05,Producto,infusiones adquiridos en restaurantes,excluido,"té, café e infusiones adquiridos en restaurantes, cafés y similares, con servicio completo (11.1.1.01.05)"
11.1.1.01.05,Producto,cafés,excluido,"té, café e infusiones adquiridos en restaurantes, cafés y similares, con servicio completo (11.1.1.01.05)"
11.1.1.02.07,Producto,otras bebidas no alcohólicas,excluido,"otras bebidas no alcohólicas, listas para su consumo, adquiridas en establecimientos con servicio limitado (11.1.1.02.07)"
11.1.1.02.07,Producto,listas para su consumo,excluido,"otras bebidas no alcohólicas, listas para su consumo, adquiridas en establecimientos con servicio limitado (11.1.1.02.07)"
11.1.1.02.07,Producto,adquiridas en establecimientos con servicio limitado,excluido,"otras bebidas no alcohólicas, listas para su consumo, adquiridas en establecimientos con servicio limitado (11.1.1.02.07)"
11.1.1.02.19,Producto,otras bebidas no alcohólicas,excluido,"otras bebidas no alcohólicas, listas para su consumo, adquiridas en comercio ambulante, carritos de comida y similares (11.1.1.02.19)"
11.1.1.02.19,Producto,listas para su consumo,excluido,"otras bebidas no alcohólicas, listas para su consumo, adquiridas en comercio ambulante, carritos de comida y similares (11.1.1.02.19)"
11.1.1.02.19,Producto,adquiridas en comercio ambulante,excluido,"otras bebidas no alcohólicas, listas para su consumo, adquiridas en comercio ambulante, carritos de comida y similares (11.1.1.02.19)"
11.1.1.02.19,Producto,carritos de comida,excluido,"otras bebidas no alcohólicas, listas para su consumo, adquiridas en comercio ambulante, carritos de comida y similares (11.1.1.02.19)"
11.1.1.01.07,Producto,"vinos en todas sus variedades (comprende también oporto, vermut y jerez)",incluido,"vinos en todas sus variedades (comprende también oporto, vermut y jerez), vinos espumantes"
11.1.1.01.07,Producto,vinos espumantes,incluido,"vinos en todas sus variedades (comprende también oporto, vermut y jerez), vinos espumantes"
11.1.1.01.07,Producto,propinas,incluido,propinas
11.1.1.02.08,Producto,vinos en todas sus variedades,excluido,"vinos en todas sus variedades y vinos espumantes, adquiridos en restaurantes, cafés y similares, con servicio limitado (11.1.1.02.08)"
11.1.1.02.08,Producto,vinos espumantes,excluido,"vinos en todas sus variedades y vinos espumantes, adquiridos en restaurantes, cafés y similares, con servicio limitado (11.1.1.02.08)"
11.1.1.02.08,Producto,adquiridos en restaurantes,excluido,"vinos en todas sus variedades y vinos espumantes, adquiridos en restaurantes, cafés y similares, con servicio limitado (11.1.1.02.08)"
11.1.1.02.08,Producto,cafés,excluido,"vinos en todas sus variedades y vinos espumantes, adquiridos en restaurantes, cafés y similares, con servicio limitado (11.1.1.02.08)"
11.1.1.01.08,Producto,todo tipo de cervezas (sean artesanales o industriales),incluido,"todo tipo de cervezas (sean artesanales o industriales), como ale, lager, stout, porter, India pale ale (IPA), rubias, ámbar, rojas o negras, cervezas con sabores (cervezas con miel, maqui, arándanos, chocolate, lúcuma, etc.), maltas"
11.1.1.01.08,Producto,lager,incluido,"todo tipo de cervezas (sean artesanales o industriales), como ale, lager, stout, porter, India pale ale (IPA), rubias, ámbar, rojas o negras, cervezas con sabores (cervezas con miel, maqui, arándanos, chocolate, lúcuma, etc.), maltas"
11.1.1.01.08,Producto,stout,incluido,"todo tipo de cervezas (sean artesanales o industriales), como ale, lager, stout, porter, India pale ale (IPA), rubias, ámbar, rojas o negras, cervezas con sabores (cervezas con miel, maqui, arándanos, chocolate, lúcuma, etc.), maltas"
11.1.1.01.08,Producto,porter,incluido,"todo tipo de cervezas (sean artesanales o industriales), como ale, lager, stout, porter, India pale ale (IPA), rubias, ámbar, rojas o negras, cervezas con sabores (cervezas con miel, maqui, arándanos, chocolate, lúcuma, etc.), maltas"
11.1.1.01.08,Producto,India pale ale (IPA),incluido,"todo tipo de cervezas (sean artesanales o industriales), como ale, lager, stout, porter, India pale ale (IPA), rubias, ámbar, rojas o negras, cervezas con sabores (cervezas con miel, maqui, arándanos, chocolate, lúcuma, etc.), maltas"
11.1.1.01.08,Producto,rubias,incluido,"todo tipo de cervezas (sean artesanales o industriales), como ale, lager, stout, porter, India pale ale (IPA), rubias, ámbar, rojas o negras, cervezas con sabores (cervezas con miel, maqui, arándanos, chocolate, lúcuma, etc.), maltas"
11.1.1.01.08,Producto,ámbar,incluido,"todo tipo de cervezas (sean artesanales o industriales), como ale, lager, stout, porter, India pale ale (IPA), rubias, ámbar, rojas o negras, cervezas con sabores (cervezas con miel, maqui, arándanos, chocolate, lúcuma, etc.), maltas"
11.1.1.01.08,Producto,"cervezas con sabores (cervezas con miel, maqui, arándanos, chocolate, lúcuma, etc.)",incluido,"todo tipo de cervezas (sean artesanales o industriales), como ale, lager, stout, porter, India pale ale (IPA), rubias, ámbar, rojas o negras, cervezas con sabores (cervezas con miel, maqui, arándanos, chocolate, lúcuma, etc.), maltas"
11.1.1.01.08,Producto,maltas,incluido,"todo tipo de cervezas (sean artesanales o industriales), como ale, lager, stout, porter, India pale ale (IPA), rubias, ámbar, rojas o negras, cervezas con sabores (cervezas con miel, maqui, arándanos, chocolate, lúcuma, etc.), maltas"
11.1.1.01.08,Producto,cervezas con bajo contenido de alcohol,incluido,cervezas con bajo contenido de alcohol o sin alcohol
11.1.1.01.08,Producto,propinas,incluido,propinas
11.1.1.02.09,Producto,cervezas adquiridas en establecimientos con servicio limitado,excluido,cervezas adquiridas en establecimientos con servicio limitado (11.1.1.02.09)
11.1.1.01.09,Producto,bebidas alcohólicas,incluido,"bebidas alcohólicas tales como sidra, chicha, ron, whisky, vodka, pisco, entre otras similares, combinados de pisco, ron u otra bebida, cócteles que contengan bebidas alcohólicas, tales como terremoto, tom collins, jhon collins, caipiriña, daiquiri"
11.1.1.01.09,Producto,sidra,incluido,"bebidas alcohólicas tales como sidra, chicha, ron, whisky, vodka, pisco, entre otras similares, combinados de pisco, ron u otra bebida, cócteles que contengan bebidas alcohólicas, tales como terremoto, tom collins, jhon collins, caipiriña, daiquiri"
11.1.1.01.09,Producto,chicha,incluido,"bebidas alcohólicas tales como sidra, chicha, ron, whisky, vodka, pisco, entre otras similares, combinados de pisco, ron u otra bebida, cócteles que contengan bebidas alcohólicas, tales como terremoto, tom collins, jhon collins, caipiriña, daiquiri"
11.1.1.01.09,Producto,ron,incluido,"bebidas alcohólicas tales como sidra, chicha, ron, whisky, vodka, pisco, entre otras similares, combinados de pisco, ron u otra bebida, cócteles que contengan bebidas alcohólicas, tales como terremoto, tom collins, jhon collins, caipiriña, daiquiri"
11.1.1.01.09,Producto,whisky,incluido,"bebidas alcohólicas tales como sidra, chicha, ron, whisky, vodka, pisco, entre otras similares, combinados de pisco, ron u otra bebida, cócteles que contengan bebidas alcohólicas, tales como terremoto, tom collins, jhon collins, caipiriña, daiquiri"
11.1.1.01.09,Producto,vodka,incluido,"bebidas alcohólicas tales como sidra, chicha, ron, whisky, vodka, pisco, entre otras similares, combinados de pisco, ron u otra bebida, cócteles que contengan bebidas alcohólicas, tales como terremoto, tom collins, jhon collins, caipiriña, daiquiri"
11.1.1.01.09,Producto,pisco,incluido,"bebidas alcohólicas tales como sidra, chicha, ron, whisky, vodka, pisco, entre otras similares, combinados de pisco, ron u otra bebida, cócteles que contengan bebidas alcohólicas, tales como terremoto, tom collins, jhon collins, caipiriña, daiquiri"
11.1.1.01.09,Producto,combinados de pisco,incluido,"bebidas alcohólicas tales como sidra, chicha, ron, whisky, vodka, pisco, entre otras similares, combinados de pisco, ron u otra bebida, cócteles que contengan bebidas alcohólicas, tales como terremoto, tom collins, jhon collins, caipiriña, daiquiri"
11.1.1.01.09,Producto,otra bebida,incluido,"bebidas alcohólicas tales como sidra, chicha, ron, whisky, vodka, pisco, entre otras similares, combinados de pisco, ron u otra bebida, cócteles que contengan bebidas alcohólicas, tales como terremoto, tom collins, jhon collins, caipiriña, daiquiri"
11.1.1.01.09,Producto,cócteles que contengan bebidas alcohólicas,incluido,"bebidas alcohólicas tales como sidra, chicha, ron, whisky, vodka, pisco, entre otras similares, combinados de pisco, ron u otra bebida, cócteles que contengan bebidas alcohólicas, tales como terremoto, tom collins, jhon collins, caipiriña, daiquiri"
11.1.1.01.09,Producto,terremoto,incluido,"bebidas alcohólicas tales como sidra, chicha, ron, whisky, vodka, pisco, entre otras similares, combinados de pisco, ron u otra bebida, cócteles que contengan bebidas alcohólicas, tales como terremoto, tom collins, jhon collins, caipiriña, daiquiri"
11.1.1.01.09,Producto,tom collins,incluido,"bebidas alcohólicas tales como sidra, chicha, ron, whisky, vodka, pisco, entre otras similares, combinados de pisco, ron u otra bebida, cócteles que contengan bebidas alcohólicas, tales como terremoto, tom collins, jhon collins, caipiriña, daiquiri"
11.1.1.01.09,Producto,jhon collins,incluido,"bebidas alcohólicas tales como sidra, chicha, ron, whisky, vodka, pisco, entre otras similares, combinados de pisco, ron u otra bebida, cócteles que contengan bebidas alcohólicas, tales como terremoto, tom collins, jhon collins, caipiriña, daiquiri"
11.1.1.01.09,Producto,caipiriña,incluido,"bebidas alcohólicas tales como sidra, chicha, ron, whisky, vodka, pisco, entre otras similares, combinados de pisco, ron u otra bebida, cócteles que contengan bebidas alcohólicas, tales como terremoto, tom collins, jhon collins, caipiriña, daiquiri"
11.1.1.01.09,Producto,daiquiri,incluido,"bebidas alcohólicas tales como sidra, chicha, ron, whisky, vodka, pisco, entre otras similares, combinados de pisco, ron u otra bebida, cócteles que contengan bebidas alcohólicas, tales como terremoto, tom collins, jhon collins, caipiriña, daiquiri"
11.1.1.01.09,Producto,propinas,incluido,propinas
11.1.1.02.08,Producto,espumantes,excluido,"vinos en todas sus variedades y espumantes (11.1.1.01.07) y (11.1.1.02.08), según el tipo de servicio que corresponda"
11.1.1.02.09,Producto,cervezas,excluido,"cervezas (11.1.1.01.08) y (11.1.1.02.09), según el tipo de servicio que corresponda"
11.1.1.01.10,Producto,"entradas (ensalada surtida, ensalada chilena, sopas o consomés u otras entradas)",incluido,"entradas (ensalada surtida, ensalada chilena, sopas o consomés u otras entradas)"
11.1.1.01.10,Producto,propinas,incluido,propinas
11.1.1.01.11,Producto,ensaladas consumidas,excluido,"ensaladas consumidas como plato de fondo adquiridas en restaurantes, cafés y similares, con servicio completo (11.1.1.01.11)"
11.1.1.01.11,Producto,plato de fondo adquiridas en restaurantes,excluido,"ensaladas consumidas como plato de fondo adquiridas en restaurantes, cafés y similares, con servicio completo (11.1.1.01.11)"
11.1.1.01.11,Producto,cafés,excluido,"ensaladas consumidas como plato de fondo adquiridas en restaurantes, cafés y similares, con servicio completo (11.1.1.01.11)"
11.1.1.01.11,Producto,platos de fondo que se consumen en el almuerzo,incluido,"platos de fondo que se consumen en el almuerzo o cena y otros tipos de alimentos que pueden ser consumidos en el almuerzo o cena como sushi, pollo asado, ensaladas consumidas como plato de fondo, por ejemplo, ensalada cesar"
11.1.1.01.11,Producto,cena,incluido,"platos de fondo que se consumen en el almuerzo o cena y otros tipos de alimentos que pueden ser consumidos en el almuerzo o cena como sushi, pollo asado, ensaladas consumidas como plato de fondo, por ejemplo, ensalada cesar"
11.1.1.01.11,Producto,otros tipos de alimentos que pueden ser consumidos en el almuerzo,incluido,"platos de fondo que se consumen en el almuerzo o cena y otros tipos de alimentos que pueden ser consumidos en el almuerzo o cena como sushi, pollo asado, ensaladas consumidas como plato de fondo, por ejemplo, ensalada cesar"
11.1.1.01.11,Producto,sushi,incluido,"platos de fondo que se consumen en el almuerzo o cena y otros tipos de alimentos que pueden ser consumidos en el almuerzo o cena como sushi, pollo asado, ensaladas consumidas como plato de fondo, por ejemplo, ensalada cesar"
11.1.1.01.11,Producto,pollo asado,incluido,"platos de fondo que se consumen en el almuerzo o cena y otros tipos de alimentos que pueden ser consumidos en el almuerzo o cena como sushi, pollo asado, ensaladas consumidas como plato de fondo, por ejemplo, ensalada cesar"
11.1.1.01.11,Producto,ensaladas consumidas,incluido,"platos de fondo que se consumen en el almuerzo o cena y otros tipos de alimentos que pueden ser consumidos en el almuerzo o cena como sushi, pollo asado, ensaladas consumidas como plato de fondo, por ejemplo, ensalada cesar"
11.1.1.01.11,Producto,plato de fondo,incluido,"platos de fondo que se consumen en el almuerzo o cena y otros tipos de alimentos que pueden ser consumidos en el almuerzo o cena como sushi, pollo asado, ensaladas consumidas como plato de fondo, por ejemplo, ensalada cesar"
11.1.1.01.11,Producto,ensalada cesar,incluido,"platos de fondo que se consumen en el almuerzo o cena y otros tipos de alimentos que pueden ser consumidos en el almuerzo o cena como sushi, pollo asado, ensaladas consumidas como plato de fondo, por ejemplo, ensalada cesar"
11.1.1.01.11,Producto,propinas,incluido,propinas
11.1.1.01.10,Producto,entradas adquiridas en restaurantes,excluido,"entradas adquiridas en restaurantes, cafés y similares, con servicio completo (11.1.1.01.10)"
11.1.1.01.10,Producto,cafés,excluido,"entradas adquiridas en restaurantes, cafés y similares, con servicio completo (11.1.1.01.10)"
11.1.1.02.11,Producto,platos de fondo listos para su consumo adquiridos en establecimientos con servicio limitado,excluido,platos de fondo listos para su consumo adquiridos en establecimientos con servicio limitado (11.1.1.02.11)
11.1.1.02.21,Producto,platos de fondo listos para su consumo adquiridos en comercio ambulante,excluido,"platos de fondo listos para su consumo adquiridos en comercio ambulante, carritos de comida y similares (11.1.1.02.21)"
11.1.1.02.21,Producto,carritos de comida,excluido,"platos de fondo listos para su consumo adquiridos en comercio ambulante, carritos de comida y similares (11.1.1.02.21)"
11.1.1.01.12,Producto,desayunos completos,incluido,"desayunos completos, onces completas: té, café o bebidas, sándwiches o tostadas, masas dulces o saladas"
11.1.1.01.12,Producto,onces completas,incluido,"desayunos completos, onces completas: té, café o bebidas, sándwiches o tostadas, masas dulces o saladas"
11.1.1.01.12,Producto,café,incluido,"desayunos completos, onces completas: té, café o bebidas, sándwiches o tostadas, masas dulces o saladas"
11.1.1.01.12,Producto,bebidas,incluido,"desayunos completos, onces completas: té, café o bebidas, sándwiches o tostadas, masas dulces o saladas"
11.1.1.01.12,Producto,sándwiches,incluido,"desayunos completos, onces completas: té, café o bebidas, sándwiches o tostadas, masas dulces o saladas"
11.1.1.01.12,Producto,tostadas,incluido,"desayunos completos, onces completas: té, café o bebidas, sándwiches o tostadas, masas dulces o saladas"
11.1.1.01.12,Producto,masas dulces,incluido,"desayunos completos, onces completas: té, café o bebidas, sándwiches o tostadas, masas dulces o saladas"
11.1.1.01.12,Producto,propinas,incluido,propinas
11.1.1.01.13,Producto,menús que se consumen en almuerzos,incluido,"menús que se consumen en almuerzos o cenas donde no es posible obtener el detalle de sus platos o bebidas por separado (entrada, plato de fondo, postre, aperitivo, ensalada, bebidas alcohólicas y no alcohólicas, en cualquiera de sus combinaciones)"
11.1.1.01.13,Producto,cenas donde no es posible obtener el detalle de sus platos,incluido,"menús que se consumen en almuerzos o cenas donde no es posible obtener el detalle de sus platos o bebidas por separado (entrada, plato de fondo, postre, aperitivo, ensalada, bebidas alcohólicas y no alcohólicas, en cualquiera de sus combinaciones)"
11.1.1.01.13,Producto,"bebidas por separado (entrada, plato de fondo, postre, aperitivo, ensalada, bebidas alcohólicas y no alcohólicas, en cualquiera de sus combinaciones)",incluido,"menús que se consumen en almuerzos o cenas donde no es posible obtener el detalle de sus platos o bebidas por separado (entrada, plato de fondo, postre, aperitivo, ensalada, bebidas alcohólicas y no alcohólicas, en cualquiera de sus combinaciones)"
11.1.1.01.13,Producto,brunch (comida que sustituye al desayuno y almuerzo),incluido,brunch (comida que sustituye al desayuno y almuerzo)
11.1.1.01.13,Producto,propinas,incluido,propinas
11.1.1.01.11,Producto,platos de fondo adquiridos en restaurantes,excluido,"platos de fondo adquiridos en restaurantes, cafés y similares, con servicio completo (11.1.1.01.11)"
11.1.1.01.12,Producto,desayunos,excluido,"desayunos y onces adquiridos en restaurantes, cafés y similares, con servicio completo (11.1.1.01.12)"
11.1.1.01.12,Producto,onces adquiridos en restaurantes,excluido,"desayunos y onces adquiridos en restaurantes, cafés y similares, con servicio completo (11.1.1.01.12)"
11.1.1.01.12,Producto,cafés,excluido,"desayunos y onces adquiridos en restaurantes, cafés y similares, con servicio completo (11.1.1.01.12)"
11.1.1.02.12,Producto,menús listos para su consumo adquiridos en establecimientos con servicio limitado,excluido,menús listos para su consumo adquiridos en establecimientos con servicio limitado (11.1.1.02.12)
11.1.1.02.22,Producto,menús listos para su consumo adquiridos en comercio ambulante,excluido,"menús listos para su consumo adquiridos en comercio ambulante, carritos de comida y similares (11.1.1.02.22)"
11.1.1.02.22,Producto,carritos de comida,excluido,"menús listos para su consumo adquiridos en comercio ambulante, carritos de comida y similares (11.1.1.02.22)"
11.1.1.01.14,Producto,combos,incluido,"combos o promociones de comida rápida, tales como completos o sándwich + bebida, completos o sándwiches + bebida + papas fritas, completos o sándwich + bebida + papas + helados, etc., proporcionados por establecimientos de servicio completo"
11.1.1.01.14,Producto,promociones de comida rápida,incluido,"combos o promociones de comida rápida, tales como completos o sándwich + bebida, completos o sándwiches + bebida + papas fritas, completos o sándwich + bebida + papas + helados, etc., proporcionados por establecimientos de servicio completo"
11.1.1.01.14,Producto,completos,incluido,"combos o promociones de comida rápida, tales como completos o sándwich + bebida, completos o sándwiches + bebida + papas fritas, completos o sándwich + bebida + papas + helados, etc., proporcionados por establecimientos de servicio completo"
11.1.1.01.14,Producto,sándwich + bebida,incluido,"combos o promociones de comida rápida, tales como completos o sándwich + bebida, completos o sándwiches + bebida + papas fritas, completos o sándwich + bebida + papas + helados, etc., proporcionados por establecimientos de servicio completo"
11.1.1.01.14,Producto,sándwiches + bebida + papas fritas,incluido,"combos o promociones de comida rápida, tales como completos o sándwich + bebida, completos o sándwiches + bebida + papas fritas, completos o sándwich + bebida + papas + helados, etc., proporcionados por establecimientos de servicio completo"
11.1.1.01.14,Producto,sándwich + bebida + papas + helados,incluido,"combos o promociones de comida rápida, tales como completos o sándwich + bebida, completos o sándwiches + bebida + papas fritas, completos o sándwich + bebida + papas + helados, etc., proporcionados por establecimientos de servicio completo"
11.1.1.01.14,Producto,proporcionados por establecimientos de servicio completo,incluido,"combos o promociones de comida rápida, tales como completos o sándwich + bebida, completos o sándwiches + bebida + papas fritas, completos o sándwich + bebida + papas + helados, etc., proporcionados por establecimientos de servicio completo"
11.1.1.01.14,Producto,propinas,incluido,propinas
11.1.1.02.13,Producto,combos,excluido,combos o promociones de comida rápida adquiridos en establecimientos con servicio limitado (11.1.1.02.13)
11.1.1.02.13,Producto,promociones de comida rápida adquiridos en establecimientos con servicio limitado,excluido,combos o promociones de comida rápida adquiridos en establecimientos con servicio limitado (11.1.1.02.13)
11.1.1.02.23,Producto,combos,excluido,"combos o promociones adquiridos en comercio ambulante, carritos de comida y similares (11.1.1.02.23)"
11.1.1.02.23,Producto,promociones adquiridos en comercio ambulante,excluido,"combos o promociones adquiridos en comercio ambulante, carritos de comida y similares (11.1.1.02.23)"
11.1.1.02.23,Producto,carritos de comida,excluido,"combos o promociones adquiridos en comercio ambulante, carritos de comida y similares (11.1.1.02.23)"
11.1.1.01.88,Producto,alimentos,incluido,"alimentos y bebidas no alcohólicas que son preparados y se encuentran listos para su consumo, cuyo gasto no es posible desglosar (más de un producto con un solo valor, por ejemplo, desayuno-once-colación, entre otros)"
11.1.1.01.88,Producto,bebidas no alcohólicas que son preparados,incluido,"alimentos y bebidas no alcohólicas que son preparados y se encuentran listos para su consumo, cuyo gasto no es posible desglosar (más de un producto con un solo valor, por ejemplo, desayuno-once-colación, entre otros)"
11.1.1.01.88,Producto,"desayuno-once-colación, entre otros",incluido,"alimentos y bebidas no alcohólicas que son preparados y se encuentran listos para su consumo, cuyo gasto no es posible desglosar (más de un producto con un solo valor, por ejemplo, desayuno-once-colación, entre otros)"
11.1.1.01.99,Producto,tabaco que se consume con una pipa shisha,incluido,"tabaco que se consume con una pipa shisha o de narguile (cachimba, pipa de agua, pipa oriental, chimbombo) en restaurantes, cafés o en un establecimiento especializado (hookah lounge)"
11.1.1.01.99,Producto,cafés,incluido,"tabaco que se consume con una pipa shisha o de narguile (cachimba, pipa de agua, pipa oriental, chimbombo) en restaurantes, cafés o en un establecimiento especializado (hookah lounge)"
11.1.1.01.99,Producto,propinas,incluido,propinas
11.1.1.02.99,Producto,establecimiento especializado (hookah lounge) con servicio limitado,excluido,"tabaco que se consume con una pipa shisha o de narguile (cachimba, pipa de agua, pipa oriental, chimbombo) en restaurantes, cafés o establecimiento especializado (hookah lounge) con servicio limitado (11.1.1.02.99)"
11.1.1.02.00,Subclase,servicios de alimentos,incluido,servicios de alimentos y bebidas proporcionados por restaurantes de autoservicio
11.1.1.02.00,Subclase,bebidas proporcionados por restaurantes de autoservicio,incluido,servicios de alimentos y bebidas proporcionados por restaurantes de autoservicio
11.1.1.02.00,Subclase,alimentos,incluido,"alimentos y bebidas proporcionados por puestos de refrescos, puestos de pescado y papas fritas, puestos de venta de comida rápida sin asientos y establecimientos de comida para llevar"
11.1.1.02.00,Subclase,bebidas proporcionados por puestos de refrescos,incluido,"alimentos y bebidas proporcionados por puestos de refrescos, puestos de pescado y papas fritas, puestos de venta de comida rápida sin asientos y establecimientos de comida para llevar"
11.1.1.02.00,Subclase,puestos de pescado,incluido,"alimentos y bebidas proporcionados por puestos de refrescos, puestos de pescado y papas fritas, puestos de venta de comida rápida sin asientos y establecimientos de comida para llevar"
11.1.1.02.00,Subclase,papas fritas,incluido,"alimentos y bebidas proporcionados por puestos de refrescos, puestos de pescado y papas fritas, puestos de venta de comida rápida sin asientos y establecimientos de comida para llevar"
11.1.1.02.00,Subclase,puestos de venta de comida rápida sin asientos,incluido,"alimentos y bebidas proporcionados por puestos de refrescos, puestos de pescado y papas fritas, puestos de venta de comida rápida sin asientos y establecimientos de comida para llevar"
11.1.1.02.00,Subclase,establecimientos de comida para llevar,incluido,"alimentos y bebidas proporcionados por puestos de refrescos, puestos de pescado y papas fritas, puestos de venta de comida rápida sin asientos y establecimientos de comida para llevar"
11.1.1.02.00,Subclase,productos alimenticios,incluido,"productos alimenticios y bebidas preparados en el local y dispensados a través de máquinas expendedoras automáticas, como servicio de entrega en un restaurante de autoservicio o similar (por ejemplo, restaurantes autómatas o de servicio automatizado)"
11.1.1.02.00,Subclase,bebidas preparados en el local,incluido,"productos alimenticios y bebidas preparados en el local y dispensados a través de máquinas expendedoras automáticas, como servicio de entrega en un restaurante de autoservicio o similar (por ejemplo, restaurantes autómatas o de servicio automatizado)"
11.1.1.02.00,Subclase,dispensados a través de máquinas expendedoras automáticas,incluido,"productos alimenticios y bebidas preparados en el local y dispensados a través de máquinas expendedoras automáticas, como servicio de entrega en un restaurante de autoservicio o similar (por ejemplo, restaurantes autómatas o de servicio automatizado)"
11.1.1.02.00,Subclase,"similar (por ejemplo, restaurantes autómatas o de servicio automatizado)",incluido,"productos alimenticios y bebidas preparados en el local y dispensados a través de máquinas expendedoras automáticas, como servicio de entrega en un restaurante de autoservicio o similar (por ejemplo, restaurantes autómatas o de servicio automatizado)"
11.1.1.02.00,Subclase,bebidas para el consumo inmediato,incluido,"alimentos y bebidas para el consumo inmediato, proporcionados por kioscos, puestos de comida, carritos de comida, vendedores ambulantes y similares"
11.1.1.02.00,Subclase,proporcionados por kioscos,incluido,"alimentos y bebidas para el consumo inmediato, proporcionados por kioscos, puestos de comida, carritos de comida, vendedores ambulantes y similares"
11.1.1.02.00,Subclase,puestos de comida,incluido,"alimentos y bebidas para el consumo inmediato, proporcionados por kioscos, puestos de comida, carritos de comida, vendedores ambulantes y similares"
11.1.1.02.00,Subclase,carritos de comida,incluido,"alimentos y bebidas para el consumo inmediato, proporcionados por kioscos, puestos de comida, carritos de comida, vendedores ambulantes y similares"
11.1.1.02.00,Subclase,vendedores ambulantes,incluido,"alimentos y bebidas para el consumo inmediato, proporcionados por kioscos, puestos de comida, carritos de comida, vendedores ambulantes y similares"
11.1.1.02.00,Subclase,heladerías,incluido,heladerías y lugares para servir pasteles
11.1.1.02.00,Subclase,lugares para servir pasteles,incluido,heladerías y lugares para servir pasteles
11.1.1.02.00,Subclase,bebidas proporcionados por contratistas de banquetería,incluido,"alimentos y bebidas proporcionados por contratistas de banquetería, ya sea que los recoja el cliente o entregado a la casa del cliente"
11.1.1.02.00,Subclase,entregado a la casa del cliente,incluido,"alimentos y bebidas proporcionados por contratistas de banquetería, ya sea que los recoja el cliente o entregado a la casa del cliente"
11.1.1.02.00,Subclase,"bebidas en transporte público (buses, trenes, barcos, aviones, etc.)",incluido,"servicios de alimentos y bebidas en transporte público (buses, trenes, barcos, aviones, etc.), cuando se cobran por separado"
11.1.1.02.00,Subclase,tabaco que se consume con una pipa shisha,incluido,"tabaco que se consume con una pipa shisha o de narguile (cachimba, pipa de agua, pipa oriental, chimbombo) en restaurantes, cafés o en un establecimiento especializado (hookah lounge)"
11.1.1.02.00,Subclase,cafés,incluido,"tabaco que se consume con una pipa shisha o de narguile (cachimba, pipa de agua, pipa oriental, chimbombo) en restaurantes, cafés o en un establecimiento especializado (hookah lounge)"
11.1.1.02.00,Subclase,estupefacientes comprados en cafeterías,incluido,"estupefacientes comprados en cafeterías, si se aplica un cargo por servicio"
11.1.1.02.00,Subclase,propinas,incluido,propinas
02.3.0.00.00,Grupo,compras de tabaco,excluido,"compras de tabaco, cuando se cobran por separado (02.3.0.00.00)"
07.3.0.00.00,Grupo,bebidas en el transporte público,excluido,"servicios de alimentación y bebidas en el transporte público, si no se cobran por separado (07.3.0.00.00)"
07.4.9.02.00,Subclase,servicios de entrega de alimentos,excluido,"servicios de entrega de alimentos y bebidas (delivery), si se cobran por separado (07.4.9.02.00)"
11.1.1.02.01,Producto,"sándwiches en todas sus variedades (lomito, churrasco, vegetariano, ave mayo, lengua, pernil, etc.)",incluido,"sándwiches en todas sus variedades (lomito, churrasco, vegetariano, ave mayo, lengua, pernil, etc.), completos, chaparritas, fajitas, tacos, burritos, hamburguesas, pizzas y empanadas, masas saladas con relleno"
11.1.1.02.01,Producto,completos,incluido,"sándwiches en todas sus variedades (lomito, churrasco, vegetariano, ave mayo, lengua, pernil, etc.), completos, chaparritas, fajitas, tacos, burritos, hamburguesas, pizzas y empanadas, masas saladas con relleno"
11.1.1.02.01,Producto,chaparritas,incluido,"sándwiches en todas sus variedades (lomito, churrasco, vegetariano, ave mayo, lengua, pernil, etc.), completos, chaparritas, fajitas, tacos, burritos, hamburguesas, pizzas y empanadas, masas saladas con relleno"
11.1.1.02.01,Producto,fajitas,incluido,"sándwiches en todas sus variedades (lomito, churrasco, vegetariano, ave mayo, lengua, pernil, etc.), completos, chaparritas, fajitas, tacos, burritos, hamburguesas, pizzas y empanadas, masas saladas con relleno"
11.1.1.02.01,Producto,tacos,incluido,"sándwiches en todas sus variedades (lomito, churrasco, vegetariano, ave mayo, lengua, pernil, etc.), completos, chaparritas, fajitas, tacos, burritos, hamburguesas, pizzas y empanadas, masas saladas con relleno"
11.1.1.02.01,Producto,burritos,incluido,"sándwiches en todas sus variedades (lomito, churrasco, vegetariano, ave mayo, lengua, pernil, etc.), completos, chaparritas, fajitas, tacos, burritos, hamburguesas, pizzas y empanadas, masas saladas con relleno"
11.1.1.02.01,Producto,hamburguesas,incluido,"sándwiches en todas sus variedades (lomito, churrasco, vegetariano, ave mayo, lengua, pernil, etc.), completos, chaparritas, fajitas, tacos, burritos, hamburguesas, pizzas y empanadas, masas saladas con relleno"
11.1.1.02.01,Producto,pizzas,incluido,"sándwiches en todas sus variedades (lomito, churrasco, vegetariano, ave mayo, lengua, pernil, etc.), completos, chaparritas, fajitas, tacos, burritos, hamburguesas, pizzas y empanadas, masas saladas con relleno"
11.1.1.02.01,Producto,empanadas,incluido,"sándwiches en todas sus variedades (lomito, churrasco, vegetariano, ave mayo, lengua, pernil, etc.), completos, chaparritas, fajitas, tacos, burritos, hamburguesas, pizzas y empanadas, masas saladas con relleno"
11.1.1.02.01,Producto,masas saladas con relleno,incluido,"sándwiches en todas sus variedades (lomito, churrasco, vegetariano, ave mayo, lengua, pernil, etc.), completos, chaparritas, fajitas, tacos, burritos, hamburguesas, pizzas y empanadas, masas saladas con relleno"
11.1.1.02.01,Producto,propinas,incluido,propinas
11.1.1.01.01,Producto,masas saladas con relleno adquiridos en restaurantes con servicio completo,excluido,"sándwiches, completos, pizzas, empanadas y masas saladas con relleno adquiridos en restaurantes con servicio completo (11.1.1.01.01)"
11.1.1.01.14,Producto,combos,excluido,"combos o promociones adquiridos en restaurantes, cafés y similares con servicio completo (11.1.1.01.14)"
11.1.1.01.14,Producto,promociones adquiridos en restaurantes,excluido,"combos o promociones adquiridos en restaurantes, cafés y similares con servicio completo (11.1.1.01.14)"
11.1.1.01.14,Producto,cafés,excluido,"combos o promociones adquiridos en restaurantes, cafés y similares con servicio completo (11.1.1.01.14)"
11.1.1.01.14,Producto,similares con servicio completo,excluido,"combos o promociones adquiridos en restaurantes, cafés y similares con servicio completo (11.1.1.01.14)"
11.1.1.02.13,Producto,promociones adquiridos en establecimientos con servicio limitado,excluido,combos o promociones adquiridos en establecimientos con servicio limitado (11.1.1.02.13)
11.1.1.02.02,Producto,papas fritas,incluido,"papas fritas, sopaipillas, wantán frito, nachos, masas saladas sin relleno"
11.1.1.02.02,Producto,sopaipillas,incluido,"papas fritas, sopaipillas, wantán frito, nachos, masas saladas sin relleno"
11.1.1.02.02,Producto,wantán frito,incluido,"papas fritas, sopaipillas, wantán frito, nachos, masas saladas sin relleno"
11.1.1.02.02,Producto,nachos,incluido,"papas fritas, sopaipillas, wantán frito, nachos, masas saladas sin relleno"
11.1.1.02.02,Producto,masas saladas sin relleno,incluido,"papas fritas, sopaipillas, wantán frito, nachos, masas saladas sin relleno"
11.1.1.02.02,Producto,propinas,incluido,propinas
11.1.1.01.02,Producto,papas fritas,excluido,"papas fritas, masas saladas sin relleno y otros alimentos de picoteo listos para su consumo, adquiridos en restaurantes con servicio completo (11.1.1.01.02)"
11.1.1.01.02,Producto,masas saladas sin relleno,excluido,"papas fritas, masas saladas sin relleno y otros alimentos de picoteo listos para su consumo, adquiridos en restaurantes con servicio completo (11.1.1.01.02)"
11.1.1.01.02,Producto,otros alimentos de picoteo listos para su consumo,excluido,"papas fritas, masas saladas sin relleno y otros alimentos de picoteo listos para su consumo, adquiridos en restaurantes con servicio completo (11.1.1.01.02)"
11.1.1.01.02,Producto,adquiridos en restaurantes con servicio completo,excluido,"papas fritas, masas saladas sin relleno y otros alimentos de picoteo listos para su consumo, adquiridos en restaurantes con servicio completo (11.1.1.01.02)"
11.1.1.02.03,Producto,tortas,incluido,"tortas, pie de limón, tartaletas, churros, calzones rotos y otros productos dulces con masa, sin envasar, listos para su consumo"
11.1.1.02.03,Producto,pie de limón,incluido,"tortas, pie de limón, tartaletas, churros, calzones rotos y otros productos dulces con masa, sin envasar, listos para su consumo"
11.1.1.02.03,Producto,tartaletas,incluido,"tortas, pie de limón, tartaletas, churros, calzones rotos y otros productos dulces con masa, sin envasar, listos para su consumo"
11.1.1.02.03,Producto,churros,incluido,"tortas, pie de limón, tartaletas, churros, calzones rotos y otros productos dulces con masa, sin envasar, listos para su consumo"
11.1.1.02.03,Producto,calzones rotos,incluido,"tortas, pie de limón, tartaletas, churros, calzones rotos y otros productos dulces con masa, sin envasar, listos para su consumo"
11.1.1.02.03,Producto,otros productos dulces con masa,incluido,"tortas, pie de limón, tartaletas, churros, calzones rotos y otros productos dulces con masa, sin envasar, listos para su consumo"
11.1.1.02.03,Producto,listos para su consumo,incluido,"tortas, pie de limón, tartaletas, churros, calzones rotos y otros productos dulces con masa, sin envasar, listos para su consumo"
11.1.1.02.03,Producto,propinas,incluido,propinas
11.1.1.01.03,Producto,masas dulces,excluido,masas dulces y similares adquiridos en restaurantes con servicio completo (11.1.1.01.03)
11.1.1.01.03,Producto,similares adquiridos en restaurantes con servicio completo,excluido,masas dulces y similares adquiridos en restaurantes con servicio completo (11.1.1.01.03)
11.1.1.02.04,Producto,"helados (artesanales, industriales)",incluido,"helados (artesanales, industriales) y granizados, mote con huesillos, café helado, algodón de azúcar"
11.1.1.02.04,Producto,granizados,incluido,"helados (artesanales, industriales) y granizados, mote con huesillos, café helado, algodón de azúcar"
11.1.1.02.04,Producto,mote con huesillos,incluido,"helados (artesanales, industriales) y granizados, mote con huesillos, café helado, algodón de azúcar"
11.1.1.02.04,Producto,café helado,incluido,"helados (artesanales, industriales) y granizados, mote con huesillos, café helado, algodón de azúcar"
11.1.1.02.04,Producto,algodón de azúcar,incluido,"helados (artesanales, industriales) y granizados, mote con huesillos, café helado, algodón de azúcar"
11.1.1.02.04,Producto,propinas,incluido,propinas
11.1.1.01.04,Producto,granizados,excluido,"helados, granizados y otros postres sin masa, adquiridos en restaurantes, cafés y similares, con servicio completo (11.1.1.01.04)"
11.1.1.01.04,Producto,otros postres sin masa,excluido,"helados, granizados y otros postres sin masa, adquiridos en restaurantes, cafés y similares, con servicio completo (11.1.1.01.04)"
11.1.1.01.04,Producto,adquiridos en restaurantes,excluido,"helados, granizados y otros postres sin masa, adquiridos en restaurantes, cafés y similares, con servicio completo (11.1.1.01.04)"
11.1.1.02.05,Producto,pollos asados preparados,incluido,"pollos asados preparados y listos para su consumo (enteros, trozados, etc.)"
11.1.1.02.05,Producto,"listos para su consumo (enteros, trozados, etc.)",incluido,"pollos asados preparados y listos para su consumo (enteros, trozados, etc.)"
11.1.1.02.05,Producto,propinas,incluido,propinas
11.1.1.02.21,Producto,platos de fondo (pollo asado con puré),excluido,"platos de fondo (pollo asado con puré), según el tipo de servicios que corresponda (11.1.1.01.11, 11.1.1.02.11, 11.1.1.02.21)"
11.1.1.02.13,Producto,combos de pollo con papas fritas adquiridos en establecimientos con servicio limitado,excluido,combos de pollo con papas fritas adquiridos en establecimientos con servicio limitado (11.1.1.02.13)
11.1.1.02.06,Producto,"té (verde, rojo, blanco, etc.)",incluido,"té (verde, rojo, blanco, etc.), té helado, café (de grano, café cortado, capuchino, frío, etc.), mate o agua de hierbas (boldo, manzanilla, tilo, etc.) y otros similares"
11.1.1.02.06,Producto,té helado,incluido,"té (verde, rojo, blanco, etc.), té helado, café (de grano, café cortado, capuchino, frío, etc.), mate o agua de hierbas (boldo, manzanilla, tilo, etc.) y otros similares"
11.1.1.02.06,Producto,"café (de grano, café cortado, capuchino, frío, etc.)",incluido,"té (verde, rojo, blanco, etc.), té helado, café (de grano, café cortado, capuchino, frío, etc.), mate o agua de hierbas (boldo, manzanilla, tilo, etc.) y otros similares"
11.1.1.02.06,Producto,mate,incluido,"té (verde, rojo, blanco, etc.), té helado, café (de grano, café cortado, capuchino, frío, etc.), mate o agua de hierbas (boldo, manzanilla, tilo, etc.) y otros similares"
11.1.1.02.06,Producto,"agua de hierbas (boldo, manzanilla, tilo, etc.)",incluido,"té (verde, rojo, blanco, etc.), té helado, café (de grano, café cortado, capuchino, frío, etc.), mate o agua de hierbas (boldo, manzanilla, tilo, etc.) y otros similares"
11.1.1.02.06,Producto,otros similares,incluido,"té (verde, rojo, blanco, etc.), té helado, café (de grano, café cortado, capuchino, frío, etc.), mate o agua de hierbas (boldo, manzanilla, tilo, etc.) y otros similares"
11.1.1.02.06,Producto,propinas,incluido,propinas
11.1.1.01.05,Producto,infusiones,excluido,"té, café e infusiones, listos para su consumo, adquiridos en restaurantes, cafés y similares con servicio completo (11.1.1.01.05)"
11.1.1.01.05,Producto,listos para su consumo,excluido,"té, café e infusiones, listos para su consumo, adquiridos en restaurantes, cafés y similares con servicio completo (11.1.1.01.05)"
11.1.1.01.05,Producto,adquiridos en restaurantes,excluido,"té, café e infusiones, listos para su consumo, adquiridos en restaurantes, cafés y similares con servicio completo (11.1.1.01.05)"
11.1.1.01.05,Producto,similares con servicio completo,excluido,"té, café e infusiones, listos para su consumo, adquiridos en restaurantes, cafés y similares con servicio completo (11.1.1.01.05)"
11.1.1.02.07,Producto,aguas minerales,incluido,"aguas minerales, jugos, bebidas gaseosas"
11.1.1.02.07,Producto,jugos,incluido,"aguas minerales, jugos, bebidas gaseosas"
11.1.1.02.07,Producto,bebidas gaseosas,incluido,"aguas minerales, jugos, bebidas gaseosas"
11.1.1.02.07,Producto,jugos naturales,incluido,"jugos naturales, limonadas y otros tipos de bebidas no alcohólicas que son preparadas en el momento o en un período breve antes de ser consumidas"
11.1.1.02.07,Producto,limonadas,incluido,"jugos naturales, limonadas y otros tipos de bebidas no alcohólicas que son preparadas en el momento o en un período breve antes de ser consumidas"
11.1.1.02.07,Producto,otros tipos de bebidas no alcohólicas que son preparadas en el momento,incluido,"jugos naturales, limonadas y otros tipos de bebidas no alcohólicas que son preparadas en el momento o en un período breve antes de ser consumidas"
11.1.1.02.07,Producto,propinas,incluido,propinas
11.1.1.01.06,Producto,otras bebidas no alcohólicas,excluido,"otras bebidas no alcohólicas, listas para su consumo, adquiridas en restaurantes, cafés y similares con servicio completo (11.1.1.01.06)"
11.1.1.01.06,Producto,listas para su consumo,excluido,"otras bebidas no alcohólicas, listas para su consumo, adquiridas en restaurantes, cafés y similares con servicio completo (11.1.1.01.06)"
11.1.1.01.06,Producto,adquiridas en restaurantes,excluido,"otras bebidas no alcohólicas, listas para su consumo, adquiridas en restaurantes, cafés y similares con servicio completo (11.1.1.01.06)"
11.1.1.01.06,Producto,cafés,excluido,"otras bebidas no alcohólicas, listas para su consumo, adquiridas en restaurantes, cafés y similares con servicio completo (11.1.1.01.06)"
11.1.1.01.06,Producto,similares con servicio completo,excluido,"otras bebidas no alcohólicas, listas para su consumo, adquiridas en restaurantes, cafés y similares con servicio completo (11.1.1.01.06)"
11.1.1.02.08,Producto,"vinos en todas sus variedades (comprende también oporto, vermut y jerez)",incluido,"vinos en todas sus variedades (comprende también oporto, vermut y jerez), vinos espumantes"
11.1.1.02.08,Producto,vinos espumantes,incluido,"vinos en todas sus variedades (comprende también oporto, vermut y jerez), vinos espumantes"
11.1.1.02.08,Producto,propinas,incluido,propinas
11.1.1.01.07,Producto,vinos en todas sus variedades,excluido,"vinos en todas sus variedades y espumantes adquiridos en restaurantes, cafés y similares, con servicio completo (11.1.1.01.07)"
11.1.1.01.07,Producto,espumantes adquiridos en restaurantes,excluido,"vinos en todas sus variedades y espumantes adquiridos en restaurantes, cafés y similares, con servicio completo (11.1.1.01.07)"
11.1.1.01.07,Producto,cafés,excluido,"vinos en todas sus variedades y espumantes adquiridos en restaurantes, cafés y similares, con servicio completo (11.1.1.01.07)"
11.1.1.02.09,Producto,todo tipo de cervezas (sean artesanales o industriales),incluido,"todo tipo de cervezas (sean artesanales o industriales), como ale, lager, stout, porter, India pale ale (IPA), rubias, ámbar, rojas o negras, cervezas con sabores (cervezas con miel, maqui, arándanos, chocolate, lúcuma, etc.), maltas"
11.1.1.02.09,Producto,lager,incluido,"todo tipo de cervezas (sean artesanales o industriales), como ale, lager, stout, porter, India pale ale (IPA), rubias, ámbar, rojas o negras, cervezas con sabores (cervezas con miel, maqui, arándanos, chocolate, lúcuma, etc.), maltas"
11.1.1.02.09,Producto,stout,incluido,"todo tipo de cervezas (sean artesanales o industriales), como ale, lager, stout, porter, India pale ale (IPA), rubias, ámbar, rojas o negras, cervezas con sabores (cervezas con miel, maqui, arándanos, chocolate, lúcuma, etc.), maltas"
11.1.1.02.09,Producto,porter,incluido,"todo tipo de cervezas (sean artesanales o industriales), como ale, lager, stout, porter, India pale ale (IPA), rubias, ámbar, rojas o negras, cervezas con sabores (cervezas con miel, maqui, arándanos, chocolate, lúcuma, etc.), maltas"
11.1.1.02.09,Producto,India pale ale (IPA),incluido,"todo tipo de cervezas (sean artesanales o industriales), como ale, lager, stout, porter, India pale ale (IPA), rubias, ámbar, rojas o negras, cervezas con sabores (cervezas con miel, maqui, arándanos, chocolate, lúcuma, etc.), maltas"
11.1.1.02.09,Producto,rubias,incluido,"todo tipo de cervezas (sean artesanales o industriales), como ale, lager, stout, porter, India pale ale (IPA), rubias, ámbar, rojas o negras, cervezas con sabores (cervezas con miel, maqui, arándanos, chocolate, lúcuma, etc.), maltas"
11.1.1.02.09,Producto,ámbar,incluido,"todo tipo de cervezas (sean artesanales o industriales), como ale, lager, stout, porter, India pale ale (IPA), rubias, ámbar, rojas o negras, cervezas con sabores (cervezas con miel, maqui, arándanos, chocolate, lúcuma, etc.), maltas"
11.1.1.02.09,Producto,"cervezas con sabores (cervezas con miel, maqui, arándanos, chocolate, lúcuma, etc.)",incluido,"todo tipo de cervezas (sean artesanales o industriales), como ale, lager, stout, porter, India pale ale (IPA), rubias, ámbar, rojas o negras, cervezas con sabores (cervezas con miel, maqui, arándanos, chocolate, lúcuma, etc.), maltas"
11.1.1.02.09,Producto,maltas,incluido,"todo tipo de cervezas (sean artesanales o industriales), como ale, lager, stout, porter, India pale ale (IPA), rubias, ámbar, rojas o negras, cervezas con sabores (cervezas con miel, maqui, arándanos, chocolate, lúcuma, etc.), maltas"
11.1.1.02.09,Producto,cervezas con bajo contenido de alcohol,incluido,cervezas con bajo contenido de alcohol o sin alcohol
11.1.1.02.09,Producto,propinas,incluido,propinas
11.1.1.01.08,Producto,cervezas adquiridas en restaurantes,excluido,"cervezas adquiridas en restaurantes, cafés y similares, con servicio completo (11.1.1.01.08)"
11.1.1.01.08,Producto,cafés,excluido,"cervezas adquiridas en restaurantes, cafés y similares, con servicio completo (11.1.1.01.08)"
11.1.1.02.10,Producto,bebidas alcohólicas,incluido,"bebidas alcohólicas tales como sidra, chicha, ron, whisky, vodka, pisco, entre otras similares, combinados de pisco, ron u otra bebida, cócteles que contengan bebidas alcohólicas, tales como terremoto, tom collins, jhon collins, caipiriña, daiquiri"
11.1.1.02.10,Producto,sidra,incluido,"bebidas alcohólicas tales como sidra, chicha, ron, whisky, vodka, pisco, entre otras similares, combinados de pisco, ron u otra bebida, cócteles que contengan bebidas alcohólicas, tales como terremoto, tom collins, jhon collins, caipiriña, daiquiri"
11.1.1.02.10,Producto,chicha,incluido,"bebidas alcohólicas tales como sidra, chicha, ron, whisky, vodka, pisco, entre otras similares, combinados de pisco, ron u otra bebida, cócteles que contengan bebidas alcohólicas, tales como terremoto, tom collins, jhon collins, caipiriña, daiquiri"
11.1.1.02.10,Producto,ron,incluido,"bebidas alcohólicas tales como sidra, chicha, ron, whisky, vodka, pisco, entre otras similares, combinados de pisco, ron u otra bebida, cócteles que contengan bebidas alcohólicas, tales como terremoto, tom collins, jhon collins, caipiriña, daiquiri"
11.1.1.02.10,Producto,whisky,incluido,"bebidas alcohólicas tales como sidra, chicha, ron, whisky, vodka, pisco, entre otras similares, combinados de pisco, ron u otra bebida, cócteles que contengan bebidas alcohólicas, tales como terremoto, tom collins, jhon collins, caipiriña, daiquiri"
11.1.1.02.10,Producto,vodka,incluido,"bebidas alcohólicas tales como sidra, chicha, ron, whisky, vodka, pisco, entre otras similares, combinados de pisco, ron u otra bebida, cócteles que contengan bebidas alcohólicas, tales como terremoto, tom collins, jhon collins, caipiriña, daiquiri"
11.1.1.02.10,Producto,pisco,incluido,"bebidas alcohólicas tales como sidra, chicha, ron, whisky, vodka, pisco, entre otras similares, combinados de pisco, ron u otra bebida, cócteles que contengan bebidas alcohólicas, tales como terremoto, tom collins, jhon collins, caipiriña, daiquiri"
11.1.1.02.10,Producto,combinados de pisco,incluido,"bebidas alcohólicas tales como sidra, chicha, ron, whisky, vodka, pisco, entre otras similares, combinados de pisco, ron u otra bebida, cócteles que contengan bebidas alcohólicas, tales como terremoto, tom collins, jhon collins, caipiriña, daiquiri"
11.1.1.02.10,Producto,otra bebida,incluido,"bebidas alcohólicas tales como sidra, chicha, ron, whisky, vodka, pisco, entre otras similares, combinados de pisco, ron u otra bebida, cócteles que contengan bebidas alcohólicas, tales como terremoto, tom collins, jhon collins, caipiriña, daiquiri"
11.1.1.02.10,Producto,cócteles que contengan bebidas alcohólicas,incluido,"bebidas alcohólicas tales como sidra, chicha, ron, whisky, vodka, pisco, entre otras similares, combinados de pisco, ron u otra bebida, cócteles que contengan bebidas alcohólicas, tales como terremoto, tom collins, jhon collins, caipiriña, daiquiri"
11.1.1.02.10,Producto,terremoto,incluido,"bebidas alcohólicas tales como sidra, chicha, ron, whisky, vodka, pisco, entre otras similares, combinados de pisco, ron u otra bebida, cócteles que contengan bebidas alcohólicas, tales como terremoto, tom collins, jhon collins, caipiriña, daiquiri"
11.1.1.02.10,Producto,tom collins,incluido,"bebidas alcohólicas tales como sidra, chicha, ron, whisky, vodka, pisco, entre otras similares, combinados de pisco, ron u otra bebida, cócteles que contengan bebidas alcohólicas, tales como terremoto, tom collins, jhon collins, caipiriña, daiquiri"
11.1.1.02.10,Producto,jhon collins,incluido,"bebidas alcohólicas tales como sidra, chicha, ron, whisky, vodka, pisco, entre otras similares, combinados de pisco, ron u otra bebida, cócteles que contengan bebidas alcohólicas, tales como terremoto, tom collins, jhon collins, caipiriña, daiquiri"
11.1.1.02.10,Producto,caipiriña,incluido,"bebidas alcohólicas tales como sidra, chicha, ron, whisky, vodka, pisco, entre otras similares, combinados de pisco, ron u otra bebida, cócteles que contengan bebidas alcohólicas, tales como terremoto, tom collins, jhon collins, caipiriña, daiquiri"
11.1.1.02.10,Producto,daiquiri,incluido,"bebidas alcohólicas tales como sidra, chicha, ron, whisky, vodka, pisco, entre otras similares, combinados de pisco, ron u otra bebida, cócteles que contengan bebidas alcohólicas, tales como terremoto, tom collins, jhon collins, caipiriña, daiquiri"
11.1.1.02.10,Producto,propinas,incluido,propinas
11.1.1.02.11,Producto,plato de fondo para almuerzo,incluido,"plato de fondo para almuerzo y cena (arroz con pollo, tallarines con salsa, tortillas)"
11.1.1.02.11,Producto,"cena (arroz con pollo, tallarines con salsa, tortillas)",incluido,"plato de fondo para almuerzo y cena (arroz con pollo, tallarines con salsa, tortillas)"
11.1.1.02.11,Producto,ensaladas consumidas,incluido,"ensaladas consumidas como plato de fondo, por ejemplo, ensalada cesar"
11.1.1.02.11,Producto,plato de fondo,incluido,"ensaladas consumidas como plato de fondo, por ejemplo, ensalada cesar"
11.1.1.02.11,Producto,ensalada cesar,incluido,"ensaladas consumidas como plato de fondo, por ejemplo, ensalada cesar"
11.1.1.02.11,Producto,sushi,incluido,sushi
11.1.1.02.11,Producto,propinas,incluido,propinas
11.1.1.01.11,Producto,platos de fondo listos para su consumo adquiridos en restaurantes,excluido,"platos de fondo listos para su consumo adquiridos en restaurantes, cafés y similares con servicio completo (11.1.1.01.11)"
11.1.1.01.11,Producto,similares con servicio completo,excluido,"platos de fondo listos para su consumo adquiridos en restaurantes, cafés y similares con servicio completo (11.1.1.01.11)"
11.1.1.02.12,Producto,menús,incluido,"menús, almuerzos y cenas donde no es posible obtener el detalle de sus platos o bebidas por separado (entrada o ensalada, plato de fondo, postre, bebidas no alcohólicas, en cualquiera de sus combinaciones)"
11.1.1.02.12,Producto,almuerzos,incluido,"menús, almuerzos y cenas donde no es posible obtener el detalle de sus platos o bebidas por separado (entrada o ensalada, plato de fondo, postre, bebidas no alcohólicas, en cualquiera de sus combinaciones)"
11.1.1.02.12,Producto,cenas donde no es posible obtener el detalle de sus platos,incluido,"menús, almuerzos y cenas donde no es posible obtener el detalle de sus platos o bebidas por separado (entrada o ensalada, plato de fondo, postre, bebidas no alcohólicas, en cualquiera de sus combinaciones)"
11.1.1.02.12,Producto,"bebidas por separado (entrada o ensalada, plato de fondo, postre, bebidas no alcohólicas, en cualquiera de sus combinaciones)",incluido,"menús, almuerzos y cenas donde no es posible obtener el detalle de sus platos o bebidas por separado (entrada o ensalada, plato de fondo, postre, bebidas no alcohólicas, en cualquiera de sus combinaciones)"
11.1.1.02.12,Producto,propinas,incluido,propinas
11.1.1.01.13,Producto,menús listos para su consumo adquiridos en restaurantes,excluido,"menús listos para su consumo adquiridos en restaurantes, cafés y similares con servicio completo (11.1.1.01.13)"
11.1.1.01.13,Producto,cafés,excluido,"menús listos para su consumo adquiridos en restaurantes, cafés y similares con servicio completo (11.1.1.01.13)"
11.1.1.01.13,Producto,similares con servicio completo,excluido,"menús listos para su consumo adquiridos en restaurantes, cafés y similares con servicio completo (11.1.1.01.13)"
11.1.1.02.13,Producto,combo,incluido,"combo o promociones de comida rápida, tales como completos o sándwich + bebida, completos o sándwich + bebida + papas fritas, completos o sándwich + bebida + papas + helados, etc., proporcionados por establecimientos de servicio limitado"
11.1.1.02.13,Producto,promociones de comida rápida,incluido,"combo o promociones de comida rápida, tales como completos o sándwich + bebida, completos o sándwich + bebida + papas fritas, completos o sándwich + bebida + papas + helados, etc., proporcionados por establecimientos de servicio limitado"
11.1.1.02.13,Producto,completos,incluido,"combo o promociones de comida rápida, tales como completos o sándwich + bebida, completos o sándwich + bebida + papas fritas, completos o sándwich + bebida + papas + helados, etc., proporcionados por establecimientos de servicio limitado"
11.1.1.02.13,Producto,sándwich + bebida,incluido,"combo o promociones de comida rápida, tales como completos o sándwich + bebida, completos o sándwich + bebida + papas fritas, completos o sándwich + bebida + papas + helados, etc., proporcionados por establecimientos de servicio limitado"
11.1.1.02.13,Producto,sándwich + bebida + papas fritas,incluido,"combo o promociones de comida rápida, tales como completos o sándwich + bebida, completos o sándwich + bebida + papas fritas, completos o sándwich + bebida + papas + helados, etc., proporcionados por establecimientos de servicio limitado"
11.1.1.02.13,Producto,sándwich + bebida + papas + helados,incluido,"combo o promociones de comida rápida, tales como completos o sándwich + bebida, completos o sándwich + bebida + papas fritas, completos o sándwich + bebida + papas + helados, etc., proporcionados por establecimientos de servicio limitado"
11.1.1.02.13,Producto,proporcionados por establecimientos de servicio limitado,incluido,"combo o promociones de comida rápida, tales como completos o sándwich + bebida, completos o sándwich + bebida + papas fritas, completos o sándwich + bebida + papas + helados, etc., proporcionados por establecimientos de servicio limitado"
11.1.1.02.13,Producto,promociones de cabritas en el cine,incluido,"combo o promociones de cabritas en el cine, combo de cabritas + bebidas y otros alimentos preparados en el cine, circos, centros de entretenimiento y otros establecimientos que proveen un servicio limitado"
11.1.1.02.13,Producto,combo de cabritas + bebidas,incluido,"combo o promociones de cabritas en el cine, combo de cabritas + bebidas y otros alimentos preparados en el cine, circos, centros de entretenimiento y otros establecimientos que proveen un servicio limitado"
11.1.1.02.13,Producto,otros alimentos preparados en el cine,incluido,"combo o promociones de cabritas en el cine, combo de cabritas + bebidas y otros alimentos preparados en el cine, circos, centros de entretenimiento y otros establecimientos que proveen un servicio limitado"
11.1.1.02.13,Producto,circos,incluido,"combo o promociones de cabritas en el cine, combo de cabritas + bebidas y otros alimentos preparados en el cine, circos, centros de entretenimiento y otros establecimientos que proveen un servicio limitado"
11.1.1.02.13,Producto,centros de entretenimiento,incluido,"combo o promociones de cabritas en el cine, combo de cabritas + bebidas y otros alimentos preparados en el cine, circos, centros de entretenimiento y otros establecimientos que proveen un servicio limitado"
11.1.1.02.13,Producto,otros establecimientos que proveen un servicio limitado,incluido,"combo o promociones de cabritas en el cine, combo de cabritas + bebidas y otros alimentos preparados en el cine, circos, centros de entretenimiento y otros establecimientos que proveen un servicio limitado"
11.1.1.02.13,Producto,propinas,incluido,propinas
11.1.1.02.14,Producto,"sándwiches en todas sus variedades (lomito, churrasco, vegetariano, ave mayo, lengua, pernil, etc.)",incluido,"sándwiches en todas sus variedades (lomito, churrasco, vegetariano, ave mayo, lengua, pernil, etc.), completos, chaparritas, fajitas, tacos, burritos, hamburguesas, pizzas y empanadas, masas saladas con relleno"
11.1.1.02.14,Producto,completos,incluido,"sándwiches en todas sus variedades (lomito, churrasco, vegetariano, ave mayo, lengua, pernil, etc.), completos, chaparritas, fajitas, tacos, burritos, hamburguesas, pizzas y empanadas, masas saladas con relleno"
11.1.1.02.14,Producto,chaparritas,incluido,"sándwiches en todas sus variedades (lomito, churrasco, vegetariano, ave mayo, lengua, pernil, etc.), completos, chaparritas, fajitas, tacos, burritos, hamburguesas, pizzas y empanadas, masas saladas con relleno"
11.1.1.02.14,Producto,fajitas,incluido,"sándwiches en todas sus variedades (lomito, churrasco, vegetariano, ave mayo, lengua, pernil, etc.), completos, chaparritas, fajitas, tacos, burritos, hamburguesas, pizzas y empanadas, masas saladas con relleno"
11.1.1.02.14,Producto,tacos,incluido,"sándwiches en todas sus variedades (lomito, churrasco, vegetariano, ave mayo, lengua, pernil, etc.), completos, chaparritas, fajitas, tacos, burritos, hamburguesas, pizzas y empanadas, masas saladas con relleno"
11.1.1.02.14,Producto,burritos,incluido,"sándwiches en todas sus variedades (lomito, churrasco, vegetariano, ave mayo, lengua, pernil, etc.), completos, chaparritas, fajitas, tacos, burritos, hamburguesas, pizzas y empanadas, masas saladas con relleno"
11.1.1.02.14,Producto,hamburguesas,incluido,"sándwiches en todas sus variedades (lomito, churrasco, vegetariano, ave mayo, lengua, pernil, etc.), completos, chaparritas, fajitas, tacos, burritos, hamburguesas, pizzas y empanadas, masas saladas con relleno"
11.1.1.02.14,Producto,pizzas,incluido,"sándwiches en todas sus variedades (lomito, churrasco, vegetariano, ave mayo, lengua, pernil, etc.), completos, chaparritas, fajitas, tacos, burritos, hamburguesas, pizzas y empanadas, masas saladas con relleno"
11.1.1.02.14,Producto,empanadas,incluido,"sándwiches en todas sus variedades (lomito, churrasco, vegetariano, ave mayo, lengua, pernil, etc.), completos, chaparritas, fajitas, tacos, burritos, hamburguesas, pizzas y empanadas, masas saladas con relleno"
11.1.1.02.14,Producto,masas saladas con relleno,incluido,"sándwiches en todas sus variedades (lomito, churrasco, vegetariano, ave mayo, lengua, pernil, etc.), completos, chaparritas, fajitas, tacos, burritos, hamburguesas, pizzas y empanadas, masas saladas con relleno"
11.1.1.01.01,Producto,sándwich,excluido,"sándwich, completos, pizzas, empanadas y masas saladas con relleno adquiridos en restaurantes, cafés y similares con servicio completo (11.1.1.01.01)"
11.1.1.01.01,Producto,similares con servicio completo,excluido,"sándwich, completos, pizzas, empanadas y masas saladas con relleno adquiridos en restaurantes, cafés y similares con servicio completo (11.1.1.01.01)"
11.1.1.02.01,Producto,sándwich,excluido,"sándwich, completos, pizzas, empanadas y masas saladas con relleno adquiridos en establecimientos con servicio limitado (11.1.1.02.01)"
11.1.1.02.15,Producto,papas fritas,incluido,"papas fritas, sopaipillas, wantán frito, nachos, masas saladas sin relleno"
11.1.1.02.15,Producto,sopaipillas,incluido,"papas fritas, sopaipillas, wantán frito, nachos, masas saladas sin relleno"
11.1.1.02.15,Producto,wantán frito,incluido,"papas fritas, sopaipillas, wantán frito, nachos, masas saladas sin relleno"
11.1.1.02.15,Producto,nachos,incluido,"papas fritas, sopaipillas, wantán frito, nachos, masas saladas sin relleno"
11.1.1.02.15,Producto,masas saladas sin relleno,incluido,"papas fritas, sopaipillas, wantán frito, nachos, masas saladas sin relleno"
11.1.1.01.02,Producto,adquiridos en restaurantes,excluido,"papas fritas, masas saladas sin relleno y otros alimentos de picoteo listos para su consumo, adquiridos en restaurantes, cafés y similares con servicio completo (11.1.1.01.02)"
11.1.1.01.02,Producto,similares con servicio completo,excluido,"papas fritas, masas saladas sin relleno y otros alimentos de picoteo listos para su consumo, adquiridos en restaurantes, cafés y similares con servicio completo (11.1.1.01.02)"
11.1.1.02.16,Producto,tortas,incluido,"tortas, pie de limón, tartaletas, churros, calzones rotos y otros productos dulces con masa, sin envasar, listos para su consumo"
11.1.1.02.16,Producto,pie de limón,incluido,"tortas, pie de limón, tartaletas, churros, calzones rotos y otros productos dulces con masa, sin envasar, listos para su consumo"
11.1.1.02.16,Producto,tartaletas,incluido,"tortas, pie de limón, tartaletas, churros, calzones rotos y otros productos dulces con masa, sin envasar, listos para su consumo"
11.1.1.02.16,Producto,churros,incluido,"tortas, pie de limón, tartaletas, churros, calzones rotos y otros productos dulces con masa, sin envasar, listos para su consumo"
11.1.1.02.16,Producto,calzones rotos,incluido,"tortas, pie de limón, tartaletas, churros, calzones rotos y otros productos dulces con masa, sin envasar, listos para su consumo"
11.1.1.02.16,Producto,otros productos dulces con masa,incluido,"tortas, pie de limón, tartaletas, churros, calzones rotos y otros productos dulces con masa, sin envasar, listos para su consumo"
11.1.1.02.16,Producto,listos para su consumo,incluido,"tortas, pie de limón, tartaletas, churros, calzones rotos y otros productos dulces con masa, sin envasar, listos para su consumo"
11.1.1.02.17,Producto,"helados (artesanales, industriales)",incluido,"helados (artesanales, industriales) y granizados, mote con huesillos, café helado, algodón de azúcar"
11.1.1.02.17,Producto,granizados,incluido,"helados (artesanales, industriales) y granizados, mote con huesillos, café helado, algodón de azúcar"
11.1.1.02.17,Producto,mote con huesillos,incluido,"helados (artesanales, industriales) y granizados, mote con huesillos, café helado, algodón de azúcar"
11.1.1.02.17,Producto,café helado,incluido,"helados (artesanales, industriales) y granizados, mote con huesillos, café helado, algodón de azúcar"
11.1.1.02.17,Producto,algodón de azúcar,incluido,"helados (artesanales, industriales) y granizados, mote con huesillos, café helado, algodón de azúcar"
11.1.1.02.18,Producto,"té (verde, rojo, blanco, etc.)",incluido,"té (verde, rojo, blanco, etc.), té helado, café (de grano, café cortado, capuchino, frío, etc.), mate o agua de hierba (boldo, manzanilla, tilo, etc.) y otros similares"
11.1.1.02.18,Producto,té helado,incluido,"té (verde, rojo, blanco, etc.), té helado, café (de grano, café cortado, capuchino, frío, etc.), mate o agua de hierba (boldo, manzanilla, tilo, etc.) y otros similares"
11.1.1.02.18,Producto,"café (de grano, café cortado, capuchino, frío, etc.)",incluido,"té (verde, rojo, blanco, etc.), té helado, café (de grano, café cortado, capuchino, frío, etc.), mate o agua de hierba (boldo, manzanilla, tilo, etc.) y otros similares"
11.1.1.02.18,Producto,mate,incluido,"té (verde, rojo, blanco, etc.), té helado, café (de grano, café cortado, capuchino, frío, etc.), mate o agua de hierba (boldo, manzanilla, tilo, etc.) y otros similares"
11.1.1.02.18,Producto,"agua de hierba (boldo, manzanilla, tilo, etc.)",incluido,"té (verde, rojo, blanco, etc.), té helado, café (de grano, café cortado, capuchino, frío, etc.), mate o agua de hierba (boldo, manzanilla, tilo, etc.) y otros similares"
11.1.1.02.18,Producto,otros similares,incluido,"té (verde, rojo, blanco, etc.), té helado, café (de grano, café cortado, capuchino, frío, etc.), mate o agua de hierba (boldo, manzanilla, tilo, etc.) y otros similares"
11.1.1.02.19,Producto,aguas minerales,incluido,"aguas minerales, jugos, bebidas gaseosas"
11.1.1.02.19,Producto,jugos,incluido,"aguas minerales, jugos, bebidas gaseosas"
11.1.1.02.19,Producto,bebidas gaseosas,incluido,"aguas minerales, jugos, bebidas gaseosas"
11.1.1.02.19,Producto,jugos naturales,incluido,"jugos naturales, limonadas y otros tipos de bebidas no alcohólicas que son preparados en el momento o en un período breve antes de ser consumidas"
11.1.1.02.19,Producto,limonadas,incluido,"jugos naturales, limonadas y otros tipos de bebidas no alcohólicas que son preparados en el momento o en un período breve antes de ser consumidas"
11.1.1.02.19,Producto,otros tipos de bebidas no alcohólicas que son preparados en el momento,incluido,"jugos naturales, limonadas y otros tipos de bebidas no alcohólicas que son preparados en el momento o en un período breve antes de ser consumidas"
11.1.1.02.20,Producto,cervezas,incluido,cervezas
11.1.1.02.20,Producto,mojitos,incluido,"mojitos, terremotos y otros tipos de bebidas alcohólicas que son preparados en el momento o en un período breve antes de ser consumidas"
11.1.1.02.20,Producto,terremotos,incluido,"mojitos, terremotos y otros tipos de bebidas alcohólicas que son preparados en el momento o en un período breve antes de ser consumidas"
11.1.1.02.20,Producto,otros tipos de bebidas alcohólicas que son preparados en el momento,incluido,"mojitos, terremotos y otros tipos de bebidas alcohólicas que son preparados en el momento o en un período breve antes de ser consumidas"
11.1.1.02.10,Producto,bebidas alcohólicas fermentadas,excluido,"bebidas alcohólicas fermentadas o destiladas (11.1.1.01.09) y (11.1.1.02.10), según el tipo de servicio que corresponda"
11.1.1.02.10,Producto,destiladas,excluido,"bebidas alcohólicas fermentadas o destiladas (11.1.1.01.09) y (11.1.1.02.10), según el tipo de servicio que corresponda"
11.1.1.02.21,Producto,plato de fondo para almuerzo,incluido,"plato de fondo para almuerzo y cena (arroz con pollo, tallarines con salsa, tortillas, etc.)"
11.1.1.02.21,Producto,"cena (arroz con pollo, tallarines con salsa, tortillas, etc.)",incluido,"plato de fondo para almuerzo y cena (arroz con pollo, tallarines con salsa, tortillas, etc.)"
11.1.1.02.21,Producto,ensaladas consumidas,incluido,"ensaladas consumidas como plato de fondo, por ejemplo, ensalada cesar"
11.1.1.02.21,Producto,plato de fondo,incluido,"ensaladas consumidas como plato de fondo, por ejemplo, ensalada cesar"
11.1.1.02.21,Producto,ensalada cesar,incluido,"ensaladas consumidas como plato de fondo, por ejemplo, ensalada cesar"
11.1.1.02.21,Producto,sushi,incluido,sushi
11.1.1.02.22,Producto,menús,incluido,"menús, almuerzos y cenas donde no es posible obtener el detalle de sus platos o bebidas por separado (entrada o ensalada, plato de fondo, postre, bebidas no alcohólicas, en cualquiera de sus combinaciones)"
11.1.1.02.22,Producto,almuerzos,incluido,"menús, almuerzos y cenas donde no es posible obtener el detalle de sus platos o bebidas por separado (entrada o ensalada, plato de fondo, postre, bebidas no alcohólicas, en cualquiera de sus combinaciones)"
11.1.1.02.22,Producto,cenas donde no es posible obtener el detalle de sus platos,incluido,"menús, almuerzos y cenas donde no es posible obtener el detalle de sus platos o bebidas por separado (entrada o ensalada, plato de fondo, postre, bebidas no alcohólicas, en cualquiera de sus combinaciones)"
11.1.1.02.22,Producto,"bebidas por separado (entrada o ensalada, plato de fondo, postre, bebidas no alcohólicas, en cualquiera de sus combinaciones)",incluido,"menús, almuerzos y cenas donde no es posible obtener el detalle de sus platos o bebidas por separado (entrada o ensalada, plato de fondo, postre, bebidas no alcohólicas, en cualquiera de sus combinaciones)"
11.1.1.02.23,Producto,combos,incluido,combos o promociones de comida rápida
11.1.1.02.23,Producto,promociones de comida rápida,incluido,combos o promociones de comida rápida
11.1.1.02.14,Producto,sándwich,excluido,"sándwich, completos, pizzas, empanadas y masas saladas con relleno adquiridos en comercio ambulante (11.1.1.02.14)"
11.1.1.02.24,Producto,productos alimenticios,incluido,"productos alimenticios y bebidas preparados en el local y dispensados a través de máquinas expendedoras automáticas, como servicio de entrega en un restaurante de autoservicio o similar (por ejemplo, restaurantes autómatas o de servicio automatizado)"
11.1.1.02.24,Producto,bebidas preparados en el local,incluido,"productos alimenticios y bebidas preparados en el local y dispensados a través de máquinas expendedoras automáticas, como servicio de entrega en un restaurante de autoservicio o similar (por ejemplo, restaurantes autómatas o de servicio automatizado)"
11.1.1.02.24,Producto,dispensados a través de máquinas expendedoras automáticas,incluido,"productos alimenticios y bebidas preparados en el local y dispensados a través de máquinas expendedoras automáticas, como servicio de entrega en un restaurante de autoservicio o similar (por ejemplo, restaurantes autómatas o de servicio automatizado)"
11.1.1.02.24,Producto,"similar (por ejemplo, restaurantes autómatas o de servicio automatizado)",incluido,"productos alimenticios y bebidas preparados en el local y dispensados a través de máquinas expendedoras automáticas, como servicio de entrega en un restaurante de autoservicio o similar (por ejemplo, restaurantes autómatas o de servicio automatizado)"
11.1.1.02.25,Producto,alimentos,incluido,alimentos y bebidas preparados y listos para su consumo que son entregados por un servicio de banquetería de forma agregada
11.1.1.02.25,Producto,bebidas preparados,incluido,alimentos y bebidas preparados y listos para su consumo que son entregados por un servicio de banquetería de forma agregada
11.1.1.02.25,Producto,listos para su consumo que son entregados por un servicio de banquetería de forma agregada,incluido,alimentos y bebidas preparados y listos para su consumo que son entregados por un servicio de banquetería de forma agregada
13.9.1.09.08,Producto,pagos por servicios,excluido,"pagos por servicios y eventos no religiosos, sin servicio de banquetería. (13.9.1.09.08)"
13.9.1.09.08,Producto,eventos no religiosos,excluido,"pagos por servicios y eventos no religiosos, sin servicio de banquetería. (13.9.1.09.08)"
11.1.1.02.26,Producto,alimentos,incluido,alimentos y bebidas preparados y listos para su consumo que son entregados por servicios de transporte
11.1.1.02.26,Producto,bebidas preparados,incluido,alimentos y bebidas preparados y listos para su consumo que son entregados por servicios de transporte
11.1.1.02.26,Producto,listos para su consumo que son entregados por servicios de transporte,incluido,alimentos y bebidas preparados y listos para su consumo que son entregados por servicios de transporte
11.1.1.02.88,Producto,alimentos,incluido,"alimentos y bebidas no alcohólicas que son preparados y se encuentran listos para su consumo, cuyo gasto no es posible desglosar (más de un producto con un solo valor, por ejemplo, desayuno-once-colación, entre otros)"
11.1.1.02.88,Producto,bebidas no alcohólicas que son preparados,incluido,"alimentos y bebidas no alcohólicas que son preparados y se encuentran listos para su consumo, cuyo gasto no es posible desglosar (más de un producto con un solo valor, por ejemplo, desayuno-once-colación, entre otros)"
11.1.1.02.88,Producto,"desayuno-once-colación, entre otros",incluido,"alimentos y bebidas no alcohólicas que son preparados y se encuentran listos para su consumo, cuyo gasto no es posible desglosar (más de un producto con un solo valor, por ejemplo, desayuno-once-colación, entre otros)"
11.1.1.02.99,Producto,tabaco que se consume con una pipa shisha,incluido,"tabaco que se consume con una pipa shisha o de narguile (cachimba, pipa de agua, pipa oriental, chimbombo) en restaurantes, cafés o en un establecimiento especializado (hookah lounge) de servicio limitado"
11.1.1.02.99,Producto,cafés,incluido,"tabaco que se consume con una pipa shisha o de narguile (cachimba, pipa de agua, pipa oriental, chimbombo) en restaurantes, cafés o en un establecimiento especializado (hookah lounge) de servicio limitado"
11.1.1.01.99,Producto,tabaco que se consume con una pipa shisha,excluido,"tabaco que se consume con una pipa shisha o de narguile (cachimba, pipa de agua, pipa oriental, chimbombo) en restaurantes, cafés o establecimiento especializado (hookah lounge), con servicio completo (11.1.1.01.99)"
11.1.1.01.99,Producto,cafés,excluido,"tabaco que se consume con una pipa shisha o de narguile (cachimba, pipa de agua, pipa oriental, chimbombo) en restaurantes, cafés o establecimiento especializado (hookah lounge), con servicio completo (11.1.1.01.99)"
11.1.1.01.99,Producto,establecimiento especializado (hookah lounge),excluido,"tabaco que se consume con una pipa shisha o de narguile (cachimba, pipa de agua, pipa oriental, chimbombo) en restaurantes, cafés o establecimiento especializado (hookah lounge), con servicio completo (11.1.1.01.99)"
11.1.2.00.00,Clase,casinos de alimentación universitarios,incluido,"casinos de alimentación universitarios, salas y comedores para militares"
11.1.2.00.00,Clase,salas,incluido,"casinos de alimentación universitarios, salas y comedores para militares"
11.1.2.00.00,Clase,comedores para militares,incluido,"casinos de alimentación universitarios, salas y comedores para militares"
10.5.0.00.00,Grupo,alimentos,excluido,"alimentos y bebidas proporcionados por escuelas, universidades y otros establecimientos educacionales, si no se cobran por separado (10.1.0.00.00) al (10.5.0.00.00)"
10.5.0.00.00,Grupo,bebidas proporcionados por escuelas,excluido,"alimentos y bebidas proporcionados por escuelas, universidades y otros establecimientos educacionales, si no se cobran por separado (10.1.0.00.00) al (10.5.0.00.00)"
10.5.0.00.00,Grupo,universidades,excluido,"alimentos y bebidas proporcionados por escuelas, universidades y otros establecimientos educacionales, si no se cobran por separado (10.1.0.00.00) al (10.5.0.00.00)"
10.5.0.00.00,Grupo,otros establecimientos educacionales,excluido,"alimentos y bebidas proporcionados por escuelas, universidades y otros establecimientos educacionales, si no se cobran por separado (10.1.0.00.00) al (10.5.0.00.00)"
06.3.0.00.00,Grupo,alimentos,excluido,"alimentos y bebidas proporcionados a pacientes hospitalizados, si no se cobran por separado (06.3.0.00.00)"
06.3.0.00.00,Grupo,bebidas proporcionados a pacientes hospitalizados,excluido,"alimentos y bebidas proporcionados a pacientes hospitalizados, si no se cobran por separado (06.3.0.00.00)"
11.1.2.01.00,Subclase,comedores de jardines infantiles,incluido,comedores de jardines infantiles
11.1.2.01.00,Subclase,comedores escolares,incluido,comedores escolares
11.1.2.01.00,Subclase,casinos de alimentación universitarios,incluido,casinos de alimentación universitarios
11.1.2.01.01,Producto,comedores de jardines infantiles,incluido,comedores de jardines infantiles
11.1.2.01.01,Producto,comedores escolares,incluido,comedores escolares
11.1.2.01.01,Producto,casinos de alimentación universitarios,incluido,casinos de alimentación universitarios
11.1.2.09.00,Subclase,salas,incluido,salas y comedores militares
11.1.2.09.00,Subclase,comedores militares,incluido,salas y comedores militares
11.1.2.09.01,Producto,salas,incluido,salas y comedores militares
11.1.2.09.01,Producto,comedores militares,incluido,salas y comedores militares
11.1.2.01.01,Producto,alimentos,excluido,"alimentos y bebidas proporcionados por comedores y cafeterías de universidades, escuelas y jardines infantiles (11.1.2.01.01)"
11.1.2.01.01,Producto,bebidas proporcionados por comedores,excluido,"alimentos y bebidas proporcionados por comedores y cafeterías de universidades, escuelas y jardines infantiles (11.1.2.01.01)"
11.1.2.01.01,Producto,cafeterías de universidades,excluido,"alimentos y bebidas proporcionados por comedores y cafeterías de universidades, escuelas y jardines infantiles (11.1.2.01.01)"
11.1.2.01.01,Producto,escuelas,excluido,"alimentos y bebidas proporcionados por comedores y cafeterías de universidades, escuelas y jardines infantiles (11.1.2.01.01)"
11.1.2.01.01,Producto,jardines infantiles,excluido,"alimentos y bebidas proporcionados por comedores y cafeterías de universidades, escuelas y jardines infantiles (11.1.2.01.01)"
06.3.0.00.00,Grupo,bebidas proporcionados a pacientes hospitalizados si no se cobran por separado,excluido,alimentos y bebidas proporcionados a pacientes hospitalizados si no se cobran por separado (06.3.0.00.00)
