id,text
0117,espinacas
0722,"lubricantes, líquidos de frenos y transmisión, refrigerantes y aditivos"
1111,"desayunos, comidas y otros alimentos y bebidas proporcionados en el alojamiento y establecimientos similares, si se cobran por separado (11.1.1.00.00)"
0944,arriendo de quitasoles y sillas de playa
0113,"choritos, choros o choro maltón vivos, frescos, refrigerados o congelados"
0641,servicios de diagnóstico por imágenes y servicios de laboratorio médico no asociados a un servicio de hospitalización (06.4.1.00.00)
0613,rampas portátiles
0321,"sandalias, chalas, hawaianas para lactantes"
1391,"pagos por servicios de asesoramiento y de profesionales, tales como contadores, ingenieros, constructores, arquitectos, entre otros"
0444,"servicios de jardinería, como paisajismo (04.4.4.09.99) o servicios de jardineros (05.6.2.01.01)"
0122,"preparaciones de bebidas a base de café y cafés preparados (embotellados, enlatados, envasado de cartón y similares)"
0112,patés y otras pastas de carne para untar
1221,gastos financieros en intereses por préstamos otorgados por otras instituciones de intermediación financiera reguladas por la Comisión para el Mercado Financiero (CMF)
1321,"relojes, joyas, gemelos, alfileres de corbatas (13.2.1.01.00)"
0971,"todo tipo de libros, educativos o no, incluyendo atlas, diccionarios, enciclopedias, libros de música, guías, etc"
1211,cargos por servicio de seguros funerarios
1331,"los servicios de asistencia social se relacionan con la atención que permite a una persona vivir independientemente en una casa o departamento, actividades comunitarias y apoyo laboral que se brinda de manera continua o recurrente a las personas, como actividades cuyo propósito principal es social y de ocio (13.3.1.03.01)"
0117,kocho (pan plano hecho de tallo vegetal)
0561,"cepillos para platos, esponjas de uso doméstico, estropajos, viruta de acero"
0730,servicios de transporte de pasajeros (07.3.0.00.00)
0114,leche de coco para beber
0561,"betunes, cremas y otros artículos de limpieza de zapatos (escobilla para zapatos)"
0117,"pepinos frescos o refrigerados como pepino maduro, pepino verde"
0111,cebada
0713,bicicletas y triciclos de todo tipo
1111,consumo realizado al interior de pubs y restaurantes (11.1.1.02.00)
1011,jardines educacionales (10.1.1.01.00)
0613,"órtesis (refuerzo, férula u otro dispositivo externo artificial que sirva para apoyar la pierna, la columna vertebral, el cuello, la mano)"
0947,entradas a casinos para apuestas de juegos y máquinas tragamonedas (09.4.7.01.02)
0532,abrelatas
1391,"pagos por el uso de baños públicos en centros comerciales, terminales de buses, etc"
1329,carteras de todo tipo
0921,juegos o artículos de bromas
0444,"gastos de reparación (arreglo de desperfectos o deterioros de los bienes de dominio común o el reemplazo de artefactos, piezas o partes de estos)"
1031,"nivel 4 de CINE 2011: la educación postsecundaria no terciaria proporciona experiencias de aprendizaje basadas en la educación secundaria, preparando para el ingreso al mercado laboral, así como para la educación superior. Apunta a la adquisición individual de conocimientos, habilidades y competencias más bajas que el nivel de complejidad que caracteriza a la educación superior. La educación postsecundaria no terciaria generalmente está diseñada para personas que completan la educación secundaria superior sin las cualificaciones requeridas para el paso a la educación superior y/o para personas que buscan determinados tipos de empleos cuando sus cualificaciones secundarias no otorgan tal acceso. Por ejemplo, los graduados de programas secundarios generales pueden elegir completar una cualificación vocacional no terciaria"
0622,"servicios de control y seguimiento después de que los síntomas aparezcan, sin hospitalización (06.2.2.00.00, 06.2.3.00.00)"
0312,polerones de buzo para niña (03.1.2.02.06)
0410,arriendos pagados por arrendatarios o subarrendatarios que ocupan edificaciones sin amoblar o amoblados como su vivienda principal
0111,cabellos de ángel largos o cortos
0111,harina integral de trigo (01.1.1.02.99)
0312,"camisas para hombre, si se adquieren por separado (03.1.2.01.07)"
0611,medicamentos para el aparato genitourinario y hormonas sexuales (06.1.1.01.03)
0612,"bandas protectoras o parches curita, gasas quirúrgicas, vendas, vendas elásticas, vendas de yeso, agujas hipodérmicas, jeringas, bolsas de orina, dispositivos externos para la incontinencia urinaria, máscaras de oxígeno, bajalenguas, botiquines de primeros auxilios, compresas frío/calor (entre las que se encuentran las ice packs), bolsas de gel para frío o calor, patos para orinar, chatas, humidificadores de uso médico, inhaladores, aspirador nasal, nebulizadores, ventiladores y concentradores de oxígeno"
0931,"cobros por servicio de entrega de plantas, arbustos, árboles y flores artificiales si no se cobran por separado"
0931,semillas para siembra (09.3.1.02.02)
0721,"productos específicamente para el mantenimiento del vehículo automotor, tales como cobertores para vehículos automotores, lonas protectoras de carga, cubrepisos de goma (delanteros o traseros), cubre volantes, sombrillas para vehículos automotores, cortinas para vehículos automotores, velocímetros, odómetros, medidores de temperatura, tacómetros, otros tipos de medidores, tapabarros, antiempañantes para vidrios, puntas de encendedor para vehículos automotores, tapas de válvula para neumáticos, tapas de bencina, papeleros de tela, basureros para vehículos automotores, portavasos, cubre cinturones, colas antiestática, puntas escape cromadas, micas, tomas de aire, bocinas caracol, bocinas de aire, sensores de retroceso, reparadores de pinchazo, tapas de ruedas (si se compran por separado), cables roba corriente, cargadores de batería de vehículos automotores, gatas hidráulicas, llaves de cruz, llaves de bujías"
0511,"juegos de comedor, mesas de comedor, sillas para comedor, pisos de comedor, buffet o bufé, vitrinas y otros muebles de comedor"
0118,merengues para decorar (01.1.8.09.03)
1391,pago por inscripción y autorización para portar armas de fuego
0122,preparaciones de bebidas a base de café
0813,cámaras web o webcams (08.1.3.02.99)
0321,polainas de motocicletas o de trajes típicos o tradicionales (03.2.1.05.01)
0721,"cadenas de seguridad antirrobos, candados de seguridad antirrobos, seguros antirrobos para tapa de ruedas, triángulos, equipos de GPS (posicionamiento por satélite) para motocicletas, extintores de incendio para motocicletas, recargas de extintores, cadenas para la nieve, cascos protectores para motocicletas, cascos protectores con cámaras incorporadas, chalecos reflectantes, máscaras para protección, sillas de bebés y niños para motocicletas"
1311,aparatos eléctricos para alisar o planchar el pelo
0312,"pantalones cortos (shorts), bermudas y trajes de baño escolares en su versión deportiva"
0963,"servicios de fotógrafos, tales como revelado de rollos fotográficos, impresiones de fotos, ampliaciones de fotos, fotografías de retratos, fotografías y videos de eventos (por ejemplo, matrimonios), etc"
0724,cobros por estacionamientos como los de centros comerciales contratados por algunas horas o menos tiempo (incluido el servicio del estacionador de autos o valet parking)
0213,malta
0835,arriendo de equipos de telefonía inalámbrica
0111,"galletas saladas, galletas de agua, galletas de soda, galletas de avena, galletas de linaza, galletas de salvado de trigo, entre otras (que sean envasadas o granel), incluye versiones light o dietéticas"
0621,servicios de inmunización/vacunación
0946,transporte por teleférico y telesilla (andarivel o aerosilla) en estaciones de esquí y en centros recreacionales (09.4.6.02.02)
0971,"fascículos, tabla periódica"
0511,"mesas de centro, mesas laterales, mesas para poner el teléfono, arrimos, racks, modulares de living, repisas de living, bibliotecas, bares y esquineros"
0839,"radiotelefonía, radiotelegrafía y servicios radiotelex"
0111,harina de quinoa (01.1.1.02.99)
1111,"sándwiches, completos, pizzas, empanadas y masas saladas con relleno adquiridos en establecimientos con servicio limitado (11.1.1.02.01)"
0931,azufre para jardinería
0552,cuchillo cartonero o tip-top (05.5.2.01.99)
0117,"papas desmenuzadas o molidas, puré de papas instantáneo"
1329,"artículos personales diversos como lentes de sol, lentes protectores, bastones, paraguas y sombrillas de uso personal, abanicos, llaveros, organizadores de pastillas, tapones para los oídos, etc"
0117,arvejas frescas (01.1.7.03.01)
1312,pestañas postizas
0114,yemas de huevo frescas o en conserva
0552,pulverizadoras manuales (05.5.2.01.99)
1391,"servicio de contratación de garzones, cocineros, grupos musicales (orquestas), etc"
0118,malvaviscos bañados en chocolate (01.1.8.05.01)
0922,"artículos para jugar en la playa y al aire libre, como paletas de playa, discos voladores (frisbees) y pelotas de vóleibol"
0946,"clases y actividades de cocina, tales como clases de pastelería, coctelería, repostería y gastronomía en general"
1121,"búngalos o bungalows, chalets, cabañas, cabañas rústicas y casas de campo"
0741,servicios de mensajería para encomiendas pequeñas
0562,"limpieza en seco, lavado y teñido de ropa de hogar, textiles de uso doméstico y alfombras"
0111,"bollos, muffins, croissant, pasteles, tartas dulces, pasteles dulces y otros productos de pastelería y tortas"
0312,"camisas manga larga y corta, blusas manga larga y corta, guayaberas, poleras manga larga, corta y sin mangas (sudaderas) para lactante y las versiones deportivas de estas, según corresponda"
0614,"limpieza, reparación y mantenimiento de lentes para corrección (06.1.4.01.01)"
0814,"auriculares, auriculares de cintillo, auriculares deportivos, inalámbricos, bluetooth, estén o no combinados con micrófono"
0511,"juegos de jardín o terraza (sillas y mesas), sillas y sillones colgantes (tipo columpio), quitasoles de terraza, cenadores, pérgolas, glorietas, columpios con toldo, set de terraza, comedores de terraza, reposeras, muebles de mimbre, toldo de terraza, muebles para campamento, mesas y sillas plegables, bodegas o pequeñas casas de jardín para guardar herramientas y máquinas de jardín"
0117,harinas de hortalizas (01.1.7.09.01)
1021,"gastos en cuotas de incorporación y exámenes de admisión de 7° y 8° básico (aplica para cursos de este nivel impartidos por diferentes vías: en centros o escuelas, hospitales, centros de entrenamiento, por radio o por televisión como también los cursos en línea (e-learning) y por correspondencia)"
0312,polerones de buzo para hombre (03.1.2.01.05)
0533,reparación y arriendo de equipos de limpieza (05.3.3.01.00)
1111,"tabaco que se consume con una pipa shisha o de narguile (cachimba, pipa de agua, pipa oriental, chimbombo) en restaurantes, cafés o establecimiento especializado (hookah lounge), con servicio completo (11.1.1.01.99)"
0117,"otras hortalizas de raíz, bulbo y tuberosas, frescas o refrigeradas"
0112,croquetas y apanados de ave (01.1.2.05.11)
0732,"transporte de personas y grupos de personas, y su equipaje en autobús, trolebús y bus"
0116,"grosellas y grosellas espinosas, frescas"
0119,"platos precocinados que contienen pasta rellena, arroz y otros cereales, tales como platos de cuscús, incluidas verduras y/o carne, pescado, queso u otros ingredientes"
0814,"tocadiscos, tornamesas, sintonizadores, amplificadores, reproductores de casete (cassette decks), micrófonos (micrófono de mano, de estudio, de contacto, de corbata, inalámbrico, mega direccional, estéreo) y parlantes, parlantes para automóviles, parlantes de computador, equipos de DJ, sistemas de karaoke"
0562,lavado de alfombras
1222,"valores mensuales de cuenta corriente (plan de productos), comisiones de apertura y mantención de línea de crédito, comisiones de apertura, renovación y mantención mensual línea de sobregiro adicional, publicaciones orden de no pago, envíos de talonario de cheques a domicilio, visualizaciones de cheques por Internet, solicitudes de cartolas por vía electrónica, entregas de cartola adicional, entregas de cartola histórica, entregas de saldo por mesón, emisiones de certificados, emisiones de vales vista, informes bancarios, comisiones por operaciones de tarjetas de crédito bancarias en el extranjero (giros, compras, consultas de saldo), comisiones por servicios de administración no asociadas a préstamos, comisiones por reposición de tarjeta"
1051,gastos en aranceles mensualizados de educación especial no atribuibles a un nivel específico
1313,servicios de bronceado spray o químico
0241,nueces de cola
1312,cremas y lociones desmaquillantes (13.1.2.03.01)
0119,leches de fórmula para bebés (01.1.9.02.01)
0312,"calcetines, medias, panty, etc"
0835,arriendo de teléfonos que no se encuentran incluidos en un plan de telefonía móvil (08.3.5.01.02)
0454,carbón mineral
0532,calientacamas y mantas eléctricas
0631,"cirugía y procedimientos médicos hospitalarios en cardiología, como gasometría arterial en reposo y ejercicio"
0112,carne de pollo cuyo corte no es posible identificar
0312,"conjunto o buzo completo, para niño"
0322,teñido de calzado
0531,"cocinas a gas, encimeras, encimeras solares, cocinas a leña, cocinas combinadas"
0631,"cirugía y procedimientos médicos hospitalarios en nervios periféricos, como electromiografías (incluye potenciales evocados en corteza y velocidad de conducción)"
0921,"videojuegos físicos, aplicaciones y softwares de juegos (09.2.1.01.02)"
1312,repelente corporal
0115,manteca vegetal
0531,ventiladores de cielo o empotrados (05.3.1.03.99)
0117,tomates deshidratados (01.1.7.07.01)
0111,seitán y otros sustitutos de la carne hechos de cereales (01.1.1.09.99)
0732,"transporte de personas y grupos de personas, y su equipaje en taxis colectivos (los taxis colectivos son un medio de transporte que se encuentra entre los taxis y autobuses. Estos vehículos de arriendo suelen ser más pequeños que los autobuses y suelen llevar pasajeros en una ruta fija o semifija sin horarios. Pueden detenerse en cualquier lugar para recoger o dejar a sus pasajeros. Frecuentemente encontrados en países en vías de desarrollo, los vehículos utilizados como taxis colectivos van desde autos de cuatro asientos hasta minibuses. A menudo son operados por sus propietarios)"
1329,gas o bencina para encendedores
0814,"reproductores de sonido, imágenes o videos (portátiles y personales): MP3, MP4, WAV, WMA, personal stereo, radio portátil, reproductor de CD portátil, reproductores portátiles multimedia"
0410,los pagos de los hogares que ocupan una habitación en un hotel o pensión como vivienda principal
0312,"pijamas, camisones y batas de levantarse para niña"
0561,cepillos y escobillas para ropa
0522,cargos por el arriendo de textiles para el hogar
0112,"carne de aves de corral (pollos, patos, gansos, pavos y gallinas de Guinea (pintadas))"
0117,espinacas frescas o refrigeradas
0118,"helados en formato individual como paletas, barquillos, vasitos, helados artesanales, helados caseros como cubos o similares (de leche, de agua o sorbetes, de yogur, de tofu, etc.)"
0921,compra de disfraces (09.2.1.02.99)
1391,pagos por servicios de traducción de documentos
0118,"alimentos a base de chocolate y cacao y postres a base de cacao, por ejemplo, cremas o productos para untar a base de chocolate y cacao, salsas de chocolate"
0116,fruta conservada en vinagre
1329,"asiento urinario, bacinica (pelela), entrenador de baño, bañera de plástico para bebés"
0313,guantes de seguridad o de trabajo
0119,"suplementos alimenticios y nutricionales, fórmulas dietéticas para deportistas, suplementos para la tercera edad"
0730,"servicios de alimentación y bebidas en transporte público, si no se cobran por separado (07.3.0.00.00)"
0522,servicios de reparación y costura de otros productos textiles de uso doméstico (05.2.2.01.01)
0942,"arriendo de un espacio físico donde almacenar en época de invierno de botes y yates, etc."
0111,"tortas de todos los tipos como torta de bizcocho, de milhoja, de panqueques y similares"
0931,arbustos
0532,"ventiladores de pedestal, ventiladores de mesa"
0112,"subproductos y menudencias comestibles de cerdo como huesos, corazón, hígado (pana), guatitas, riñón, cuero, manos, lengua, criadillas, intestinos en general, cabezas, colas, orejas y patas de cerdo"
0117,"mezclas de hortalizas, frescas o refrigeradas"
1111,"té, café e infusiones adquiridos en restaurantes, cafés y similares, con servicio completo (11.1.1.01.05)"
0212,perada
0732,pasajes en taxi colectivo (colectivo)
0723,instalación de cámaras de automóviles
0974,"todo tipo de lápices, portaminas, lápices scripto, lápices glitter, lápices marcadores de placa, lapiceras o lápices pasta, lápices para dibujo rápido, lápices grafito, bolígrafos, rotuladores o marcadores, plumas, plumas fuente o estilográficas, plumas de tintas, lápices con punteros láser, minas de grafito, repuesto de lapicera, destacadores, todo tipo de plumones, como plumones para colorear, permanentes y para pizarra, lápices de cera (crayones), lápices pasteles y cajas de lápices"
1391,pagos por servicios notariales (13.9.1.09.07)
1391,"pagos por servicios de detectives privados, guardaespaldas"
0112,"mamíferos marinos, ranas y caracoles terrestres (01.1.2.01.00, 01.1.2.02.00, 01.1.2.03.00)"
0839,suscripciones en línea a servicios de cine y música (08.3.9.02.03)
0219,alcopops elaborados en base a whisky combinado con otras bebidas (alcohólicas o no alcohólicas) (02.1.9.01.99)
0117,plátanos y bananas para cocinar como plátano barraganete (plátanos verdes)
0912,"tablas de skate eléctricos (patinetas eléctricas), monopatines eléctricos (scooters eléctricos), monociclos y monopatines eléctricos de autoequilibrio y cuatrimotos (buggies) con fines recreativos"
0946,servicios de ayuda en navegación
1391,"pagos por servicios de agentes inmobiliarios, corredores de propiedades, subastadores y otros intermediarios en la compra y venta de propiedades"
0613,"prótesis ocular (por ejemplo, ojos de cristal) y lentes de contacto"
0241,pasta base
0313,delantales
0211,"licores como manzanilla, menta, amaretto, fernet, cacao, anís, mistela, licor amargo"
0219,cócteles y cremas de licor con alcohol (02.1.9.01.01)
0129,jarabes o siropes para la preparación de bebidas (01.2.9.01.99)
0921,videojuegos de computador
0562,limpieza en seco y lavado de textiles para el hogar (05.6.2.09.01)
0112,"cortes de cerdo como chuleta centro, chuleta vetada, chuleta de lomo, chuleta de pierna, chuleta parrillera"
0561,dispensadores de fragancias para el hogar (05.6.1.09.08)
0112,croquetas que no son de ave (01.1.2.05.99)
0454,"madera para combustible, en troncos, en leños, en ramas, en atados de leña o en formas similares"
1313,"tratamientos de belleza facial tales como radio frecuencia facial, peeling, dermoabrasión, micropigmentación, masoterapia facial, rejuvenecimiento facial, etc"
0942,"arriendo de bienes durables grandes para recreación descritos en 09.1.2.02.00, 09.1.2.03.00, 09.1.2.04.00 y 09.1.2.09.00"
0947,apuestas deportivas en línea
0521,"hule, tela impermeable"
0611,estupefacientes con fines medicinales (06.1.1.01.00)
0551,destornilladores eléctricos
0117,"todo tipo de papas, incluyendo las batatas"
0945,atención veterinaria a domicilio
1011,"otros gastos n.c.p. en educación de 1° a 6° básico, tales como programas de alfabetización para estudiantes mayores que cursan la escuela primaria, educación secundaria fuera de la escuela para adultos y jóvenes, excursiones que forman parte del programa escolar normal (costos de viaje y alojamiento), certificados emitidos por establecimientos educacionales (certificados de alumno regular, certificados de notas, etc.)"
1331,centros de actividades después de la jornada de escuela (after school)
0117,"garbanzos secos en todas sus variedades o denominaciones, por ejemplo, desi, gulabi, kabuli"
0445,"recogida de aguas residuales, vaciado de pozos y eliminación"
0511,alfombras y tapetes sueltos
1311,"máquinas eléctricas para cortar pelo, barba y afeitar"
1111,"alimentos y bebidas proporcionados por puestos de refrescos, puestos de pescado y papas fritas, puestos de venta de comida rápida sin asientos y establecimientos de comida para llevar"
0815,"CD (R y RW), DVD (R y RW), discos Blu-ray (R y RE), cintas de video, cintas de audio, casetes, cintas de audio digital (DAT) que se encuentran sin información (virgen) y que permiten grabar sobre ellas"
0723,"servicio de pintura, desabolladura y pulido para automóviles"
0832,"planes de telefonía móvil de voz, texto y datos (planes pospago, planes mixtos con Internet, mensajería, etc.)"
0117,"carne vegetal de soja, hamburguesas de soja, hamburguesas vegetarianas, tofu, tempeh y otros sustitutos de la carne hechos de verduras y frutos secos"
0611,"preparaciones farmacéuticas utilizadas para tratar enfermedades y lesiones (por ejemplo, pomadas, jarabes y cápsulas extemporáneas u otras sustancias galénicas preparadas con receta)"
0640,servicios de transporte de emergencia para pacientes y rescate de emergencia
1311,cepillos y peines de pelo eléctricos
0451,"gastos de la vivienda secundaria relacionados a electricidad de todas las fuentes (carbón, energía solar, energía hidroeléctrica, energía eólica, etc.)"
0611,"medicamentos para el sistema respiratorio, como aminofilina, bromuro de ipratropio, desloratadina, loratadina, salbutamol"
0119,"pimienta, pimiento, jengibre y otras especias"
0118,mermeladas (01.1.8.03.01)
0943,reparación de juguetes y artículos para pasatiempos (hobbies)
0312,trajes para niño (conjunto de pantalón y vestón) (03.1.2.01.02)
0117,tubérculos congelados
0946,máquinas de pinball (flipper) y otros juegos para adultos que no sean juegos de azar
0735,pasajes en Metro de Santiago (07.3.5.01.01)
0312,"trajes completos, trajes (conjuntos), trajes de dos piezas para mujer"
0111,"pan de nata, pan de anís, pan de huevo, pan brioche, pan de manzana y otros panes dulces"
0551,pulverizadoras motorizadas (05.5.1.01.99)
0117,"harina de legumbres, hortalizas, tubérculos y bananas de cocción (01.1.7.09.01)"
0241,hojas y nueces de betel
0219,alcopops elaborados en base a pisco combinado con otras bebidas (alcohólicas o no alcohólicas) (02.1.9.01.99)
0621,servicios de diagnóstico por imágenes y servicios de laboratorio médico no identificables por separado de los servicios preventivos para pacientes ambulatorios (06.2.1.00.00)
0321,botines de lactantes hechos de tela o piel de oveja
0231,"tabaco de pipa, tabaco de mascar o rapé y hojas de tabaco"
0432,"gastos por mano de obra en gasfitería, por ejemplo, detección y reparación de filtraciones o fugas de gas y agua (reparación de tuberías y grifería), instalación de grifería, instalación y reparación de calefón, destapes de desagües y cañerías, reparación de sanitarios (WC, lavamanos, etc.), servicios de arreglo de medidor de gas"
1215,"seguros asociados a instrumentos financieros, como los seguros de desgravamen asociados a un crédito hipotecario (12.1.5.01.00)"
1391,"pagos por cuotas de curso y de centro general de padres y apoderados para los niveles educativos de primera infancia, primaria, secundaria y no atribuible a un nivel"
0321,"zapatillas, zapatillas deportivas para mujer"
0119,"postres en polvos para preparar jaleas, budines y flanes, helados, leches asadas y otros"
0971,"descargas de libros no educativos, libros electrónicos (e-books), libros en línea, libros digitales, ciberlibros y audiolibros de temáticas no educativas tales como literatura, novelas, libros o cuentos infantiles (09.7.1.09.02)"
0931,coronas naturales para funerales y decoración de lápidas
1211,cargos por servicios de seguros relacionados a accidentes no relacionados con automóviles u otros vehículos (12.1.1.01.01)
0833,"servicios de banda ancha móvil con contrato, ya sea por cable o sistema wifi"
0946,ferias y parques de diversiones
0946,entradas para establecimientos de baile y clubes nocturnos (09.4.6.01.08)
0623,todos los componentes del cuidado curativo de la enfermedad o el tratamiento de la lesión
0974,"materiales educativos, como libros de ejercicios"
0946,cuotas de membresía en club de pesca y caza (09.4.6.02.04)
0821,"software y paquetes de software, tales como sistemas operativos, aplicaciones, lenguajes de programación, productividad de oficina, antivirus"
0946,"pistas de patineta (skate), piscinas, circuitos o campos de golf, gimnasios, centros deportivos, canchas de tenis, canchas de squash, pistas de bolos (bowling) y centros de tiro"
0521,"alfombras de baño, esteras y limpiapiés de distintos materiales"
0531,"salamandras, braseros, estufas y otros productos similares a leña, pellets u otro combustible sólido"
0117,soja seca
0313,piochas escolares (03.1.3.01.05)
0974,"esténcil (plantillas), papel de regalo, bolsas de regalo, sobres, hojas de cuadernillo de papelógrafo"
0561,"recogedores y cepillos para el polvo, plumeros"
0946,abonos a clubes deportivos para asistir a eventos deportivos (09.4.6.03.01)
0623,"todos los productos de salud (farmacéuticos, médicos, asistenciales, terapéuticos) necesarios para brindar servicios curativos o de rehabilitación ambulatorios cobrados con la tarifa de servicio del proveedor (especialista/otro profesional de la salud)"
0732,pasajes en bus interurbano nacional (07.3.2.01.02)
0312,"chalecos, suéteres y polerones escolares"
0813,"computadores de escritorio y computadores portátiles (notebooks, laptops)"
0610,"todos los productos de salud (farmacéuticos, médicos, de asistencia, terapéuticos) necesarios para brindar servicios dentales ambulatorios cobrados por separado de la tarifa de servicio del proveedor (06.1.0.00.00)"
0981,viajes o vacaciones internacionales cuyo gasto no es posible desglosar
1329,maletines para cosméticos (13.2.9.01.05)
0723,"servicios de mantenimiento y reparación de la pintura de motocicletas: desabolladura, pintura, pulido"
0321,"calzado deportivo adecuado para el uso diario o de ocio (calzado para correr, entrenamiento cruzado, tenis, básquetbol, canotaje, etc.)"
0551,"repuestos para orilladora eléctrica, cadenas de motosierra, brocas, avellanador, puntas, soportes para taladro, hojas de sierra, discos laminados, mascarillas para soldar, filtros para limpiar y clorar el agua, electrodos"
0732,transporte de pasajeros contratado por medio de aplicaciones web y móviles
0932,productos veterinarios (09.3.2.02.03)
1312,"peinetas, cepillos, ondulines (tubos o rizadores), cepillos para tinturar el pelo"
0113,"machas vivas, frescas, refrigeradas o congeladas"
0942,mantenimiento y reparación de los bienes durables grandes para recreación que se describen en 09.1.2.00.00
0612,balanzas o pesas para bebés (06.1.2.01.01)
1215,seguros asociados a instrumentos financieros otorgados por instituciones bancarias (12.1.5.01.01)
0129,"jugo y savia de abedul, jugos y bebidas de aloe vera"
0931,flores de interior (naturales o artificiales estén o no en floreros)
0723,"servicio de mantenimiento y reparación de neumáticos: recauchutado, reparación de pinchazos, cambio de neumáticos"
0911,"cámaras de video, incluidas videocámaras y cámaras móviles (cámaras deportivas)"
0922,equipos GPS (posicionamiento satelital) para embarcaciones o senderismo
0551,"tractores de jardín, motosierras, cortadoras de césped, podadoras de césped, cortasetos, cultivadores"
0921,instrumentos musicales de juguete (09.2.1.02.99)
0711,vehículos nuevos adaptados para personas en situación de discapacidad
0561,colgador de gancho para ropa (05.6.1.09.99)
1222,"cargos explícitos por los servicios financieros de las corporaciones que toman depósitos, tales como bancos comerciales (bancos tradicionales), cooperativas de crédito, bancos cooperativos, cajas de ahorros, bancos postales y cajas o bancos de ahorros postales"
0814,"reproductores y grabadores de DVD y Blu-ray para equipos de recepción, grabación y reproducción de sonido e imágenes (por ejemplo, televisores) (08.1.4.01.02)"
0521,"mantas, cubrecamas, plumones, frazadas, chalones, colchas, edredones, cubre colchones, cubre plumones, faldones, cobertores de futón"
0552,"lámparas de mano, linternas (05.5.2.02.03)"
0312,"uniformes de Instituciones Sin Fines de Lucro (ISFL) y otras agrupaciones afines, para hombre o niño, como Scouts, Defensa Civil, Cruz Roja, entre otras"
0313,"corbatas, corbatines, humitas escolares de cualquier tipo de material y confección"
0713,"bicicletas californianas, de paseo, choperas, plegables, eléctricas, bicicletas eléctricas de pedaleo asistido (pedelecs), ciclomotor eléctrico, de aro 21 o más, nuevas o refaccionadas"
0932,"alimentos para animales comprados para transporte personal, animales criados para el consumo propio o con fines recreativos"
1331,casas de reposo y residencias para personas mayores sin atención médica
1031,excursiones o intercambios de estudiantes que forman parte del programa estudiantil normal (costos de viaje y alojamiento)
0946,acceso pagados a lugares de pesca
0813,máquinas de escribir y procesadores de texto (dispositivo)
0551,"taladros eléctricos, taladros de percusión, sierras eléctricas, lijadoras eléctricas"
0212,chicha de uva
1111,"estupefacientes comprados en cafeterías, si se aplica un cargo por servicio (11.1.1.00.00)"
0312,primeras capas en ropa interior y calcetines para niño (03.1.2.01.16)
1111,"desayunos completos, onces completas: té, café o bebidas, sándwiches o tostadas, masas dulces o saladas"
0541,"organizadores de ropa, cajas organizadoras, organizadores de productos para la ducha, porta cepillos, porta papel higiénico, jaboneras, porta toalla, dispensadores plásticos de bolsas, cajas fuertes o de seguridad portátiles con cerradura, buzones, carros de feria"
0454,"aserrín, desperdicios y desechos de madera, no aglomerados"
0112,paté de hígado
0932,"compra de todo tipo de mascotas tales como aves, perros, gatos, peces, tortugas, cerdos, roedores, reptiles, etc"
0111,"panes dulces, por ejemplo, pan de nata, pan de anís, pan de huevo, pan brioche (01.1.1.03.10)"
0531,"parrillas a gas, parrillas a carbón, asadores, asadores eléctricos grandes, parrillas eléctricas grandes"
0532,"tablas de planchar, tendederos de ropa portátil"
1329,otros artículos funerarios
0312,"bikinis y trajes de baño de todo tipo para mujer y las versiones deportivas de estos, según corresponda"
0114,"leche (01.1.4.01.00, 01.1.4.02.00, 01.1.4.03.00, 01.1.4.04.00)"
1311,reparación de aparatos eléctricos para el cuidado personal (13.1.1.02.01)
0312,"abrigos, chaquetas, montgomery, chamarras, casacas, cortavientos, parkas largas o cortas, impermeables y capas para lactante"
1121,"comisiones de las agencias de viajes por alojamiento, si se cobran por separado"
0551,"taladros portátiles eléctricos, cepillos eléctricos para madera, lijadoras eléctricas, pulidoras eléctricas, destornilladores eléctricos, sierras circulares, sierras caladoras"
0922,"equipos para campamentos (camping), como carpas, sacos de dormir, mochilas para acampar (mochileras), colchones inflables y bombines, cocinillas de camping y parrillas portátiles para camping"
0974,papel de regalo
0117,plátanos y bananas para cocinar congelados
0561,"agujas de coser, alfileres, alfileres de gancho, palillos de tejer, dedales (05.6.1.09.06)"
0561,bolsas para aspiradoras
0241,PCP (fenciclidina)
0112,"cecinas y fiambres de pavo cocidos como jamón y pechuga, mortadela y otros productos similares elaborados con carne de pavo"
0932,"placas de identificación, chip de identificación, chip de rastreo para mascotas"
0721,"productos específicamente para la limpieza de la motocicleta, tales como pinturas, limpiadores de cromo, compuestos de sellado y esmaltes para carrocerías, ceras para motocicletas, renovadores de neumáticos, pastas de pulir, lápices retocadores"
0839,servicios de streaming (cine y música)
0511,"escritorios, escritorios con sillas, mesas para computador, mesas de dibujo, sillas para escritorio"
0623,servicios en hospitales o en un entorno hospitalario sin pasar la noche (excluyendo preventivo (06.2.1.00.00) y dental (06.2.2.00.00))
0511,"todo tipo de camas como box spring, camas americanas, camas europeas, camas nido, camas inflables, camarotes, marquesas"
0113,"otros invertebrados acuáticos comestibles y animales, como los pepinos de mar, los erizos de mar, los chorros de mar y las medusas"
0511,"set de muebles de cocina, muebles para cocina vendidos por separado (módulos, cajones, bases, etc.), repisas de cocina, alacenas, despensas, bases para lavaplatos, estanterías de cocina, mesas de cocina, pisos o taburetes de cocina, sillas de cocina, cajoneras de cocina, cubierta para mueble de cocina"
0117,chalotas (01.1.7.04.05)
0921,árboles de Navidad naturales o artificiales (09.2.1.03.01)
0921,"modelos o réplicas de aviones, botes, trenes, etc"
0119,"masas saladas rellenas o con ingredientes para freír, hornear o calentar como, por ejemplo, arrollados primavera"
0922,"implementos deportivos como arcos de fútbol, aros de básquetbol, entre otros"
1312,"papel higiénico, papel cubre sanitario"
0931,productos hortícolas para el mantenimiento de jardines ornamentales (09.3.1.01.01)
0312,"abrigos, montgomery, chaquetas, chamarras, casacas, chaquetas de vestir, blazer, chaquetas de cuero (natural o artificial), cortavientos, parkas largas o cortas, impermeables, capas para niña y las versiones deportivas de estos, según corresponda"
0112,"vienesas, salchichas de carne de otros tipos de animales, distintos a los incluidos en 01.1.2.05.01 y 01.1.2.05.02"
0971,"libros para recortes y álbumes de manualidades infantiles, libros para colorear, guías de viaje"
0117,"porotos secos en todas sus variedades o denominaciones, por ejemplo, apolo, venus, torcaza, astro, granado"
0114,"quesos sólidos y semisólidos no clasificados previamente como queso parmesano, queso parmesano-reggiano, queso cheddar, queso manchego, queso roquefort, queso feta, queso gruyer, queso emmental, queso edam, etc"
0119,caldos y caldos que contienen verduras (01.1.9.09.02)
0113,"filetes y carne de pescado, picados o no, frescos, refrigerados o congelados"
0623,"procedimientos médicos ambulatorios en oftalmología, como campimetría (campo visual del ojo) de proyección o computarizada"
0613,cerchas ortopédicas y soportes
0974,papel de dibujo
1391,pagos por servicios de agencias de empleo y headhunters
0111,chips y frituras de cereal
1111,"té, café e infusiones, listos para su consumo, adquiridos en comercio ambulante, carritos de comida y similares (11.1.1.02.18)"
0945,servicios de alojamiento o de guardería para mascotas
1211,cargos por servicio de seguros de accidentes
0921,"fuegos artificiales, guirnaldas y lámparas de papel"
0622,"procedimientos y tratamientos dentales con fines curativos o de rehabilitación como urgencias dentales, pulpotomía, obturación amalgama y silicato, obturación composite (empaste), radiografía retroalveolar y bite wing, obturación con vidrio ionómero, con inlay (cerámica sin metal), endodoncia (extracción del nervio) uni, bi o multirradicular, reparación corona, limpiezas dentales (destartraje y pulido de corona), corticotomía (permite la aceleración del movimiento ortodóncico), implante endodóntico intraóseo, implantes subperiósticos, inclusiones dentarias"
0118,"mermeladas, jaleas de frutas, purés y pastas de frutas (01.1.8.03.00)"
0613,prótesis mamarias y otros productos de asistencia para el funcionamiento de las personas en su vida diaria n.c.p
0511,bajadas de cama
0312,"conjuntos tales como pantalones y blazers escolares, jumper y blazers escolares, faldas y blazers escolares"
1111,"otras bebidas no alcohólicas, listas para su consumo, adquiridas en comercio ambulante, carritos de comida y similares (11.1.1.02.19)"
0115,aceite de colza y aceite mostaza
0714,animales vivos para el transporte (07.1.4.01.02)
0734,"transporte de personas y grupos de personas, y su equipaje por buque, barco, transbordador (ferri), aerodeslizador e hidroala"
0312,"calzas largas, pantalones de buzo para mujer (03.1.2.02.09)"
1329,barandas o rejas de seguridad para bebés
0119,"preparaciones elaboradas a base de cereales, como sopas preparadas a base de cereales (01.1.9.01.04)"
1391,pagos por mesadas y entregas de dinero sin especificar
0922,tatamis de uso deportivo (09.2.2.01.01)
0921,"controles de videojuegos, joysticks, volante de videojuego (racing wheels) y otros accesorios para videojuegos (adaptadores para consolas)"
0119,"empanadas de queso, empanadas de queso más otros ingredientes agregados, empanadas de carne de distintos animales, empanadas de verduras"
0116,"membrillos frescos en todas sus variedades o denominaciones, por ejemplo, cydonia, chino"
1329,porta loncheras
0116,pistachos
0312,"pijamas, camisones, baby doll y batas de levantarse para mujer"
0111,avena en grano (01.1.1.01.04)
0114,"crema (nata), concentrada o con azúcar añadida u otro edulcorante"
0631,"cirugía y procedimientos médicos hospitalarios en neumología para enfermedades de los pulmones y las vías respiratorias, como toracocentesis evacuadora con o sin toma de muestras, con o sin inyección de medicamentos"
0921,"máscaras, disfraces, juegos o artículos de bromas, modelos o réplicas de aviones, botes, trenes, juguetes para bebé, pelotas de juguete, alcancías de juguete, y cualquier otro artículo n.c.p. con fines recreativos"
0723,"servicios adquiridos para el mantenimiento y reparación de equipos de transporte personal, como el montaje de piezas y accesorios, cambio de neumáticos, balanceo de ruedas, servicios de remolque y grúas, asistencia en ruta, cambios de aceite, engrase y lavado"
1321,"bisutería, colleras y alfileres de corbata"
0921,"juegos de bienes raíces, juguetes didácticos y de construcción, piezas de ensamble o bloques, rompecabezas (puzzles), juegos de arcilla o masas para jugar"
0212,"vinos fortificados como vermut, jerez y oporto (02.1.2.01.99)"
0117,"betarragas y remolachas, frescas o refrigeradas en todas sus variedades o denominaciones"
1111,"té, café e infusiones, listos para su consumo, adquiridos en restaurantes, cafés y similares con servicio completo (11.1.1.01.05)"
0623,"procedimientos médicos ambulatorios en cardiología, como gasometría arterial en reposo y ejercicio"
1312,pétalos y toallas desmaquillantes (13.1.2.03.01)
1111,"sándwiches en todas sus variedades (lomito, churrasco, vegetariano, ave mayo, lengua, pernil, etc.), completos, chaparritas, fajitas, tacos, burritos, hamburguesas, pizzas y empanadas, masas saladas con relleno"
1311,máquinas para pedicura y para manicura (incluyendo aquellas a pila)
0921,"árboles de Navidad, adornos y luces navideñas"
0442,recolección y eliminación de desechos
1391,"pagos por fotocopias, impresión y reproducción de documentos"
0922,repuestos comprados por los hogares con la intención de realizar el mantenimiento o la reparación ellos mismos
1321,piedras preciosas (13.2.1.01.01)
0711,"automóviles de carreras y vehículos para espectáculos, nuevos"
1329,reparación de otros artículos personales
0314,"tintorería, lavado y teñido de vestuario"
0241,LSD (ácido)
1329,bolsos de playa (13.2.9.01.04)
0412,arriendos efectivos pagados para viviendas secundarias
0832,"funciones de llamada adicionales, como correo de voz y visualización de llamadas, ya sea que se vendan por separado o se incluyan en el plan de servicio local móvil"
0613,colchones de alivio de presión y camas especiales
0213,"cerveza con alcohol saborizada con miel, maqui, arándanos, chocolate, lúcuma, etc"
0922,"artículos de caza tales como focos para cazar, atrapa postones o caza balines, amortiguador de visor, bípode, montajes para caza, ardilla o rata abatible, objetivo de práctica de tiro, cartuchos de CO para armas de aire comprimido, miras telescópicas, miras láser, mira punto rojo"
0119,"tortillas (omelette), crepes y otros productos alimenticios a base de huevos cuando se cocinan previamente y se sirven como plato principal"
0116,"duraznos (melocotones) y nectarinas, frescas"
1100,estos mismos productos cuando se comercializan como parte de un servicio de alimentación (11.0.0.00.00)
0721,"neumáticos nuevos, usados o recauchutados (tubulares o cámaras), neumáticos de repuesto, cámaras de aire para bicicletas"
0431,tapa goteras para techumbre (04.3.1.01.05)
0814,"decodificadores, receptores satelitales, receptores de IPTV, convertidores de TV"
0946,clases de yoga o pilates (09.4.6.01.04)
0723,"mantenciones y reparaciones que por su naturaleza no es posible diferenciar por tipo de reparación o mantención, por ejemplo, mantenciones definidas por el fabricante según el kilometraje de los automóviles (realizadas en concesionarios u otros talleres)"
0623,"todos los productos de salud (farmacéuticos, médicos, asistenciales, terapéuticos) necesarios para brindar servicios curativos o de rehabilitación ambulatorios cobrados con la tarifa de servicio del proveedor (médico/especialista)"
0114,"leche y nata cuajada (crema de leche), fermentada o acidificada (01.1.4.06.04)"
0532,planchas eléctricas
0117,arvejas secas (01.1.7.06.04)
0117,porotos verdes (frijoles verdes) frescos o refrigerados
1222,gastos financieros de administración asociados a préstamos de instituciones bancarias
0114,huevos conservados o cocidos de gallina y otros animales con cáscara o no
1312,"barniz o esmalte de uñas, lápiz para el pintado de uñas, acetona, quitaesmalte"
0531,cajas fuerte grandes (05.3.1.09.99)
0961,salas de conciertos y música
1000,"educación formal en música, danza y arte (10.0.0.00.00 de acuerdo con el nivel)"
0118,malvaviscos (01.1.8.09.99)
0431,compras por separado de materiales hechas por los hogares con la intención de realizar el mantenimiento o la reparación por sí mismos (04.3.1.01.00)
1111,"alimentos y bebidas para el consumo inmediato, proporcionados por kioscos, puestos de comida, carritos de comida, vendedores ambulantes y similares"
1312,otros artículos no eléctricos para el cuidado personal n.c.p
0432,servicios de instalación de alfombras y linóleos empotrados
0561,"velas, mechas de lámparas, alcohol metilado, bolsas de plástico, bolsas de basura"
0521,manteles de género (05.2.1.03.01)
0931,"flores cortadas y arreglos florales naturales (ramos, canastillos)"
0112,pechuga de pavo
1312,"jabones en todos sus formatos y tipos, líquidos, en barra, astringentes, exfoliantes, neutros, de afrecho, ácidos, medicinales, de glicerina, para el acné, antibacterianos, etc"
0314,servicios de confección cuando el cliente suministra el material (03.1.4.02.01)
0123,mate de hojas de coca (01.2.3.01.02)
0116,nueces de Brasil
0921,árboles de Navidad naturales y artificiales
0114,"suero de leche de la producción de mantequilla (buttermilk) y otros productos lácteos fermentados, leche cuajada y crema cuajada"
0512,"instalación de muebles, accesorios y alfombras sueltas, alfombras a medida o dimensionadas (productos incluidos en 05.1.1.00.00)"
0713,"bicicletas de montaña o mountain bikes, bicicletas cross, bicicletas pisteras o ruteras, de aro 21 o más, nuevas o refaccionadas"
0115,aceite de salvado de arroz
1111,"sándwiches, completos, pizzas, empanadas y masas saladas con relleno adquiridos en restaurantes con servicio completo (11.1.1.01.01)"
0946,cuotas de membresía en club de pesca y caza
1312,"champús, bálsamos y acondicionadores para el cabello"
0732,"pasajes en taxi, radio taxi (07.3.2.02.01)"
0126,jugos gasificados (carbonatados) (01.2.6.01.01)
0974,"perforadoras, cortadores de papel (guillotinas para papel), tijeras de papel, pegamentos y adhesivos de oficina, corchetera y corchetes (grapadoras y grapas), clips de papel, tachuelas (chinchetas o chiches), etc"
1214,cargos por servicios de seguros relacionados a accidentes relacionados con automóviles (12.1.4.01.01) u otros vehículos (12.1.4.01.99)
0969,servicios de arriendo y reparación de instrumentos musicales
0117,ajíes (chiles) y pimientos
0922,cañas de pescar y otros equipos para la pesca
0116,sandías frescas
0115,aceite de coco
0835,"reparación de todos los equipos de información y comunicación, por ejemplo, teléfonos fijos y móviles, equipos computacionales (hardware y software), impresoras, televisores, equipos de sonido, grabadoras, tocadiscos, etc"
0114,leche cultivada (01.1.4.06.04)
0962,"entradas a parques de reservas nacionales, parques zoológicos, jardines botánicos, acuarios (09.6.2.01.02)"
0946,entradas a discotecas y bares
0732,pasajes en microbús o micros
0116,naranjas frescas
0931,maceteros y porta maceteros
0623,"servicios de atención médica diurna, es decir, servicios prestados en un entorno hospitalario (a veces en centros de atención médica diurna) a un paciente que es admitido formalmente siempre que no implique una hospitalización"
0219,cócteles hechos en base a vodka con bajo contenido de alcohol o sin alcohol mezclados o combinados con otras bebidas (no alcohólicas) (02.1.9.01.02)
0552,"cinceles de uso manual, puntos (punto de marcar, granete), combos (mazos), chuzos, plana, llana, platacho, espátulas herramienta, fraguadores"
1312,cepillos de dientes no eléctricos (13.1.2.01.04)
1011,"gastos en cuotas de incorporación y exámenes de admisión de servicios de educación para niños con necesidades educativas especiales y programas de alfabetización o habilidades básicas dentro o fuera del sistema escolar que son similares en contenido a un programa en la educación primaria (para cualquiera de los niveles mencionados en este código), tales como Programas de Integración Escolar (PIE), programas para grupos diferenciales, programas para escuelas y aulas hospitalarias"
0723,"servicios adquiridos para el mantenimiento y reparación de equipos de transporte personal, como el montaje de piezas y accesorios, cambio de neumáticos, balanceo de ruedas, servicios de remolque, cambios de aceite, engrase y lavado"
0119,"suplementos alimenticios y nutricionales, productos alimenticios fortificados (01.1.9.09.00)"
0945,"servicios de atención veterinaria como consultas para todo tipo de mascotas y animales domésticos, incluido los animales usados para transporte y/o carga"
0724,"arriendos de equipos de transporte personal sin conductor (por ejemplo, arriendo de vehículos)"
0212,"vinos fortificados como vermut, jerez, oporto"
1321,"reparación, remodelación y arriendo de joyas y relojes"
0119,pizza con ingredientes listas para hornear (01.1.9.01.01)
0241,otras drogas químicas y sintéticas
0112,"salchichas y productos similares de carne, despojos o sangre"
1041,"gastos en matrículas de educación superior para clases o cursos en cualquiera de sus modalidades (presenciales, en línea (e-learning), por radio, por televisión o por correspondencia) que permiten optar a grados técnicos de nivel superior, licenciaturas o profesional"
0511,"paragüeros, percheros, revisteros, atriles"
0123,"té para preparar, por ejemplo, té en bolsita (01.2.3.01.01)"
0732,"pagos por acuerdos privados para compartir un medio de transporte (uso compartido de vehículos, viajes compartidos) (07.3.2.02.00)"
0623,otras prestaciones de servicios quirúrgicos ambulatorios n.c.p
0531,otros artefactos grandes para el hogar cuyo gasto no es posible desglosar
0113,peces vivos con fines alimenticios
0511,"cuadros, esculturas, grabados, tapices y otros objetos de arte, incluidas las reproducciones de obras de arte y otros adornos"
0561,"bolsas para basura, bolsas plásticas de todo tipo (para sacar escombros, bolsas conservadoras de alimentos)"
0912,"mesas de billar (pool, poolina), mesas de ping-pong, mesas de cartas, máquinas de juegos (por ejemplo, arcade, pinball o flipper), máquinas de destreza, juego de la rana, taca-tacas"
0721,"bielas, bujías, cilindros, culatas, pistones, cigüeñales, válvulas, filtros de aire, filtros de aceite, filtros de bencina, mangueras del motor, motores completos para motocicletas, pastillas de freno, catalinas (pieza del kit de arrastre), piñones, radiadores, bombas de agua, amortiguadores, piezas para sistema de suspensión y transmisión, cadenas"
0712,"otro tipo de motocicletas nuevas como motocicletas eléctricas, bicicletas motorizadas con motores de combustión (bicimotos a combustión, mosquito), motocarro o triciclo motorizado de transporte ligero (tricimoto), sidecares (carro lateral)"
0531,refrigeradores y refrigeradores de temperatura dual
0921,juegos electrónicos
0511,"equipos de iluminación como luces de techo, apliques, faroles, focos, plafón, luces de globo, lámparas estándar, lámparas de sobremesa, de pie, colgantes, de muro, de cabecera, espanta cuco"
1321,remodelación de joyas
0313,"botones, botones de presión, velcros"
1212,"cargos por servicios de seguros relacionados con la salud, que dentro de su póliza contienen seguros de accidentes (12.1.2.01.01)"
0112,huesos
0111,"tortellini, ravioles, bombolotti, capeletis, panzotti, sorrentinos y otras pastas frescas"
1312,jabones de afeitar (13.1.2.02.03)
1311,"máquinas de afeitar eléctricas, cortadoras de pelo y depiladoras, secadores de pelo manuales y de capucha, alisadores, pinzas para rizar, peines o cepillos de pelo eléctricos, lámparas de luz ultravioleta, vibradores, cepillos de dientes eléctricos y otros aparatos eléctricos para la higiene dental, etc"
0642,servicios de ambulancia (06.4.2.01.01)
0623,"procedimientos médicos ambulatorios en nervios periféricos, como electromiografías (incluye potenciales evocados en corteza y velocidad de conducción)"
0511,"cuadros, reproducciones de obras de arte, grabados, retratos y similares (con sus marcos y portarretratos), esculturas, tapices y otros objetos de arte"
0623,"procedimientos médicos ambulatorios en gastroenterología, como gastroduodenoscopía (incluye esofagoscopia)"
0453,"combustibles domésticos de calefacción, alumbrado y cocción"
0946,"suscripciones o membresías en productos y servicios, tales como club de viajeros, club del vino, membresías a cajas temáticas (manualidades, figuras de colección, tejido) y similares"
0943,arriendo de consolas de videojuegos y otros equipos para jugar
0712,"otro tipo de motocicletas usadas como motocicletas eléctricas, bicicletas motorizadas con motores de combustión (bicimotos a combustión, mosquito), motocarro o triciclo motorizado de transporte ligero (tricimoto), sidecares (carro lateral)"
0814,"antenas de televisión en todas sus variedades, cajas de transmisión (streaming boxes), grabadora de video digital y reproductores y grabadoras de videocasetes. También incluye"
0735,Metro de Santiago (07.3.5.01.01)
0813,cámaras web
1329,bastones no terapéuticos (paseo)
0714,"yugos, collares, arneses, bridas, riendas"
0931,"decoraciones, adornos y ornamentos para jardines (que no son plantas)"
0400,"alojamiento en residencia permanente, principal o secundaria (04.0.0.00.00)"
0312,"pantalones de tela, pantalones cargo, pantalones desmontables, pantalones tres cuartos, calzas largas (de uso exterior), pantalones de cotelé, jeans, pantalones de cuero, pantalones de buzo, pantalones cortos (shorts), bermudas, calzas cortas para niño y las versiones deportivas de estos, según corresponda"
0116,otros frutos secos con cáscara o sin cáscara
0946,"entradas a discotecas, salsotecas, night clubs y similares (09.4.6.01.08)"
0512,"reparación de muebles, mobiliario y alfombras sueltas, alfombras a medida o dimensionadas"
1221,gastos financieros en intereses por préstamos (o avances en efectivo) de casas comerciales
0623,servicios no médicos para mantener a las personas en sus hogares privados que se integran en un paquete de atención y se cobran conjuntamente
0412,"viviendas arrendadas para miembros del hogar con motivo de trabajo, estudio y otros"
0731,"transporte de personas y grupos de personas, y su equipaje en tren, trenes de alta velocidad, maglevs (trenes de levitación magnética)"
0521,"artículos de cama como cobertores de futón, almohadas, almohadones y hamacas"
0112,hamburguesas elaboradas con carne de vacuno
0312,"traje o conjunto, traje de dos piezas para mujer (03.1.2.02.01)"
0721,sillas de bebés y niños para motocicletas (07.2.1.03.05)
0219,"alcopops elaborados en base a pisco, ron, whisky o vodka con alcohol combinados con otras bebidas (alcohólicas o no alcohólicas)"
1214,"cargos por servicios de seguros de viaje (para cambio de planes de viaje, cancelación de viaje, etc.) y seguros de equipaje"
0974,puntero láser (sin lápiz) (09.7.4.01.03)
0117,salsa americana (01.1.7.09.08)
1121,hostales y otros alojamientos para trabajadores
0981,paquetes de vacaciones (09.8.1.01.00)
0623,"centros de cuidado médico diurnos, por ejemplo, para personas mayores y personas en situación de discapacidad (con o sin ingreso, pero sin hospitalización) y tratamiento hospitalario domiciliario (06.2.3.02.01)"
0321,calzado cuyo tipo o usuario para el cual va destinado no es posible identificar
0117,"morrones, pimentones frescos o refrigerados en todas sus variedades o denominaciones y colores"
0117,"almidón de papa, tapioca, sagú y otros almidones"
0561,vajilla desechable (05.6.1.09.05)
0312,"pantalones para niño, si se adquieren por separado (03.1.2.01.10)"
0562,"servicios domésticos puntuales que realizan tareas específicas, tales como limpieza de ventanas, limpieza de alfombras, desinfección, fumigación y exterminio de plagas (05.6.2.09.01)"
0411,pagos de los hogares que ocupan una habitación en un hotel o pensión como su residencia principal (04.1.1.01.01)
0117,granos de soja
0125,agua potable vendida en botellas o contenedores (01.2.5.01.01)
0213,cerveza sin alcohol (02.1.3.01.02)
0833,suscripciones para servicios de correo electrónico
0921,"juegos de cartas, juegos de mesa, tableros de ajedrez y similares"
0116,otras frutas de cuesco o pepita frescas
0112,"búfalos (búfalos de la India o de agua, búfalos o arni asiáticos, búfalos de anebas o pigmeos, búfalos africanos, como los búfalos enanos y los grandes búfalos cafarianos, el bisonte americano o búfalo y el bisonte europeo, el ""beefalo"" (cruce entre un bisonte y un vacuno))"
0611,"medicamentos, vacunas y otras preparaciones farmacéuticas cuyo gasto no es posible desglosar"
0431,"cemento, cales, yesos, hormigones, morteros, asfaltos, alquitrán, pasta muro, tierra de color, fragües, áridos (gravillas, ripios, arena, bolones, maicillo), ladrillos (tipo princesa, tipo fiscal, molidos, de fibrocemento), bloques (de cemento, de hormigón, de vidrio, etc.), cadenas para construcción"
1211,"cargos por servicios de seguros de vida, que dentro de su póliza contienen seguros de accidentes (12.1.1.01.02)"
0118,siropes utilizados para repostería y usos distintos a la preparación de bebidas (01.1.8.02.99)
0111,"pastas sin relleno como canelones, lasañas, gnocchi (ñoquis), bombolotti sin relleno"
1121,"comisiones de sitios web para publicar, encontrar y arrendar alojamiento"
1329,"termómetros de pared (o ambiental), barómetros"
0946,pagos individuales por hora de mesas de pool (billar) en centros recreativos
1312,mechas
0321,calzado escolar (03.2.1.04.01)
0562,limpieza de alfombras en seco y con champú (05.6.2.09.01)
0942,mantenimiento y reparación de casas rodantes y caravanas
0971,"descargas de libros no educativos, libros electrónicos (e-books), libros en línea, libros digitales, ciberlibros y audiolibros de temáticas no educativas tales como literatura, novelas, libros o cuentos infantiles, etc"
0531,campanas extractoras (05.3.1.01.99)
0981,"vacaciones o tours con todo incluido (all inclusive), es decir, que comprenden el transporte, alojamiento, comidas, guías turísticos, entre otros"
1021,"otros gastos n.c.p. en educación media (1° a 4° medio), tales como educación secundaria para adultos y jóvenes incluyendo programas de segundas oportunidades o de reintegración, educación secundaria fuera de la escuela para adultos y jóvenes, excursiones o programas de intercambio de estudiantes que forman parte del programa escolar normal (costos de viaje y alojamiento), certificados emitidos por establecimientos educacionales (certificados de alumno regular, certificados de notas, etc.)"
0947,"apuestas en línea, en juegos de casinos"
0312,"abrigos, chaquetas, chaquetas de vestir (vestón o blazer), chaquetas de cuero (natural o artificial), montgomery, chamarras, casacas, cortavientos, parkas largas o cortas, impermeables, capas para hombre y las versiones deportivas de estos, según corresponda"
0116,almendras
0946,"pagos individuales por juegos en ferias (folclóricas, fondas, ramadas, carnavales, vendimias y similares)"
0942,"mantenimiento y reparación de caballos y ponis, vehículos tirados por caballos o ponis, camellos y dromedarios comprados con fines recreativos"
0922,"armas de fuego y municiones, otras armas, y equipos de protección para la caza, deportes y protección personal"
0115,"grasas de bovinos, búfalos, ovejas, cabras, aves de corral"
1312,crema para después de la exposición al sol o crema after sun
0713,bicicletas de aro 21 o más (07.1.3.01.00)
0732,"transporte de personas y grupos de personas, y su equipaje en automóviles arrendados con chofer"
0312,polainas que se utilizan como calcetines
0614,"arriendo de productos de asistencia (incluidos en 06.1.3.00.00) para la visión (por ejemplo, bastones guía para personas ciegas o con baja visión, etc.), la audición (como audífonos para sordera, etc.), la movilidad y funcionamiento de las personas en su vida diaria (por ejemplo, arriendo de alarmas médicas para uso en el hogar, muletas, sillas de rueda, catres clínicos, etc.)"
1391,"pagos por cuotas a centros comunitarios (centros de madres, juntas de vecinos o similares), centros culturales, organizaciones filantrópicas, sindicatos, asociaciones gremiales, agrupación de exonerados, servicio de bienestar, cooperativas, centros de exalumnos (paseos, actividades, etc.)"
0455,hielo para enfriamiento (04.5.5.01.99)
0561,manteles y servilletas de plástico o papel (05.6.1.09.00)
0511,"clósets, armarios, roperos, cómodas, cajoneras, veladores, respaldos de cama, combos respaldo-velador, set de muebles sin cama, tocadores, estantes para zapatos, aparadores"
1221,gastos financieros en intereses por préstamos de cajas de compensación y cooperativas
0123,té de hierbas para infusión (01.2.3.01.03)
0962,"servicios de alimentación y bebidas en establecimientos que ofrecen servicios recreativos, culturales, deportivos o servicios de entretenimiento, si no se cobran por separado (09.4.6.00.00), (09.6.1.01.00), (09.6.2.01.00), (09.6.9.01.00)"
1329,bolsos deportivos
1215,seguros asociados a instrumentos financieros otorgados por casas comerciales (12.1.5.01.02)
1051,"pruebas de dominio de idiomas (por ejemplo, TOEFL, TOEIC), certificaciones de conocimientos (mediante pruebas o exámenes)"
0219,alcopops elaborados en base a vodka combinado con otras bebidas (alcohólicas o no alcohólicas) (02.1.9.01.99)
0117,"hongos comestibles frescos o refrigerados en todas sus variedades o denominaciones, por ejemplo, champiñones, setas, callampas, trufas, digüeñes y otros hongos comestibles frescos o refrigerados"
0622,consultas dentales curativas y de rehabilitación (06.2.2.09.01)
0839,provisión de VoIP (Voz sobre Protocolo de Internet) (uso nómada)
0531,cajas fuertes de gran tamaño (05.3.1.09.99)
0321,"zapatos para lactante, zapatos formales o casuales"
0313,"accesorios de uso exclusivamente escolar como bufandas, guantes, pañuelos escolares"
0839,"arriendo o suscripción de CD, cintas de video, DVD, discos Blu-ray, software (excluyendo software de juegos)"
0723,servicios de mantenimiento y reparación del motor
0623,"servicios de profesionales de la salud con fines curativos y de rehabilitación (en establecimientos públicos o privados, en casa o en cualquier otro lugar fuera del hospital, incluso en la calle), tales como medicina general, cardiología, neonatología (atención medica del recién nacido), ginecología, obstetricia, ortopedia y traumatología, urología, otorrinolaringología, medicina física y rehabilitación, dermatología, pediatría, medicina interna, oftalmología, neurología, oncología, neurocirugía, geriatría, endocrinología, reumatología y otras especialidades médicas"
0922,"botes inflables, balsas para rafting, piscinas inflables para niños y piscinas de playa"
0736,"transporte en funiculares, ascensores (por ejemplo, ascensores de Valparaíso), teleféricos, telesillas (andarivel o aerosilla), cable carril"
0814,reproductores de sonido y de CD no portátiles (08.1.4.01.03)
0312,primeras capas en ropa interior y calcetines para niña (03.1.2.02.18)
0922,"ropa para deportes específicos (trajes de esquí, etc.)"
0521,"cortinas, cortinas dobles, velos y visillos, género para cortinas, cenefas, cortinas para puertas, persianas de tela, cortinas de totora (esteras de junco), toldos de género para ventanas"
0921,"decoración para festividades (Navidad, Pascua de Resurrección, Janucá, Eid, Fiestas Patrias, Halloween, cumpleaños y otras similares), adornos navideños y luces navideñas, cotillón, guirnaldas de banderines"
0945,"servicios de atención veterinaria y otros servicios para mascotas, como aseo, tatuajes y adiestramiento"
0113,reineta o palometa del sur viva con fines alimenticios
0631,consultas médicas asociadas a servicios de hospitalización (06.3.1.01.15)
0532,parrillas de carne y pescado
0313,protectores de mangas
1051,"gastos en aranceles mensualizados de preuniversitarios, en cualquiera de sus modalidades (presenciales, en línea (e-learning), por radio, por televisión o por correspondencia)"
1111,"tabaco que se consume con una pipa shisha o de narguile (cachimba, pipa de agua, pipa oriental, chimbombo) en restaurantes, cafés o en un establecimiento especializado (hookah lounge) de servicio limitado"
0112,corte de cerdo como costillar
1391,"inscripción de propiedad, copia de planos y otros servicios solicitados en el Conservador de Bienes Raíces"
1329,ceniceros (13.2.9.01.08)
0113,"sepia, calamar, pulpo, caracoles de mar, abulón y bivalvos como ostras, vieiras, mejillones, almejas, berberechos y conchas de arca y otros moluscos, vivos, frescos, refrigerados o congelados"
1051,"actividades de perfeccionamiento y validación de estudios que no conducen a un grado académico o profesional, impartidos de diferentes formas (presencial, en línea, por radio, por televisión o por correspondencia)"
0724,arriendo de equipos de transporte personal sin conductores
1312,pañales desechables para bebés (13.1.2.02.10)
0241,kava
1312,"gorros de ducha, gorros de baño protectores de ojos para bebés"
0721,"cobertor para automóviles, motocicletas, etc. (07.2.1.03.00)"
0839,"servicios de streaming, tales como teatro en línea, conciertos en línea, etc. (08.3.9.02.03)"
0532,"ollas arroceras, ollas de cocción lenta"
0511,"alfombras sueltas, alfombras a medida o dimensionadas"
0931,semillas de pasto
1329,mochilas para notebook
0312,"camisas, blusas y poleras escolares"
0971,guías de viajes
0553,reparación y arriendo de herramientas no motorizadas y accesorios varios
0321,"pantuflas (zapatillas de levantarse), alpargatas (03.2.1.05.99)"
0117,concentrados vegetales
0118,"cocadas, merengues, mazapanes, turrones, sustancias, malvaviscos, helados de invierno en cono, melcochas, otros productos de confitería que no contienen cacao"
0119,"harina como alimento para bebés, cereales de arroz para bebés y otros cereales para bebés (01.1.9.02.01)"
0621,"pruebas de detección, pruebas de diagnóstico y exámenes médicos dirigidos a detectar enfermedades transmisibles y no transmisibles (por ejemplo, malaria, tuberculosis, cáncer de mama, cáncer de próstata, cáncer de cérvix, cáncer de colon, diabetes, VIH/SIDA y cualquier otra enfermedad transmisible o no) antes de que aparezcan los síntomas"
0912,motos de nieve
0533,reparación y arriendo de artefactos pequeños electrodomésticos (05.3.3.01.00)
0553,arriendo de herramientas no motorizadas y accesorios varios (incluidos en 05.5.2.00.00)
0113,"filetes apanados o cubiertos con batido, estén o no congelados"
0313,accesorios para uso exclusivamente escolar (03.1.3.01.05)
0452,gas de ciudad o cañería y gas natural
0511,"sofás (dos, tres o más cuerpos), futones (tipo sillón), bergere, pouf o peras, sillones, sitiales, sillas mecedoras, poltronas, juegos de living, sillas de bar, banquetas, bancas, sillones o sofás cama, sillones o sofás inflables"
0531,compras por separado de materiales hechos por los hogares con la intención de realizar la reparación ellos mismos (05.3.1.00.00)
0412,unidades de almacenamiento o bodegas relacionadas con la vivienda (04.1.2.02.02)
0113,"cangrejos, jaibas, centollas, langostas, cangrejos de río, krill, arañas marinas, langostinos, gambas, picorocos y otros crustáceos, vivos, frescos, refrigerados o congelados"
0641,"exámenes genéticos, como cariotipo con técnicas especiales (incluye muestra de sangre o de médula ósea, tratamiento con FUDR, bromuro de etidio, medio deficiente en ácido fólico)"
0971,libros religiosos
1212,cargos por servicios de seguros complementarios de medicamentos recetados
0219,cócteles hechos en base a ron con alcohol mezclados o combinados con otras bebidas (alcohólicas o no alcohólicas) (02.1.9.01.01)
0946,"cuotas de suscripción o membresía en centros y clubes deportivos (pesca, caza, fútbol, etc.), pago de licencias para cazar y pescar, cuotas o pagos por equipo deportivo o uso de camisetas, camarines y pago de árbitros"
0521,"textiles para mesa y baño, como manteles, servilletas, toallas para mano, cuerpo y rostro"
0946,máquinas de juegos tipo arcade
0511,"colchones en todos sus tamaños (plaza, plaza y media, dos plazas, king, etc.) y variedades (de espuma, con resortes, etc.)"
0114,huevos frescos de gallina y otras aves
0553,reparación y arriendo de herramientas y equipos grandes motorizados (05.5.3.01.00)
0119,"hierbas frescas o secas en todas sus variedades, perejil, orégano, cilantro, albahaca, laurel, ciboulette, tomillo o chascú, romero, eneldo, hinojo, salvia, estragón, entre otros"
0552,"accesorios para radiadores y chimeneas, otros artículos metálicos para la casa (rieles para cortinas, barras de madera o plástico para cortinas, rieles de cortinas con cuerdas, barras para alfombras, ganchos, etc.) o para el jardín (cadenas, rejillas, estacas y segmentos de aro para cercas y bordillos)"
0111,harinas de cereal (01.1.1.02.00)
0921,"artículos para coleccionar estampillas (estampillas de correos usados o anulados, álbumes de estampillas, etc.), otros artículos de colección (monedas, medallas, minerales, especímenes zoológicos y botánicos, etc.) y otras herramientas y artículos de pasatiempos (hobbies) n.c.p"
0946,"actividades recreativas extraprogramáticas individuales o grupales, fuera del horario de escuela (impartidas por profesores particulares), tales como ajedrez, costura, yoga, pilates o cualquier otro pasatiempo (09.4.6.01.04)"
1111,"estupefacientes comprados en cafeterías, si se aplica un cargo por servicio"
0114,leche saborizada con café (01.1.4.07.00)
1111,"entradas adquiridas en restaurantes, cafés y similares, con servicio completo (11.1.1.01.10)"
0541,bidones (05.4.1.03.03)
0814,auriculares (08.1.4.01.04)
1312,repuestos para máquinas de afeitar no eléctricas (desechables o no)
0941,"reparación de pantallas, visores y lentes (incluyendo lentes de aumento o zoom), equipos de flash, filtros, medidores de exposición, etc., para equipos fotográficos y cinematográficos"
0921,juegos de construcción
1391,"gastos por servicios y eventos no religiosos, como fiestas de quince años, celebraciones de graduación, celebraciones de Año Nuevo o alguna otra festividad"
0922,"equipos para campamentos (camping), como carpas, sacos de dormir, mochilas para acampar (mochileras), colchones inflables y bombines, cocinillas de camping, gas de cocinillas de camping en cilindro de menos de 50 kg. y parrillas portátiles para camping"
0831,"pago por planes telefónicos, servicios prepago, servicios cuenta controlada, servicios de tarifa plana, servicios pospago, servicios de telefonía IP"
0922,"artículos para jugar en la playa y al aire libre, como paletas de playa, discos voladores (frisbee) y balón de vóleibol"
0532,cafeteras
0431,materiales y accesorios para techumbre (04.3.1.01.03)
1111,"papas fritas, masas saladas sin relleno y otros alimentos de picoteo listos para su consumo, adquiridos en comercio ambulante, carritos de comida y similares (11.1.1.02.15)"
0313,"bufandas y cuellos escolares de todos los materiales y diseños (lana, algodón, poliéster, polar, etc.), guantes y mitones escolares de lana, cuero y otros materiales, orejeras escolares, pañuelos escolares de cuello, cabeza y pañuelos escolares de tela"
0118,"chancaca, jarabes o siropes de arce, de melaza, de glucosa, de fructosa, de lactosa, salsas dulces (de manjar, frambuesa, caramelo, etc.)"
0114,"huevos de gallina frescos y con cáscara, blancos o de color"
0541,"artículos de vidrio, cristal, cerámica y porcelana utilizados para el baño, el tocador, la oficina y la decoración de interiores"
0724,pagos por licencias de conducir (07.2.4.03.02)
1212,seguros relacionados con la salud (12.1.2.01.01)
0312,trajes típicos o tradicionales para niño
1111,"alimentos y bebidas no alcohólicas que son preparados y se encuentran listos para su consumo, cuyo gasto no es posible desglosar (más de un producto con un solo valor, por ejemplo, desayuno-once-colación, entre otros)"
1313,"piercing, tatuajes, tatuajes de henna, expansiones y perforaciones"
0231,papeles y filtros para cigarrillos y cigarros de un solo uso
0741,servicios de entrega de paquetes de productos comprados en línea
0118,"miel natural, mermeladas, compotas, gelatinas de fruta, purés y pastas de frutas"
1031,servicios de educación para jóvenes y adultos con necesidades educativas especiales
0117,pepinos (hortalizas) (01.1.7.02.03)
0118,estevia
0814,reproductores de sonido portátiles (08.1.4.01.05)
1391,"pagos por servicios de corredores de propiedades, subastadores y otros intermediarios"
0631,"cirugía y procedimientos médicos hospitalarios en cráneo, cuero cabelludo y cuello, como hematoma subdural"
1312,papel higiénico (13.1.2.02.09)
1312,pañuelos de papel desechables (13.1.2.02.08)
1111,"papas fritas, papas bravas, pichangas, wantán frito, aceitunas, sopaipillas, nachos, quesos, masas saladas sin relleno, tablas y otros alimentos de picoteo"
1329,fundas o estuches para notebook (13.2.9.01.05)
0431,cámaras para la seguridad y vigilancia de la vivienda (04.3.1.02.01)
0621,servicios preventivos (06.2.1.00.00)
0114,"otros productos derivados de la composición de la leche, concentrados de proteínas de leche y productos obtenidos a partir de suero de leche"
0412,arriendos de unidades de almacenamiento
0117,"hojuelas de verduras, puré de verduras, snacks o chips de verduras, concentrados de vegetales, preparaciones homogeneizadas, kocho (pan plano hecho de tallo vegetal), almidones de papa, tapioca, sagú y otros almidones"
0512,"restauración de obras de arte, muebles antiguos y revestimientos de pisos antiguos que no sean los adquiridos principalmente por su valor (formación de capital)"
1331,cuidado de niños fuera del hogar (13.3.1.01.01)
0833,arriendo de equipos si se encuentran incluidos en el servicio de Internet
1312,jabones de afeitar
1311,removedores de vello facial eléctricos (13.1.1.01.01)
0561,fragancias ambientales para la vivienda (05.6.1.09.08)
0119,"pizza (con agregados), quiches, pasteles de carne o pescado (01.1.9.01.00)"
1011,cuidado de niños con un componente educativo (10.1.1.01.00)
0631,prótesis o implantes dentales cuando está incluida en una hospitalización (06.3.1.01.14)
1214,"cargos por servicios de seguros que cubren responsabilidad civil o daños a terceros o sus bienes, derivados de la operación de equipos de transporte personal"
0431,alfombras y linóleos empotrados
1051,cursos en el uso de computadoras y/o software específico
0749,servicios de mudanza de muebles
0961,"teatros, teatros de ópera"
0641,servicios de laboratorios de análisis médicos y centros de imagen identificables por separado de los servicios dentales recibidos (06.4.1.00.00)
1021,"gastos en cuotas de incorporación y exámenes de admisión de servicios de educación para adolescentes con necesidades educativas especiales (para cualquiera de los niveles mencionados en este código), tales como Programas de Integración Escolar (PIE), programas para grupos diferenciales, programas para escuelas y aulas hospitalarias"
0561,huincha o cinta de embalaje (05.6.1.09.99)
0533,cargos por el arriendo de artefactos para el hogar
0117,guisantes
0119,combos o promociones de comida rápida
0931,árboles y arbustos naturales (de interior y exterior)
0116,zarzamoras frescas
0312,blazers o chaquetas escolares
0455,hielo utilizado con fines de enfriamiento y refrigeración
0118,cremas o productos para untar a base de chocolate y cacao
0111,"pasteles, muffin, berlines, donas, queques pequeños o individuales, dulces chilenos, alfajores, barquillos, conos de helado, palmera, cuchuflí, dulces artesanales, chumbeques, dulces de trigo y otros productos similares"
0611,"gas de oxígeno utilizado en la atención médica, cuando el paciente los compra directamente (06.1.1.01.99)"
0551,"rotomartillos, taladro de percusión, herramientas multipropósito, tronzadoras, generadores, bombas de agua, compresores, pistolas (alta presión, arenadoras, pulverizadoras motorizadas y similares), generadores de electricidad en base a combustibles fósiles"
1112,comedores de jardines infantiles
0312,pantalones cortos (shorts) y bermudas para hombre (03.1.2.01.09)
0118,lactosa y jarabe de lactosa
0522,servicios de reparación y costura de ropa de cama (05.2.2.01.01)
0712,sidecares (carros laterales para motocicletas)
0116,plátanos de postre (01.1.6.01.01)
0541,"secaplatos, porta cubiertos, verduleros de cocina, posa vasos, porta botellas, argollas para servilletas, set porta completos, cooler"
0632,"medicamentos y productos de salud (médicos, asistenciales, terapéuticos) necesarios para brindar servicios para pacientes hospitalizados"
1121,"residencias de estudiantes, dormitorios de escuelas y de otros establecimientos educacionales, cuando es cobrado por separado"
1212,cargos por servicios de seguros médicos de viaje
0931,"maceteros, macetas, porta maceteros, jardineras de maceteros, maceteros colgantes, cubre macetas o protectores para maceteros, planteros, bandejas para almácigos o almacigueras, plato o base para maceteros, decoración, adornos y ornamentos para jardines como, por ejemplo, ramas de bambú y colihue (coligüe)"
0312,"conjunto o buzo completo, para hombre"
0641,servicios de laboratorio e imagen identificables por separado del servicio preventivo (06.4.1.00.00)
0521,"manteles de género, servilletas de género, individuales, esconeras de género o tejidos a crochet (paños para mesas), caminitos y carpetas de mesa"
0723,"servicios de lavado, encerado, lavado motor"
0511,cueros y pieles para tapicería y decoración de ambientes
1311,reparación de aparatos eléctricos para el cuidado personal
0623,"todos los productos de salud (farmacéuticos, médicos, asistenciales, terapéuticos), servicios de diagnóstico por imágenes y servicios de laboratorio médico necesarios para brindar servicios ambulatorios cobrados conjuntamente con la tarifa de servicios del proveedor (médico/especialista/enfermero/otro profesional de la salud)"
1041,certificados de la educación superior emitidos por el Ministerio de Educación (MINEDUC) o instituciones educacionales (10.4.1.01.99)
0722,combustible diésel
0912,"tablas de skate eléctricos (patinetas eléctricas), monopatines eléctricos (scooters eléctricos), monociclos y monopatines eléctricos de autoequilibrio con fines recreativos"
0116,"kiwis frescos en todas sus variedades o denominaciones, por ejemplo, Hortgem Wha, Jin Li, Hortgem Rua, Abbott, Allison, Bruno"
0116,"pepinos dulces, fruta (01.1.6.05.07)"
0312,"abrigos, chaquetas y parkas para niña (03.1.2.02.04)"
0117,"harinas de hortalizas, legumbres, tubérculos, plátanos y bananas para cocinar"
0561,"betunes, cremas y otros artículos de limpieza de zapatos (escobillas para zapatos)"
0124,bebidas a base de cacao y chocolate (01.2.4.01.01)
1229,gastos financieros de administración asociados a préstamos (o avances en efectivo) de casas comerciales
0722,bencina/gasolina
1329,bolsos y mochilas maternales
0714,"caballos y ponis, vehículos tirados por caballos o ponis, camellos y dromedarios comprados para transporte personal y su equipamiento relacionado (07.1.4.01.00)"
0511,"estatuillas y otros artículos decorativos de porcelana y cristal, artesanías en cobre, mimbre, yeso, greda, relojes de pared, relojes de pie, relojes de alarma (despertadores), relojes de viaje, biombos, tabiques plegables, separadores de ambientes, persianas no textiles (PVC, metálicas, madera y similares), marcos y portarretratos, espejos (de dormitorio, baño y living), candelabros decorativos, apaga vela o snuffer, portavelas, piedras decorativas, cueros y pieles para tapicería y decoración de ambientes, imanes para refrigerador"
0972,suscripciones a revistas y otras publicaciones periódicas en formato digital o electrónico a los que se puede acceder por Internet
0118,paletas heladas
0118,salsas de chocolate (01.1.8.05.03)
1111,"servicios de alimentos y bebidas en transporte público (buses, trenes, barcos, aviones, etc.), cuando se cobran por separado"
0422,arriendos imputados de la vivienda principal para hogares que pagan un arriendo reducido o que se alojan gratuitamente
0531,"discos para asado, campanas extractoras"
0119,preparaciones de frutas homogeneizadas para bebés (01.1.9.02.02)
0561,"esponjas para calzado, cepillos o escobillas para calzado, lustrín"
1111,"mote con huesillos (11.1.1.01.04), (11.1.1.02.04), (11.1.1.02.17), según el tipo de servicio que corresponda"
0553,reparación de herramientas y equipos motorizados (incluidos en 05.5.1.00.00)
0512,cargos por la instalación de muebles (cuando se cobran por separado)
0921,"todo tipo de consolas de videojuegos, tales como consolas portátiles, consolas electrónicas para conectar al televisor (TV games) o de sobremesa y consolas híbridas"
0814,"emisoras VHF/UHF, emisoras HF, antenas para equipos de radio, antenas móviles para equipos de radio, transceptores de base y portátiles, interfaz radio-PC, repetidora digital, módulos para transmisión, radio controles (todos los canales), receptores (todos los canales)"
0724,arriendo de estacionamientos municipales en la calle
0212,champán y otros vinos espumosos de uvas
1331,casas de reposo y hogares para personas mayores que no requieren servicios de atención médica continua o permanente (13.3.1.02.01)
0321,todo el calzado infantil (niñas y niños entre 2 y 12 años) y para lactantes (menores de 2 años) ya sea listo para usar o hecho a medida
0943,"arriendo y suscripción de consolas de videojuegos, software y aplicaciones"
0117,aceitunas frescas
0835,"arriendo de equipos de telegrafía, télex, telefax, radiotelefonía, radiotelegrafía y radiotelex"
0111,"pan crujiente, bizcochos, pan tostado, galletas saladas"
1312,aceites emulsionados
0212,vino de uvas con bajo contenido de alcohol o sin alcohol (02.1.2.01.03)
0972,suscripción a revistas y otras publicaciones periódicas (entrega a domicilio)
0312,"trajes completos, ambos, trajes completos de dos piezas (conjuntos) para lactante"
0117,preparaciones homogeneizadas de frutas y hortalizas que no están destinadas exclusivamente para uso en bebés (01.1.6.09.00
0612,equipo de diagnóstico para autoevaluación o venta sin receta para uso personal fuera de un establecimiento o institución de salud
0630,"tratamientos de belleza realizados en hospitales (por ejemplo, cirugía estética con fines distintos de la cirugía reconstructiva)"
0945,servicios de alojamiento y servicios de atención veterinaria para animales usados para transporte
0922,"equipos para gimnasia, educación física y deportes, como por ejemplo, pelotas o balones, volantes o plumas (bádminton), redes de todo tipo de deportes, raquetas, bates, esquís, palos de golf, discos, jabalinas"
0721,"cadenas de seguridad antirrobos, candados antirrobos, traba ruedas, astas con bandera reflectante, huinchas reflectantes, cascos protectores y cascos protectores con cámaras incorporadas para bicicleta, chalecos reflectantes, máscaras para protección, sillas de bebés y niños para bicicletas"
1051,pruebas de dominio de idiomas
0631,"cirugía y procedimientos médicos hospitalarios en oftalmología y oftalmología láser, como campimetría (campo visual del ojo) de proyección o computarizada"
0943,"arriendo físico de softwares de videojuegos (en formato de CD-ROM, DVD, discos de Blu-ray, pendrive, etc.)"
0922,tablas de natación (09.2.2.01.01)
0631,"gastos relacionados con los ""costos de alojamiento"" para el paciente (por ejemplo, alimentación, limpieza, estadía), también asociados con el alojamiento de los familiares del paciente que requieren que los acompañen durante su hospitalización. Ambos tipos de costos deben agregarse si se cobran por separado"
1215,"cargos por servicios de seguros asociados a préstamos, cuentas corrientes, cuentas vistas, tarjetas de crédito bancarias, entre otros, otorgados por bancos, casas comerciales, cajas de compensación y otras instituciones de intermediación financiera"
1121,"servicios de alimentación y bebidas en hoteles u otros establecimientos de alojamiento, si no es cobrado por separado del alojamiento (11.2.1.00.00)"
0642,servicios de transporte de emergencia para pacientes y rescate de emergencia (06.4.2.01.01)
0531,"paneles solares (colector solar térmico y panel solar fotovoltaico), termos solares, o cualquier sistema colector térmico o fotovoltaico que mantenga la sostenibilidad medioambiental"
0612,"mascarillas, medias medicinales (por ejemplo, medias de compresión para várices, antitrombosis o antiembólicas), guantes medicinales (por ejemplo, guantes de compresión, para artritis, para tendinitis), guantes quirúrgicos, mangas compresivas, mosquiteros tratados con insecticida, otros dispositivos de prevención y protección n.c.p"
0922,"máquinas de ejercicio para gimnasia, educación física y deportes, tales como bicicletas estáticas, bogadoras, trotadoras eléctricas, escaladoras elípticas, máquinas de ejercicios multifuncionales y similares"
0511,"bancos y mesas de hierro forjado, cenadores (pérgolas, glorietas)"
0512,"reparación y arriendo de mobiliario para el hogar, el jardín y camping, así como de equipos de iluminación (05.1.2.01.00)"
0321,"zapatos formales o casuales para niño o niña, zuecos"
1312,otros artículos cosméticos y de belleza n.c.p
0521,"otros textiles para el hogar, como bolsas de compras, bolsas de lavandería, bolsas de zapatos, fundas para ropa y muebles, banderas, accesorio textil para dar sombra, etc"
0444,"cargos de copropietario para cuidado, jardinería, limpieza de escaleras, calefacción e iluminación, mantenimiento de ascensores y conductos de eliminación de residuos, etc. en edificaciones con múltiples ocupantes (04.4.4.01.00)"
1050,"alimentos y bebidas proporcionados por escuelas, universidades y otros establecimientos educacionales, si no se cobran por separado (10.1.0.00.00) al (10.5.0.00.00)"
0722,"mezclas de bencina/gasolina, como gasolina con etanol al 10%"
0114,leche de avena
1329,"artículos para fumadores como pipas, encendedores, cigarreras, cortapuros, ceniceros, dispositivos de cigarrillos electrónicos, etc"
0431,"brochas y raspadores para pintar, barnizar y empapelar (04.3.1.01.99)"
0613,"lentes ópticos, lentes de contacto (blandos y rígidos) permanentes y desechables, lentes intraoculares, lentes para leer, lentes para descanso, cristales para lentes ópticos, marcos o armazones para lentes ópticos"
0312,"camisas, blusas, jersey, suéteres, cárdigan, pantalones cortos (shorts), trajes de baño, buzos, pantalones para trotar (jogging), sudaderas, camisetas, leotardos, etc"
0611,dispositivos intrauterinos basados en hormonas (DIU hormonal) (06.1.1.01.03)
1311,cepillos de dientes eléctricos (13.1.1.01.99)
0814,"sistemas de audio y video para vehículos automotores, sin servicio de instalación (08.1.4.01.00)"
1391,"pagos por servicios de grafólogos, astrólogos, lectura de tarot, quirománticos"
0454,carbón de nuez o cáscara (04.5.4.03.01)
0432,"instalación y reparación de puertas, ventanas, vidrios o cristales (para puertas y ventanas), marcos (para puertas y ventanas), mamparas o umbrales, accesorios (o quincallería) para puertas y ventanas (tiradores, manillas, picaportes, cerrojos, bisagras), cubrejuntas, guardapolvos, chapas y cerraduras, ojo mágico"
1391,pagos por paseos y actividades extraprogramáticas de los cursos
0114,"huevos de otros animales, frescos y con cáscara, incluidos los huevos de tortuga"
0454,briquetas de carbón
1391,"pagos por servicios que requieren de un título profesional, independiente de si en la prestación del servicio participan personas sin título profesional"
0118,"otras mantequillas de frutos secos, tales como mantequilla de almendras, mantequilla de anacardo (nuez de la india), mantequilla de avellana, mantequilla de nuez de macadamia, mantequilla de pacana, mantequilla de pistacho y mantequilla de nuez"
1222,"cargos explícitos por los servicios financieros de las corporaciones que toman depósitos, tales como bancos comerciales, cooperativas de crédito, bancos cooperativos, cajas de ahorros, bancos postales y cajas de ahorros postales"
0562,"cuidado de departamentos en ausencia de dueño, cuidado de casas"
0118,postres n.c.p
1221,gastos financieros en intereses por préstamos otorgados por otras instituciones de intermediación financiera no reguladas por la Comisión para el Mercado Financiero (CMF)
0622,"chequeos dentales preventivos de rutina, tales como exámenes bucales regulares (cada seis meses, cada 12 meses, etc.), fluoración tópica, aplicación de sellantes"
1229,cargos administrativos e implícitos de fondos de pensiones y similares
0532,"planchas para ropa, eléctricas y no eléctricas"
0321,"zapatillas, zapatillas deportivas para hombre"
0732,pasajes en microbús (07.3.2.01.01)
0512,"instalación de bienes (muebles, aparatos eléctricos, etc.), si se cobra por separado (05.1.2.01.02), (05.3.3.01.02)"
0969,"reparación y calibración de cuerdas de guitarra, afinación de piano, mantenimiento de instrumentos musicales"
0713,"bicicletas eléctricas, bicicletas eléctricas de pedaleo asistido (pedelecs o bicimotos eléctricas)"
0723,servicios de mantenimiento y reparación de neumáticos y frenos de bicicletas
0454,briquetas de carbón mineral
0122,"cebadas y otros cereales para preparar, en todas sus variedades como cebada y otros cereales tostados, instantáneos en polvo, café de higo y otros frutos, achicoria tostada y otros sucedáneos (o sustitutos), esencias y concentrados de los mismos"
1214,cargos por servicios de seguros relacionados con equipos de transporte personal
0112,carne de corderos y ovejas
0119,"té, café y otras bebidas preparadas listas para su consumo adquiridos en supermercados, ferias, almacenes, panaderías y similares (incluidos los adquiridos mediante máquinas expendedoras relacionadas con este tipo de establecimientos) (01.1.9.01.12)"
0118,helado de yogur o yogur congelado (01.1.8.06.00)
0814,radio reloj (08.1.4.01.03)
0119,alimentos homogeneizados para bebés
0922,"equipo de campamento (camping), como carpas, sacos de dormir, mochilas, colchones inflables y bombines, cocinillas de camping y parrillas portátiles para camping"
0723,servicios de mantenimiento y reparación de pintura y desabolladura de bicicletas
1331,"casas de reposo y hogares para personas mayores sin atención médica, residencias sin atención médica para personas en situación de discapacidad, centros de rehabilitación sin atención médica que brindan apoyo a largo plazo, instituciones para personas en situación de discapacidad donde el objetivo principal es enseñarles a realizar actividades cotidianas"
0611,"antineoplásicos y agentes inmunológicos, como anastrozol, azatioprina, imatinib, metotrexato, tamoxifeno"
1312,"talcos de todo tipo para el cuidado personal, perfumados, antitranspirantes, mentolados, con caléndula, etc"
0974,lápices que no sean específicos para carpintería (09.7.4.01.02)
0118,glucosa y jarabe de glucosa
0116,"dátiles, guayabas y mangostanes, cocos, maracuyá, feijoa, frutas del árbol del pan (breadfruits), otras frutas tropicales y subtropicales, frescas"
0611,"alcohol para usos médicos, líquidos necesarios para diálisis, así como gases utilizados en la atención médica, como el oxígeno, cuando el paciente los compra directamente"
0724,cuotas de participación en sistemas de uso compartido de vehículos o bicicletas
0122,preparaciones de bebidas a base de café (como café enlatado) (01.2.2.01.03)
0819,relojes y bandas inteligentes (o rastreadores de actividad física)
0731,"transporte de personas y grupos de personas, y su equipaje por Metrotren Santiago-San Fernando, Metrotren Rancagua, FESUR"
0117,"rúculas, pencas, nalcas, berros, achicorias, chagual, endivias o endibias frescas o refrigeradas"
0741,"sellos postales nuevos y otros materiales postales prefranqueados (por ejemplo, tarjetas postales, sobres, etc.)"
0114,"huevos con cáscara o no, conservados o cocidos"
1051,"otros cursos de capacitación y perfeccionamiento, tales como cajero de banco, corretaje de propiedades, arbitraje, corte y confección, manicura, peluquería, seguridad (curso OS 10, entre otros), liderazgo, competencias directivas, bartender, soldadura, faenas portuarias, etc"
0946,cuotas de suscripción o membresía en centros deportivos y gimnasios
0122,"achicoria tostada y otros sucedáneos y extractos de café tostados, esencias y concentrados de los mismos"
0455,agua caliente o vapor adquiridos a través de plantas de calefacción urbana o de energía distrital (04.5.5.01.99)
0721,"accesorios para el transporte de equipaje en motocicletas comprados por separado, tales como alforjas, porta equipajes, canastillos"
0613,bastones guía para personas ciegas o con baja visión
0114,leche cuajada (01.1.4.06.04)
0946,servicios contratados por separado de guías turísticos (09.4.6.01.07)
1111,"pollos asados preparados y listos para su consumo (enteros, trozados, etc.)"
0118,"helados en formato familiar como cassatas de uno o más sabores (helados de leche, de agua o sorbetes, de yogur, de tofu, etc.)"
0321,"botas, botines y bototos para hombre"
0421,arriendos imputados de propietarios que ocupan su vivienda principal
0732,pasajes en bus interurbano nacional (servicios de transporte con recorrido entre regiones)
1391,"pagos por servicios de producción de fiestas y ceremonias privadas prestados por centros recreativos y de entretenimiento sin el servicio de banquetería, tales como matrimonios, fiestas de cumpleaños, graduaciones, primera comunión, bautizo, etc"
0946,centros acuáticos
1212,cargos por servicios de seguros de salud
1391,"pagos por servicios y eventos no religiosos, sin servicio de banquetería. (13.9.1.09.08)"
0111,palomitas de maíz (01.1.1.09.02)
0912,repuestos comprados por el hogar con la intención de realizar el mantenimiento o reparación por sí mismos (09.1.2.00.00)
0241,éxtasis
0312,trajes típicos o tradicionales
0211,"vodka puro (sin mezclar o combinar con otras bebidas alcohólicas u otro tipo de bebidas no alcohólicas) en todas sus presentaciones, orígenes y variedades, por ejemplo, vodka de centeno, de papa o de trigo"
0812,teléfonos inteligentes (smartphones)
1391,"servicios de fotocopias, plastificado de documentos (13.9.1.09.06)"
1329,arriendo de otros artículos personales
0722,"bencina/gasolina de 93, 95 y 97 octanos, mezclas de bencina/gasolina, como gasolina con etanol al 10%, para equipos de transporte personal, para las herramientas y equipos incluidos en (05.5.1.00.00) y vehículos recreativos incluidos en (09.1.2.00.00)"
1329,bolsos de viaje y deportivos (13.2.9.01.02)
0114,"cualquier leche concentrada o evaporada, endulzada o no, en formato líquido o como pasta, entera, semidescremada o descremada"
0922,cascos de protección para deportes
1329,maletines
0922,lentes protectores para la práctica de un deporte (09.2.2.01.00)
1051,"cursos de tecnología de la información (por ejemplo, aprender el uso de un software)"
1221,servicios de intermediación financiera medidos indirectamente de sociedades captadoras de depósitos
0116,harinas de frutas y frutos secos (01.1.6.09.99)
0911,repuestos de cámaras fotográficas digitales y analógicas comprados por los hogares con la intención de realizar las reparaciones ellos mismos
1111,"tabaco que se consume con una pipa shisha o de narguile en restaurantes, cafés o en un establecimiento especializado (hookah lounge) de servicio limitado (11.1.1.02.99)"
0641,servicios de diagnóstico por imágenes y servicios de laboratorio médico identificables por separado de la tarifa de servicio del proveedor (médico/especialista/enfermero y otro profesional de la salud) (06.4.1.00.00)
0732,pasajes en taxi y radio taxi
0312,"abrigos, chaquetas y parkas para niño (03.1.2.01.04)"
0312,"pantalones, faldas, chaquetas y blazers escolares"
0921,"otros artículos de colección (monedas, medallas, minerales, especímenes relacionados a la zoología y botánica, etc.)"
0541,"reparación y arriendo de cristalería, vajilla y utensilios domésticos"
0631,"cirugía y procedimientos médicos hospitalarios en urología, como exploración de uretra ántero- posterior con bujía y/o explorador olivar, y/o sonda, y/o beniqué, y/o medición de residuo vesical"
0131,prensado de aceite
0620,"servicios recibidos en hospitales sin una estadía de una noche (06.2.0.00.00), incluidos los servicios de instalaciones, como cirugías, clínicas y dispensarios, dedicados exclusivamente a la atención ambulatoria (06.2.0.00.00)"
1313,corte y afeitado de barba
0974,"lápices, plumas, plumas estilográficas, bolígrafos, rotuladores, tintas, gomas de borrar, sacapuntas, etc"
1011,gastos en matrículas de niveles medio menor y mayor (2 a 4 años)
0442,recolección y eliminación de desechos (retiro de basura) de viviendas secundarias (derechos de aseo)
0312,pantalones de buzo para hombre (03.1.2.01.09)
1011,"gastos en aranceles mensualizados de 1° a 6° básico (aplica para cursos de este nivel impartidos por diferentes vías: en centros educativos o escuelas, hospitales, centros de entrenamiento, por radio o por televisión como también los cursos en línea (e-learning) y por correspondencia)"
0969,"servicios de encuadernación, empastado y anillado de libros (09.6.9.01.02)"
0521,"fundas para ropa (fundas para ternos, trajes, etc.), fundas para muebles (fundas para lavadoras, sillas, tablas de planchar, etc.)"
0521,plumas y otros rellenos para almohadas
0111,quihuicha o trigo inca
0541,"artículos para el hogar de todos los materiales, tales como recipientes para pan, café, especias, etc., contenedores de basura, cestos para papeles, cestos para ropa, cajas de dinero y cajas fuertes portátiles, toalleros, porta botellas, buzones, biberones, termos, frascos y congeladores o cooler"
0117,"espárragos frescos o refrigerados en todas sus variedades o denominaciones, por ejemplo, verde, blanco, morado, silvestre"
0313,"corbatas, corbatines, humitas y similares de cualquier tipo de material y confección"
0552,"ampolletas, tubos, LED (05.5.2.02.03)"
0951,"piezas de repuesto de instrumentos musicales de cuerda, viento y percusión"
0911,"cámaras fotográficas digitales, tales como cámaras fotográficas réflex (DSLR), sin espejo (mirrorless), cámaras fotográficas analógicas (SLR, con rollo de película) y cámaras fotográficas desechables"
0613,"sillas de ruedas (eléctricas o con baterías, estándar o manuales, con o sin cojines), scooter de movilidad o carros para personas en situación de discapacidad, bastones de apoyo o para la movilidad (canadiense, plegable, araña), muletas, andadores ortopédicos (burro ortopédico), andadores ortopédicos con ruedas, bipedestadores (mantienen a las personas de pie), catres clínicos, camillas, colchones antiescaras, colchones de alivio de presión, colchones y almohadas antireflujo, picarón de goma antiescara inflable, carro porta cilindro de oxígeno, rampas portátiles"
1121,servicios de alojamiento en albergues juveniles y refugios de montaña
1213,"cargos por servicios pagados por los propietarios-ocupantes y por los arrendatarios, correspondientes a los tipos de seguros que habitualmente suscriben los arrendatarios, contra incendios, robos, daños por agua, etc"
0623,"atenciones médicas asociadas a otros servicios de atención ambulatoria, con fines curativos, de rehabilitación y a largo plazo (06.2.3.00.00)"
0117,choclos congelados
0943,suscripciones y arriendos de software de videojuegos (09.4.3.01.00)
0119,otros platos y comidas preparadas n.c.p
0732,microbús con chofer (07.3.2.01.01)
0561,"insecticidas, pesticidas, fungicidas, agua destilada"
0532,"aparatos no eléctricos para preparar bebidas, como molinillos de café, máquinas para hacer agua con gas, extractores de jugos, exprimidores, picadoras de hielo, etc"
0839,servicios de instalación de software
0711,vehículos nuevos cuyo tipo no es posible identificar
0312,"calcetas, calcetines, soquetes y medias para hombre, tanto de vestir como deportivos"
0972,revistas infantiles
0721,"accesorios para el transporte de equipaje en vehículos automotores comprados por separado, tales como parrillas para vehículos automotores, barras de techo, porta equipajes para vehículos automotores o cajas de carga para el techo, portabicicletas, portaesquís"
0115,aceite de maní (cacahuate)
1111,"masas dulces y similares adquiridos en comercio ambulante, carritos de comida y similares (11.1.1.02.16)"
1229,"comisiones por aperturas, renovaciones y mantenciones de tarjetas de crédito de casas comerciales, comisiones por transacciones, cuotas pactadas, servicios de administración de tarjetas de casas comerciales"
0814,"tocadiscos, sintonizadores, amplificadores, reproductores de casete (cassette decks), micrófonos y parlantes, equipos de DJ, sistemas de karaoke"
0444,"cargos del copropietario por vigilancia, jardinería, limpieza de escaleras, calefacción e iluminación, mantenimiento de ascensores y conductos de eliminación de residuos, limpieza de piscinas, etc. en edificaciones de múltiples ocupantes bajo régimen de copropiedad, incluidos cités, condominios, edificios o casonas que comparten gastos comunes"
0613,"productos para la incontinencia, absorbentes que incluyen pañales para personas adultas"
0931,"semillas, bulbos y tubérculos para sembrar (plantas, flores, verduras, frutas y hortalizas), esquejes, raíces, esporas de hongos"
0631,"cirugía y procedimientos médicos hospitalarios en columna, como tratamiento quirúrgico hernia núcleo pulposo"
0724,licencias tipo E para vehículos de tracción animal (de uso personal)
0114,albúmina de huevo o clara de huevo deshidratada
0312,"polerones, polerones con gorro, polerones de polar, polerones tipo beatle, chalecos, jersey, suéteres, ponchos, cárdigan para hombre y las versiones deportivas de estos, según corresponda"
0946,"actividades recreativas extraprogramáticas individuales o grupales, fuera del horario de escuela, tales como ajedrez, costura, cocina o cualquier otro pasatiempo"
0119,"perejil, romero, tomillo y otras hierbas culinarias"
0722,combustible para vehículos con fines recreativos (07.2.2.00.00)
0551,discos de corte de fierro
0732,valor mensual del transporte escolar desde y hacia la escuela
0562,servicio doméstico que plancha ropa y ropa de casa en la residencia familiar
0117,"carne y hamburguesas de soja, hamburguesas vegetarianas, tofu, tempeh y otros sustitutos de la carne hechos de verduras y nueces"
0521,toldos de género para ventanas (05.2.1.01.02)
1312,cremas de afeitar
0749,almacenamiento de muebles y otros efectos personales (a largo plazo) (07.4.9.01.01)
0313,"cierres eclair (cremalleras) y hebillas, ojetillos"
0912,otros bienes durables grandes para recreación n.c.p
0944,"arriendo y reparación de calzado específico para deportes (botas de esquí, zapatos para fútbol americano, zapatos de golf y otros calzados como patines de hielo, patines rollers, crampones, toperoles, etc.) (09.4.4.01.00)"
0321,"zapatillas, zapatillas deportivas para lactante"
0111,"snacks, chips y frituras a base de cereal (01.1.1.09.02)"
0623,servicios médicos y de enfermería para mantener a las personas en su hogar privado (incluidos las personas mayores y las personas en situación de discapacidad)
1391,"pagos por la emisión de certificados de nacimiento, matrimonios, defunción y otros documentos administrativos"
0511,"camas, colchones, somieres, tatamis, roperos, veladores (mesas de noche)"
0834,"pagos por servicios de instalación y planes de paquetes que contengan servicios de telefonía fija, servicios de conexión a Internet, servicios de televisión pagada o cualquier otro tipo de combinación de paquetes de telecomunicaciones para la vivienda secundaria"
0118,helados cuyo formato o tipo no es posible identificar
0312,"pijamas, camisones y batas de levantarse (o de descanso) para hombre"
0112,"avestruces, emúes, ñandú, faisán, urogallo, paloma, codorniz y otras aves"
0454,chips y otros productos derivados de la madera
0969,"servicios de arriendo y reparación de instrumentos musicales tales como instrumentos de cuerda, viento y percusión"
0562,"exterminio de plagas, desinfección"
0213,todo tipo de cerveza sin alcohol (artesanales o industriales)
0814,"reproductores de sonido no portátiles (home cinema o home teather, receiver)"
0454,briquetas de turba
0114,queso rallado de origen no animal (01.1.4.05.07)
1312,productos para antes y después del afeitado
0115,grasas y aceites de pescado
0112,"cortes de vacuno (vaca, ternera o buey, wagyu, angus, kobe) como asiento"
0444,limpieza de los terrenos que rodean la vivienda
1329,coches de cuna y cochecitos/sillas de paseo
0561,"agujas de coser, alfileres, alfileres de gancho (imperdibles), agujas para tejer, abre ojal, palillos para tejer, crochet (ganchos o agujas de ganchillo), dedales, tijeras de costura, descosedor de costuras, sacabocado"
1112,"servicios de suministro de comidas y bebidas de consumo inmediato (11.1.1.00.00, 11.1.2.00.00)"
0116,otras bayas frescas
0117,repollos (coles) frescos o refrigerados
0321,calzado cuyo gasto no es posible desglosar
0551,herramientas y equipos motorizados de jardín (05.5.1.01.01)
0734,"transporte de personas y grupos de personas, y su equipaje por buque, barco, transbordador (ferri), lancha, aerodeslizador e hidroala"
0321,"pantuflas (zapatillas de levantarse), alpargatas, zapatillas para agua, botas para agua y otros tipos de calzado n.c.p"
0946,"pagos individuales para circuitos de entretención para niños, carruseles, balancines y otras instalaciones recreativas para niños"
0973,"catálogos y materiales de publicidad, pósteres, láminas impresas, calendarios, láminas autoadhesivas, stickers y pergaminos"
0941,"arriendo de equipos fotográficos, cinematográficos e instrumentos ópticos"
0561,"preparaciones para la limpieza de calzado como abrillantadores, cremas, betún para calzado (líquido y en pasta), renovador para calzado, champú para calzado"
0412,arriendos de unidades de almacenamiento o bodegas relacionadas con la vivienda
0623,"servicios ambulatorios relacionados con atenciones de largo plazo, como diálisis (06.2.3.02.01)"
0622,atenciones médicas asociadas a servicios dentales ambulatorios (06.2.2.00.00)
0114,leche en polvo (01.1.4.03.01)
0117,apios frescos o refrigerados en todas sus variedades o denominaciones
0622,prótesis o implantes dentales cuando está incluida en un procedimiento ambulatorio o cuando se cobran por separado (06.2.2.09.01)
0411,"arriendos efectivos pagados por arrendatarios o subarrendatarios que ocupan viviendas, sin amoblar o amobladas, como su vivienda principal, tales como casas y departamentos, edificios de usos múltiples, del tipo principalmente residencial, zonas para casas móviles residenciales"
0117,papas fritas y prefritas congeladas (01.1.7.09.04)
1329,mochilas escolares
0834,"pagos por servicios de instalación y planes de paquetes que contengan servicios de telefonía fija, servicios de conexión a Internet, servicios de televisión pagada o cualquier otro tipo de combinación de paquetes de telecomunicaciones para la vivienda principal"
0562,lavado y teñido de textiles de uso doméstico
1329,bastones no terapéuticos (paseo) (13.2.9.01.99)
1391,servicio de fotografía de retrato con máquinas de autoservicio que funcionan con monedas o billetes (13.9.1.09.99)
0943,suscripciones y arriendos de softwares de videojuegos (09.4.3.01.00)
0312,pantalones cortos (shorts) y bermudas para mujer (03.1.2.02.09)
0111,"palomitas de maíz (dulces o saladas), barras de granola, barras de cereal, chips de quinoa, quinoa pop, chips de maíz, suflés dulces y salados, etc"
0312,trajes típicos o tradicionales para mujer
0736,transportes de elevadores y teleféricos que no se encuentran en centros de esquí o centros recreacionales (07.3.6.01.01)
0114,"crema fresca, coagulada, espesada y batida"
0946,pago de entradas (tickets) para asistir a eventos deportivos en vivo (09.4.6.03.01)
0444,"paisajismo y servicio de decoración de exteriores (jardín, piscinas, quinchos, etc.)"
0951,"instrumentos musicales de percusión en sus versiones acústicas y electrónicas, como sonajas, cascabeles, crótalos, platos, platillos, claves de percusión, bloque de templo (temple block), castañuelas, maracas, triángulos, gong, rascadores, panderetas, panderos, bongó, timbales, zambombas, bombos, tambores, cajas, cajas chinas, cajas challeras, carrillón, metalófonos, xilófonos, baterías, tormentos, tañador, djembe, instrumentos folclóricos de percusión, instrumentos musicales de percusión de pueblos originarios, vibráfonos, güiros"
0312,"camisas, jersey, suéteres, cárdigan, pantalones cortos (shorts), trajes de baño, buzos, pantalones para trotar (jogging), sudaderas, camisetas, calzas, etc"
0551,taladro de percusión (05.5.1.01.99)
0741,pago por el arriendo de casillas postales
0612,"preservativos o condones (masculinos y femeninos), diafragmas, dispositivos intrauterinos inertes no hormonales, por ejemplo, DIU o T de cobre"
1391,"pagos por avisos y anuncios en diarios o periódicos como avisos clasificados, defunciones, compra, venta según corresponda"
0118,fructosa y jarabe de fructosa
0561,cloro (05.6.1.01.06)
1329,maletas para cosméticos (13.2.9.01.05)
0112,"cortes de vacuno (vaca, ternera o buey, wagyu, angus, kobe) como lomo liso y filete"
0931,coronas florales naturales para funerales (09.3.1.02.04)
0541,"reparación y arriendo de artículos de vidrio, cristal, cerámica y porcelana, cuchillería, cubiertos y platería, utensilios y artículos de cocina"
0733,pagos de tasas de embarque para viajes nacionales
0114,"queso gouda, queso Ranco, de origen animal"
0815,"otros medios para grabación sin grabar (vírgenes), como cintas magnéticas de datos y otros medios de grabación magnéticos, otros medios de grabación óptica y otros medios de grabación n.c.p., como medios de grabación de cambio de fase, medios de grabación holográficos, medios de grabación molecular"
1111,"sándwiches, completos, pizzas, empanadas y masas saladas con relleno adquiridos en comercio ambulante, carritos de comida y similares (11.1.1.02.14)"
0912,"mesas de billar, mesas de ping-pong, máquinas de pinball (flipper), máquinas de juegos, etc"
1391,pagos por servicios de agencias de matrimonio y consejeros matrimoniales
0943,arriendo de juguetes y artículos para pasatiempos (hobbies)
0444,paisajismo y limpieza de los terrenos que rodean la vivienda
0711,vehículos usados adaptados para personas en situación de discapacidad
0111,harinas de cereales (01.1.1.02.00)
0911,"repuestos de proyectores de películas y diapositivas, ampliadoras y equipos de procesamiento fotográfico y cinematográfico comprados por los hogares con la intención de realizar las reparaciones ellos mismos"
1111,"vinos en todas sus variedades y espumantes (11.1.1.01.07) y (11.1.1.02.08), según el tipo de servicio que corresponda"
1111,alimentos y bebidas preparados y listos para su consumo que son entregados por un servicio de banquetería de forma agregada
0521,cortinas de baño (05.2.1.03.02)
0442,cuotas de reciclaje pagadas por los hogares
0112,ranas
0971,compra de libros no educativos (09.7.1.09.01)
1312,desodorantes antitranspirantes (13.1.2.02.05)
1329,"portabebés delanteros y traseros (por ejemplo, mochilas portabebés, fular o mochilas ergonómicas)"
0219,cócteles hechos en base a vodka con alcohol mezclados o combinados con otras bebidas (alcohólicas o no alcohólicas) (02.1.9.01.01)
0541,"reparación y arriendo de artículos de vidrio, cristal, cerámica y porcelana (05.4.1.04.01)"
0511,floreros (05.1.1.04.99)
0113,"surtido para caldillo, surtido de mariscos, picorocos en conserva, erizos en conserva, camarones de agua en conserva, langostas en conserva, langostinos en conserva, gambas en conserva, caracoles de agua en conserva, cangrejos de agua en conserva, jaibas en conserva, centollas en conserva y otros crustáceos en conserva"
0118,miel natural (01.1.8.03.03)
0561,"filtros, manteles de plástico y servilletas, papel de cocina, rollo de papel para hornear, papel protector de cocina, papel de aluminio"
0312,"pantalones para niña, si se adquieren por separado (03.1.2.02.10)"
0721,"accesorios para el transporte de equipaje en la bicicleta comprados por separado, tales como canastos, bolsos traseros, alforjas para bicicletas, carros de arrastre para bicicletas"
0119,"leche condensada, evaporada o en polvo como alimento para bebés (01.1.9.02.01)"
0445,"los gastos asociados, tales como lectura de medidores, etc"
0942,arriendo de los bienes durables grandes para recreación que se describen en 09.1.2.00.00
0114,otras leches vegetales y de frutos secos
0971,"reproducción libros educativos en formatos grabados de casetes, CD-ROM, DVD, discos Blu- ray y pendrive"
1214,cargos por servicios de seguros relacionados con automóviles
0511,"separadores de ambientes tipo biombos, mamparas plegables y persianas no textiles, espejos, portavelas, candelabros"
0521,"artículos de cama, tales como cobertores de futón, almohadas, almohadones y hamacas"
0721,cascos de protección para motos y bicicletas (07.2.1.03.00)
0734,boleto o pasaje que incluye el transporte de vehículos privados
0321,"zapatos (formal o casual), zuecos, zapatos de tacón o tacos (alto, bajo, aguja, plataforma) para mujer"
0111,"galletas dulces sin relleno como galletas tipo coctel, champaña, galletas de vino, galletas dulces integrales, galletas de chuño, entre otras (que sean envasadas o granel), incluye versiones light o dietéticas"
1329,reparación y arriendo de otros artículos personales
0219,"cervezas con alcohol, con bajo contenido de alcohol o sin alcohol mezcladas o combinadas con alguna bebida frutal o cítrica, como la cerveza con limonada, maracuyá o pomelo (02.1.9.01.99)"
1391,servicios funerarios
1111,"vinos en todas sus variedades y espumantes adquiridos en restaurantes, cafés y similares, con servicio completo (11.1.1.01.07)"
0561,"velas, mechas de lámparas, alcohol desnaturalizado, bolsa de plástico, bolsa de basura"
1111,"plato de fondo para almuerzo y cena (arroz con pollo, tallarines con salsa, tortillas, etc.)"
0630,"servicios de control y/o seguimiento después de que aparezcan los síntomas, con atención nocturna (06.3.0.00.00)"
0117,algas marinas secas o deshidratadas (01.1.7.07.01)
0117,"otras hortalizas frutales, frescas o refrigeradas"
0922,"paletas de playa, discos voladores (frisbee) (09.2.2.02.02)"
0921,"juguetes de todo tipo, incluidos muñecas, peluches, autos y trenes de juguete, bicicletas y triciclos de juguete, juegos de construcción, rompecabezas (puzzles), juegos de arcilla o masas para jugar, máscaras, disfraces, juegos o artículos de bromas, fuegos artificiales, decoración de festividades"
0115,grasas de cerdo y manteca de cerdo (puede incluir hierbas u otras especias)
0531,"otros artefactos grandes para el hogar como cajas fuertes, máquinas de coser, máquinas de tejer, suavizadores o ablandadores de agua, etc"
0721,"piezas para vehículos automotores, motocicletas y bicicletas cuyo gasto no es posible desglosar"
0621,identificación de anomalías genéticas
0312,"trajes de baño para hombre y las versiones deportivas de estos, según corresponda"
0219,alcopops elaborados en base a ron combinado con otras bebidas (alcohólicas o no alcohólicas) (02.1.9.01.99)
0723,servicios de mantenimiento y reparación de otros equipos de transporte personal
0115,mantequilla de leche con o sin sal
0921,guirnaldas y lámparas de papel
0921,fuegos artificiales
0912,repuestos comprados por el hogar con la intención de realizar el mantenimiento o reparación por sí mismos (09.1.2.01.01)
0241,heroína
0445,"gastos asociados, tales como arriendo de medidores, lectura de medidores, cargos fijos, etc"
0813,"computadores personales, impresoras, escáneres, monitores, proyectores, cascos y lentes de realidad aumentada (AR) y realidad virtual (VR), módems, enrutadores (router), conmutadores de red y similares, teclados, ratones (mouse), digitalizadores"
0921,"programas de videojuegos, videojuegos electrónicos para conectar al televisor (TV games), consolas de videojuegos y juegos en CD-ROM, descarga de videojuegos"
0119,"levaduras y polvos para hornear, caldos de huesos, caldos de verduras o carnes, cubitos de caldo, bases para sopas, agar-agar, preparaciones de postres instantáneos"
0111,"fideos para sopa como sopa de letras, pepitas, estrellas, granizos, mariposas"
0531,"aire acondicionado, humidificadores, calentadores de espacios, calentadores de agua"
0749,"servicios de entrega de productos, como muebles y comestibles, si se cobran por separado"
0212,"vinos fortificados como vermut, jerez y oporto"
0561,"escobas, escobas de curahuilla, escobillones, baldes escurridores, palas de basura, traperos, mopas, virutillas metálicas de piso"
0231,tabaco para cigarrillos y cigarros
0641,"exámenes de deposiciones, exudados, secreciones y otros líquidos, como secreciones y otros líquidos (amniótico, articular, ascítico, bronquial, digestivo, ginecológico, LCR, nasal, pericárdico, pleural, seminal)"
0532,máquinas para hacer sorbetes
0117,algas y otras plantas acuáticas
0561,"escobas, cepillos para fregar, cepillos para el polvo y productos de limpieza (05.6.1.01.00)"
1329,baúles
1229,cargos administrativos e implícitos de los fondos privados de pensiones y servicios similares
0118,"dulces o pastas de frutas en todas sus variedades como dulce de membrillo, camote, papaya, mora y otras similares"
0431,"pisos flotantes, pisos laminados, tablas para el piso, pisos vinílicos, espumas (o esponjas) niveladoras para pisos flotantes, parqués, cerámicas y baldosas para pisos, adoquines, pastelones, adocretos, alfombras y linóleos empotrados, enlucidos, cerámicas y baldosas para muros, azulejos, listeles, papel mural o tapiz, revestimientos de tela para paredes"
0112,"cecinas y fiambres de cerdo cocidos como jamón y pechuga, mortadela, pernil cocido embutido, arrollado, arrollado huaso, y otros productos similares elaborados con carne de cerdo cocida"
0749,"entrega local de artículos comprados, como comidas para llevar y medicamentos recetados"
0613,"lentes ópticos (para baja visión, corta distancia, larga distancia)"
0941,"reparación de equipos fotográficos, cinematográficos e instrumentos ópticos"
0444,remoción de nieve y limpieza de chimeneas (04.4.4.09.99)
0241,khat
0512,reparación y arriendo de equipos de iluminación (05.1.2.01.00)
0732,pasajes en bus interprovincial (07.3.2.01.01)
0946,"clases de terapia floral (flores de Bach), reiki, desarrollo personal, decoración, magia, malabarismo y similares"
0912,"carros de golf, motos de nieve, bicicletas de cuatro ruedas"
0532,hornos eléctricos pequeños (05.3.2.01.02)
0212,vinos de otras frutas o cereales con bajo contenido de alcohol o sin alcohol (02.1.2.02.02)
0971,"reproducción de novelas, obras de teatro, poesía, etc., en formatos grabados de casetes, CD- ROM, DVD, discos Blu-ray y pendrive"
0431,"puertas y ventanas (de cualquier material), cristales para ventanas, marcos para puertas y ventanas, umbrales, perfiles para ventanas de aluminio, accesorios (o quincallería) para puertas y ventanas (tiradores, manillas, picaportes, cerrojos, bisagras)"
0912,"drones (de carga o equipados con cámaras digitales u otros dispositivos integrados permanentemente, para realizar funciones de utilidad durante su vuelo)"
0722,mezclas para motores de dos tiempos (07.2.2.03.99)
0117,"papas duquesa, papas prefritas, papas fritas, congeladas"
0821,"paquetes de software, como sistemas operativos, aplicaciones, lenguajes de programación, etc"
0552,"pilas (de todos los tipos), baterías, eliminadores de pilas (transformadores universales), probadores de pilas, cargadores de pilas"
1331,"asistencia sin atención médica para personas mayores y personas en situación de discapacidad (servicios de orden y limpieza en el hogar, programas de comidas a domicilio, servicios de guardería para personas mayores)"
0112,bistec de asiento
0931,plantas de exterior
0922,"cañas de pescar para ríos y lagos, cañas de pescar para mar, wader de pesca (prenda impermeable para las piernas y el cuerpo para pesca)"
0749,entrega de alfombras sueltas y otros muebles y mobiliario si se cobran por separado (07.4.9.02.01)
0814,reproductores de CD portátiles y no portátiles
0119,"mayonesas en todas sus variedades como mayonesa light, libre de colesterol, con ajo, con cebolla"
0813,"cartuchos de tóner y tinta, tambores de impresora láser, cintas para máquinas de escribir"
0813,"computadores de escritorio (Unidad Central de Procesamiento o CPU, teclado, ratones (mouse) y monitor cuando se adquieren de forma conjunta como parte de un computador), fax y contestadores telefónicos provistos por computadoras personales, computadores de escritorio ""todo en uno"" (All in One), incluidos sus accesorios"
1222,gastos financieros de administración asociados a préstamos de instituciones bancarias (12.2.2.01.01)
0119,cereales de arroz para bebés y otros cereales para bebés (01.1.9.02.01)
1051,"cursos de computación y tecnología de la información en todos sus niveles (básicos, medios y avanzados), en sus distintas modalidades (presenciales, en línea, por radio, por televisión o por correspondencia), por ejemplo, cursos para aprender el uso o manejo de un software específico"
0112,"bistec de posta paleta, posta rosada, posta negra"
0561,productos específicos para la limpieza de pisos (05.6.1.01.04)
0212,otros vinos espumosos de uvas
0611,medicamentos para el sistema cardiovascular (06.1.1.01.02)
0946,entradas ferias y parques de diversiones
0219,"cócteles hechos en base a vino con alcohol, con bajo contenido de alcohol o sin alcohol"
0114,suero de leche de la producción de queso (whey) y caseína
1121,"servicios de alojamiento prestados por hoteles, moteles, casas de huéspedes, campamentos y otros lugares de alojamiento, que se encuentren en funcionamiento, por un período determinado (11.2.1.00.00)"
0945,"servicios de peluquería y estética para mascotas, tales como cortes de pelo, baños estéticos, baños sanitarios, limpieza de oídos, limpieza de glándulas anales, corte de uñas, aseo, tatuajes, etc"
0116,pepinos dulces (pepino melón o pera melón) frescos en todas sus variedades o denominaciones
0623,"servicios de asistencia social y otros servicios de cuidados sociales que están integrados en un paquete de cuidados en conjunto con servicios médicos, los cuales están incluidos en 06.2.3.00.00 si los servicios médicos no requieren hospitalización y en 06.3.2.00.00 en el caso en que sí requieran del servicio de hospitalización. Por ejemplo, servicios de casas de convalecencia médica u hospitales de convalecencia"
0119,"caldos de huesos, caldos de verduras o carnes, cubitos de caldo, concentrados para sopas como concentrado de ave, carne, longaniza, pescado, verdura o sofritos en todas sus variedades, bases para hamburguesas, bases para aliñar carnes, pescados, pollo y verduras, etc., bases para apanar, bases comida china"
1312,"pañuelos de papel, papel higiénico, jabones de tocador, esponjas de tocador y otros productos para la higiene personal (13.1.2.00.00)"
0241,"otros estupefacientes de origen vegetal como las nueces de cola, kava, khat, hojas de betel, hongos de psilocibina y nueces de betel"
0552,taladros manuales no eléctricos (05.5.2.01.02)
1391,"pagos por servicios funerarios (pompa, velatorio, traslado, etc.), ya sea por el servicio completo o por una parte del servicio, colaboración en funerales"
0921,"otros artículos de colección (monedas, medallas, minerales, especímenes relacionados a la zoología y botánica, etc.) y las herramientas necesarias para estos pasatiempos (hobbies)"
0114,todo tipo de quesos producidos con ingredientes de origen no animal
0455,agua caliente y vapor comprados en plantas de calefacción urbana o de energía distrital
0117,ñames
0961,"servicios de alimentación y bebidas en establecimientos que ofrecen servicios recreativos, culturales, deportivos o servicios de entretenimiento, si no se cobran por separado (09.4.6.00.00), (09.6.1.01.00), (09.6.2.01.00), (09.6.9.01.00)"
0561,virutillas metálicas de piso (05.6.1.01.12)
0721,"productos específicamente para la limpieza del vehículo automotor, tales como limpiadores de cromo, compuestos de sellado, esmaltes y pinturas para carrocerías, limpia tapices, champús para vehículos automotores, aromatizadores para vehículos automotores, líquidos limpia parabrisas, plumillas limpia parabrisas, siliconas líquidas para vehículos automotores, ceras para vehículos automotores, renovadores de gomas, renovadores de neumáticos, cubre rayones, pastas de pulir, lápices retocadores para vehículos automotores"
1391,servicios de producción de fiestas y ceremonias privadas prestados por centros recreativos y de entretenimiento (13.9.1.09.08)
0611,"medicamentos para el sistema nervioso, como alprazolam, clonazepam, fluoxetina, melatonina, sertralina, venlafaxina"
0114,"queso rallado de todo tipo, de origen animal"
0114,"leche en polvo, endulzada o sin endulzar, entera, semidescremada o descremada"
0119,"pizzas con relleno listas para su consumo adquiridas en supermercados, ferias, almacenes, panaderías y similares (01.1.9.01.08)"
0114,"quesillo, de origen animal"
0941,"reparación de cámaras fotográficas, cámaras audiovisuales, proyectores de películas (cintas de video) y diapositivas (láminas), ampliadoras y equipos de procesamiento de películas o cintas (rollos)"
0561,"cepillos para platos, esponjas para lavar loza y de uso doméstico, estropajos, viruta de acero, virutillas para lavar loza, escobillas de acero"
0946,"entradas (tickets) y abonos a clubes deportivos para asistir a eventos deportivos en vivo, tales como partidos de fútbol, hockey, competencias de patinajes en hielo, competencias de esquí, partidos de tenis, carreras en hipódromos, circuitos de carreras de automovilismo, velódromos, etc"
0821,"software y paquetes de software, tales como sistemas operativos, aplicaciones, lenguajes de programación (08.2.1.01.01)"
0123,té de menta para infusión (01.2.3.01.03)
0532,"artefactos no eléctricos para preparar bebidas, como molinillos de café, máquinas para hacer agua con gas, extractores de jugos, etc"
0321,"cordones de zapatos, partes del calzado, como tacones, suelas y similares, compradas por los hogares con la intención de reparar el calzado por sí mismos"
0622,"consultas con fines curativos o de rehabilitación a dentistas, odontólogos, endodoncistas, cirujanos dentistas, cirujanos orales y maxilofaciales, patólogos orales, ortodoncistas, pedodoncistas, periodoncistas, prostodoncistas, higienistas orales y auxiliares dentales"
0721,tees para bicicletas (07.2.1.02.07)
0921,"controles de videojuegos, joysticks, volante para videojuego (racing wheels) y otros accesorios para videojuegos"
0971,"soporte de almacenamiento de datos (medios extraíbles) que contienen libros, diccionarios, enciclopedias, software de aprendizaje de idiomas extranjeros, presentaciones multimedia, etc., en formato de software (09.7.1.01.01)"
0221,servicios de elaboración de cerveza
0714,"caballos, asnos, mulas, bueyes, vacas y otros animales que sean utilizados para el transporte"
0111,"cereales en polvo, granola, hojuelas o copos de maíz, hojuelas o copos de avena tradicional (cruda), hojuelas o copos de avena instantánea, muesli, cereales inflados, cereales que contienen avena mezclada con otro tipo de ingredientes (frutos secos, fruta seca o deshidratada), pasteles de arroz inflado o galletas de arroz y otros cereales para el desayuno"
0969,"clases de música y canto (en aulas o vía e-learning) de interpretación musical, clases de canto, clases de diversos instrumentos musicales"
0631,"medicamentos y productos de salud (médicos, asistenciales, terapéuticos) necesarios para brindar servicios a pacientes hospitalizados, aunque se cobren por separado"
1021,"gastos en aranceles mensualizados de educación media (1° a 4° medio), en sus diferentes modalidades: educación media humanista - científica, educación media técnico profesional, educación media artística. Aplica para cursos de este nivel impartidos por diferentes vías: en centros o escuelas, hospitales, centros de entrenamiento, por radio o por televisión como también los cursos en línea (e-learning) y por correspondencia"
0312,"pijamas, batas de levantarse, batas de baño, etc"
0111,centeno
0212,sake
0561,"limpiadores de uso general, productos para limpieza de ventanas, agentes desbloqueantes, desinfectantes"
0126,jugos gasificados (carbonatados)
1111,"platos de fondo listos para su consumo adquiridos en comercio ambulante, carritos de comida y similares (11.1.1.02.21)"
0117,"pepinillos, caiguas o caihuas, otras hortalizas frutales, frescas o refrigeradas"
0972,diarios comprados en kioscos
0116,naranjas frescas en todas sus variedades o denominaciones
0711,"automóviles de carreras y vehículos para espectáculos, usados"
0451,"gastos de la vivienda principal relacionados a electricidad de todas las fuentes (carbón, energía solar, energía hidroeléctrica, energía eólica, etc.)"
0511,somieres
0946,entradas a establecimientos de baile y clubes nocturnos (09.4.6.01.08)
0112,"vienesas, salchichas de pollo, pavo y otras aves"
0721,cámaras de tableros del automóvil (07.2.1.03.01)
0116,castañas
0111,sorgo
0115,grasas de chicharrones y primeros jugos (oleo stock)
0724,"arriendos de equipos de transporte personal sin conductor (por ejemplo, arriendo de vehículos) diarios, semanales, mensuales o con otra periodicidad"
1313,"servicios de masaje corporal no terapéuticos de espalda y cuello, abdomen, pies, masajes reductivos, masajes no terapéuticos para embarazadas y bebés, entre otros"
0621,"servicios de detección temprana de enfermedades, antes de que aparezcan los síntomas (incluidos los exámenes de detección, las pruebas de diagnóstico y los exámenes médicos dirigidos a detectar enfermedades transmisibles y no transmisibles antes de que aparezcan los síntomas)"
0833,servicios de banda ancha móvil (08.3.3.01.03)
0733,pagos de tasas de embarque para viajes nacionales (07.3.3.01.03)
0613,"audífonos para sordera (por ejemplo, digitales, intracanales, retroauriculares, con receptor de canal o RIC, etc.)"
0552,"mallas para sombra, mallas de acero, mallas para jardín, rejas de PVC, cercos para jardín, rejillas o cercas de metal, estacas y segmentos de arco para cercas y bordes"
1312,crema de baba de caracol
0819,"componentes de la computadora, tales como procesadores, discos duros internos y unidades de estado sólido, placas base, memoria, unidades de DVD"
0711,"automóviles sedan, automóviles deportivos (coupé o convertibles), automóviles hatchback, citycar, automóviles nuevos adaptados para personas en situación de discapacidad"
0511,estatuillas y otros artículos decorativos de porcelana y cristal
0117,"arrurruz, raíces de loto, salep, alcachofas de Jerusalén, topinambur, tacca"
1312,alcohol gel
0112,"procesados de otros tipos de animales como camarones de tierra en conserva, caracoles de tierra en conserva, cangrejos de tierra en conserva"
0511,"mesas y sillas de cocina, alacenas y cubiertas para cocina"
0312,"chalecos, suéteres, ponchos y polerones que forman parte del uniforme escolar"
1111,combos o promociones adquiridos en establecimientos con servicio limitado (11.1.1.02.13)
0111,mijo
0621,planificación familiar y asesoramiento
0118,"mermeladas de frutas en todas sus variedades como mermelada de durazno, mora, naranja, damasco, alcayota, manzana, frutilla, etc"
0114,quesos de origen no animal (01.1.4.05.07)
1121,"servicios de alojamiento en resorts, hoteles y moteles"
0445,"los gastos asociados, tales como lectura de medidores, cargos fijos, etc"
0116,"frutillas (fresas) frescas en todas sus variedades o denominaciones, por ejemplo, Douglas, camarosa, chilena"
0642,"servicios de ambulancia para personas con o sin rescate de emergencia, dentro del territorio nacional"
0111,cuscús
0712,"motocicletas usadas, tales como motocicletas tradicionales de dos ruedas o con sidecar, urbanas, enduro, cross o todo terreno, motocicletas scooter o motonetas, motocicletas de turismo, naked (deportivas), scrambler (retro), crucero (de carrera), bobber (para una persona), café racer, custom, street tracker (de competencia), brat style (mezcla entre bobber y café racer)"
0112,carne de liebres y conejos
0111,"mote, trigo mote, chuchoca, malta, extracto de malta, seitán y otros sustitutos de la carne hechos de cereales"
1229,"comisiones asociadas a los gastos financieros de establecimientos que otorgan crédito automotriz (excepto bancos, casas comerciales, cajas de compensación y cooperativas), establecimientos en el extranjero (excepto bancos, casas comerciales, cajas de compensación y cooperativas) y otras instituciones de intermediación financiera"
0630,"alimentos y bebidas proporcionados a pacientes hospitalizados, si no se cobran por separado (06.3.0.00.00)"
1322,"artículos de devoción o para ser usados en celebraciones religiosas o rituales como crucifijos, rosarios, figuras, imágenes, velas votivas o sirios, amuletos, estampitas religiosas, candelabros o lámparas para celebraciones religiosas (por ejemplo, candelabros de Menorá), coronas de adviento y otros"
0321,"sandalias, chalas, hawaianas para mujer"
0831,"llamadas telefónicas desde una línea privada o desde una línea pública (cabinas telefónicas públicas, llamadas telefónicas desde líneas privadas de hoteles, hostales, etc.)"
1111,"papas fritas, masas saladas sin relleno y otros alimentos de picoteo listos para su consumo, adquiridos en restaurantes con servicio completo (11.1.1.01.02)"
0711,"automóviles sedan, automóviles deportivos (coupé o convertibles), automóviles hatchback, citycar, automóviles usados adaptados para personas en situación de discapacidad"
0552,"martillos, diablitos, serruchos, lápiz carpintero, lijas, cepillos manuales para madera, taladros manuales no eléctricos, mandriles para taladro, formón, escoplos, limas, escofinas, gubias, sierras manuales, hojas de sierra manual, arcos de sierra, saca clavos"
0111,"mezclas para pasteles (tortas, tartas, bizcochos)"
0721,"neumáticos (nuevos, usados o recauchutados), cámaras de aire, bujías, baterías, amortiguadores, filtros, bombas y otras piezas o accesorios para equipos de transporte personal"
0622,"todos los costos relacionados con prótesis dentales (completas o partes de ellas), incrustaciones, coronas, aparatos de ortodoncia, etc. (incluidos los costos de ajuste)"
0622,chequeos dentales preventivos de rutina
1121,"servicios de alojamiento en vagones para dormir de ferrocarril y de otros transportes públicos, cuando se cobren por separado"
0623,"procedimientos médicos ambulatorios en ginecología y obstetricia, como colposcopía"
0922,"carretes de pesca, anzuelos, moscas, nylon de pescar, cebos, pesos de plomo para pesca"
1312,cremas de afeitar (13.1.2.02.03)
1313,"servicios de depilación con cera o crema, depilación láser, fotodepilación, depilación eléctrica o por electrólisis, depilación facial"
1331,"servicios de cuidados y ayuda a personas mayores y personas en situación de discapacidad en sus propios hogares como servicios de limpieza, servicios de alimentación, servicios de cuidados diarios, cuidados en tiempos de vacaciones"
0622,todos los demás servicios dentales que no requieren de hospitalización (excluyendo los servicios dentales preventivos)
0839,"servicio de instalación y pago mensual, TV por cable, TV satelital, IPTV, TV digital, servicios VOD (video a pedido), suscripción a TV vía decodificador y arriendo de decodificadores"
0912,repuestos comprados por el hogar con la intención de realizar el mantenimiento o reparación por sí mismos (09.1.2.01.00)
0118,otros productos de confitería
0912,"aeroplanos, avionetas, aviones ultraligeros, planeadores, alas delta y globos aerostáticos"
0111,bulgur (01.1.1.01.99)
0312,vestuario cuyo gasto no es posible desglosar
0721,"equipos de GPS, alarmas y cámaras de tablero para vehículos automotores, sin servicio de instalación (07.2.1.03.01)"
0117,"aceitunas en conserva, hojuelas de verduras, puré de verduras, chips de verduras y chips en base a papas fritas"
0722,electricidad como combustible para automóviles cuando se cotiza por separado de otra electricidad
1312,sales de baño
1211,"cargos por servicios de seguros de vida, anualidades, seguros de muerte (o defunción), seguros de educación asociados a seguros de vida, etc"
0213,malta con alcohol
0813,tabletas (tablets)
1111,"aguas minerales, jugos, bebidas gaseosas"
0532,máquinas para hacer yogur (yogurteras)
1331,"servicios de apoyo prestados a personas desempleadas, personas en situación de calle, personas de bajos recursos, indígenas, inmigrantes, refugiados, y personas con problemas de alcoholismo y drogadicción"
0552,accesorios varios cuyo gasto no es posible desglosar
0112,"hamburguesas elaboradas con carne de pollo, de pavo y de otras aves"
0121,jugos y refrescos en polvo
0912,piscinas grandes de estructura de acero para instalar sobre el jardín (09.1.2.09.02)
0431,alfombras y linóleo empotrados (04.3.1.01.04)
0733,pagos de tasas de embarque para viajes internacionales (07.3.3.02.03)
0123,"té, mate y otras infusiones preparadas envasadas, té helado preparado (embotellados, enlatados, envasado de cartón y similares)"
1011,"gastos en cuotas de incorporación y exámenes de admisión de 1° a 6° básico (aplica para cursos de este nivel impartidos por diferentes vías: en centros educativos o escuelas, hospitales, centros de entrenamiento, por radio o por televisión como también los cursos en línea (e-learning) y por correspondencia)"
0521,bolsas de compras (05.2.1.09.99)
0723,"servicios de mantenimiento y reparación del sistema eléctrico de motocicletas: luces, encendido electrónico"
0532,"máquina multifunción, procesadoras de alimentos, licuadoras y licuadoras con elementos para calentar"
0946,entradas a fiestas ocasionales de barrio o colegio (con el objetivo de reunir fondos para alguna causa)
0912,barcos y similares (móviles) (09.1.2.03.01)
0531,lavavajillas
0723,reparación e instalación de tapiz para vehículos automotores
1219,cargos por servicios de seguros legales
0452,"gastos asociados, tales como arriendo de medidores, lectura de medidores, cargos fijos, etc"
0114,"leche cruda y entera de bovinos y búfalos, ovinos y caprinos, camellos y otros animales, fresca, pasteurizada, esterilizada (UHT) y reconstituida, con o sin lactosa"
0620,"los medicamentos y productos de salud suministrados directamente por un proveedor de atención médica a pacientes ambulatorios (no hospitalizados) o pacientes hospitalizados (con estadía de al menos una noche) para consumo fuera de un centro o institución de salud, deben ser clasificados como servicios ambulatorios (06.2.0.00.00) o servicios para pacientes hospitalizados (06.3.0.00.00), si no es identificable por separado del servicio"
0111,"trozos o porciones de tortas, tartas, kuchen, tartaleta, pie de limón, cheesecake, brazo de reina, pan de pascua, queques"
0119,"fórmulas para bebés (leches en polvo, condensada o evaporada para uso en bebés), sustitutos de leche materna, fórmulas infantiles con hierro, complementos nutricionales a base de maltodextrina"
0561,"paños, trapos de piso, paño de gamuza"
0312,uniformes escolares
0116,"mangos, guayabas y mangostanes frescos"
0117,"preparaciones congeladas, como papas fritas y prefritas congeladas (01.1.7.09.04)"
1329,"coche de paseo, coche cuna"
0839,servicios de streaming
0943,arriendo o suscripción de software de videojuegos y juegos en línea (09.4.3.01.02)
0117,tomates
0911,baterías y cargadores para cámaras y otros equipos fotográficos y cinematográficos
0942,"arriendo de caballos y ponis, vehículos tirados por caballos o ponis, camellos y dromedarios comprados con fines recreativos"
0839,"servicios de radiotelefonía, radiotelegrafía y radiotelex"
1391,pagos por inscripción y autorización para portar armas de fuego
1312,peines para pediculosis
0623,"atención curativa y de rehabilitación, independientemente del tipo de proveedor: médico (especializado) y otros profesionales de la salud (por ejemplo, enfermeras y parteras)"
0821,suscripciones de software y uso de software en línea
0722,hidrógeno
0561,otros productos para la limpieza y conservación del hogar (05.6.1.01.07)
0946,"arriendo de calzados específicos para deporte asociado al servicio de práctica deportiva (botas de esquí, zapatos de fútbol americano, zapatos de golf y otros calzados como patines de hielo, patines rollers, crampones, toperoles, etc.)"
0552,ampolletas (05.5.2.02.03)
0922,"equipos para gimnasia, educación física y deportes, como pelotas o balones para la práctica de deportes (tenis, béisbol, básquetbol, etc.), volantes o plumas (bádminton), redes para todo tipo de deportes, raquetas, bates, esquís, palos de golf, extensor para ejercicios, paracaídas, parapentes y otros equipos de paracaidismo, tablas de skate (patinetas), tablas de natación, patinetas de dos ruedas de autoequilibrio con batería recargable (hover boards), tabla de snowboard, tabla de sandboard, bastones para senderismo, pértigas, balas para lanzamiento deportivo, discos, jabalinas, pesas de mano (mancuernas), tatamis de uso deportivo, tejos deportivos"
0541,"adornos (05.1.1.04.00, 05.4.1.01.00)"
0749,"servicios de entrega de bienes, como muebles, compras en supermercados, etc., si se cobran por separado"
0112,"otras preparaciones de carne, despojos o sangre"
0119,"kétchup en todas sus variedades como kétchup light, orgánico, libre de colesterol, reducido en azúcar"
0322,"limpieza, reparación y arriendo de calzado (03.2.2.01.00)"
0117,cebollas
0962,bibliotecas
0231,"tabaco que se compra en bares y restaurantes, siempre que no se aplique un cargo por servicio"
0219,"cócteles hechos en base a pisco, ron, whisky o vodka con bajo contenido de alcohol o sin alcohol mezclados o combinados con otras bebidas (no alcohólicas) (02.1.9.01.02)"
0115,margarina
0921,bicicletas para niños de aro 20 o menos
0531,"otros artefactos grandes como cajas fuertes de gran tamaño, máquinas de coser, máquinas de tejer, suavizadores o ablandadores de agua, etc"
0749,servicios de entrega generalmente realizados inmediatamente después de la compra del artículo o programados en un plazo breve
0622,servicios dentales ambulatorios (06.2.2.00.00)
1212,cargos por servicios de seguros complementarios de salud
0114,"huevos de otras aves, frescos y con cáscara, de codorniz, tórtola, avestruz, etc"
0115,manteca de grasa de cerdo u otro animal (puede incluir hierbas u otras especias)
0112,"subproductos y menudencias comestibles de otros tipos de animales, por ejemplo, menudencias de alpaca, guanaco"
0921,aplicaciones de juegos
0561,"clavos, cáncamos (05.6.1.09.07)"
0312,faldas y vestidos para niña
0117,verduras enlatadas
0117,"otras leguminosas verdes, frescas o refrigeradas"
0974,"blocs de notas, sobres, libros de contabilidad, diarios de vida, etc"
0911,repuestos de cámaras de cine y video comprados por los hogares con la intención de realizar las reparaciones ellos mismos
0312,"calzoncillos (cortos y largos), calzones, camisetas tipo beatle, body, piluchos para lactante"
0723,mantenimiento del sistema eléctrico de vehículos automotores (07.2.3.01.01)
1391,"pagos por concesiones diversas (asientos, guardarropía)"
0562,"limpieza en seco de ropa y textiles de uso doméstico, limpieza de alfombras, lavado y teñido de textiles de uso doméstico, exterminio de plagas (fumigación), desinfección, cuidado de departamentos en ausencia de dueño, cuidado de casas, limpieza de ventanas, limpieza de piscinas y otros servicios prestados por empresas o trabajadores por cuenta propia"
1329,arnés para aprender a caminar
0123,té de frutas y hierbas
0623,masajes terapéuticos (06.2.3.01.00)
0623,"servicios de otros profesionales y técnicos de la salud, con fines curativos y de rehabilitación (en establecimientos públicos o privados, en casa o en cualquier otro lugar fuera del hospital, incluso en la calle), tales como atención integral de nutrición, servicios de enfermería, tecnología médica, optometría, sesiones de fisioterapia (o terapia física), gimnasia correctiva recetada por médicos, consultas de fonoaudiología, terapias del habla, terapeutas de inhalación o respiratorios, psicología, terapia ocupacional, podología, etc"
0814,auriculares y auriculares inalámbricos/bluetooth
1213,cargos por servicios de seguros de artículos o bienes del hogar
0531,"freezer, frigobar, conservadores de alimentos"
0512,reparación y arriendo de muebles para el hogar (05.1.2.01.00)
1111,"helados, granizados y otros postres sin masa, listos para su consumo, adquiridos en establecimientos con servicio limitado (11.1.1.02.04)"
0921,álbumes de colección de estampillas (09.2.1.02.02)
0111,"cereales para el desayuno con frutos secos, fruta seca o deshidratada"
0963,"servicios fotográficos prestados por tiendas no especializadas, por ejemplo, supermercados, tiendas de artículos electrónicos, etc., y servicios fotográficos comprados por Internet"
0111,harina de cereales (01.1.1.02.00)
0712,"motocicletas nuevas, tales como motocicletas tradicionales de dos ruedas o con sidecar, urbanas, enduro, cross o todo terreno, motocicletas scooter o motonetas, motocicletas de turismo, naked (deportivas), scrambler (retro), crucero (de carrera), bobber (para una persona), café racer, custom, street tracker (de competencia), brat style (mezcla entre bobber y café racer)"
0531,lavavajillas (05.3.1.01.02)
0312,"trajes completos (al menos pantalón y vestón), ambos, ternos, trajes rectos, trajes cruzados, esmoquin (smoking) y frac para hombre"
0561,abrazaderas de plástico (05.6.1.09.99)
0819,"accesorios para teléfonos fijos, tales como acoplamiento telefónico (enchufe modular, tipo hembra y similares, cable telefónico, roseta), conectores, adaptadores, baterías para teléfonos inalámbricos, conectores para acoplamiento, identificador de llamadas"
0312,"calcetas, calcetines, medias, panty y polainas que se utilizan como calcetines escolares"
0213,"todo tipo de cerveza con alcohol (artesanales o industriales) como ale, lager, stout, porter, India pale ale (IPA), rubia, ámbar, roja o negra"
0731,"transporte de personas y grupos de personas, y su equipaje en tranvía"
0951,piezas de repuesto de instrumentos musicales
0231,compras de tabaco (02.3.1.00.00)
0119,salsas de tomate (01.1.9.03.02)
0521,"alfombras de baño, limpiapiés (05.2.1.09.99)"
1321,"relojes de pulsera, de bolsillo y similares (13.2.1.01.04)"
1121,"servicios de alojamiento a corto plazo proporcionados por casas de vacaciones, casas de huéspedes y pensiones privadas y otras unidades de “bed and breakfast”"
0221,servicios de trituración y prensado de frutas/hortalizas para la producción de bebidas alcohólicas
0562,"servicios de niñeras, etc. (05.6.2.01.01)"
0942,arriendo de casas rodantes y caravanas
0611,hojas de coca utilizadas con fines medicinales (06.1.1.02.01)
0973,"tarjetas postales, sobres y otros materiales postales, sin franqueo (09.7.3.01.01)"
0832,arriendo de teléfonos incluidos en un plan de telefonía móvil (08.3.2.01.01)
0111,"cereales y harina no destinados al uso exclusivo del bebé (01.1.1.01.00, 01.1.1.02.00)"
1051,cursos de idiomas presenciales o en línea
0119,"sopas preparadas, incluidas sopas y guisos deshidratados e instantáneos"
1111,"otras bebidas no alcohólicas, listas para su consumo, adquiridas en establecimientos con servicio limitado (11.1.1.02.07)"
1329,"pipas de madera, de agua, de porcelana o de maíz"
1391,pagos por servicios de anillado y empastado de documentos
0219,"cervezas con alcohol, con bajo contenido de alcohol o sin alcohol mezcladas o combinadas con alguna bebida gaseosa o fruta cítrica, como la cerveza con limonada, maracuyá o pomelo (02.1.9.01.99)"
1329,artículos para fumadores
0733,transporte aéreo internacional de pasajeros por drones y multicópteros
0814,equipos para radioaficionados y de radio control (08.1.4.01.06)
0431,"cañerías, tuberías y uniones, juntas, codos o fittings (de cobre, bronce, polietileno, PVC y materiales similares), bujes, capuchones de goma, tubos de polipropileno, terminales, coplas, niples, tapa gorros, codos, tees, vee, tapones de cañerías, acople rápido, repuestos WC (cadena de baño, flapper, boya o flotador para WC), llaves y sus accesorios (de paso, válvulas, combinación, monomando, monoblock, individuales, mango de tina, suelas y gomas para llave, sifón, conexión rápida, flexible para llave, adaptador de llave), partes de la ducha (mango para ducha, juego de ducha, manguera flexible de ducha, brazo, aireador, soporte, difusor o challa de ducha), regulador de gas, manguera para regulador de gas, resumideros (para lavaplatos, lavamanos, tina o ducha), desagües, membrana para calefón"
0117,espárragos
0945,"servicios de cuidados para mascotas de forma diaria, tales como paseadores de mascotas, cuidador de mascotas (por ejemplo, personas que cuidan a las mascotas cuando el dueño se encuentra imposibilitado)"
1111,"papas fritas, sopaipillas, wantán frito, nachos, masas saladas sin relleno"
0114,leche saborizada (01.1.4.07.01)
0312,"camisas manga larga y corta, guayaberas, poleras manga larga, corta y sin mangas (sudaderas), poleras de piqué para hombre y las versiones deportivas de estas, según corresponda"
0711,"automóviles, furgones de pasajeros, station wagons, vehículos familiares, vehículos utilitarios deportivos (SUV), vehículos todoterreno, camionetas y similares, ya sea con tracción en las dos ruedas o con tracción en las cuatro ruedas"
0421,"arriendos imputados de propietarios que ocupan su vivienda principal (solo para propietarios), tales como casas, departamentos, edificios de usos múltiples (del tipo principalmente residencial), zonas para casas móviles residenciales"
0117,"habas secas, habas de bambara, mezclas de legumbres"
0512,reparación y arriendo de mobiliario de jardín y camping (05.1.2.01.00)
0312,primeras capas en ropa interior y calcetines para hombre (03.1.2.01.15)
0714,"animales requeridos para tirar de vehículos y equipo relacionado (yugos, collares, arneses, bridas, riendas, etc.)"
0921,bicicletas para niños de aro 20 o menos (09.2.1.02.01)
0117,arvejas congeladas
0452,"gastos asociados, como el arriendo o la compra de contenedores de almacenamiento (cilindro de gas), cargos fijos, etc"
0312,pantalones cortos (shorts) y bermudas para niño (03.1.2.01.10)
0118,"manzanas confitadas, plátanos confitados, frutillas confitadas, cáscaras de naranja confitadas, maníes confitados, almendras confitadas, maníes con miel, etc"
0116,copaos frescos y otras frutas frescas n.c.p
0561,"productos específicos para limpieza y mantenimiento, tales como esponjas domésticas, paños de gamuza, detergentes, etc. (05.6.1.01.00)"
0946,"estadios deportivos, hipódromos, circuitos o pistas para carreras de vehículos con motor, velódromos, etc"
0641,"exámenes de sangre (hematológicos, bioquímicos y hormonales), como perfil hepático (incluye tiempo de protrombina, bilirrubina total y conjugada, fosfatasas alcalinas totales, GGT, transaminasas GOT/AST y GPT/ALT)"
0971,"soporte de almacenamiento de datos (medios extraíbles) que contienen libros, diccionarios, enciclopedias, presentaciones multimedia, etc., en formato de software"
0741,servicio de mensajería para cartas
0551,herramientas motorizadas de carpintería (05.5.1.01.02)
1021,"gastos en aranceles mensualizados de 7° y 8° básico (aplica para cursos de este nivel impartidos por diferentes vías: en centros o escuelas, hospitales, centros de entrenamiento, por radio o por televisión como también los cursos en línea (e-learning) y por correspondencia)"
0422,arriendos imputados de estacionamientos en relación con la vivienda
0623,"todos los productos de salud (farmacéuticos, médicos, asistenciales, terapéuticos) necesarios para brindar servicios curativos o de rehabilitación ambulatorios cobrados con la tarifa de servicio del proveedor (médico/especialista/enfermero/otro profesional de la salud)"
0114,"leche al horno (variedad de leche hervida que se cocina a fuego lento), otras leches n.c.p"
0531,aire acondicionado (05.3.1.03.02)
0630,"gastos relacionados con los ""costos de alojamiento"" para el paciente (por ejemplo, alimentación, limpieza, estadía), también asociados con el alojamiento de los familiares del paciente que requieren que los acompañen durante su hospitalización. Ambos tipos de costos deben agregarse si se cobran por separado"
0117,"papas duquesa, fritas y prefritas congeladas (01.1.7.09.04)"
0714,"carretas, carretelas, carruajes y otros vehículos de tracción animal"
0952,"cintas grabadas CD-ROM, DVD, discos Blu-ray, discos de gramófono, unidades USB, para la reproducción de material de sonido (música) e imagen (películas), en todos en formatos, tales como casetes, CD-ROM, DVD, discos Blu-ray, pendrive"
0116,frutillas (fresas) frescas
0312,"conjunto o buzo completo, para niña"
1041,"gastos en matrículas de postítulo y postgrado para clases o cursos en cualquiera de sus modalidades (presenciales, en línea (e-learning), por radio, por televisión o por correspondencia) que conducen a diplomados o grados de magíster y doctorado"
0117,frijoles (porotos) comunes y otros frijoles
0819,dispositivos USB de seguridad (08.1.9.02.03)
0734,servicio de transporte de pasajeros por barco y similares (07.3.4.01.01)
1121,"servicios de alojamiento en búngalos, chalets, cabañas, cabañas rústicas y casas de campo"
0974,"pinturas, témperas, acuarelas, óleos, acrílicos, pinceles, mezcladores de pinturas, lienzos y telas para pintar o para manualidades, bastidores con tela para pintar o para manualidades, disolventes de óleo, greda, plasticinas, artículos para manualidades o artesanías como piedras, perlas, mostacillas, palos de maqueta, palos de helado, pelota de plumavit, cerámicas en frío, goma eva, láminas de corcho, tubos de ensayo, láminas de cobre, vasos milimetrados, trípodes de laboratorio, mecheros Bunsen y pinzas de madera"
0321,"botas, botines y bototos para niño o niña"
0553,reparación y arriendo de herramientas y equipos motorizados
1051,"cursos de preparación para exámenes (por ejemplo, clases esporádicas de forma particular, preuniversitarios)"
1215,cargos por servicios de seguros asociados a instrumentos financieros (préstamos) otorgados por cajas de compensación y cooperativas
1011,jardines infantiles y educación preescolar (10.1.1.01.00)
0733,transporte nacional de personas y su equipaje en avión por vuelos regulares
1391,guardaespaldas (13.9.1.09.99)
0735,recargas de tarjetas BIP (07.3.5.01.01)
0749,servicios de flete
0819,dispositivo para leer libros electrónicos (08.1.9.01.99)
0912,casas rodantes o caravanas (09.1.2.01.01)
0613,muletas
0532,"otros artefactos no eléctricos, como planchas y tablas de planchar, etc"
1229,cargos por remesas
0724,pruebas de revisión técnica (prueba de seguridad vial) y pruebas de control de emisiones
0973,"postales sin franquear (lisas o con imágenes), sobres y otros materiales postales no franqueados, tarjetas con saludos especiales, tarjetas de presentación, tarjetas de anuncios y mensajes (tarjetas de felicitación, condolencias, nacimientos, matrimonios, cumpleaños)"
0311,telas para la confección de vestuario (03.1.1.01.01)
0814,"televisores, reproductores y grabadoras de videocasete, grabadoras de video digitales, reproductores de DVD, reproductores de Blu-ray, reproductores Blu-ray Ultra HD, cajas de transmisión, antenas de TV de todo tipo"
1312,"ceras de depilación, miel depilatoria, mousse o espuma depilatoria, gel o jalea depilatoria, cremas depilatorias, spray depilatorio, bandas y parches depilatorios"
1313,"servicios de maquillaje para el rostro, limpieza facial, encrespado permanente de pestañas, delineado permanente de ojos, delineado permanente de labios"
0552,"ampolletas (distintos tipos), tubos fluorescentes, linternas, lámparas de mano"
1021,"gastos en aranceles mensualizados de servicios de educación para adolescentes con necesidades educativas especiales (para cualquiera de los niveles mencionados en este código), tales como Programas de Integración Escolar (PIE), programas para grupos diferenciales, programas para escuelas y aulas hospitalarias"
0116,otras frutas secas
0231,"recargas para cigarrillos electrónicos, con o sin nicotina"
0839,servicios de VOD (video a pedido)
0321,"sandalias, chalas, hawaianas para niño o niña"
0552,quincallería para muebles (05.5.2.02.00)
0111,mote o trigo mote (01.1.1.09.99)
0312,trajes típicos o tradicionales para hombre
0312,trajes para hombre (conjunto de pantalón y vestón) (03.1.2.01.01)
0839,arriendo de decodificador en el caso de TV por cable incluidos en el servicio de televisión por contrato de la vivienda principal (08.3.9.02.01) y secundaria (08.3.9.02.02)
0511,toldos (05.1.1.02.01)
0531,"máquinas de coser, máquinas de tejer, máquinas bordadoras, y sus repuestos"
0111,harina instantánea para productos de panadería o que contiene levaduras
0512,servicio de tapizado (05.1.2.01.01)
0813,"monitores convencionales, monitores LCD, LED, LED 3D, teclados, ratones (mouse)"
0112,"trutro (entero - corto) deshuesado o no, de pavo"
0454,"carbón mineral, coque, briquetas, leña, carbón vegetal, turba y similares, biomasa (trigo, cáscara de nuez, etc.) y estiércol seco"
0724,pruebas de revisión técnica y pruebas de control de emisiones
1214,"cargos por servicios de seguros que cubren responsabilidad civil o daños a terceros o sus bienes, derivados de la operación de vehículos automotores, tales como el Seguro Obligatorio de Accidentes Personales (SOAP) para vehículos automotores, que cubre los riesgos de muerte y lesiones corporales que sean consecuencia directa de accidentes en los cuales intervenga el vehículo asegurado"
0831,costos de instalación y suscripción de equipos telefónicos personales
0947,boletos de lotería
0541,"colador, espumadera, mezquino, cucharón, cuchara de palo, espátula de cocina, rallador, molde para queque, fondue, cortador de papas, cortador de pizza, cortador de porotos verdes, pelador, pinchos para choclos, cortadora de queso, centrifuga de verduras, tabla para amasar, tabla para cortar carne, uslero, pinzas para hielo, cernidor de harina, manga decoradora, tijeras de cocina, afilador de cuchillos, estuches para cuchillos"
0432,"gastos por mano de obra en pintura y albañilería para la vivienda, por ejemplo, servicio de pintura de la fachada exterior, servicio de pintura de interiores y techos, servicios de impermeabilización y eliminación de humedades, instalación de papel mural, reparación de paredes (interiores y fachadas), enyesados, reparación de techos y cielos, aislamiento acústico, aislamiento térmico, instalación de alfombras y linóleos empotrados, instalación y reparación de cerámicas, parqués, piso vinílico, servicio de reparación de pavimentos asociados a la vivienda"
0511,"literas, muebles para bebés como cunas, sillas de comer y corralitos"
0621,planificación familiar y asesoramiento (incluido el asesoramiento genético)
0117,almidón de papa (01.1.7.09.99)
0631,"cirugía y procedimientos médicos hospitalarios en gastroenterología, como gastroduodenoscopía (incluye esofagoscopia)"
0213,"cerveza sin alcohol saborizada con miel, maqui, arándanos, chocolate, lúcuma, etc"
0122,"extractos, esencias y concentrados de café"
0112,"carne de vacuno (vaca, ternera o buey, wagyu, angus, kobe) como carne molida, carne molida especial, tártaro, hipervita, carne picada"
0932,productos para la alimentación animal (09.3.2.02.01)
0119,"productos alimenticios y bebidas dispensados por máquinas expendedoras automáticas, que no forman parte de un servicio de entrega, proporcionado por restaurantes, cafés, buffets, bares, salones de té y establecimientos similares (01.1.9.01.00)"
0219,"cócteles hechos en base a pisco, ron, whisky o vodka con alcohol mezclados o combinados con otras bebidas (alcohólicas o no alcohólicas) (02.1.9.01.01)"
1222,gastos financieros de administración asociados a préstamos de cajas de compensación y cooperativas (12.2.2.01.02)
0533,reparación y arriendo de artefactos de procesamiento de alimentos (05.3.3.01.00)
0561,"platos (de papel, plástico, plumavit, cartón, etc.), vasos (de papel, plástico, plumavit, cartón, etc.), bombillas (de papel, plástico, etc.), bandejas (de aluminio, plumavit, cartón, etc.), papel de aluminio, cubiertos desechables, papel de cocina, rollo de papel para hornear, papel protector de cocina, film plástico o de aluminio para envolver alimentos, manteles desechables, bolsas de papel"
0614,"limpieza, reparación y mantenimiento de lentes para corrección, en sus diferentes partes como marcos o armazones (por ejemplo, servicio de soldado), reposición de cristales, almohadillas, etc"
0312,"blusas manga larga y corta, guayaberas, poleras manga larga, tres cuartos, corta y sin mangas (sudaderas) para mujer y las versiones deportivas de estas, según corresponda"
0531,ventiladores de cielo o empotrados
0732,pasajes en trolebús
0111,pan de jengibre y similares
1329,maletines para notebook
1329,"pañales reutilizables o ecológicos (lavables), pañales de tela para bebés (13.2.9.01.07)"
0839,"tarifas de arriendo de un decodificador, decodificadores de televisión, etc"
0211,"aguardientes, licores y otras bebidas alcohólicas destiladas"
1212,"cargos por servicios de seguros de enfermedades críticas o graves (por ejemplo, seguro oncológico)"
0511,"sofás, sillones y camas inflables"
1212,cargos por servicios de seguros de invalidez
0749,"servicios de entrega de bienes, como muebles y compras en supermercados, si se cobran por separado (07.4.9.02.01)"
0532,"cafeteras, molinillos de café, teteras, extractores de jugo (saca jugos), máquinas para hacer agua con gas"
0612,balanzas para bebés (06.1.2.01.01)
0121,jugos en polvo
0613,"productos de ayuda para la visión, la audición y la comunicación"
1312,pañales desechables para bebé (13.1.2.02.10)
0912,"casas rodantes, caravanas y remolques"
0445,"servicios pagados al proveedor de saneamiento o de agua, o al municipio por la recolección, transporte y disposición de aguas residuales a través de sistemas de alcantarillado"
0432,"instalación y reparación de alfombras, linóleo y otros revestimientos similares para pisos (04.3.2.01.04)"
0125,"aguas minerales o de manantiales, aguas purificadas, aguas soda, con o sin sodio, con o sin gas, sin otros ingredientes adicionales"
0733,"transporte de personas y grupos de personas, y su equipaje por avión y helicóptero"
1021,"gastos en matrículas de servicios de educación para adolescentes con necesidades educativas especiales (para cualquiera de los niveles mencionados en este código), tales como Programas de Integración Escolar (PIE), programas para grupos diferenciales, programas para escuelas y aulas hospitalarias"
0712,motos eléctricas nuevas (07.1.2.01.02)
0969,"arriendo de locales para ensayos de grupos de música amateur, matrimonios y otras celebraciones"
0632,residencias médicas para personas en situación de discapacidad (06.3.2.01.01)
0612,"artículos de calcetería médica, como medias elásticas (06.1.2.02.99)"
0116,frutas del árbol del pan (breadfruits)
1312,parches removedores de puntos negros
0119,"sándwiches en todas sus variedades (lomitos, churrascos, vegetarianos, ave mayo, lengua, pernil, etc.), completos, chaparritas, fajitas, tacos, burritos, hamburguesas, pizzas y empanadas, masas saladas con relleno"
0116,"grosellas, murtas, murtillas, caquis o mancaquis, calafates y otras bayas, frescas"
0114,"cremas frescas, coaguladas, espesas y batidas"
1313,corte de pelo para mujer o niña
0112,"carne de focas, morsas, ballenas y otros mamíferos marinos"
0631,"cirugía y procedimientos médicos hospitalarios en traumatología, como procedimiento para colocar yeso (de varios tipos, calzón corto, minerva de yeso, rodillera, bota larga o corta de yeso, yeso antebraquial con o sin férula digital), vendaje corbata tipo de Schantz, de Velpeau (braquicarpiano, pelvipedio unilateral y/o toracobraquial)"
0922,pelotas deportivas (09.2.2.01.01)
0311,"materiales, hilos y otros accesorios comprados por los hogares con la intención de realizar las reparaciones ellos mismos (03.1.1.01.01), (03.1.3.02.00)"
0632,servicios de casas de convalecencia médica u hospitales de convalecencia
1229,cargos explícitos e implícitos por los servicios financieros de los cambistas y otras instituciones financieras
0114,"bebidas lácteas con probióticos y/o lactobacilos, postres de queso con probióticos, postres con lactobacilos"
0731,"transporte en trenes de alta velocidad, maglevs (trenes de levitación magnética)"
0113,"cangrejos, langostas, cangrejos de río, krill, arañas marinas, camarones y langostinos y otros crustáceos"
0952,"medios audiovisuales para la reproducción de sonido e imagen tales como películas, documentales, series, conciertos, música y otros contenidos audiovisuales en formato de CD- ROM, DVD, discos Blu-ray, vinilos y otros formatos"
0931,pesticidas para el cuidado de plantas (09.3.1.01.01)
0113,"hígados, huevas, aletas, fauces, harina y otros despojos de pescados y mariscos, en todas las formas del producto, es decir, frescos, refrigerados, congelados, secos, salados, en salmuera o ahumados, preparados o conservados"
0119,"pasteles de cocktail para hornear, quichés para hornear, otras masas saladas rellenas o con ingredientes para freír u hornear"
1391,"pagos por fotocopias, impresiones y digitalizaciones de documentos"
0113,"surimi, palitos de cangrejo o kanikama"
1312,"base de maquillaje, sombra de ojos, corrector de ojeras, delineador (ojos y labios), rímel y mascara de pestañas, lápiz labial, brillos labiales, rubor y polvos de maquillaje (incluidos los polvos compactos, brochas, almohadillas o aplicadores de polvos cosméticos), sombra para ojos, productos para desmaquillar (cremas y lociones desmaquillantes, pétalos y toallas desmaquillantes)"
0118,frutos secos confitados (01.1.8.09.01)
0631,"cirugía y procedimientos médicos hospitalarios en ginecología y obstetricia, como colposcopía"
1111,"papas fritas, masas saladas sin relleno y otros alimentos de picoteo listos para su consumo, adquiridos en establecimientos con servicio limitado (11.1.1.02.02)"
0749,servicios de almacenamiento de muebles
0129,siropes y concentrados para la preparación de bebidas
0614,"limpieza, reparación y mantenimiento de productos de diagnóstico médico para uso personal (incluidos en 06.1.2.00.00), tales como equipos de diagnóstico para autoevaluación (por ejemplo, medidores de presión arterial (manuales y electrónicos), oxímetros, medidores de frecuencia respiratoria, etc.), productos de tratamiento para uso personal (por ejemplo, humidificadores de uso médico, nebulizadores, ventiladores y concentradores de oxígeno, etc.)"
0946,"servicios de alimentación y bebidas en establecimientos que ofrecen servicios recreativos, culturales, deportivos o servicios de entretenimiento, si no se cobran por separado (09.4.6.00.00), (09.6.1.01.00), (09.6.2.01.00), (09.6.9.01.00)"
1391,"agencias de empleo, etc"
0562,limpieza de alfombras
0969,"arriendo de locales para ensayos de grupos de música amateur (arriendo de salas de ensayo), arriendo de locales para matrimonios y otras celebraciones"
0113,"paté y pastas de pescado, surimi, palitos de cangrejo o kanikama, estén o no congelados"
0117,"algas marinas secas o deshidratadas, por ejemplo, cochayuyos secos, nori (01.1.7.07.01)"
0119,"vinagres en todas sus variedades como vinagres de vino (tinto, blanco, rosado), de arroz, de ajo, de manzana, acetos balsámicos"
0114,"queso crema, queso mascarpone, quesos untables, quesos untables saborizados, pastas untables elaboradas en base a queso, etc., de origen animal"
0313,"piochas, insignias, parches escolares, correas o terciados y coscachos de brigadas escolares, boinas y porta estandartes escolares"
0512,reparación y arriendo de alfombras sueltas y otros muebles y mobiliario (05.1.2.01.00)
1329,casco o gorro protector antigolpes para bebés
0111,triticale
1112,"alimentos y bebidas proporcionados por comedores y cafeterías de universidades, escuelas y jardines infantiles (11.1.2.01.01)"
0921,figuras coleccionables
0972,suscripciones a revistas y otras publicaciones periódicas (entrega a domicilio)
0115,aceite de algodón
0112,patés (01.1.2.05.04)
0321,"botas, botines y bototos para lactante"
0734,taxis acuáticos
0313,"guantes, mitones de lana, de cuero y otros materiales, manguito de tela u otro material para calentar las manos"
1329,mecedora o silla nido
0321,"todo el calzado para mujeres, ya sea listo para usar o hecho a medida"
0941,"arriendo de cámaras fotográficas, cámaras audiovisuales, proyectores de películas (cintas de video) y diapositivas (láminas), ampliadoras y equipos de procesamiento de películas o cintas (rollos)"
0118,"azúcar de caña o de remolacha, en bruto o refinada, en polvo, cristalizada o en terrones"
0512,"reparación de muebles, mobiliario, carpintería para muebles, barnizados, tapizados y reparación de alfombras sueltas, alfombras a medida o dimensionadas, reparación de lámparas, reparación de toldos, reparación de cuadros y marcos de cuadro, cambios de vidrio a portarretratos"
0116,"mangos frescos en todas sus variedades o denominaciones, por ejemplo, mango de hilachas, Thompson, bocao, melocotón"
0241,"cactus alucinógenos (peyote, San Pedro)"
0832,"teléfonos móviles incluidos en un paquete, es decir, paquetes prepagos o pospagos, generalmente vinculados a un operador específico durante un período de tiempo determinado, si no se cobran por separado"
0911,"cámaras fotográficas, cámaras audiovisuales, proyectores de películas (cintas de video) y diapositivas (láminas), ampliadoras y equipos de procesamiento de películas o cintas (rollos)"
0117,frutas y verduras encurtidas (01.1.7.09.00)
0219,cócteles hechos en base a vino (02.1.9.01.99)
0531,"lavadoras, secadoras, secadoras de tambor, armarios de secado, radiadores de secado"
0912,animales vivos para recreación (09.1.2.04.01)
0118,"azúcar de arce, melaza, azúcares y jarabes de azúcar n.c.p"
0118,crema o cuajada de limón y similares (01.1.8.03.04)
0116,dátiles frescos
0946,"servicios de arriendo diario o por horas de, pistas de patinetas (skate), piscinas, circuitos o campos de golf, canchas de tenis, canchas de squash, pistas de bolos (bowling), centros de tiro, canchas de fútbol, futbolito, baby fútbol, raquetball, basquetball, pádel, accesos pagados a lugares de pesca, juegos con pistolas de paintball, centros de laser tag, circuitos de karting y muros de escaladas (climbing)"
0611,medicamentos herbarios y productos homeopáticos
1214,cargos por servicios de seguros relacionados con el equipamiento de vehículos automotores
0122,"preparaciones de bebidas a base de café y cafés preparados (embotellados, enlatados, envasado de cartón y similares) (01.2.2.01.03)"
0312,"polerones, polerones con gorro, polerones de polar, polerones tipo beatle, chalecos, jersey, suéteres, ponchos, cárdigan para mujer y las versiones deportivas de estos, según corresponda"
0819,"accesorios para televisores, radios (y otros equipos de recepción, grabación y reproducción de sonido e imágenes), tales como controles remotos universales (para televisores, reproductores de DVD y Blu-ray, equipos de sonido), lentes 3D, soportes para TV"
1219,"cargos por servicios de otros seguros, tales como responsabilidad civil por lesiones o daños a terceros o sus bienes"
0531,"tinas, lavamanos, lavaplatos (fregadero), salas de baño, WC, estanques, jacuzzi, cabinas de ducha, receptáculos, saunas, bidet"
1311,otros aparatos eléctricos para el cuidado personal n.c.p
1051,"cursos de idiomas no conducentes a un grado, tales como cursos de inglés, francés, chino mandarín, alemán, etc., impartidos en institutos y academias de idiomas en sus distintas modalidades (presenciales, en línea, en forma de software o cintas de audio, por radio, por televisión o por correspondencia)"
0313,"hilados o lanas para tejer, hilos de coser, hilos de punto y accesorios para confeccionar vestuario, como hebillas, botones, botones de presión, cierres de cremallera, cintas, cordones, artículos de pasamanería, etc"
0632,casas de reposo y hogares para personas mayores que requieren servicios de atención médica continua o permanente (06.3.2.01.01)
0835,reparación de todos los equipos de información y comunicación
0521,"alfombras antideslizantes para baño, tinas, duchas"
0561,"preparaciones para la desinfección como desinfectantes de ambientes, desinfectantes de verduras, pastillas de cloro, pastillas para W.C., toallas desinfectantes de superficies, cloro y cloro en gel"
1212,cargos por servicios de seguros de enfermedades crónicas
0119,postres en polvo (01.1.9.09.04)
0112,hamburguesas elaboradas con carne cuyo animal de procedencia no es posible identificar
0452,"gastos asociados, tales como arriendo de medidores, lectura de medidores, arriendo o compra de contenedores de almacenamiento, cargos fijos, etc"
1051,"gastos en matrículas de preuniversitarios, en cualquiera de sus modalidades (presenciales, en línea (e-learning), por radio, por televisión o por correspondencia)"
1312,bronceadores (13.1.2.03.06)
0814,antenas de radio (08.1.4.01.06)
0736,servicios de custodia y depósito de equipaje (servicios de almacenamiento del equipaje de los viajeros por tiempo limitado) y oficinas de envío de equipaje
0911,"pantallas, visores y lentes (incluyendo lentes de aumento o zoom), equipos de flash, filtros, medidores de exposición, etc"
0111,pasta lista instantánea para uno
0922,"botes inflables, balsas para rafting, piscinas inflables para niños y piscinas de playa, flotadores inflables, quitasoles de playa"
0112,carne de pavo cuyo corte no es posible identificar
0111,mezclas y masas para la preparación de productos de panadería
0921,bicicletas BMX
0961,shows de músicos o grupos musicales si se contratan por separado (09.6.1.01.03)
0969,servicios de encuadernación o anillado de libros
0835,arriendo de equipos de suministro de acceso a Internet
0921,"softwares de videojuegos (para consolas de juegos, computadores, tablets, teléfonos inteligentes, descargas y cualquier formato, incluyendo CD-ROM, cartuchos o cartridges de videojuegos, DVD, discos Blu-ray, pendrives, etc.) (09.2.1.01.02)"
0911,"cámaras de cine y cámaras audiovisuales, videocámaras y cámaras móviles (cámaras deportivas), cámaras con distintos tipos de almacenamiento: cinta, Mini DV, DVD, tarjeta de memoria, Super Video CD o SVCD, entre otros"
0839,"servicios de telegrafía, télex y telefax"
0945,"los productos veterinarios, tales como vacunas o tratamientos antiparasitarios solo cuando no es posible separarlos del cobro del servicio de atención veterinaria"
0952,descarga de música y películas
1111,"platos de fondo que se consumen en el almuerzo o cena y otros tipos de alimentos que pueden ser consumidos en el almuerzo o cena como sushi, pollo asado, ensaladas consumidas como plato de fondo, por ejemplo, ensalada cesar"
0312,conjunto o buzo completo para mujer (03.1.2.02.13)
0921,bicicletas y triciclos de juguete (09.2.1.02.01)
0531,"aspiradoras, máquinas de limpieza a vapor, máquinas de lavado de alfombras y máquinas para fregar, encerar y pulir pisos"
1222,gastos de administración en instituciones bancarias que no se encuentran asociados a préstamos (12.2.2.01.03)
0724,"clases, exámenes, licencias de manejo"
0117,"harinas de legumbres, hortalizas, tubérculos y bananas para cocinar (01.1.7.09.01)"
0922,"otros implementos de protección para deportes, como chalecos salvavidas, guantes de boxeo y para otros deportes, protecciones corporales acolchadas para hacer deportes, canilleras, lentes para buceo, cinturones deportivos, soportes (arnés, fajas), etc"
0942,"arriendo de un espacio físico donde almacenar en época de invierno los botes y yates, etc."
0561,"cepillos limpia inodoro, sopapos"
0921,masas para jugar (09.2.1.02.99)
1111,"alimentos y bebidas proporcionados por establecimientos de servicio completo que sirven principalmente bebidas: cafés, buffets, bares, salones de té y similares"
0921,"controles de videojuegos, joystick, volante para videojuegos (racing wheels) y otros accesorios para videojuegos"
0912,"botes, yates, motores fuera de borda, velas, aparejos y superestructuras náuticas"
0116,"paltas (aguacates) frescas en todas sus variedades o denominaciones, por ejemplo, hass, negra de La Cruz, fuerte, edranol, bacón, torres, ettinger"
0114,postres preparados a base de leche (01.1.4.07.00)
0819,"accesorios para teléfonos móviles, tales como laminas protectoras o carcasas para celulares, colgante para celular, soporte de celular para el automóvil, batería, lápices ópticos para celulares, cargador de batería, cargador de celular para el automóvil, adaptador de audífonos para celular, base para celular, palos selfies (selfies stick)"
0111,"fideos largos como fideos chinos, fideos de arroz, fideos de soya, fetuchinis"
1391,"concesiones de baños, por ejemplo, arriendo de baños químicos para eventos (13.9.1.09.99)"
0971,"libros de educación formal (textos escolares/manuales académicos, etc.)"
1312,pañuelos desechables
0943,suscripción de software o aplicaciones de videojuegos (09.4.3.01.02)
0640,servicios de diagnóstico por imagen y servicios de laboratorio médico
0921,"juegos de mesa (naipes de todos los tipos, ajedrez, dominó, dardos, lota, etc.)"
0112,"carne de serpientes, caimanes y otros reptiles"
0117,choclos frescos (01.1.7.04.06)
1221,"servicios financieros implícitos prestados por prestamistas, emisores de tarjetas de crédito, socios financieros de minoristas que pueden ser responsables de otorgar préstamos, casas de empeño y corporaciones involucradas en préstamos (por ejemplo, en préstamos estudiantiles y préstamos de importación/exportación)"
0831,"llamadas locales, regionales, nacionales e internacionales"
0119,"pizzas con ingredientes listas para hornear, freír o calentar"
0511,bodegas o pequeñas casas de jardín para guardar herramientas y máquinas de jardín
0611,"alérgenos, antídotos, preparaciones utilizadas en la alimentación con sonda gástrica, gases utilizados en la atención médica, como el oxígeno cuando el paciente los compra directamente y otros medicamentos o preparaciones farmacéuticas n.c.p"
0921,"muñecas, juguetes de trapo, peluches, figuras de acción, autos de juguete, trenes y similares"
0531,hornos eléctricos grandes (05.3.1.01.04)
0119,"ensaladas, es decir, varias verduras cortadas y mezcladas, frescas, lavadas"
0511,imanes decorativos para refrigerador (05.1.1.04.99)
0116,"pasas, ciruelas deshidratadas, damascos deshidratados (albaricoques deshidratados), cocos deshidratados, duraznos deshidratados (huesillos), higos deshidratados, manzanas deshidratadas, peras deshidratadas, piñas deshidratadas y otras frutas deshidratadas o desecadas"
0631,atenciones médicas asociadas a servicios de hospitalización
1121,hoteles que arriendan habitaciones por horas
0733,transporte internacional de pasajeros en avión por vuelos regulares
0117,"snacks y chips en base a papas fritas, preparadas y envasadas con peso definido"
0112,carne de pavo molida o picada
0119,kétchup (01.1.9.03.04)
0931,flores de exterior
1212,cargos por servicios de seguros catastróficos de salud
0833,tarifas de activación e instalación y tarifa mensual
0541,"utensilios de cocina de todos los materiales, como cacerolas, ollas, ollas a presión, sartenes"
0117,"otras hortalizas, tubérculos, plátanos, bananas para cocinar, congelados como espárragos, porotos verdes, porotos granados, habas, cebollas, papas y otros tubérculos congelados, otras hortalizas congeladas"
0521,accesorio textil para dar sombra (05.2.1.09.99)
0552,"carretillas, fumigadoras, escaleras, pulverizadoras manuales"
0932,compra de mascotas
1331,residencias sin atención médica para personas en situación de discapacidad
0511,"sofás, sillones, mesas, sillas, armarios, cajoneras y estantes, percheros de pedestal o mueble perchero"
0711,"automóviles nuevos, furgones de pasajeros nuevos, station wagons nuevos, vehículos familiares nuevos, vehículos utilitarios deportivos nuevos (SUV), vehículos todoterreno nuevos, camionetas nuevas y similares, ya sea con tracción en dos ruedas o con tracción en las cuatro ruedas"
0722,"gasolina y otros combustibles, como diésel, gas licuado de petróleo, alcohol y mezclas para motores de dos tiempos"
0962,"entradas a museos tales como el Museo de Historia Natural, Museo de Bellas Artes, Museo Marítimo Naval, Museo Interactivo Mirador (MIM), Museo Chileno de Arte Precolombino, bibliotecas y Bibliometro (incluye el gasto en arriendo de libros físicos y electrónicos), galerías de arte, exposiciones, monumentos históricos, sitios arqueológicos y similares"
0613,audífonos para sordera (que tienen la finalidad de suplir cualquier tipo de déficit o problema auditivo) (06.1.3.02.01)
0974,"reglas, instrumentos de geometría, pizarras, tizas y cajas de lápices"
0116,"melones frescos en todas sus variedades o denominaciones, por ejemplo, calameño (cantaloupe), tuna, amarillo, piel de sapo, Galia"
0632,servicios de residencias médicas para personas mayores y residencia médica para personas en situación de discapacidad
0442,cuotas de reciclaje pagadas por los hogares de la vivienda principal
0980,"servicios de alimentación y bebidas proporcionados en paquetes vacacionales, si no se cobran por separado (09.8.0.00.00)"
0444,"cargos del copropietario por vigilancia, jardinería, limpieza de escaleras, calefacción e iluminación, mantenimiento de ascensores y conductos de eliminación de residuos, limpieza de piscinas, etc. en edificaciones de múltiples ocupantes incluidos cités, condominios, edificios o casonas que comparten gastos comunes"
0113,merluza o pescada y merluza austral viva con fines alimenticios
0117,arvejas (guisantes) frescas o refrigeradas
0119,"ajíes en salsas, cremas, pastas, pulpas y similares de todos los tipos de ajíes o preparaciones de ajíes como jalapeños, pebre, oro, verdes, amarillos, extracto de ajíes, pastas de rocoto, salsas picantes, salsas verdes"
1121,"servicios de alojamiento a corto plazo proporcionados por casas de huéspedes, unidades de “bed and breakfast”"
0713,"bicicletas eléctricas, pedelecs (bicicletas eléctricas de pedaleo asistido) (07.1.3.01.02)"
0117,papas congeladas y fritas
0442,cuotas de reciclaje pagadas por los hogares de la vivienda secundaria
0511,muebles de camping
1312,crema para masaje
0942,"mantenimiento y reparación de carros de golf, motos de nieve, piscinas grandes de estructura de acero para instalar sobre el jardín, mesas de billar, mesas de ping-pong, máquinas de pinball (flipper), máquinas de juegos, bicicletas de cuatro ruedas"
1312,espumas de afeitar
0213,"cerveza con alcohol, con bajo contenido de alcohol o sin alcohol saborizada con miel, maqui, arándanos, chocolate, lúcuma, etc. (02.1.3.01.00)"
1111,"servicios completos de alimentación y bebidas en establecimientos que ofrezcan servicios recreativos, culturales y deportivos o servicios de entretenimiento (teatros, cines, estadios deportivos, piscinas, complejos deportivos, museos, galerías de arte, clubes nocturnos, establecimientos de baile e instalaciones similares) si se cobran por separado"
0432,"servicios de gásfiter, electricistas, carpinteros, vidrieros, pintores, decoradores, pulidores de pisos, etc. contratados para el mantenimiento y reparaciones menores de la vivienda"
0971,descargas de libros no educativos
0721,sillas de bebés y niños para vehículos automotores (07.2.1.03.01)
0733,transporte aéreo nacional de pasajeros por drones y multicópteros
0971,todas las formas electrónicas de libros educativos (libros en línea y audiolibros)
1331,"servicios de cuidado infantil sin programa educativo, como por ejemplo, las guarderías o playschool (13.3.1.01.01)"
0969,"clases de fotografía y artes (en aulas o vía e-learning) de pintura, dibujo, acuarela"
0119,"papas fritas, sopaipillas, wantán, nachos, masas saladas sin relleno"
1121,"comisiones de las agencias de viaje por alojamiento, si se cobran por separado"
0115,aceites vegetales (01.1.5.01.00)
0621,"los servicios de laboratorio e imagen necesarios para proporcionar servicios preventivos cobrados conjuntamente con el tiempo y las habilidades del personal (por ejemplo, una mamografía)"
1112,salas y comedores militares
0117,"tomates frescos o refrigerados en todas sus variedades o denominaciones, por ejemplo, cherry, beefsteak, amarillo, verde, naranja, rosado, púrpura, romanito"
0111,tortillas de rescoldo (01.1.1.03.04)
0444,remoción de nieve
1021,"gastos en cuotas de incorporación y exámenes de admisión de educación media (1° a 4° medio), en sus diferentes modalidades: educación media humanista - científica, educación media técnico profesional, educación media artística. Aplica para cursos de este nivel impartidos por diferentes vías: en centros o escuelas, hospitales, centros de entrenamiento, por radio o por televisión como también los cursos en línea (e-learning) y por correspondencia"
0231,"tabaco para pipas shisha o de narguile (cachimba, pipas de agua, pipas orientales, chimbombo) si se consume en el hogar"
1312,"cepillos o escobillas para uñas, piedra pómez, guantes y esponjas para aseo personal"
1311,máquinas depiladoras eléctricas
0121,jugo concentrado y pulpa (01.2.1.01.02)
0114,"leche cultivada, crema ácida"
0632,"gastos relacionados con los ""costos de alojamiento"" para el paciente (por ejemplo, alimentación, limpieza, estadía), también asociados con el alojamiento de los familiares del paciente que requieren que los acompañen durante su hospitalización. Ambos tipos de costos deben agregarse si se cobran por separado"
0623,"tratamiento hospitalario a largo plazo en el hogar sin una estadía de noche (por ejemplo, diálisis)"
0241,BMDP (bencilona)
0131,servicios de trituración y prensado de frutas/verduras para la producción de zumos
0221,servicios de añejado y embotellado
0112,"carne fresca, refrigerada o congeladas de otros tipos de animales n.c.p. como carne de cabra, carne de búfalos, carne de liebres y conejos, carne de caballos y otros equinos, carne de alpaca, llama, guanaco, vicuña y otros camélidos, carne de focas y otros mamíferos marinos, carne de antílopes, ciervos, jabalíes, canguros, carne de serpientes, caimanes y otros reptiles, arañas, escorpiones, insectos y gusanos, caracoles terrestres, cangrejos terrestres, carne de rana"
0112,"cortes de cerdo como pulpa pierna, pulpa paleta, pulpa paleta especial"
0531,"acondicionadores de aire, humidificadores, calentadores de espacios, calentadores de agua y ventiladores de cielo o empotrados"
0116,damascos deshidratados (albaricoques deshidratados)
0444,"gastos de administración (remuneraciones y cotizaciones previsionales del personal: mayordomo, conserje, jardinero, nochero, etc.)"
0313,"corbatas, pañuelos, bufandas, guantes, mitones, manguito de tela u otro material para calentar las manos, orejeras, cinturones, tirantes, delantales, baberos, protectores de mangas, sombreros, boinas, gorros, etc"
1021,"otros gastos n.c.p. en educación de 7° y 8° básico, tales como educación secundaria para adultos y jóvenes incluyendo programas de segundas oportunidades o de reintegración, educación secundaria fuera de la escuela para adultos y jóvenes, excursiones o programas de intercambio de estudiantes que forman parte del programa escolar normal (costos de viaje y alojamiento), certificados emitidos por establecimientos educacionales (certificados de alumno regular, certificados de notas, etc.)"
0432,"copias de llaves, aperturas de puertas"
0114,"yogur de coco, yogur de soja, otros yogures elaborados con leche de origen no animal"
0562,cuidado de departamento en ausencia de dueño
1321,"joyas fabricadas con productos de bisutería, tales como anillos, collares, gargantillas y cadenas, pulseras, aros o pendientes, colgantes, tobilleras, prendedores, piochas, colleras, alfileres de corbata, etc"
0641,servicios de diagnóstico por imágenes y servicios de laboratorio médico cobrados por separado de la tarifa de servicio del proveedor (médico/especialista/enfermero y otro profesional de la salud) (06.4.1.00.00)
0612,"test de embarazo, pruebas de ovulación"
0114,quesos cuya variedad o tipo no es posible identificar
0211,"ron puro (sin mezclar o combinar con otras bebidas alcohólicas u otro tipo de bebidas no alcohólicas) en todas sus presentaciones, graduaciones alcohólicas, orígenes y variedades, por ejemplo, ron dorado, blanco, negro, añejo o premium"
0321,zapatos escolares ya sean listos para usar o hechos a medida
0946,"actividades deportivas extraprogramáticas individuales o grupales, fuera del horario de escuela"
1329,maletas
0721,"sillas de bebés y niños para vehículos automotores, motocicletas y bicicletas"
0723,servicio de vulcanización
0947,"apuestas deportivas en general, apuestas en carreras de caballos, apuestas deportivas en carreras de perros"
0532,mantas eléctricas (05.3.2.09.03)
0121,"jugos concentrados (concentrados de frutas, verduras, etc.) y pulpas"
0123,té mezclado con hierbas (01.2.3.01.01)
0111,galletas dulces
0630,"servicios dentales, curativos, de rehabilitación y de cuidado a largo plazo brindados en el contexto de una hospitalización (06.3.0.00.00)"
1111,combos o promociones de comida rápida adquiridos en establecimientos con servicio limitado (11.1.1.02.13)
0931,"plantas de interior, naturales o artificiales"
0552,napoleones
0612,alcotests (06.1.2.01.01)
1391,pagos por servicios de picado y apilado de leña
0312,"polerones, polerones con gorro, polerones de polar, polerones tipo beatle, chalecos, jersey, suéteres, ponchos, cárdigan para niño y las versiones deportivas de estos, según corresponda"
1121,unidades de tiempo compartido
0511,"relojes de pared, relojes de pie, relojes de alarma, relojes de viaje"
1111,bebidas no alcohólicas para consumo inmediato provistas por un servicio de alimentación (11.1.1.00.00)
1121,"servicios de alojamiento en hostales, posadas, hosterías, pensiones y residenciales"
0114,postre de leche asada (01.1.4.07.01)
1329,"artículos de viaje y otros productos para el transporte de artículos personales como maletas, baúles, porta equipajes, bolsos de viaje, maletines, carteras, billeteras, etc"
0116,"moras y zarzamoras, frescas en todas sus variedades o denominaciones, por ejemplo, alba, negra, roja, pajarera"
0736,"puentes transbordadores, elevadores inclinados"
0642,"el transporte de la persona por avión, helicópteros y otros vehículos por razones de emergencia médica, ya sea que hayan sido o no especialmente adaptados para un propósito médico"
0119,"alimentos homogeneizados para bebés, por ejemplo, colados y picados en todas sus variedades como colados y picados de carne, verduras, carne con verduras, carbonada, cazuela de ave, charquicán, lasaña, pescado, pollo, porotos, posta, espagueti, frutas"
0311,"cuero, piel (sintéticos o naturales), cintas termoadhesivas para dobladillo, entretela, guata (napa), relleno y fieltro para confeccionar vestuario"
0942,arriendo de bicicletas de cuatro ruedas (09.4.2.02.01)
0312,"camisas manga larga y corta, guayaberas, poleras manga larga, corta y sin mangas (sudaderas), poleras de piqué para niño y las versiones deportivas de estas, según corresponda"
1312,crema labial
0911,líquidos para revelado fotográfico y papeles fotográficos
0114,yogur con probióticos y/o lactobacilos
0511,muebles principalmente para uso en baños
0561,"cera para pisos, abrillantadores"
0312,"pijamas, camisones, batas para levantarse, batas de baño y similares para lactante"
0114,"huevos frescos de otros animales, incluidos los huevos de tortuga"
0112,"carne de avestruces, emúes, ñandú, faisán, urogallo, paloma, codorniz y otras aves"
0814,"tocadiscos, equipos mixer de DJ, tornamesas, mezcladores, ecualizadores, sintonizadores, amplificadores, micrófonos y parlantes, sistemas de karaoke (08.1.4.01.03)"
0312,polerones que forman parte del uniforme escolar (03.1.2.04.01)
0211,otros destilados y licores n.c.p
1329,"pañales reutilizables, pañales de tela (13.2.9.01.07)"
1011,programas de alfabetización para estudiantes mayores que cursan la escuela primaria
0723,"servicio de mantenimiento y reparación del sistema eléctrico de automóviles: luces, focos y ampolletas, encendido electrónico, alternadores, motores de partida, embobinado, baterías, cierre centralizado, alzavidrios eléctricos, análisis con osciloscopio"
0118,helado de tofu
0312,polerones de buzo para niño (03.1.2.01.06)
1312,"artículos no eléctricos: máquinas de afeitar (desechables o no), cortadoras de pelo y los repuestos para estos productos, tijeras, limas para uñas, peines, brochas de afeitar, cepillos para el cabello, cepillos de dientes, brochas o pinceles para uñas, horquillas, rizadores, balanzas o pesas personales, etc"
1051,"programas de educación, generalmente para adultos, que no requieren de una formación previa, en particular formación vocacional o desarrollo cultural"
1021,excursiones o programas de intercambio de estudiantes que forman parte del programa escolar normal (costos de viaje y alojamiento)
1121,"otros servicios en este tipo de establecimientos si no se cobran por separado, tales como servicios de alimentación y bebidas, limpieza, estacionamiento, lavandería, piscinas y salas de ejercicios, instalaciones recreativas e instalaciones para conferencias y convenciones"
0613,"lubricantes, acondicionadores y detergentes para lentes de contacto y ópticos"
1312,"gel, mousse o espuma, lacas, cremas para peinar, tinturas, cremas y aceites reparadores, barro capilar, aceite capilar, silicona capilar"
0321,"partes del calzado, como tacones, suelas y similares, compradas por los hogares con la intención de reparar el calzado por sí mismos"
0623,"procedimientos médicos ambulatorios en cirugía plástica y reparadora, como escarotomía (incisión quirúrgica que se realiza sobre un tejido necrótico producto de una quemadura grave)"
0119,sopas y cremas en polvo (01.1.9.09.01)
0561,toallas húmedas multiuso no desinfectantes (05.6.1.01.05)
0839,tarifas de arriendo de un decodificador
0921,"repuestos comprados por los hogares, con la intención de realizar la reparación y mantenimiento ellos mismos"
0981,tour por la ruta del vino (09.8.1.01.01)
0212,chicha de manzana
1214,"cargos por servicios de seguros de viaje (por cambio en planes de viaje, cancelación de viaje, etc.) y seguro de equipaje"
0241,crack
0813,"calculadoras, incluidas las calculadoras de bolsillo: operaciones básicas, científica, financiera, gráfica"
1331,servicios de cuidado de niños fuera del hogar
1329,pagos por la compra de urnas funerarias (13.2.9.01.11)
0115,"aceite de todo tipo de animales, aceite de manteca de cerdo, aceite de pescado, primeros jugos (oleo stock), etc"
0946,"actividades recreativas, incluidas las actividades extraprogramáticas individuales o grupales, fuera del horario de escuela, tales como ajedrez, costura, yoga, pilates o cualquier otro pasatiempo"
1214,cargos por servicios de Seguros Obligatorio de Accidentes Personales (SOAP) (12.1.4.01.01)
0932,collares isabelinos (conos terapéuticos y/o de protección)
0732,pasajes en bus internacional
0921,"videojuegos (físicos y con descarga en línea), videojuegos para computador"
0241,cocaína
1111,brunch (comida que sustituye al desayuno y almuerzo)
0533,"instalación de bienes (muebles, aparatos eléctricos, etc.), si se cobra por separado (05.1.2.01.02), (05.3.3.01.02)"
1329,"ataúdes, urnas funerarias, ánforas, lápidas"
0445,pagos por el uso de baños colectivos comunales/comerciales
0621,servicios de atención prenatal y postnatal
0241,otras drogas naturales
0814,grabadoras portátiles de audio
0117,porotos verdes (frijoles verdes) frescos o refrigerados (01.1.7.03.02)
0612,compras por Internet de productos médicos para uso personal
0973,catálogos y materiales de publicidad
0831,"llamadas locales o larga distancia desde teléfonos públicos, centros de llamados, llamadas telefónicas desde hoteles, hostales, cafés, restaurantes y lugares similares"
0521,"bolsas de lavandería, bolsas para lavar ropa (05.2.1.09.99)"
0912,"caballos y ponis, camellos y dromedarios comprados con fines recreativos (09.1.2.04.01)"
0314,"limpieza en seco, lavado y teñido de prendas (03.1.4.01.00)"
0511,"muebles de botiquín, muebles lavamanos (vanitorios), toalleros (muebles), repisas de baño"
0947,"cobros por servicios de lotería, casas de apuestas, máquinas tragamonedas, casinos o cualquier otro establecimiento de apuestas, máquinas de apuestas, cartones de bingo, raspes, boletos de lotería, etc"
0312,"calcetas, calcetines, soquetes y medias para niño, tanto de vestir como deportivos"
0621,chequeos de crecimiento y desarrollo infantil
0932,productos para mascotas y otros animales domésticos (09.3.2.02.00)
0112,"caballos, burros y otros equinos"
0921,"juguetes de trapo, peluches, etc"
0922,gas de camping en cilindro de menos de 50 kg. (09.2.2.02.01)
0118,helado (01.1.8.06.00)
0211,"pisco puro (sin mezclar o combinar con otras bebidas alcohólicas u otro tipo de bebidas no alcohólicas) en todas sus presentaciones, graduaciones alcohólicas, orígenes y variedades como pisco corriente o tradicional (30°), especial (35°), reservado (40°) y gran pisco (43°)"
0541,"ollas, ollas a presión, sartenes, pailas, wok, cacerolas"
0312,"abrigos, chaquetas, chaquetas de vestir (vestón o blazer), chaquetas de cuero (natural o artificial), montgomery, chamarras, casacas, cortavientos, parkas largas o cortas, impermeables, capas para niño y las versiones deportivas de estos, según corresponda"
0722,electricidad como combustible para vehículos automotores cuando el precio se registra por separado de otra electricidad
1121,"vagones para dormir de ferrocarril y de otros transportes públicos, cuando se cobren por separado"
0819,"accesorios para teléfonos, computadores (y otros equipos de información y comunicación), tales como cargadores, baterías, cables, baterías portátiles, estaciones de acoplamiento, cubiertas, carcasas o láminas, soportes, montajes"
0115,aceite de maíz
0741,"sellos postales nuevos (estampillas) y otros materiales postales prefranqueados (por ejemplo, tarjetas postales, sobres, etc.)"
0113,huevas de pescado (01.1.3.07.01)
0922,"botes inflables, balsas para rafting y piscinas inflables para niños y piscinas de playa (09.2.2.02.02)"
1111,"alimentos y bebidas proporcionados por restaurantes, cafés y similares, con servicio completo y consumidos fuera de los establecimientos"
0123,té y otras infusiones embotelladas (01.2.3.01.04)
0912,"embarcaciones para recreación, veleros y tablas para deportes acuáticos, tablas de bodyboard, tablas de surf"
0111,quinoa
0972,suscripción a diarios en formato digital o electrónico a los que se puede acceder por Internet
0713,bicitaxi (cycle rickshaws)
0611,"medicamentos dermatológicos, como clotrimazol (antifúngicos para uso dermatológico), betametasona (preparados dermatológicos con corticoides), terbinafina, griseofulvina, ketoconazol (antifúngicos para uso dermatológico)"
0123,té rooibos
1312,máquinas de afeitar no eléctricas (desechables o no)
0111,espirales
0112,serpientes y otros reptiles
0812,"teléfonos móviles, incluidos dispositivos con varias funciones"
0946,arriendo de mesas de pool (billar) o máquinas de juegos como pinball o flipper en centros recreativos (09.4.6.01.02)
0721,sillas de bebés y niños para bicicletas (07.2.1.03.09)
0731,"transporte de personas y grupos de personas, y su equipaje en tren, trenes de alta velocidad, maglevs (trenes de levitación magnética), tren ligero, tranvía y tren subterráneo"
0631,implantes dentales y las dentaduras postizas cuando se requiera hospitalización (06.3.1.01.14)
0945,servicios de atención veterinaria y otros servicios para mascotas y otros animales domésticos (09.4.5.01.00)
0971,"apuntes, guías de estudio"
0621,"vacunación para viajes y turismo, así como cualquier otro servicio obligatorio o voluntario de inmunización/vacunación"
0944,reparación de equipos para acampar y recreación al aire libre (09.4.4.01.02)
0531,humidificadores para climatización del hogar (05.3.1.03.99)
0551,bombas de agua
0117,arvejas (guisantes)
1312,balanzas o pesas personales (13.1.2.01.05)
0412,arriendo de estacionamientos relacionados con la vivienda (04.1.2.02.01)
0431,"pequeños equipos de vigilancia/seguridad para la vivienda individual (detectores de humo, alarmas de seguridad, timbres, cámaras de seguridad/vigilancia)"
1329,carteras infantiles
0521,textiles para el hogar y telas para revestir muebles (05.2.1.00.00)
0313,"bufandas y cuellos de todos los materiales y diseños (lana, algodón, poliéster, polar, etc.)"
0723,"servicio de mantenimiento y reparación de las partes mecánicas de automóviles: análisis con scanner, análisis de gases, presión combustible, instalación de inyectores, afinamiento base (cuatro bujías, filtro de bencina, filtro de aire, limpieza de inyectores, análisis de gases, radiador, entre otros), afinamiento completo, cambio correa de distribución una leva, cambio de aceite y engrasado, reparación de frenos para automóviles, balanceo, alineación, cambio de pastillas de freno, lavado de motor (limpieza de inyectores, cuerpo de aceleración, válvula relentí y otras partes del motor)"
0116,"cerezas y guindas, frescas en todas sus variedades o denominaciones"
0231,papeles y filtros de un solo uso para cigarrillos y cigarros
0911,repuestos comprados por el hogar con la intención de reparar estos artículos recreativos por sí mismos (09.1.1.02.01)
0116,"maníes, pasas y almendras, maníes con pasas y otros surtidos de frutos secos y deshidratados de todo tipo"
0631,medicamentos asociados a servicios de hospitalización
0931,cobros por servicio de entrega de árboles y arbustos si no se cobran por separado
0552,"pie de metro, metros, escuadras, huinchas de medir, nivel, inglete, reglas, tiza línea, plomadas"
1051,tutorías en línea
0521,"telas para revestir muebles y telas de tapicería, material para cortinas, cortinas, cortinas dobles, toldos de género para ventanas, cortinas para puertas y persianas de tela"
0321,cordones de zapatos
0819,"rastreadores de actividad física y otros dispositivos portátiles, como gafas inteligentes que no funcionan sin un teléfono inteligente o tableta (tablet)"
0551,"esmeriles, rectificadoras, fresadoras, tornos para trabajar metales, máquinas para soldar, sopletes, soldadoras, cautín"
1312,"cortaúñas, limas para uñas"
0623,"todos los productos de salud (farmacéuticos, médicos, asistenciales, terapéuticos) necesarios para brindar servicios curativos/de rehabilitación ambulatorios cobrados con la tarifa de servicio del proveedor (médico/especialista/enfermero/otro profesional de la salud)"
0721,"amortiguadores, piezas para sistema de suspensión, piezas para sistema de transmisión, pastillas de freno, bujías, bielas, pistones, cigüeñales, culatas, cilindros, filtros de aire, filtros de aceite, filtros de bencina, condensadores, radiadores, bombas de agua, piñones"
0131,molienda de cereales para la producción de harina
0623,"procedimientos médicos ambulatorios en neumología, como toracocentesis evacuadora con o sin toma de muestras, con o sin inyección de medicamentos"
1322,"artículos de devoción o para ser usados en celebraciones religiosas o rituales como crucifijos, rosarios, figuras, imágenes, velas votivas o sirios, amuletos, estampitas religiosas, pan de la palabra o pan de vida, candelabros o lámparas para celebraciones religiosas (por ejemplo, candelabros de Menorá), coronas de adviento, santos de primera comunión, encintados de bautizo, entre otros"
0422,arriendos imputados de unidades de almacenamiento
1041,pagos por matrículas de carreras universitarias relacionadas con idiomas (10.4.1.01.02)
1121,"servicios de alojamiento en camping o sitios para camping, casas rodantes y barcos fijos (no móviles), zonas para acampar, parques de vehículos recreativos y casas rodantes"
0452,gas natural a través de cañerías (04.5.2.01.00)
1111,"combo o promociones de comida rápida, tales como completos o sándwich + bebida, completos o sándwich + bebida + papas fritas, completos o sándwich + bebida + papas + helados, etc., proporcionados por establecimientos de servicio limitado"
0312,primeras capas en ropa interior y calcetines para mujer (03.1.2.02.17)
0613,"cinturones/tirantes para la columna vertebral, incluidos aparatos ortopédicos para el cuello o cuellos cervicales"
0832,"mensajes, incluidos mensajes de voz, escritos (SMS) e imágenes (MMS), tarifas de suscripción para otros medios de envío de mensajes"
0118,"azúcar de caña o de remolacha, en bruto o refinada, en polvo, cristalizada o en terrones, azúcar blanca, azúcar morena, azúcar dorada, azúcar rubia, azúcar refinada o extra blanca (flor), azúcar integral, azúcar light, azúcar granulada, azúcar caramelizada, azúcar glaseada"
0444,limpieza de canaletas
1329,bolsos maternales (13.2.9.01.04)
1329,"gas, bencina o piedras para encendedores"
1329,lentes protectores
0721,extintores de incendio para equipos de transporte
0981,"excursiones, giras de estudios, tours y peregrinajes (independiente de la duración) siempre que incluyan transporte y guías"
0561,"servilletas de papel de distintos tamaños, pintadas o no"
1331,centros de rehabilitación sin atención médica que brindan apoyo a largo plazo
0112,caracoles terrestres
0111,"prepizza, masas base para elaborar pizzas"
0632,"todos los servicios médicos necesarios para brindar servicios de atención hospitalaria (por ejemplo, pruebas de laboratorio, servicios de diagnóstico por imágenes)"
0119,crema de coco
0444,"gastos en servicios colectivos (uso y consumo de calefacción, agua potable, gas, energía eléctrica, teléfonos u otros)"
0612,test de embarazo
1329,lentes para el sol
0623,atención de medicina complementaria como reiki y terapias florales (06.2.3.01.03)
1021,servicios de educación para adolescentes con necesidades educativas especiales
0454,otras briquetas
0611,anticonceptivos orales (06.1.1.01.03)
0445,suministro de agua
0912,carros de golf
1329,termómetros de pared y barómetros
0931,césped (palmetas de pasto) para terrenos o para suelos tratados especialmente para jardines ornamentales
0118,mantequilla de maní (01.1.8.04.01)
0613,bastones guía para personas ciegas o con baja visión (06.1.3.01.99)
0114,pudines/budines a base de leche de origen animal y no animal
1041,excursiones o intercambios de estudiantes que forman parte del programa estudiantil normal (costos de viaje y alojamiento)
0946,servicios de ayuda a la navegación (09.4.6.02.99)
0749,"gastos de envío de hidrocarburos licuados (butano, propano, etc.), si se cobran por separado"
0533,"reparación y arriendo de cafeteras, teteras y aparatos similares (05.3.3.01.00)"
1329,"bastones, paraguas, abanicos, llaveros (13.2.9.01.00)"
0946,gimnasios (09.4.6.02.04)
0630,"servicios de control y seguimiento después de que los síntomas aparezcan, con hospitalización (06.3.0.00.00)"
0947,otros juegos de azar n.c.p
0813,"calculadoras, incluidas las calculadoras de bolsillo"
1051,gasto en textos o material complementario cuando no sea posible separarlo del servicio de educación
0452,gas natural y gas de ciudad o cañería entregados a través de redes de gas
0114,"yogur de pajaritos (kéfir) y otras leches y cremas fermentadas, cultivadas o acidificadas, estén o no concentradas o con azúcar añadida u otro edulcorante o aromatizadas o que contengan frutas, nueces o cacao añadidos"
0533,cargos por la instalación de artefactos para el hogar (si se cobran por separado)
1111,"platos de fondo (pollo asado con puré), según el tipo de servicios que corresponda (11.1.1.01.11, 11.1.1.02.11, 11.1.1.02.21)"
0641,"servicios de laboratorios de análisis médicos (por ejemplo, análisis de orina/sangre)"
0723,"servicios de mantenimiento y reparación de cerraduras de motocicletas: copia de llaves, reparación de chapa, instalación de chip de llave, cambio de combinación del cilindro de la chapa de motocicletas"
0551,taladro eléctrico portátil (05.5.1.01.02)
0623,"servicios de control y seguimiento después de que los síntomas aparezcan, sin hospitalización (06.2.2.00.00, 06.2.3.00.00)"
0113,mariscos cuya variedad no es posible identificar
0839,"servicios de streaming, tales como películas y series en línea (08.3.9.02.03)"
0623,medicamentos que no se puedan identificar por separado de los otros servicios de atención ambulatoria (06.2.3.00.00)
0111,"macarrones, fideos, cuscús y productos de pasta similares sin cocer, ya sean rellenos o no (01.1.1.05.00)"
0219,"cervezas con alcohol, con bajo contenido de alcohol o sin alcohol mezcladas o combinadas con bebidas gaseosas, limón u otras frutas cítricas"
0733,servicios de transporte aéreo nacional regular y chárter de pasajeros
0631,"cirugía y procedimientos médicos hospitalarios en otorrinolaringología, como vaciamiento cavidades perinasales"
0112,"carne de búfalos (búfalos indios o acuáticos, búfalos o arni asiáticos, búfalos celebese anoa o pigmy, búfalos africanos, como los búfalos enanos y los grandes búfalos cafares, el bisonte americano o búfalo y el bisonte europeo, el ""beefalo"" (cruce entre un bisonte y un vacuno))"
0614,"arriendo de productos de diagnóstico médico para uso personal (incluidos en 06.1.2.00.00), tales como equipos de diagnóstico para autoevaluación (por ejemplo, medidores de presión arterial (manuales y electrónicos), oxímetros, medidores de frecuencia respiratoria, etc.), productos de tratamiento para uso personal (por ejemplo, humidificadores de uso médico, nebulizadores, ventiladores y concentradores de oxígeno, etc.)"
0611,"medicamentos para el sistema cardiovascular, como amiodarona, captopril, carvedilol, dobutamina, enalapril"
0532,freidoras
0114,leches cuajadas y cremas cuajadas
0118,"cacao en polvo (para todos los fines) con o sin azúcar, saborizantes para leche con cacao o sabor chocolate"
0721,"productos específicamente para la limpieza y mantenimiento de equipos de transporte, como pinturas, limpiadores de cromo, compuestos de sellado y esmaltes para carrocerías"
0947,juegos de apuesta en línea
0117,garbanzos
0722,"gas licuado de petróleo (GLP), gas natural (GNC, GNL), alcohol, biocombustibles (etanol, metanol), metano y mezclas para motores de dos tiempos"
0111,seitán y otros sustitutos de la carne hechos de cereales
0117,"otras hortalizas, frescas o refrigeradas n.c.p"
0113,croquetas de pescado (01.1.3.03.01)
0119,"sal, salsas, condimentos y sazonadores (mostaza, mayonesa, kétchup, salsa de soja, etc.), vinagre"
0973,mapas y globos terráqueos
1111,cervezas con bajo contenido de alcohol o sin alcohol
0511,corrales para bebé
0812,"teléfonos móviles (celulares), teléfonos móviles básicos, teléfonos móviles satelitales, incluidos dispositivos con varias funciones, tales como teléfonos inteligentes (smartphones)"
0946,"pagos individuales por juegos, videojuegos, taca-taca y similares (09.4.6.01.02)"
1121,servicios de alojamiento (11.2.1.00.00)
1322,"candelabros para celebraciones religiosas (por ejemplo, candelabros de Menorá o Janucá) (13.2.2.01.01)"
1214,"seguros relacionados con bicicletas, motocicletas, barcos, yates, veleros, aviones (12.1.4.01.99)"
0211,"destilados como aguardiente, gin, tequila, coñac, cachaza, mezcal"
0112,"productos procesados en base a carne, despojos, sangre y otras partes de animales sacrificados (01.1.2.05.00)"
0511,compras separadas de materiales hechas por los hogares con la intención de realizar la reparación ellos mismos (05.1.1.00.00)
0921,"correpasillos, rodados, andadores, mini vehículos eléctricos para niños"
0123,infusión de hojas de coca (01.2.3.01.03)
0620,"guardería hospitalaria (con o sin ingreso, pero sin hospitalización) y tratamiento hospitalario domiciliario (06.2.0.00.00)"
0911,trípodes y kits de limpieza para equipos fotográficos y cinematográficos
0541,"todo tipo de vajilla de cristal, vidrio, loza o porcelana, por ejemplo, copas, vasos, juegos de cristalería, jarros de cristal"
0111,mezclas para galletas
0118,"chocolate en barras o losas, incluido el chocolate blanco"
1329,lentes para el sol (13.2.9.01.09)
1100,alimentos provistos por los servicios de alimentación (11.0.0.00.00)
0111,"calzones rotos, trencita y otros productos similares"
0561,productos para la limpieza de calzado (05.6.1.01.02)
0116,"nueces, maní (cacahuetes), tostados, salados o preparados de otra manera"
0111,"arroz, incluido el arroz parbolizado (o vaporizado)"
0422,arriendos imputados para viviendas secundarias
0231,"cigarrillos y cigarros que se compran en bares y restaurantes, siempre que no se aplique un cargo por servicio"
0921,consolas de videojuegos
0117,algas y otras plantas acuáticas (01.1.7.04.00)
0312,trajes de baño para mujer (03.1.2.02.15)
0511,artículos de colección pertenecientes a la categoría de obras de arte o antigüedades (05.1.1.01.00 o como un bien de capital para eventual formación de capital o valor)
0113,"filetes y carne de pescados secos, salados o en salmuera, ahumados como charqui de pescado, merluza, salmón, congrio y otros pescados secos, salados, en salmuera o ahumados"
0213,cervezas sin alcohol (02.1.3.01.02)
0314,pago por el uso de lavadoras y secadoras de autoservicio
1051,"tutores independientes (clases privadas que apoyan la educación formal, como clases particulares de matemáticas, física, química u otras asignaturas), centros de tutores, centro de ayuda para tareas escolares y similares"
0943,arriendo y reparación de consolas de videojuegos y otros equipos para jugar
0912,bicicletas de cuatro ruedas
0922,"botes inflables, balsas para rafting y piscinas inflables para niños y piscinas de playa"
0531,entrega e instalación de los aparatos cuando corresponda y cuando no se cobren por separado
0532,"hervidores, termo hervidor y teteras eléctricas"
0511,"relojes de pared, relojes despertadores, relojes de piso, relojes de viajes (05.1.1.04.99)"
1391,"pagos por la emisión de certificados de antecedentes, certificados de nacimiento, certificados de matrimonio, certificados de Acuerdo de Unión Civil (AUC), certificados de defunción, certificados de residencia, certificados de recepción final de viviendas, certificados de discapacidad y otros según corresponda"
0931,"plantas naturales de interior y exterior como plantas florales, suculentas, cactus, helechos, cheflera, palo de agua, entre otras"
0947,cobros por servicios de lotería
0749,"servicio de entrega de alimentos y bebidas (delivery), si se cobra por separado (07.4.9.02.00)"
0623,"procedimientos médicos ambulatorios en otorrinolaringología, como vaciamiento cavidades perinasales"
0961,festivales artísticos y musicales
0749,servicios de almacenaje de muebles
0621,consultas preventivas (06.2.1.09.01)
0561,productos para la limpieza de pisos (05.6.1.01.04)
0444,"limpieza de caminos, aceras y chimeneas"
0531,"lavadoras automáticas, lavadoras manuales, centrífugas, secadoras de ropa, armarios o gabinetes de secado, radiadores de secado"
1121,"residencias de estudiantes, dormitorios escolares y de otros establecimientos educacionales, cuando se cobran por separado"
0832,otros servicios de telefonía móvil
0922,"armas de fuego y municiones, otras armas y equipos de protección para la caza, el deporte y la protección personal"
0118,"miel artificial, sacarina y otros edulcorantes artificiales"
0946,"clases de diferentes deportes, tales como clases de aeróbica, zumba, patinaje, esquí, natación, fútbol, tenis, boxeo, patinaje, squash, artes marciales (karate, yudo, taekwondo, ninjutsu, defensa personal), snowboarding, gimnasia artística, gimnasia rítmica, spinning, equitación, golf, polo, parapente, rafting, escalada (climbing), clases de remo o clases de cualquier otro deporte"
0521,"sábanas, fundas de almohada"
0111,"malta, extracto de malta"
0732,"transporte de personas y grupos de personas, y su equipaje en taxis y vehículos arrendados con chofer"
0946,"pistas de esquí, elevadores de esquí y similares"
0321,polainas de motocicletas o de trajes típicos o tradicionales (como accesorio de calzado) y artículos similares
1111,"sándwiches, completos, pizzas, empanadas, chaparritas, fajitas, tacos, burritos y masas saladas con relleno adquiridos en restaurantes, cafés y similares, con servicio completo (11.1.1.01.01)"
0113,"pescado fresco, refrigerado o congelado"
0111,galletas de arroz (01.1.1.04.01)
1215,"cargos por servicios de seguros asociados a instrumentos financieros (tarjetas de crédito, préstamos o avances en efectivo) otorgados por casas comerciales, como seguros de desgravamen y otros seguros asociados a estos instrumentos, ofrecidos por casa comerciales"
0641,"servicios de diagnóstico por imagen y servicios de laboratorio médico cuyo gasto no es posible desglosar (por ejemplo, examen de orina junto con radiografía de tórax, etc.)"
0722,"alcohol, biocombustibles (etanol, metanol), metano, biodiesel y mezclas para motores de dos tiempos, electricidad como combustible para vehículos automotores cuando el precio se registra por separado de otra electricidad, hidrógeno, para equipos de transporte personal, para las herramientas y equipos incluidos en (05.5.1.00.00) y vehículos recreativos incluidos en (09.1.2.00.00)"
0117,"zanahorias frescas o refrigeradas en todas sus variedades o denominaciones, por ejemplo, oriental, occidental, blanca, amarilla, roja y púrpura"
0112,"aves de corral (pollos, patos, gansos, pavos y gallinas de Guinea (pintadas))"
0721,"tapa ruedas, si se compran por separado"
0431,"quincallería (productos de cerrajería), tomas de corriente, cables flexibles"
1021,educación secundaria para adultos y jóvenes incluyendo programas de segundas oportunidades o de reintegración
0622,consultas dentales preventivas (06.2.2.01.01)
1313,decoloración del vello (13.1.3.02.99)
0961,"entradas al casino para eventos teatrales, musicales o de comedia (09.6.1.01.02)"
0642,"el transporte de la persona por avión y vehículos por razones de emergencia médica, ya sea que hayan sido o no especialmente adaptados para un propósito médico"
0117,coles
1329,organizadores de pastillas (13.2.9.01.00)
1211,cargos por servicios de seguros funerarios
0946,"actividades extraprogramáticas individuales o grupales, fuera del horario de escuela, tales como ajedrez, costura, patinaje, aeróbica, natación o cualquier otro pasatiempo"
0962,servicio de arriendo de libros ofrecidos por bibliotecas (09.6.2.01.01)
0521,toallas de género (05.2.1.03.02)
0819,"reproductores y grabadores de DVD y Blu-ray para equipos de procesamiento de información (por ejemplo, computadores) (08.1.9.02.06)"
0231,"cigarrillos y cigarros en cajetilla o sueltos, en sus versiones fuertes, suaves o con sabor (click o mentolados)"
0561,baldes escurridores (05.6.1.01.12)
0312,"blusas manga larga y corta para mujer, si se adquieren por separado (03.1.2.02.07)"
0312,trajes típicos o tradicionales para niña
0213,"cerveza saborizada con miel, maqui, arándanos, chocolate, lúcuma, etc"
0451,"gastos asociados, tales como arriendo de medidores, lectura de medidores, cargos fijos, etc"
0941,"arriendo de pantallas, visores y lentes (incluyendo lentes de aumento o zoom), equipos de flash, filtros, medidores de exposición, etc., para equipos fotográficos y cinematográficos"
0942,"arriendo de botes, yates, motores fuera de borda, velas, aparejos y superestructuras náuticas, embarcaciones para recreación, veleros, tablas para deportes acuáticos, motos de agua (motos acuáticas o jetskies), canoas, kayaks y tablas de windsurf, equipos de buceo marítimo"
0931,"cobros por servicio de entrega de semillas, bulbos y tubérculos si no se cobran por separado"
0115,otros aceites de origen vegetal
0713,triciclos de transporte y bicitaxi (cycle rickshaws)
0111,maíz seco
0118,"puré de frutos secos, mantequilla de frutos secos y pastas de frutos secos (01.1.8.04.01)"
0117,ajos
0114,leche de coco para beber (01.1.4.04.01)
0111,conos de helado
0118,"miel de abeja, de caña, de palma y similares (productos naturales)"
0114,otras leches de vegetales y frutos secos
0912,"repuestos comprados por el hogar con la intención de realizar el mantenimiento o reparación por sí mismos (09.1.2.02.00, 09.1.2.03.00, 09.1.2.04.00 y 09.1.2.09.00)"
1111,"plato de fondo para almuerzo y cena (arroz con pollo, tallarines con salsa, tortillas)"
0431,"pequeños equipos de vigilancia/seguridad para la vivienda individual (detectores de humo, alarmas de seguridad, cámaras de seguridad/vigilancia)"
1121,"resorts, hoteles, hoteles que arriendan habitaciones por hora, moteles, posadas y pensiones"
0118,azúcar de arce y jarabe de arce
1331,servicios de asistencia social (13.3.1.00.00)
0432,servicios de cerrajería
0312,faldas y vestidos para mujer
0114,"bebidas a base de leche de origen animal y no animal saborizadas y/o aromatizadas con cacao, café u otras sustancias tales como frutilla, vainilla, plátano, mora, etc"
0116,harina de frutas y frutos secos (01.1.6.09.99)
0111,"empanadillas, dumplings, gyosas u otros similares sin cocer"
0814,"receptores de radio (equipos de radio, equipos de radio digitales, equipos de radio por Internet, equipos de radio por satélite, radios de automóviles, radios reloj, radios de dos vías, walkie- talkies, receptores y transmisores de radioaficionados)"
0312,"conjunto o buzo completo, mamelucos (osito) para lactante"
0732,pasajes en microbús o bus interprovincial
0724,arriendo de bicicletas compartidas utilizadas como transporte para recorridos cortos por la ciudad o scooters eléctricos de uso compartido
0313,"argollas plásticas, remaches y broches para costuras"
0971,libros para recortes y álbumes de manualidades infantiles
0732,servicios de transporte de pasajeros contratados por medio de aplicaciones web (07.3.2.02.03)
0611,"medicamentos para el sistema digestivo y metabólico, como domperidona, famotidina, lansoprazol, omeprazol, ranitidina"
0561,productos para la limpieza de ropa (05.6.1.01.01)
0312,conjuntos o buzos deportivos escolares (03.1.2.04.02)
0623,servicios curativos y de rehabilitación proporcionados en cualquier entorno: en hospitales sin estadía de noche
0946,cuotas de inscripción para participar en competencias deportivas
1229,"gastos asociados a custodia de valores y arriendos de cajas de seguridad, comisiones por giro nacional o internacional no asociado a las cuentas corrientes"
0117,habas frescas o refrigeradas
0732,"transporte de personas y grupos de personas, y su equipaje en vehículos de tracción animal con chofer"
0931,ramos de flores
0511,sillas para bebé
0921,drones de juguete (09.2.1.02.99)
1111,"cervezas adquiridas en restaurantes, cafés y similares, con servicio completo (11.1.1.01.08)"
0117,"harinas de legumbres (porotos, arvejas, garbanzos y mezclas), harinas de hortalizas, harinas de tubérculos, harinas de plátanos y bananas para cocinar, harinas de soja"
0521,"ropa de cama como sábanas, fundas de almohadas, mantas, mantas de viaje, colchas, edredones, cubrecamas y mosquiteras"
0961,"actuaciones artísticas, musicales y de danza"
0974,"cuadernos de todo tipo, incluidos los cuadernos de música, caligrafía y croquis, cuadernos de tamaño corriente y universitario, blocs de notas, blocs de dibujo"
0111,"pan especial a granel como pan flauta, pan cocktail, pan baguette, pan pita, pan integral, pan centeno, pan amasado, bollos, pan frica, pan para hamburguesa, pan para completo, pan coliza, pan de hoja, hallulla especial, pan de ajo, dobladitas y otros tipos de pan especial a granel"
1312,"perfumes, agua de colonia o eau de toilette, agua de perfume, colonia, lociones, fragancias para bebé"
0118,"chicles, toffee, caramelos, pastillas"
0119,platos preparados que contengan pasta rellena
0118,postres y tortas heladas
0613,prótesis (pierna/mano incluyendo implantes)
0114,leche evaporada y condensada
0553,reparación de herramientas no motorizadas y accesorios varios (incluidos en 05.5.2.00.00)
0115,aceite de soja
0219,"cócteles (que no sean a base de vino) y cremas de licor con bajo contenido de alcohol o sin alcohol como mojito sin alcohol, piña colada sin alcohol, cola de mono sin alcohol, entre otros"
0621,servicios de chequeo de rutina general que incluyen crecimiento y desarrollo infantil
0623,"procedimientos médicos ambulatorios en urología, como exploración de uretra ántero-posterior con bujía y/o explorador olivar, y/o sonda, y/o beniqué, y/o medición de residuo vesical"
1112,comedores escolares
0119,"sustitutos de leche materna, fórmulas infantiles con hierro, complementos nutricionales a base de maltodextrina para bebés (01.1.9.02.01)"
0721,equipos de GPS (posicionamiento por satélite) para transporte personal
1111,combos o promociones de comida rápida
0111,"harina de trigo envasada, a granel, harina de flor, con o sin polvos de hornear, harina de fuerza"
0721,"computadores para bicicletas (incluyen, por ejemplo, cuenta calorías, velocímetros, odómetros, GPS, entre otras funciones), caramayolas, porta caramayolas, bombines de mano, bombines de pie, cubre asientos con gel, tapabarros, organizadores o ganchos para colgar bicicletas, protectores de cadena, bocinas, campanillas"
0112,carne apanada
0521,"ropa de cama, como sábanas, fundas de almohadas, mantas, mantas de viaje, colchas, edredones, cubrecamas y mosquiteras"
0711,"vehículos todo terreno, vehículos utilitarios deportivos (SUV), station wagons, vehículos todo terreno y SUV usados adaptados para personas en situación de discapacidad"
0971,álbumes de manualidades (09.7.1.09.99)
0111,galletas en general cuyo tipo no es posible identificar
0922,bastones para senderismo (09.2.2.01.01)
1219,"cargos por servicios de seguros por extravío de carnet, bolso seguro"
0723,servicio de asistencia en ruta
0112,"carne de ganado bovino (vaca, ternera, buey común, cebú o buey jorobado, buey watussi, gaur, gayal, banteng, yak tibetano)"
0123,"té para preparar, en todas sus variedades (té verde, té negro, té rojo, té de frutas, té mezclado con hierbas, té rooibos, etc.) y presentaciones (en hojas, en bolsa, polvo, instantáneo, etc.), extractos y esencias de té, té helado en polvo (para preparar infusiones)"
0723,cobros por servicio de cambio de aceite y engrase de vehículos automotores (07.2.3.01.02)
0912,"caballos y ponis, vehículos tirados por estos animales y equipos relacionados comprados para fines recreativos (09.1.2.04.01)"
0119,"manjar y dulce de leche tradicional o clásico, de repostería, para helados, dietético, mixto"
0111,maíz seco (cereal) (01.1.1.01.02)
0312,"camisas, blusas, jersey, suéteres, cárdigan, pantalones cortos (shorts), trajes de baño, buzos, pantalones para trotar (jogging), sudaderas, camisetas, calzas, leotardos, etc"
1121,servicio de establecimientos que incluyen el alojamiento y el uso de termas (11.2.1.00.00)
0112,"cortes de cerdo como lomo, malaya, solomillo, filete, pernil de cerdo, paleta, pierna entera, carne molida de cerdo, otros cortes de carne de cerdo"
0113,"otros tipos de pescados en conserva, tales como merluza, pescada, merluza austral, congrio (colorado, negro, dorado), reineta o palometa del sur, salmón, tollo, lenguado, corvina, sardina, sierra, albacora o pez espada, pejegallo, anchoveta, bacalao, pejerrey, entre otros"
0445,"servicios pagados para vaciar y evacuar los desechos líquidos (excretas y aguas residuales) de los sistemas de saneamiento in situ (letrinas de pozo, fosas sépticas y/o pozos de remojo) y limpiarlos"
0631,"todos los servicios médicos necesarios para brindar servicios de atención hospitalaria, incluso si se cobran por separado (por ejemplo, pruebas de laboratorio, servicios de diagnóstico por imágenes)"
0116,frutas frescas cuyo gasto no es posible desglosar
0833,"servicios de acceso a Internet proporcionados por operadores de infraestructura por cable, inalámbrica o satelital (banda ancha fija, servicios de prepago y pospago) contratados para la vivienda principal"
0454,turba
0946,entradas (tickets) para asistir a eventos deportivos en vivo (09.4.6.03.01)
0721,"neumáticos nuevos, usados o recauchutados (tubulares o cámaras), neumáticos de repuesto, cámaras de aire para vehículos automotores"
0445,"servicios pagados al proveedor de saneamiento o de agua, o al municipio por la recolección, transporte y disposición de aguas residuales a través de sistemas de alcantarillado para viviendas secundarias"
0943,arriendo y reparación de juguetes y artículos para pasatiempos (hobbies)
1329,"cadena porta chupete, chupete, mordedor"
0721,"sujetadores de baterías, partidores, compresores, terminales de baterías, baterías, alternadores, carbones eléctricos (escobillas de carbón), luces, focos y ampolletas (de freno, intermitentes (de señalización o emergencia), neblineros, luces altas y bajas, auxiliares, etc.) en todas sus variedades (LED, halógenas, ampolletas tipo cola de pescado, etc.), fusibles"
0116,"melones calameños (cantaloupe) y otros melones, frescos"
0921,bicicletas BMX (09.2.1.02.01)
0117,"soja seca, papas secas, ajos y cebollas deshidratados (ajo en polvo, ajo en láminas o ajo entero, cebolla en polvo, cebolla en láminas o cebolla entera), papa chuño, zanahorias deshidratadas, betarragas deshidratadas, algas marinas secas o deshidratadas (cochayuyo seco, nori, otras algas marinas secas o deshidratadas), etc"
0971,descargas de libros educativos
0971,libros religiosos (09.7.1.09.00)
1229,comisiones por la compra y venta de divisas
1329,fundas o estuches para celulares (13.2.9.01.05)
0620,"los medicamentos herbarios y los productos homeopáticos suministrados directamente por un proveedor de atención médica a pacientes ambulatorios (no hospitalizados) o pacientes hospitalizados (con estadía de al menos una noche) para consumo o uso fuera de un centro de salud deben clasificarse como servicios para pacientes ambulatorios (06.2.0.00.00) o servicios para pacientes hospitalizados (06.3.0.00.00), si no se pueden identificar por separado del servicio"
0118,"cacao en polvo, saborizantes para leche con cacao o sabor chocolate (01.1.8.05.02)"
0115,"grasas de chicharrones, grasas de pescado"
0932,peces vivos ornamentales o mascotas (09.3.2.01.01)
1111,"otras bebidas no alcohólicas, listas para su consumo, adquiridas en restaurantes, cafés y similares con servicio completo (11.1.1.01.06)"
0623,"procedimientos médicos ambulatorios en cráneo, cuero cabelludo y cuello, como hematoma subdural"
0113,"erizos de mar, pepinos de mar (bêches de mer), medusas y otros invertebrados acuáticos"
0121,jugos concentrados y jugos congelados
0819,"accesorios para teléfonos móviles o computadores que se pueden conectar o usar en el vehículo automotor como soportes y cargadores de celular para vehículo automotor (08.1.9.02.02), adaptador de corriente de auto para notebook (08.1.9.02.03)"
0116,otras frutas frescas n.c.p
0118,productos de confitería a base de cacao y chocolate (01.1.8.05.00)
0113,pescados en conserva cuya especie no es posible identificar
1214,asistencia en ruta que se encuentra asociada al pago de seguros (12.1.4.01.00)
0532,máquinas para hacer helados
0723,"cobros por la instalación de piezas y accesorios, y por el pintado, lavado y pulido de la carrocería (07.2.3.01.00)"
0642,traslado de pacientes desde o hacia el extranjero
1111,"jugos naturales, limonadas y otros tipos de bebidas no alcohólicas que son preparados en el momento o en un período breve antes de ser consumidas"
1111,"vinos en todas sus variedades y vinos espumantes, adquiridos en restaurantes, cafés y similares, con servicio limitado (11.1.1.02.08)"
0945,tatuajes para animales (09.4.5.01.02)
0116,"frutas congeladas, crudas o cocidas, incluidas aquellas con azúcar añadida u otro edulcorante, mix de frutos congelados, frutillas congeladas, frambuesas congeladas, arándanos congelados, moras congeladas y otras frutas congeladas"
0432,"instalación de alfombras, linóleo y otros revestimientos similares para pisos (04.3.2.01.04)"
0114,leche en polvo no destinada exclusivamente para uso en bebés (01.1.4.03.01)
0971,libros de arte
1111,"combo o promociones de cabritas en el cine, combo de cabritas + bebidas y otros alimentos preparados en el cine, circos, centros de entretenimiento y otros establecimientos que proveen un servicio limitado"
0631,servicios curativos y de rehabilitación para pacientes hospitalizados cuyo tipo de servicio no es posible identificar
0613,"faja toráxica, faja cuatro bandas, faja lumbar, soporte para hombro, inmovilizador de hombro, cabestrillos, codera para epicondilitis, brazalete para epicondilitis, muñequera elástica, muñequera vendaje, muñequera con palmeta, muñequera con pulgar, muñequera antebrazo palmar, muñequera antebrazo con pulgar, correas de Pavlik, cojín de abducción, braguero para hernias, suspensor escrotal, muslera, inmovilizador de rodilla, rodillera patelar, rodillera con centrador para rotula, rodillera con barras, rodillera flexo-extensión, tobillera simple, tobillera estabilizadora, bota de marcha, zapato para yeso, cojín dedo martillo, cojín metatarsal, separador de dedos, cojín metatarsal de silicona, lauchita silicona, separador tipo carrete de silicona, dedil de silicona, órtesis plantares o plantillas ortopédicas, talonera, corsé, férulas, cuellos cervicales (blandos, semirrígidos, rígidos), cojín de apoyo lumbar, cerchas ortopédicas y soportes, cinturones/tirantes para la columna vertebral"
1031,excursiones o intercambios de estudio que forman parte del programa estudiantil normal (costos de viaje y alojamiento)
0321,"todo el calzado para hombres o niños, mujeres o niñas y lactantes, ya sea listo para usar o hecho a medida, incluido el calzado deportivo adecuado para el uso diario o de ocio (zapatos para correr, entrenamiento cruzado, tenis, baloncesto, canotaje, etc.)"
0111,"copos de maíz, hojuelas o copos de avena tradicional (cruda), hojuelas o copos de avena instantánea, muesli, granola, cereales inflados, incluidas las galletas de arroz inflado"
0972,todas las formas electrónicas de revistas y otras publicaciones periódicas
0714,"caballos y ponis, camellos y dromedarios comprados para el transporte personal (07.1.4.01.02)"
0512,"restauración de obras de arte, muebles antiguos y revestimientos de pisos antiguos, distintos de los adquiridos principalmente por su valor (formación de capital)"
0946,"carruseles, balancines y otras instalaciones de entretención para niños"
0613,bastones de apoyo o para la movilidad
0552,destornilladores manuales (05.5.2.01.99)
0722,combustible y lubricantes para vehículos con fines recreativos (07.2.2.00.00)
0623,centros de cuidado médico diurnos
0116,"frutos secos salados, tostados, ahumados o preparados de otra manera como maní salado, avellanas tostadas, maní con merquén, etc"
0117,habas (incluye horse beans)
0230,"compras de tabaco, cuando se cobran por separado (02.3.0.00.00)"
0116,"papayas frescas en todas sus variedades o denominaciones, por ejemplo, chilena, carica"
0611,aceite de hígado de bacalao o halibut (06.1.1.01.00)
0974,adhesivos de oficina (09.7.4.01.03)
0721,"llantas, capós, puertas, espejos (retrovisores, laterales), asientos, pomos de palancas de cambio, otras piezas para vehículos automotores"
0541,"cuchillería, cubiertos"
1321,"relojes de pulsera, de bolsillo y similares"
0111,"productos de panadería, pasteles (01.1.1.03.00)"
0974,"papeles de todo tipo, como papel lustre, papel volantín, papel couché, papel diamante, papel acrílico, papel country, papel calco (carbón), papel de dibujo, resmas de papel (oficio, carta, entre otros), papel milimetrado, papel holográfico, papel crepe"
0946,pago por entradas para el uso de pistas de esquí
0724,pago por el uso de garajes o estacionamientos que no son asociados con la vivienda (07.2.4.01.00)
0111,"chapaleles, tortillas de rescoldo, tortillas de campo, milcaos y otros similares"
0212,vino de hielo (ice-wine)
1311,"onduladores o pinzas para rizar el pelo, eléctricos"
1011,"gastos en matrículas de 1° a 6° básico (aplica para cursos de este nivel impartidos por diferentes vías: en centros educativos o escuelas, hospitales, centros de entrenamiento, por radio o por televisión como también los cursos en línea (e-learning) y por correspondencia)"
0431,"productos y materiales, tales como pinturas y barnices, enlucidos, papel tapiz, revestimientos de tela para paredes, cristales de ventanas, yeso, cemento, masilla, adhesivo para papel tapiz, etc., comprados para mantenimiento y reparaciones menores de la vivienda"
0112,carne de pollo sin marinar (01.1.2.02.00)
0723,cargos por cambio de aceite y servicio de engrase de vehículos automotores (07.2.3.01.02)
0115,ghee o mantequilla clarificada
0611,"vacunas como, por ejemplo, vacunas contra la influenza, sarampión, etc"
1111,"helados, granizados y otros postres sin masa, listos para su consumo, adquiridos en comercio ambulante, carritos de comida y similares (11.1.1.02.17)"
1329,"artículos para bebés como coches, mecedoras o silla nido, portabebés delanteros y traseros, arnés para aprender a caminar, etc"
1111,"combos o promociones adquiridos en restaurantes, cafés y similares con servicio completo (11.1.1.01.14)"
1212,"cargos por servicios de seguros de transporte médico (por ejemplo, ambulancia)"
0946,servicios de ayuda a la navegación
0111,maíz
0835,"arriendo de teléfonos, máquinas de fax, contestadores automáticos y altavoces telefónicos"
0621,"planificación familiar y asesoramiento (en temas como asesoramiento genético, métodos anticonceptivos, tratamientos de esterilidad, etc.)"
0611,otros preparados y mezclas que contengan vitaminas con fines no terapéuticos (06.1.1.01.99)
0119,"pollos asados preparados y listos para su consumo (enteros, trozados, etc.)"
0113,"almejas vivas, frescas, refrigeradas o congeladas"
0961,"servicios de músicos, payasos y artistas intérpretes (performers) prestados de forma independiente para eventos particulares (09.6.1.01.03)"
0533,reparación de artefactos para el hogar
0115,aceite de pescado (01.1.5.09.01)
0532,teteras
0241,"otros estupefacientes, incluidos productos químicos y drogas sintéticas"
1312,cepillos interdentales
1391,servicios de producción de fiestas y eventos particulares prestados por centros recreativos y de entretenimiento (13.9.1.09.08)
0839,licencias de radio y televisión
0631,"productos de salud, tales como materiales e insumos utilizados en servicios de hospitalización"
0971,todas las formas electrónicas de estos tipos de libros no educativos (libros en línea y audiolibros)
1121,servicios de alojamiento de establecimientos educativos y hostales (11.2.1.00.00)
0911,"pantallas, visores, lentes (incluyendo lentes de aumento o zoom), equipos de flash, filtros y medidores de exposición (por ejemplo, fotómetro)"
0622,servicios de dentistas por motivos estéticos
0119,"sucedáneos jugo de limón, salsa inglesa, salsa blanca, salsa aceituna, chucrut, salsa tártara, salsa eneldo, salsa de champiñones, salsa a la pimienta, aliño ensaladas, crema sésamo, salsa de ajo, salsa de soja, salsa de carne, crema de coco, chimichurri, otros aderezos n.c.p"
0111,"harina de polenta, ya sea instantánea (precocida) o no"
0212,otros vinos de uvas n.c.p
0943,"reparación de consolas de videojuegos, juguetes y artículos para pasatiempos (hobbies)"
0117,choclos frescos o refrigerados
0941,arriendo de cabinas fotográficas para eventos
1111,"helados, granizados y otros postres sin masa, adquiridos en restaurantes, cafés y similares, con servicio completo (11.1.1.01.04)"
0932,"alimentos y productos veterinarios (vacunas, medicamentos, etc.) para animales comprados para transporte personal, animales criados para el consumo propio o con fines recreativos"
0454,coque
0313,cordones para buzos
0312,"chaquetas de vestir (blazer) para niña, si se adquiere por separado (03.1.2.02.04)"
0115,aceite de mantequilla
0118,"helados de fruta, de agua o sorbete (01.1.8.06.00)"
0115,aceite de palma
0312,"capas, abrigos, impermeables, parkas cortas o largas, chaquetas, pantalones, chalecos, trajes, etc"
0946,licencias de caza y pesca
0943,suscripción de softwares y aplicaciones de videojuegos
0722,"combustibles líquidos para el transporte (07.2.2.01.01), (07.2.2.02.01), (07.2.2.03.00)"
0312,"abrigos, montgomery, chaquetas, chamarras, casacas, chaquetas de vestir, blazer, chaquetas de cuero (natural o artificial), cortavientos, parkas largas o cortas, impermeables, capas para mujer y las versiones deportivas de estos, según corresponda"
0116,encurtidos de frutas
1111,"alimentos y bebidas proporcionados por contratistas de banquetería, ya sea que los recoja el cliente o entregado a la casa del cliente"
0511,materiales decorativos para jardines
1111,"bebidas alcohólicas fermentadas o destiladas (11.1.1.01.09) y (11.1.1.02.10), según el tipo de servicio que corresponda"
0531,aire acondicionado
0431,citófonos para viviendas
0711,"utilitarios, pick-ups, camionetas, furgones, vans, miniván nuevas, vehículos utilitarios livianos nuevos adaptados para personas en situación de discapacidad"
0532,ventilador portátil (05.3.2.09.02)
1111,"tabaco que se consume con una pipa shisha o de narguile (cachimba, pipa de agua, pipa oriental, chimbombo) en restaurantes, cafés o establecimiento especializado (hookah lounge) con servicio limitado (11.1.1.02.99)"
0422,arriendos imputados para viviendas secundarias (solo para propietarios)
0552,"multímetro digital, testers (medición parámetros eléctricos)"
0431,"pequeños artículos de gasfitería (tuberías, productos de grifería, juntas, etc.), materiales de revestimiento (tablas para piso, baldosas de cerámica, etc.) y brochas y raspadores para pintar, barnizar y empapelar"
1312,cortadoras de pelo (no eléctricas) y sus repuestos
1391,"pagos por la emisión de certificados de bautizo, primera comunión"
0962,"museos, galerías de arte, exposiciones, monumentos históricos y sitios arqueológicos"
0119,"pizza con relleno lista para su consumo adquiridas en supermercados, ferias, almacenes, panaderías y similares (01.1.9.01.08)"
0613,calzado terapéutico (06.1.3.03.03)
0129,otras bebidas no alcohólicas
0612,"condones y otros dispositivos anticonceptivos mecánicos, mascarillas, medias medicinales (por ejemplo, medias de compresión), guantes medicinales, mosquiteros tratados con insecticida, etc"
0723,"servicios de mantenimiento y reparación de neumáticos y frenos de motocicletas: balanceo, alineación, recauchutado, reparación de pinchazos, cambio de pastillas de freno"
0931,plantas florales (09.3.1.02.01)
1010,"alimentos y bebidas proporcionados por escuelas, universidades y otros establecimientos educacionales, si no se cobran por separado (10.1.0.00.00) al (10.5.0.00.00)"
0712,motocicletas usadas
0113,peces vivos (01.1.3.01.00)
0313,"mostacillas, escarchas, lentejuelas"
0241,hongos de psilocibina (hongos alucinógenos)
0241,opio
0221,servicios de trituración y prensado de frutas/verduras para la producción de bebidas alcohólicas (02.2.1.01.01)
0531,lavaplatos tipo fregadero (05.3.1.09.02)
0322,arriendo de calzado
0117,"ajíes frescos o refrigerados en todas sus variedades o denominaciones, por ejemplo, verde, rocoto, cacho de cabra, jalapeño, Serrano, Tabasco"
1391,pagos por asesoramiento jurídico
0813,"máquinas de escribir: tradicionales, eléctricas (análogas o digitales) y procesadores de texto (dispositivo)"
0623,"procedimientos médicos ambulatorios en traumatología, como procedimiento para colocar yeso (de varios tipos, calzón corto, minerva de yeso, rodillera, bota larga o corta de yeso, yeso antebraquial con o sin férula digital), vendaje corbata tipo de Schantz, de Velpeau (braquicarpiano, pelvipedio unilateral y/o toracobraquial)"
0819,"rastreadores de actividad física y otros dispositivos portátiles como, por ejemplo, gafas inteligentes que no funcionan sin un teléfono inteligente o tableta (tablet)"
0623,"tratamiento hospitalario domiciliario (por ejemplo, diálisis (06.2.3.02.01))"
0511,muebles principalmente para uso en jardines
0219,"bebidas mezcladas a base de alcohol, como las bebidas alcohólicas mezcladas con agua carbonatada (soda) o con agua mineral (alcopops)"
0211,"pisco especiado, aromatizado o saborizado con limón, piña, manzana, frutos rojos, entre otros"
1329,dispositivos de cigarrillos electrónicos y sus accesorios
0839,arriendo de decodificadores de TV por cable cuando no se encuentran incluidos en el servicio de televisión por contrato (08.3.9.09.01)
0552,"sierras, martillos, destornilladores, llaves, llaves inglesas, alicates, cuchillos cartoneros, escofinas y limas"
1111,"ensaladas consumidas como plato de fondo adquiridas en restaurantes, cafés y similares, con servicio completo (11.1.1.01.11)"
1111,"helados (artesanales, industriales) y granizados, mote con huesillos, café helado y otros postres sin masa"
1051,"tutores independientes (clases privadas que apoyan la educación formal), centros de tutores, centro de ayuda para tareas escolares y similares"
0118,cacao (incluidos los granos de cacao)
0112,pechuga de pollo (o gallina)
0111,harina de los cereales mencionados en la subclase 01.1.1.01.00
1321,temporizadores eléctricos para casa y jardín
0119,cereales y harina de arroz para bebés
0111,"pasta sin cocer, ya sea rellena o no, y cuscús"
1391,"pagos por servicios legales, notariales o de contadores, etc"
0321,"plantillas para calzado (cobre, polar y similares)"
0961,"actuaciones para todo público de carácter artístico, musical y de danza"
1011,"otros gastos n.c.p. en educación para la primera infancia, tales como excursiones que forman parte del programa escolar normal (costos de viaje), certificados emitidos por establecimientos educacionales (certificados de alumno regular, certificados de notas, etc.)"
1111,"combos o promociones de comida rápida, tales como completos o sándwich + bebida, completos o sándwiches + bebida + papas fritas, completos o sándwich + bebida + papas + helados, etc., proporcionados por establecimientos de servicio completo"
0611,vacuna contra el melanoma (06.1.1.01.12)
0312,"vestuario hecho a medida (03.1.2.01.00), (03.1.2.02.00), (03.1.2.03.00), (03.1.2.04.00)"
0445,"todos los cargos generalmente considerados en las cuentas pagadas por los hogares, incluyendo la instalación y arriendo de medidores, cargos volumétricos o fijos por el consumo de agua a través de la red (o cañería), excepto vapor y agua caliente (a comisión y por contrato)"
0112,hamburguesas elaboradas con carne de otros tipos de animales
0117,berenjenas frescas o refrigeradas
0553,reparación y arriendo de accesorios diversos para herramientas pequeñas (05.5.3.01.00)
0117,berenjenas
1011,"gastos en aranceles mensualizados de servicios de educación para niños con necesidades educativas especiales y programas de alfabetización o habilidades básicas dentro o fuera del sistema escolar que son similares en contenido a un programa en la educación primaria (para cualquiera de los niveles mencionados en este código), tales como Programas de Integración Escolar (PIE), programas para grupos diferenciales, programas para escuelas y aulas hospitalarias"
0630,productos de diagnóstico para uso dentro de un establecimiento o institución de salud (06.3.0.00.00)
0511,"equipos de iluminación, como lámparas de techo, lámparas estándar, luces de globo y lámparas de cabecera, luces y cuerdas LED"
0531,"placas eléctricas/a gas/petróleo/vitrocerámica/inducción, encimeras, asadores, hornos eléctricos/de gas/convección, cocinas combinadas y hornos de microondas"
0813,"computadores portátiles tales como notebooks, laptops, netbooks"
1221,gastos financieros en intereses por préstamos estudiantiles otorgados por instituciones financieras no reguladas por la Comisión para el Mercado Financiero (CMF) (incluido Fondo Solidario de Crédito Universitario) (12.2.1.01.05)
0642,membresías para servicios de transporte de emergencia
0533,reparación y arriendo de aparatos de lavandería (05.3.3.01.00)
0322,"limpieza, lustrado y pulido de calzado (incluye servicios prestados por lustrabotas)"
0931,césped para terrenos o para suelos tratados especialmente para jardines ornamentales
1321,arriendo de joyas y relojes de pulsera o de bolsillo
0972,revistas de entretención con horóscopos (09.7.2.02.01)
0511,tatamis (camas japonesas)
0723,"mantenciones y reparaciones que involucran más de uno de los tipos de servicios mencionados con anterioridad en esta subclase, para vehículos automotores"
1051,"cursos de idiomas en el aula, en línea, en forma de software o cintas de audio"
0552,"herramientas de jardín, tales como carretillas, regaderas, mangueras, picas, palas, rastrillos, horquetas, guadañas, hoces y tijeras de podar"
0321,"zapatillas, zapatillas deportivas para niño o niña"
0532,planchas eléctricas y no eléctricas (05.3.2.09.00)
0946,"clases de reiki, yoga y pilates (09.4.6.01.04)"
0911,cámaras fotográficas profesionales y semiprofesionales
0311,"cuero, piel (sintéticos o naturales), cintas termoadhesivas para dobladillo, guata (napa), relleno y fieltro"
0921,"decoración para festividades (Navidad, Pascua de Resurrección, Janucá, Eid y otras similares)"
0119,caña de azúcar consumida para extraer zumo o como aperitivo
0931,semillas de plantas y flores (09.3.1.02.02)
0113,"hígados, huevas, aletas y otros despojos de pescados y mariscos (01.1.3.07.01)"
0119,mayonesas de origen no animal (01.1.9.03.99)
1391,"pagos por organización de celebraciones como día del profesor, día del alumno, entre otros"
0522,servicios de reparación de textiles para el hogar (05.2.2.01.01)
1111,"entradas (ensalada surtida, ensalada chilena, sopas o consomés u otras entradas)"
1329,fundas o estuches para celular o notebook (13.2.9.01.05)
0971,libros de ficción y no ficción
0613,plantillas ortopédicas o productos para la corrección médica (06.1.3.03.01)
0312,"calcetas, calcetines, soquetes, medias y panty para niña, tanto de vestir como deportivos"
0721,"piezas para vehículos automotores, motocicletas y bicicletas cuyo tipo no es posible identificar"
0312,"calcetas, calcetines, soquetes, medias y panty para mujer, tanto de vestir como deportivos"
0921,"estampillas, sellos y cualquier otro documento postal para coleccionar (usados o no)"
0314,"arriendo de toda clase de vestuario de hombre, mujer, niños, niñas y lactantes"
0521,"almohadas, almohadones, cojines"
0971,descarga de libros electrónicos (09.7.1.09.02)
0971,arriendo de libros electrónicos o vía streaming
1011,"nivel 1 de CINE 2011: la educación primaria usualmente comienza a la edad de 6 o 7 años y generalmente dura entre 4 y 7 años. Los programas normalmente están diseñados para proveer a los estudiantes habilidades fundamentales en lectura, escritura y matemáticas y establecer una base sólida para aprender y comprender áreas centrales del conocimiento y desarrollo personal y social"
0213,cerveza con bajo contenido de alcohol o sin alcohol
0112,"carne de caballos, burros y otros equinos"
0946,actividades recreativas extraprogramáticas fuera del horario de escuela con fines recreativos (09.4.6.01.04)
0219,"alcopops elaborados en base a pisco, ron, whisky o vodka con alcohol combinados con otras bebidas (alcohólicas o no alcohólicas) (02.1.9.01.99)"
0943,suscripción para jugar videojuegos en línea (o streaming)
0114,yogur para niños (01.1.4.06.00)
1313,servicios de baños turcos y saunas
0835,"arriendo de teléfonos, máquinas de fax, contestadores automáticos y altavoces telefónicos, arriendo de equipos de telefonía inalámbrica, arriendo de equipos de suministro de acceso a Internet, arriendo de equipos de telegrafía, télex, telefax, radiotelefonía, radiotelegrafía y radiotelex"
0113,surtidos de mariscos
0111,"media luna (croissant dulce), conejitos, colegiales, churros, panqueques preparados"
0834,paquetes de telefonía/Internet/TV
0116,papayas frescas
0912,casas rodantes móviles (09.1.2.01.01)
0723,servicios de mantenimiento y reparación de espejos
1312,talcos antitranspirantes (13.1.2.02.06)
0116,piñas frescas
0932,aserrín para mascotas (09.3.2.02.02)
1041,cursos en línea (e-learning)
0613,prótesis oculares (06.1.3.01.99)
0117,encurtidos de verduras
0912,monopatines eléctricos (scooters eléctricos) (09.1.2.09.01)
0432,servicios de pulidores de pisos
0611,"vacunas, hormonas, anticonceptivos orales y otros productos farmacéuticos utilizados para prevenir, diagnosticar o tratar enfermedades"
0212,sidra de Punucapa
0730,"servicios de alimentación y bebidas en el transporte público, si no se cobran por separado (07.3.0.00.00)"
1329,extractor de leche
0981,paquetes turísticos (09.8.1.01.00)
0531,calefactores de combustión sólida (05.3.1.03.04)
0111,"trigo, germen y salvado de trigo, sorgo, cebada, mijo, teff, bulgur (o burgul), centeno, triticale, alforfón (o trigo sarraceno), alpiste, quihuicha o trigo inca, canagua o cañahua, cañihua o kañiwa, adlay o las lágrimas de Job, granos de cereales mezclados, en forma de granos secos, que también incluyen otros ingredientes (siempre que estos no sean el ingrediente principal) pero sin otro procesamiento"
0931,cobros por servicio de entrega de plantas de interior y exterior si no se cobran por separado
1051,gastos en matrículas de educación especial no atribuibles a un nivel específico
0814,radios para vehículos automotores (08.1.4.01.03)
1221,gastos financieros en intereses por préstamos de instituciones bancarias
0312,"pantalones de tela para hombre, si se adquieren por separado (03.1.2.01.09)"
0532,sandwicheras o parrillas para sándwich
0313,"pañuelos de cuello y cabeza, pañuelo cuequero, pañuelos de tela, pañuelos para danza árabe, pareos, orejeras, baberos"
0943,arriendo de juguetes y juegos
0724,cobros por arriendo o compra de TAG y dispositivos electrónicos de peaje
0971,"reproducción de novelas y libros educativos, libros de teatro o poesía, etc., en formatos grabados de casetes, CD-ROM, DVD, discos Blu-ray y pendrive"
0833,"arriendo de equipos de suministro de acceso a Internet incluidos en el servicio de Internet a vivienda principal (08.3.3.01.01), secundaria (08.3.3.01.02) y servicio de banda ancha (08.3.3.01.03)"
0613,scooter de movilidad o carros para personas en situación de discapacidad
0118,"perlas comestibles, coco rallado, mostacillas comestibles, merengues para decorar, coberturas de repostería, esencias (vainilla, pan de pascua, etc.), colorantes para galletas, etc"
0932,"productos veterinarios, tales como vacunas o tratamientos antiparasitarios solo cuando es posible separarlos del cobro del servicio de atención veterinaria (09.3.2.02.03)"
1011,servicios especiales de educación para niños con necesidades educativas especiales
0119,"salsas de tomate en todas sus variedades para preparaciones culinarias como salsa de tomates con trozos o sin trozos de tomate, con o sin más ingredientes"
0116,damascos (albaricoques) frescos
0522,arriendo de los productos incluidos en 05.2.1.00.00
0521,dispensador textil de bolsas (05.2.1.09.99)
0211,"aguardiente de todo tipo como pisco, grappa, orujo, etc"
0118,"azúcar distinta de la caña y la remolacha (por ejemplo, azúcar de coco)"
0119,"preparaciones a base de cereales, como sopas preparadas a base de cereales (01.1.9.01.00)"
0116,"duraznos frescos, en todas sus variedades o denominaciones, por ejemplo, conservero, pelados, con pelo"
1011,gastos en matrículas de niveles de salas cuna mayor y menor (para niños en edad preescolar entre 0 y 2 años)
0521,bolsas para lavar ropa (05.2.1.09.99)
0973,"tarjetas con saludos especiales, tarjetas de presentación, tarjetas de anuncios y mensajes"
0944,reparación de equipos de deportes (09.4.4.01.02)
0632,servicios de cuidado en hogares u hospitales para pacientes convalecientes por trastornos del desarrollo intelectual o con trastornos de la salud mental (06.3.2.01.01)
0119,alimentos homogeneizados para bebés (01.1.9.02.02)
0951,"instrumentos musicales de cualquier tamaño, incluye instrumentos musicales electrónicos, como pianos, órganos, violines, guitarras, tambores, trompetas, clarinetes, flautas (dulce, traversa, etc.), armónicas, etc"
1111,"té (verde, rojo, blanco, etc.), té helado, café (de grano, café cortado, capuchino, frío, etc.), mate o agua de hierba (boldo, manzanilla, tilo, etc.) y otros similares"
0710,compra de vehículos utilizados para el transporte
0119,"sopas y cremas para preparar, no instantáneas"
0813,proyectores que se utilizan generalmente como accesorios de computador (08.1.3.02.99)
0541,"artículos de greda, fuentes, bandejas, ensaladeras, jarrones y otros artículos decorativos para el hogar"
0111,teff
0819,"componentes de la computadora, por ejemplo, procesadores, discos duros internos y unidades de estado sólido, placas base/placas madre, memoria, unidades de DVD, unidades de disco duro"
0114,"bebidas con sabor a cacao, café u otras sustancias (01.1.4.07.01)"
0312,trajes de baño para niña (03.1.2.02.16)
0321,"calzado deportivo adecuado para el uso diario o de ocio (zapatos para correr, entrenamiento cruzado, tenis, baloncesto, canotaje, etc.)"
0511,"equipos de iluminación como luces de techo, lámparas estándar, luces de globo y lámparas de cabecera, luces y cuerdas LED"
1312,pañales desechables para bebé
1312,"pastas dentales, enjuagues bucales, seda o hilo dental"
0932,"productos veterinarios y medicamentos como vacunas, tratamientos antiparasitarios, etc., para animales comprados para transporte personal, animales criados para el consumo propio o con fines recreativos"
1215,"cargos por servicios de seguros asociados a instrumentos financieros (préstamos, etc.) de establecimientos que otorgan crédito automotriz (excepto bancos, casas comerciales, cajas de compensación y cooperativas), establecimientos en el extranjero (excepto bancos, casas comerciales, cajas de compensación y cooperativas) y otras instituciones de intermediación financiera n.c.p"
0532,máquinas rebanadoras
0971,"medios de grabación grabados (09.5.2.01.01), (09.7.1.00.00)"
0932,"productos veterinarios y medicamentos para mascotas, insecticidas para animales domésticos (uso externo)"
1111,platos de fondo listos para su consumo adquiridos en establecimientos con servicio limitado (11.1.1.02.11)
0541,tenazas y pinzas que se utilizan como utensilios de cocina (05.4.1.03.02)
0212,"cócteles a base de vino, vinos fortificados, champán y otros vinos espumosos"
0723,"servicio de mantenimiento, reparación e instalación de vidrios y espejos para automóviles: vidrios laterales, parabrisas, luneta, vidrios templados de seguridad, vidrios irrompibles o antirrobo, láminas de seguridad, espejos (laterales, retrovisores)"
0219,"cerveza con alcohol, con bajo contenido de alcohol o sin alcohol mezcladas o combinadas con bebidas gaseosas, limón u otras frutas cítricas"
0117,brócolis frescos o refrigerados
0733,drones para pasajeros y multicópteros
0561,"desodorantes ambientales, dispensadores de fragancias, desodorizadores de aire, inciensos, velas aromáticas, esencias aromáticas, aceites aromáticos"
0114,"postres a base de leche de origen animal y no animal como flan, mousse, arroz con leche, sémola con leche, suspiro limeño, leche asada, etc"
0946,"entradas a eventos por festividades, tales como fondas, ramadas, carnavales, vendimias, fiestas de Año Nuevo"
1021,"nivel 2 y 3 de CINE 2011: educación secundaria inferior y secundaria superior. La educación secundaria está diseñada para sentar las bases para el aprendizaje permanente y el desarrollo humano y para proveer las habilidades y conocimiento necesarios, ya sea para estudios posteriores a la secundaria y niveles terciarios o para ingresar al mercado laboral, o ambos. Los programas están cada vez más orientados a temas específicos y especializados. Se ofrecen diferentes opciones de estudio, incluyendo la educación técnica-profesional de nivel medio"
0117,porotos verdes (frijoles verdes)
0452,"hidrocarburos licuados (butano, propano, etc.) entregados en contenedores de almacenamiento (gas licuado a granel, gas licuado catalítico y gas licuado corriente)"
0312,"batas de baño, salidas de baño y similares"
0946,"pistas de patinetas (skate), piscinas, circuitos o campos de golf, gimnasios, centros deportivos, canchas de tenis, canchas de squash, pistas de bowling, campos de tiro"
1312,aguas termales para el cuerpo
1312,"bloqueadores o protectores solares (en crema, spray, etc.), pantallas solares"
0945,"otros servicios para mascotas como los servicios de hospedaje, cuidado, adiestramiento y funerario (09.4.5.01.99)"
1111,"bebidas alcohólicas tales como sidra, chicha, ron, whisky, vodka, pisco, entre otras similares, combinados de pisco, ron u otra bebida, cócteles que contengan bebidas alcohólicas, tales como terremoto, tom collins, jhon collins, caipiriña, daiquiri"
0561,"clavos, tornillos, tuercas, pernos, tachuelas, tarugos, golillas, roscalatas, grapas, arandelas, cáncamos"
0912,"canoas, kayaks y tablas de windsurf"
0562,"servicios domésticos prestados por personal remunerado empleado en servicios privados, como mayordomos, cocineros, trabajadores de casa particular o asistentes domésticos, conductores, jardineros y niñeras o au pairs"
0641,exámenes para identificar la carga viral de coronavirus (PCR) y anticuerpos (serológicos)
0115,aceite de semillas de girasol y aceite de cártamo
0819,relojes inteligentes (08.1.9.01.01)
0444,"gastos de mantención de los bienes de dominio común (mantención de aseo, de maquinarias e instalaciones (como ascensores, jardines, piscina, ductos de basura), reposición de luminarias, ampolletas, etc.)"
0541,"juegos de cuchillería, cuchillos, cucharas, tenedores, cuchillos de cocina"
0117,"yautía, también conocida como malanga, new cocoyam, ocumo, tannia"
0813,"impresoras, escáneres, monitores, proyectores, cascos y lentes de realidad virtual (VR) y realidad aumentada (AR), módems, enrutadores (router), conmutadores de red y similares, teclados, ratones (mouse), digitalizadores"
0833,"servicios de almacenamiento en la nube, alojamiento de archivos y alojamiento web"
0839,suscripción a TV vía decodificador y arriendo de decodificadores
0736,transporte en funicular (07.3.6.01.01)
0969,"clases de danza (en aulas o vía e-learning) de merengue, salsa, tango, cueca, bailes folclóricos, tap, danza moderna, flamenco, danza árabe, capoeira"
0411,los pagos de los hogares que ocupan una habitación en un hotel o pensión como vivienda principal
1329,"ceniceros, etc"
0981,"paquetes turísticos internacionales asociados a viajes o vacaciones que incluyen todo tipo de servicios combinados (all inclusive), tales como transporte, alojamiento, comidas, guías turísticos, entre otros"
0312,"capas, abrigos, impermeables, parkas cortas o largas, chaquetas, pantalones, chalecos, trajes, vestidos, faldas, etc"
0561,toallas de papel para el hogar
0561,agua destilada (05.6.1.09.99)
0312,"calzoncillos, calzoncillos largos, slips, zungas, sutien, bóxers, camisetas manga corta, larga y sin mangas, camisetas tipo beatle, primeras capas para hombre (tanto para la parte superior como inferior del cuerpo) y las versiones deportivas de estos, según corresponda"
1051,"tutores independientes (lecciones privadas), centros de tutores (referido a centros que brindan clases similares a las lecciones privadas), centros de ayuda en tareas escolares y similares"
0312,"pantalones, jumper y faldas escolares"
1211,"cargos por servicios de seguros de accidentes, como pólizas de seguros que cubren los daños corporales, que pueda sufrir el asegurado sólo a causa de accidentes"
0941,"arriendo de cámaras de video, incluidas videocámaras y cámaras deportiva"
1313,servicios de bronceado en centros de solárium
0312,trajes de baño para niño (03.1.2.01.14)
0431,"quincallería (productos de cerrajería), tomas de corriente, interruptores, cables flexibles (04.3.1.01.00)"
0112,"cortes de vacuno (vaca, ternera o buey, wagyu, angus, kobe) como lomo vetado"
1051,gastos en cuotas de incorporación y/o exámenes de admisión de educación especial no atribuibles a un nivel específico
1312,gel de ducha
0951,"otros instrumentos musicales n.c.p., tales como órganos electrónicos o teclados, claviórgano, audión piano"
0946,entrada a discotecas y bares
0117,"hortalizas de 01.1.7.01.00 a 01.1.7.04.00, congeladas"
0512,"arriendo de muebles, accesorios y alfombras sueltas, alfombras a medida o dimensionadas (productos incluidos en 05.1.1.00.00)"
0119,"menús, almuerzos y cenas donde no es posible obtener el detalle de sus platos o bebidas por separado (entrada o ensalada, plato de fondo, postre, bebidas no alcohólicas, en cualquiera de sus combinaciones)"
0322,servicios de limpieza de calzado
0219,cócteles con alcohol o sin alcohol en base a vino o destilados
0117,"otras hortalizas de hoja o tallo, frescas o refrigeradas"
0117,lentejas
0313,hombreras
0561,"alfileres, alfileres de seguridad, agujas de coser, agujas de tejer, dedales"
0946,"pagos individuales por horas de: camas elásticas, juegos inflables (castillos, toboganes, peloteros y similares) y carritos o autitos (eléctricos o mecánicos) en parques o plazas"
0117,zapallos frescos o refrigerados (01.1.7.02.02)
0118,cuajada de limón y otra cuajada de frutas
1391,"gastos por servicios religiosos, por ejemplo, misas, bautizos, servicios matrimoniales (13.9.1.02.01)"
0551,sierras eléctricas (05.5.1.01.99)
0312,"calzoncillos, calzoncillos largos, slips, zungas, bóxers, camisetas manga corta, larga y sin mangas, camisetas tipo beatle, primeras capas para niño (tanto para la parte superior como inferior del cuerpo) y las versiones deportivas de estos, según corresponda"
0621,servicios de inmunización/vacunación para la atención maternoinfantil
0314,"zurcido, arreglo, reparación y modificación de vestuario"
0946,"entradas a ferias y parques de diversiones, parques o centros acuáticos, salas de escape (escape rooms)"
1312,"algodón, cotones, tapones de algodón, hisopos"
0111,"mezclas para pan, pizzas"
0119,mayonesas de origen no animal
1312,"artículos no eléctricos tales como máquinas de afeitar (desechables o no), cortadoras de pelo y los repuestos para estos productos, tijeras, limas para uñas, peines, brochas de afeitar, cepillos para el cabello, cepillos de dientes, cepillos para uñas, horquillas, rizadores, balanzas o pesas personales, etc"
0621,servicios de inmunización (06.2.1.01.01)
0312,pantalones de buzo para lactante (03.1.2.03.05)
0610,"medicamentos, vacunas, preparaciones farmacéuticas, dispositivos médicos, productos de asistencia y otros productos relacionados con la salud, utilizados para la prevención, diagnóstico y tratamiento de enfermedades o lesiones, que son comprados por personas u hogares, ya sea con o sin receta, generalmente en farmacias, instalaciones de salud o proveedores de equipos médicos/de asistencia y de fuentes confiables de Internet. Están destinados al consumo o uso fuera de un establecimiento o institución de salud"
0219,cócteles hechos en base a pisco con bajo contenido de alcohol o sin alcohol mezclados o combinados con otras bebidas (no alcohólicas) (02.1.9.01.02)
0117,papas fritas envasadas (01.1.7.09.05)
0119,salsas no dulces (01.1.9.03.06)
1229,"impuestos y cargos por servicios y cargos implícitos de fondos del mercado monetario, fondos de inversión no bursátiles, corredores y similares"
1213,cargos por servicios de seguros pagados por los propietarios-ocupantes y por los arrendatarios por seguros de artículos o bienes del hogar
1329,organizadores de pastillas
0118,dulce de membrillo o dulce de mora (01.1.8.03.02)
0115,aceite de oliva (01.1.5.01.02)
0113,"choritos, almejas, jaibas, piures y otros mariscos"
0561,"insecticidas, pesticidas para plagas domésticas (cucarachas, ratones, etc.) y funguicidas para el uso del hogar (05.6.1.09.01)"
0971,"libros o cuentos infantiles, libros para recortes y álbumes de manualidades infantiles, libros para colorear"
0946,"actividades deportivas extraprogramáticas individuales o grupales, fuera del horario de escuela, tales como aeróbica, patinaje, esquí, natación o cualquier otro deporte"
0815,"compra de casetes, CD-ROM, DVD, discos Blu-Ray no grabados o vírgenes (08.1.5.01.99)"
0111,"harina de arroz, harina de fécula de maíz (maicena), harina integral de todos los cereales (incluido trigo), harina de cebada, harina de linaza, harina de quinoa, harina de arvejón, harina tostada, harina de polenta y otras harinas de los cereales incluidos en la subclase 01.1.1.01.00, excepto la harina de trigo blanca"
1312,"pinzas para cejas, encrespadores de pestañas"
0312,conjunto o buzo completo para hombre (03.1.2.01.11)
0212,otros vinos de otras frutas o cereales
0121,"jugos de frutas y verduras sin fermentar y que no contengan alcohol agregado, ya sea que contengan o no azúcar añadida u otro edulcorante, jugos de larga o corta vida, jugos vegetales (de tomate, de soya o similares), néctares"
0943,arriendo de calzado para disfraces (09.4.3.02.01)
0321,cordones de zapatos (03.2.1.05.01)
0111,trigo
0981,"vacaciones o tours con todo incluido (all inclusive) que incluyen transporte, alojamiento, comidas, guías turísticos, entre otros"
1312,balanzas personales (13.1.2.01.05)
1051,cursos de preparación para exámenes
0733,"transporte aéreo nacional de personas y grupos de personas, y su equipaje, en aeroplanos, avionetas o helicópteros por vuelos chárter (o especiales)"
0971,facsímiles y tabla periódica (09.7.1.01.02)
1329,"artículos funerarios como ataúdes, lápidas, urnas, etc"
0833,"servicios de Internet con cobro por tiempo de uso (por ejemplo, en los cibercafés)"
0981,excursiones o tours que incluyen transporte y guías
0312,conjunto o buzo completo para lactante (03.1.2.03.07)
0211,"whisky puro (sin mezclar o combinar con otras bebidas alcohólicas u otro tipo de bebidas no alcohólicas) en todas sus presentaciones, orígenes y variedades, por ejemplo, whisky de malta, de grano, escocés, irlandés, estadounidense, canadiense, galés, bourbon, moonshine, entre otros"
0119,"comidas preparadas y platos a base de carne precocida, sucedáneo de la carne y/o pescado"
0552,accesorios varios para el hogar y el jardín
0741,servicios de entrega de encomiendas de productos comprados en línea
0921,álbumes y otros elementos para coleccionar estampillas y documentos postales
0736,"servicios de custodia, depósito de equipaje y oficinas de envío de equipaje (07.3.6.01.02)"
0723,servicios de cerrajería para automóviles
0313,otros artículos y accesorios para la confección de vestuario n.c.p
0117,ajos y cebollas deshidratadas
0111,tortillas
0212,vino de bajo contenido alcohólico y sin alcohol
0623,"consultas por medicina complementaria y tradicional con fines curativos y de rehabilitación (en establecimientos públicos o privados, en casa o en cualquier otro lugar fuera del hospital, incluso en la calle), tales como acupuntura, homeopatía, naturopatía, reiki, quiropraxia, sintergética, terapias florales, apiterapia, biomagnetismo, aromaterapia, arteterapia y musicoterapia, hipnosis, meditación, etc"
0942,"mantenimiento y reparación de botes, yates, motores fuera de borda, velas, aparejos y superestructuras náuticas, embarcaciones para recreación, veleros, tablas para deportes acuáticos, motos de agua (motos acuáticas o jetskies), canoas, kayaks y tablas de windsurf, equipos de buceo marítimo"
0611,"medicamentos antiinfecciosos, como aciclovir (antivirales), efavirenz, lamivudina, nevirapina, ketoconazol (antibacterianos, antimicóticos, antivirales)"
0211,"ron especiado, aromatizado o saborizado con limón, piña, manzana, frutos rojos, entre otros"
0922,cascos de protección para el deporte
0314,"arreglos, zurcidos, bordados, hechuras de tejidos con palillos o crochet, posturas de cierres, estampados, arreglos de sombreros (excepto de cuero), arreglo de cinturones, arreglo de costura, basta de pantalón, cambio de cierre pantalón y similares"
0952,contenido audiovisual comprado en línea para descarga inmediata (09.5.2.01.01)
0613,"calzado terapéutico (diabético, neuropático, ortopédico, posoperatorio)"
0312,vestuario para lactantes (menores de 2 años) (03.1.2.03.00)
0931,"tierra, tierra de hoja, tierra ácida, turba, abonos, compost, fertilizantes, pesticidas para plantas, mata maleza"
0116,"otras frutas tropicales y subtropicales, frescas"
0912,"caballos y ponis, vehículos tirados por caballos o ponis, camellos y dromedarios comprados con fines recreativos y su equipamiento relacionado (arneses, bridas, riendas, monturas, etc.)"
0813,fax y contestadores telefónicos provistos por computadoras personales (08.1.3.01.01)
0111,"granos de cereales mezclados, en forma de granos secos, que también incluyen otros ingredientes (siempre que estos no sean el ingrediente principal) pero sin otro procesamiento"
0119,"sándwiches, pizzas, quichés, empanadas de carne o pescado, congelados o no"
0111,avena tradicional (cruda) (01.1.1.04.01)
0969,"clases de fotografía, música, danza y artes (en aulas o vía e-learning)"
1313,servicios de peluquerías o barberías
0946,"transporte en elevadores, tales como teleféricos, telesquíes, funiculares, andariveles exclusivamente en centros de esquí y centros recreacionales"
0117,"otras leguminosas verdes, frescas o refrigeradas como granos de soja, dientes de dragón (brotes de soja), brotes de alfalfas, brotes de lentejas, brotes de garbanzos, brotes de porotos, etc"
0819,"dispositivos ópticos para computadores, notebooks, tablets (y otros equipos de procesamiento de información), tales como lectores y grabadores de CD/DVD (internos y externos), lectores y grabadores de Blu-ray (internos y externos)"
0231,"puros, habanos, puritos y tiparillos que se compran en bares y restaurantes, siempre que no se aplique un cargo por servicio"
0611,"sangre y órganos hematopoyéticos, como sustitutos de sangre y soluciones para perfusión, albúmina, fracciones de otras proteínas plasmáticas, dextrano"
0613,andadores/andadores con ruedas/bipedestadores (mantienen a las personas de pie)
0117,"rábanos y nabos, frescos o refrigerados en todas sus variedades o denominaciones, por ejemplo, rabanitos, rábano japonés, rábanos blancos o nabos"
0945,"servicios de hospitalización veterinaria, exámenes veterinarios de laboratorio, radiografías, ecografías, cirugías veterinarias comunes como la esterilización y especializadas"
0552,"argollas de cortinas, ganchos para cortinas de baño, toma cortinas (lazos, piolas y similares), forros de cortina baño, rieles para cortina, soportes para barra de cortina, tubos para cortina, topes de tubo para cortina, fleje barra cortina"
1329,llaveros
1041,pruebas de admisión universitarias
1111,combos de pollo con papas fritas adquiridos en establecimientos con servicio limitado (11.1.1.02.13)
0113,caviar y sustitutos de caviar y aletas de tiburón procesadas y conservadas
1111,"wantán adquirido en restaurantes, cafés y similares, con servicio completo (11.1.1.01.02)"
0122,"café para preparar, en todas sus variedades y sabores como café instantáneo, molido y en grano, café capuchino, café amaretto, café moka, café con crema, descafeinado, express, tostado, arábiga, forte, colombiano, extractos y concentrados de café"
1329,coches cunas y cochecitos/sillas de paseo
0911,"cámaras de video, incluyendo videocámaras y cámaras móviles (cámaras deportivas)"
0112,bistec de lomo vetado
0972,revistas de televisión
0552,"llaves de tuerca, llaves punta corona, llaves de combinación, llaves Allen, llaves inglesas, francesas, llaves Stillson, chicharras, alicates, tenazas de sujeción, caimanes, dados Allen, barras de extensión, pinzas de sujeción, pelacables, sargentos o prensas"
0951,piano Rhodes o electrónico
0118,"endulzantes y edulcorantes en todas sus variedades como sucralosa, estevia, sacarina, fructosa, glucosa, azúcar invertido, lactosa, etc"
0932,"jaulas para pájaros y roedores, caniles, gatiles, casas para perro, acuarios y sus insumos, bolsos, mochilas y jaulas de transporte para mascotas"
0511,muebles para bebés (05.1.1.01.00)
0749,"gastos de envío de hidrocarburos licuados (butano, propano, etc.), si se cobran por separado (07.4.9.02.01)"
0117,"arvejas secas, arvejas partidas, guisantes y guisantes de vaca"
1329,tapones para los oídos
0561,"paños para limpiar, recogedores y cepillos para el polvo, plumeros, guaipes"
1310,"productos para la higiene o cuidado personal, incluidos productos de belleza y cremas (13.1.0.00.00) (por ejemplo, productos de aromaterapia y cremas reductoras)"
0641,"exámenes de orina, como beta-hCG (subunidad beta de la gonadotropina coriónica humana)"
0112,"camellos, dromedarios, alpaca, llama, guanaco, vicuña y otros camélidos"
1391,"pagos por la emisión de Cédula o carnet de Identidad (CI), pasaporte, libreta de matrimonio o de Acuerdo de Unión Civil (AUC)"
0610,"medicamentos y productos de salud (médicos, de asistencia, terapéuticos) cobrados por separado de la tarifa de servicio del proveedor (médico/especialista/enfermero y otro profesional de la salud) (06.1.0.00.00)"
0971,"soporte de almacenamiento de datos (medios extraíbles) que contienen libros, diccionarios, enciclopedias, software de aprendizaje de idiomas extranjeros, presentaciones multimedia, etc., en formato de software"
0312,"camisas para niño, si se adquieren por separado (03.1.2.01.08)"
1391,pagos por transcripciones y otros servicios de reproducción de documentos
0112,"jamón y pechuga, mortadela y otros productos similares elaborados con carne de otro tipo de animal"
0313,"elásticos, huinchas de medir"
0312,trajes de baño para hombre (03.1.2.01.13)
0119,platos congelados preparados a base de pastas rellenas como ravioles o lasaña con salsas
1229,cargos administrativos y cargos implícitos de fondos de pensiones y similares
0117,"hortalizas, tubérculos y bananas para cocinar, en conserva como espárragos, champiñones, choclos, palmitos, tomates enteros, alcaparras, fondos de alcachofa, dientes de dragón, etc"
0112,"carne fresca, refrigerada o congelada cuyo animal de procedencia no es posible identificar"
0119,crema de coco para cocinar (01.1.9.03.99)
0911,"proyectores de películas (cintas de video), proyectores de diapositivas (láminas), ampliadoras y equipos de procesamiento de películas o cintas (rollos)"
1312,espejos de bolsillo
0312,pantalones cortos (shorts) y bermudas para niña (03.1.2.02.10)
0721,aromatizadores para vehículos automotores (07.2.1.03.03)
0613,bastones utilizados por razones médicas (06.1.3.03.04)
0912,repuestos comprados por los hogares con la intención de realizar las reparaciones ellos mismos
0312,"uniformes de Instituciones Sin Fines de Lucro (ISFL) y otras agrupaciones afines, para mujer o niña, como Scouts, Defensa Civil, Cruz Roja, Damas de Rojo, entre otras"
0839,"arriendo de contenidos audiovisuales (películas, conciertos, etc.) en formato físico, tales como CD, cintas de video, DVD, discos Blu-ray"
0723,"servicio de mantenimiento, reparación e instalación de puertas y cerrajería para automóviles"
0412,"arriendos de bodegas, cuando son de uso exclusivo para el hogar"
1111,"helados (artesanales, industriales) y granizados, mote con huesillos, café helado, algodón de azúcar"
0111,alforfón (o trigo sarraceno)
1051,cursos de inmersión lingüística y viajes internacionales para el aprendizaje de idiomas
1391,pagos por la emisión de certificados de informes comerciales
0117,"aceitunas frescas o refrigeradas, mezclas de hortalizas frescas o refrigeradas para posterior cocción (por ejemplo, chop suey o chapsuí), otras hortalizas frescas o refrigeradas"
0118,sorbete
1212,cargos por servicios de seguros de salud en viajes (12.1.2.01.01)
1011,"nivel 0 de CINE 2011: la educación de primera infancia está diseñada principalmente para apoyar el desarrollo cognitivo, físico, social y emocional temprano e introducir a los niños muy pequeños a la instrucción organizada fuera del contexto familiar. Los programas son diseñados para niños que están por debajo de la edad exigida para el ingreso a la educación primaria y son principalmente centros de educación o escuelas. Esta educación también se puede proporcionar en hospitales o escuelas especiales o centros de entrenamiento"
1229,"gastos financieros de administración asociados a préstamos de otras instituciones que otorgan instrumentos financieros como establecimientos que otorgan crédito automotriz (excepto bancos, casas comerciales, cajas de compensación y cooperativas), establecimientos en el extranjero (excepto bancos, casas comerciales, cajas de compensación y cooperativas) y otras instituciones de intermediación financiera"
0521,"bolsas de compras, bolsas de lavandería, bolsas para lavar ropa, bolsas de zapatos"
0312,"chalecos, calzoncillos, calcetines, medias, panty, enaguas, brasieres o sostenes, bragas o calzones, fajas, corsés, medias de cuerpo, etc"
0961,"entradas y abonos al teatro (ópera, ballet, obras de teatro), salas de conciertos y música, espectáculos familiares, entradas al circo, espectáculos (show) de luces y sonidos, actuaciones para todo público de carácter artístico, musical y de danza, festivales artísticos y musicales"
0736,"comisiones de agentes de viajes, si se cobran por separado"
0123,"mate para preparar, en todas sus variedades como mate amargo, dulce, entre otras"
1212,"cargos por servicios de seguros de invalidez (por ejemplo, seguro de invalidez y sobrevivencia)"
0113,tortugas acuáticas
0642,servicios de ambulancia para personas con o sin rescate de emergencia
0749,servicios de mudanzas y almacenamiento (07.4.9.01.01)
0835,arriendo de equipos de suministro de acceso a Internet que no se encuentran incluidos en el servicio de Internet (08.3.5.01.02)
1111,alimentos o bebidas consumidos en burdeles si estos se cobran por separado (11.1.1.00.00)
0732,"servicios de arriendo de autobuses escolares locales, con chofer"
0711,automóviles de carreras y vehículos para espectáculos
0974,escuadras escolares (09.7.4.01.03)
0942,"arriendo de veleros, canoas, kayaks y tablas de windsurf, equipos de buceo marítimo, carros de golf (09.4.2.02.01)"
0312,"pantalones de tela, pantalones cargo, pantalones desmontables, pantalones tres cuartos, calzas largas (de uso exterior), pantalones de cotelé, jeans, pantalones de cuero, pantalones de buzo, pantalones cortos (shorts), bermudas, calzas cortas para mujer y las versiones deportivas de estos, según corresponda"
0116,preparaciones de fruta homogeneizadas
0311,"telas o paño (tejidos o no tejidos) de pelo de alpaca, angora, cabra de angora, pelo de camello, vellón, telas de cachemira, seda natural, gasa, algodón, raso o satín, telas de acetato, acrílicos, chifón o tul, crepé, dril, dry fit, franela, gabardina, mezclilla, Georgette, ipora, nylon, organdí, polyester, pongee, punto espiga (tweed), popelina, quick dry, rayón, supplex, tafetán, tela elástica (spandex), terciopelo, cotelé, polar y bistrech"
1391,"pagos por la emisión de certificados y otros documentos administrativos emitidos por instituciones gubernamentales, instituciones privadas con fines de lucro y organizaciones privadas sin fines de lucro"
0932,"purificadores de agua, productos de aseo para mascotas tales como champú, talco, loción, arenas sanitarias para mascotas"
1329,bolsos de viaje
0118,miel artificial (01.1.8.02.99)
1312,"artículos para la higiene personal tales como jabones de tocador, jabones medicinales, aceites y leches de limpieza, jabones de afeitar, cremas y espumas de afeitar, pasta de dientes, pañuelos de papel, etc"
0322,"reparación especializada de calzado en general, por ejemplo, cambio de tapillas, cambio de gomas, reparación de suelas, zurcido, cambio de suelas"
0562,"limpieza en seco, lavado y teñido de textiles para el hogar (05.6.2.09.01)"
0511,"moisés, cunas y camas de colecho para bebés"
1214,"seguros que cubren responsabilidad civil o daños a terceros o sus bienes, derivados de la operación de equipos (medios) de transporte personal (12.1.4.01.00)"
0531,compras separadas de partes/materiales hechas por los hogares con la intención de realizar la reparación ellos mismos
0231,papeles y filtros de un solo uso para cigarrillos y cigarros (02.3.1.09.01)
0442,recolección y eliminación de desechos (retiro de basura) de la vivienda principal (derechos de aseo)
0921,"árboles de Navidad, decoraciones para festividades (Navidad, Pascua de Resurrección, Janucá, Eid, Diwali y similares) (09.2.1.03.01)"
0946,"recargas de tarjetas o compra de fichas para taca-taca, videojuegos y máquinas de juegos (por ejemplo, arcade, pinball o flipper) en centros recreativos"
0532,máquinas para hacer agua con gas
0112,"otros cortes de carne de vacuno (vaca, ternera o buey, wagyu, angus, kobe) como huachalomo, sobrecostilla, cogote, asado carnicero, plateada, choclillo, punta de paleta, osobuco, malaya, tapapecho, asado de tira (costillar), palanca, tapabarriga, punta de ganso, punta de picana, ganso, pollo ganso, abastero, entrecot, etc"
0552,"accesorios para radiadores y chimeneas, otros artículos metálicos para la casa (rieles para cortinas, barras de madera o plástico para cortinas, rieles de cortinas con cuerdas, varillas para alfombras, ganchos, etc.) o para el jardín (cadenas, rejillas, estacas y segmentos de aro para cercas y bordillos)"
0521,telas para cortinas (05.2.1.01.02)
0749,"servicios de entrega de alimentos y bebidas (delivery), si se cobran por separado (07.4.9.02.00)"
0946,transporte en teleférico y telesilla en centros de esquí y centros recreacionales
1329,"encendedores a gas, a bencina, mecánicos o eléctricos para fumadores"
0212,vino de uva (02.1.2.01.01)
0611,vacunas cuando se cobren por separado del servicio preventivo (06.1.1.01.00)
0946,"clases de diversos deportes, como aeróbica, zumba, gimnasia rítmica y gimnasia artística (09.4.6.02.03)"
0613,calzado terapéutico (diabético/neuropático/ortopédico)
0724,pruebas de revisión técnica (07.2.4.03.03)
0111,"fideos cortos como macarrones, quifaros, mostacholi, caracoles"
0630,"spa con fines médicos (06.2.0.00.00, 06.3.0.00.00)"
0912,"canoas, kayaks, tablas de windsurf"
1111,"helados y granizados adquiridos en restaurantes, cafés y similares, con servicio completo (11.1.1.01.04)"
0412,arriendos pagados por los hogares para una residencia secundaria o una residencia de tiempo compartido (04.1.2.01.01)
0113,"erizos de mar, pepinos de mar (bêches de mer), medusas y otros invertebrados acuáticos, vivos, frescos, refrigerados o congelados"
0111,"tortellini, ravioles, bombolotti, capeleti, panzotti, sorrentinos y otras pastas secas con relleno"
0921,guirnaldas de luz para árboles de Navidad (09.2.1.03.01)
0511,guirnaldas de luces LED
0541,otros artículos para el hogar n.c.p
0117,"mix de verduras congeladas de todo tipo como surtidos de verduras congeladas, primavera, ensalada rusa, jardinera, carbonada"
0118,miel artificial
0552,"azadón, mangos para herramientas (palas, picotas, picas), horquetas, desmalezadoras manuales, rastrillos, barrehojas, mallas para limpiar piscinas"
1111,"té, café e infusiones, listos para su consumo, adquiridos en establecimientos con servicio limitado (11.1.1.02.06)"
0711,"utilitarios, pick-ups, camionetas, furgones, vans, miniván usadas, vehículos utilitarios livianos usados adaptados para personas en situación de discapacidad"
0722,"compras separadas de piezas, accesorios o lubricantes hechas por los hogares con la intención de realizar el mantenimiento o la reparación por sí mismos (07.2.1.00.00), (07.2.2.04.01)"
0116,chirimoyas frescas en todas sus variedades o denominaciones
0313,"materiales, hilos y otros accesorios comprados por los hogares con la intención de realizar las reparaciones ellos mismos (03.1.1.01.00), (03.1.3.02.00)"
0724,revisión técnica (prueba de seguridad vial) y pruebas de control de emisiones de todo tipo de vehículo de transporte personal
0946,"pago por servicios de guía turístico de rutas urbanas y rurales, tales como guías turísticos de viajes, guías de montaña"
0911,baterías para equipos fotográficos y cinematográficos (09.1.1.02.01)
0962,"servicios de alimentación y bebidas en establecimientos que ofrecen servicios recreativos, culturales, deportivos o servicios de entretenimiento, si no se cobran por separado (09.4.6.00.00), (09.6.1.01.00), (09.6.2.00.00), (09.6.9.00.00)"
1312,protectores mamarios
1331,casas de reposo y hogares para personas mayores sin atención médica y residencias sin atención médica para personas en situación de discapacidad (13.3.1.02.00)
1011,niveles 0 y 1 de la CINE 2011 Educación de primera infancia y primaria
1313,"talasoterapia (uso terapéutico de los baños o del aire de mar), decoloración del vello y otros servicios y tratamientos de cuidado personal n.c.p"
1041,"nivel 5, 6, 7 y 8 de CINE 2011: la educación terciaria se basa en la educación secundaria y provee actividades de aprendizaje en campos especializados de la educación. Apunta a altos niveles de complejidad y especialización. Incluye tanto la educación académica como la educación vocacional avanzada o educación profesional. En los niveles más altos, los programas conducen a una cualificación avanzada en investigación en base a estudios avanzados e investigaciones originales"
0116,cocos deshidratados
0732,"servicios de transporte de alumnos en autobús escolar entre sus hogares y escuelas y entre escuelas, incluso en zonas rurales"
0445,"servicios pagados al proveedor de saneamiento o de agua, o al municipio por la recolección, transporte y disposición de aguas residuales a través de sistemas de alcantarillado para la vivienda principal"
0963,"servicios de revelado en tiendas no especializadas, por ejemplo, supermercados, tiendas de artículos electrónicos, etc., y comprados por Internet"
0631,"otras cirugías y procedimientos médicos hospitalarios n.c.p., como cirugías y procedimientos médicos dentales (con al menos una noche de hospitalización)"
0212,otros vinos de frutas y cereales con bajo contenido de alcohol o sin alcohol
1329,pinzas y boquillas para fumar
0118,"caña de azúcar refinada o azúcar de remolacha, en forma sólida, que contenga aromatizantes o colorantes añadidos"
0813,"proyectores, cascos y lentes de realidad aumentada (AR) y realidad virtual (VR), módems, enrutadores (router), conmutadores de red y similares, digitalizadores"
1312,cepillos de dientes no eléctricos
0562,"servicios domésticos, tales como limpieza de ventanas, desinfección, fumigación y exterminio de plagas"
0113,"sepia o jibia, calamar, pulpo, caracoles de mar, lapas, abulón y bivalvos, como ostras, ostiones, locos, culengues, vieiras, mejillones, berberechos, conchas de arca y otros moluscos, vivos, frescos, refrigerados o congelados"
0541,reparación y arriendo de cuchillería y cubiertos (05.4.1.04.01)
1214,"cargos por servicios de seguros relacionados con otros equipos de transporte personal, como seguros relacionados con su equipamiento y seguros que cubren responsabilidad civil o daños a terceros o sus bienes, derivados de la operación de bicicletas, motocicletas, barcos, yates, veleros, aviones y otros equipos de transporte personal n.c.p"
0922,quitasoles de playa (09.2.2.02.02)
0721,"compras separadas de piezas, accesorios o lubricantes hechas por los hogares con la intención de realizar el mantenimiento o la reparación por sí mismos (07.2.1.00.00), (07.2.2.04.01)"
0623,"terapia física, psicológica y del habla. Como tal incluye servicios de quiroprácticos"
0839,"arriendo, descarga o suscripción de CD, cintas de video, DVD, discos Blu-ray, software (excepto software de juegos)"
1331,servicios de cuidados domiciliarios para personas mayores y personas en situación de discapacidad (13.3.1.03.01)
0118,"compotas, jaleas y gelatinas preparadas, purés de frutas, cuajada de limón, cuajadas de otras frutas y otros productos similares"
0969,arriendos de locales para matrimonios y otras celebraciones (09.6.9.01.06)
0813,"monitores, teclados, ratones (mouse) si se cobran por separado (08.1.3.02.02)"
0815,"CD, DVD, Blu-ray, pendrive en blanco o que se encuentran sin información (08.1.5.01.00)"
1313,corte de pelo para hombre o niño
0623,"servicios prestados en consultorios individuales (por ejemplo, consultas privadas) o grupales (excluidos los servicios preventivos 06.2.1.00.00 y dental 06.2.2.00.00) por cualquier tipo de proveedor (médicos, especialistas, enfermeros y otros profesionales de la salud)"
0971,todas las formas electrónicas de estos tipos de libros educativos (libros en línea y audiolibros)
0117,"lechugas frescas o refrigeradas en todas sus variedades o denominaciones, por ejemplo, costina, escarola, española, francesa, marina, milanesa"
0611,"medicamentos, vacunas y otras preparaciones farmacéuticas cuyo tipo y/o uso no es posible identificar"
0561,productos químicos para la limpieza de piscinas y productos químicos para el tratamiento del agua
0821,softwares que no sean softwares para juegos (08.2.1.01.01)
1111,"menús listos para su consumo adquiridos en comercio ambulante, carritos de comida y similares (11.1.1.02.22)"
0112,"carne de antílopes, ciervos, jabalíes, canguros"
0531,"hornos eléctricos grandes, hornos de gas, hornos de convección, hornos microondas, hornos empotrables y hornos de barro"
0623,"procedimientos médicos ambulatorios en columna, como tratamiento quirúrgico hernia núcleo pulposo"
0454,briquetas de carbón para asados
0815,dispositivos USB para almacenamiento de información (08.1.5.01.01)
1331,"cuidado de niños fuera de casa, guarderías y otros servicios de cuidados de niños"
0972,suscripción a diarios en formato digital o electrónico
0945,"servicios de alojamiento o de guardería para mascotas, tales como hoteles para mascotas y animales domésticos, alojamiento para todo tipo de animales (incluye animales exóticos y nativos) y animales usados para transporte y/o carga"
0118,helado de yogur o yogur congelado
0442,recogida de desechos (04.4.2.01.00)
1229,"gastos financieros de administración asociados a préstamos otorgados por establecimientos en el extranjero (excepto bancos, casas comerciales, cajas de compensación y cooperativas) (12.2.9.09.02)"
0839,servicios de videograbadora en línea (servicios DVR basados en la web)
1229,cargos por remesas (12.2.9.01.01)
0112,corte pernil de cerdo (01.1.2.02.11)
0313,cuellos falsos bordados
1111,alimentos y bebidas preparados y listos para su consumo que son entregados por servicios de transporte
0117,papas naturales congeladas (01.1.7.08.99)
0452,gas envasado (04.5.2.02.01)
0944,"reparación de equipo para deportes, campamentos (camping) y recreación al aire libre, tales como pelotas o balones, redes de todo tipo de deportes, raquetas, conjunto de palos de golf, cañas de pescar, botes inflables, carpas, sacos de dormir, colchones inflables, cocinillas de camping y parrillas portátiles"
0621,los servicios de laboratorio e imagen necesarios para brindar servicios preventivos cuando se cobran conjuntamente con el tiempo y las habilidades del personal
0974,"plantillas, papel de calco (carbón), almohadilla de tinta, corrector, etc"
0112,"subproductos y menudencias comestibles de pollo como patas de pollo, hígado (pana), contre, cogote, corazón, intestinos en general"
0961,"servicios de músicos, DJ para fiestas, payasos y artistas intérpretes (performers) prestados de forma independiente para eventos particulares"
0735,"transporte de personas y grupos de personas, y su equipaje en dos o más medios de transporte cuando el gasto no se puede distribuir entre ellos"
0114,"cremas, concentradas o con azúcar añadida u otro edulcorante"
0212,vino sin alcohol (02.1.2.01.03)
0117,plátanos y bananas para cocinar (01.1.7.05.02)
0112,"ganado bovino (vaca, ternera, buey común, cebú o buey jorobado, buey watussi, gaur, gayal, banteng, yak tibetano)"
1111,sushi
0112,"mezcla de carne picada, de diferentes tipos de carne"
0219,cócteles hechos en base a ron con bajo contenido de alcohol o sin alcohol mezclados o combinados con otras bebidas (no alcohólicas) (02.1.9.01.02)
0732,"transporte de personas y grupos de personas, y su equipaje a través de acuerdos privados, tales como uso compartido de vehículos, viajes compartidos, viajes especiales, servicios de transfer"
0922,sillas de playa (09.2.2.02.02)
0561,"fósforos o cerillos, pinzas para ropa, perchas, alfileres, alfileres de gancho, agujas de coser, palillos para tejer, dedales, clavos, tornillos, tuercas y pernos, tachuelas, arandelas, pegamentos y cintas adhesivas para uso doméstico, cuerdas, cordeles y guantes de goma"
0552,"tijeras podadoras, tijeras corta pasto, repuestos para tijera corta pasto, cortadoras de césped no motorizada, hoz (hoces), guadañas, hachas, mangos de hacha"
0973,tarjetas de condolencias (coronas de caridad) (09.7.3.01.01)
0552,"alambres de fierro, candados, abrazaderas de metal, números para la vivienda metálicos, varillas para alfombra, imanes, resortes, barras correderas, accesorios para radiadores y chimeneas"
1329,"pañales reutilizables o ecológicos (lavables), pañales de tela"
0311,"materiales, hilos y otros accesorios comprados por los hogares con la intención de realizar las reparaciones ellos mismos (03.1.1.01.00), (03.1.3.02.00)"
0551,"tractores de jardín o cortadores de césped, trituradoras de ramas, orilladoras eléctricas, motosierras, setadoras, sopladoras de hojas, aspiradoras de hojas"
1312,productos cosméticos para el cabello (13.1.2.03.03)
0819,monitores para bebés
1312,"artículos de cosméticos tales como labiales, esmalte de uñas, maquillaje y productos para desmaquillar (incluidos los polvos compactos, brochas y almohadillas o aplicadores de polvos cosméticos), lacas y lociones para el cabello, productos para el bronceado, ceras de depilación y removedores de vellos similares, perfumes y aguas de tocador, etc"
0561,productos para la limpieza de superficies diversas (05.6.1.01.05)
0212,vino de uvas
0532,"artefactos no eléctricos para cocinar y procesar alimentos, como máquinas para hacer puré, picadoras, balanzas grameras, etc"
0731,"transporte de personas y grupos de personas, y su equipaje en trenes de pasajeros, urbanos, interurbanos, nacionales o internacionales: Ferrocarriles Arica-La Paz (FCALP), Tren Central, TerraSur, Tren Chillán-Alameda, ramales (Talca-Constitución, Corto Laja, Victoria-Temuco), Buscarril"
0114,postres a base de leche de origen animal y no animal (01.1.4.07.01)
0749,"servicios de entrega local de alimentos o bebidas, cuando se cobran por separado (07.4.9.02.01)"
0721,"alarmas, bastones traba volante, bastones traba volante-pedal, seguros antirrobos para tapa de ruedas, extintores de incendios para vehículos automotores, recargas de extintores, chalecos reflectantes, sillas de bebés y niños para vehículos automotores, adaptadores de cinturón de seguridad maternal, equipos de GPS (posicionamiento por satélite) para vehículos automotores"
0119,"platos preparados a base de legumbres y hortalizas combinados con carne de todo tipo para calentar, descongelar u otros similares"
1331,"servicios de asesoría, orientación y mediación, para familias de acogida y de adopción"
0972,todas las formas electrónicas de diarios y otras publicaciones periódicas
0561,cubiertos desechables (05.6.1.09.05)
1111,masas dulces y similares adquiridos en establecimientos con servicio limitado (11.1.1.02.03)
1312,pelucas
1312,"horquillas, pinches, cintillos y similares, elásticos o colet para pelo"
0432,"servicio de decoración de interiores (dormitorios, cocina, living, comedor, sala de estar)"
1321,joyas de bisutería (13.2.1.01.03)
0833,"servicios de almacenamiento en la nube, alojamiento de archivos, alojamiento web y suscripciones para servicios de correo electrónico"
0531,campanas extractoras
0612,"inhaladores, jeringas, humidificadores, nebulizadores, compresas frío/calor (entre las que se encuentran las ice packs), bolsas de gel para frío o calor, botiquines de primeros auxilios, vendas, etc"
0313,"hilos para coser, hilados o lanas para tejer, hilos para bordar, pitillas, sisal, yute y otras fibras para tejer, hilo elástico"
1121,"servicios de alojamiento en posadas, pensiones y establecimientos similares"
1329,"fundas o estuches para celular, fundas o estuches para notebook"
0541,"vajilla de melamina como fuentes, ensaladera, platos, bol, etc"
1312,"productos cosméticos: labiales, esmalte de uñas, maquillaje y productos para desmaquillar (incluidos los polvos compactos, brochas y almohadillas o aplicadores de polvos cosméticos), lacas y lociones para el cabello, ceras de depilación, perfumes y aguas de tocador, etc"
0623,curación de heridas
0118,"hielo comestible (picado, en cubos o en cualquiera de sus formas)"
0119,"ensaladas compuestas y otros platos y comidas preparadas a base de verduras, legumbres y papas que también incluyen otros ingredientes, como carne, pescado y queso"
0431,extintores de incendios
1313,"servicios de peluquerías, barberías, centros de belleza, manicura, pedicura, baños turcos, saunas, soláriums, masajes no médicos, etc"
0114,yogur
0118,"malvaviscos cubiertos de chocolate y gelatina cubierta de chocolate, siempre que el ingrediente principal sea el chocolate"
0511,otros muebles para el hogar n.c.p
0511,"revestimientos de suelos, como alfombras sueltas (05.1.1.04.01)"
0119,"té, café y otras bebidas preparadas listas para su consumo adquiridos en supermercados, ferias, almacenes, panaderías y similares (incluidos los adquiridos mediante máquinas expendedoras relacionadas con este tipo de establecimientos)"
1311,removedores eléctricos de vello facial
0432,servicios de seguridad
0521,manteles y servilletas de género (05.2.1.03.01)
0312,vestuario escolar (03.1.2.04.00)
0452,gas envasado asociado a gastos de la vivienda y entregados en contenedores de almacenamiento (04.5.2.02.01)
0931,"tierra, turba y fertilizantes, pesticidas para plantas, abono y compost"
0444,medición de radiación de fondo y contenido de sustancias nocivas en viviendas
0521,ropa de cama (05.2.1.02.00)
0931,decoraciones y adornos para jardines (09.3.1.01.03)
1121,"propinas para botones, maleteros, mucamas y porteros de hotel"
0724,"permisos de estacionamiento para áreas designadas (por ejemplo, permisos de estacionamiento para residentes)"
1331,residencias no médicas para personas en situación de discapacidad (13.3.1.02.02)
0522,servicios de reparación y costura de textiles para mesa y baño (05.2.2.01.01)
1229,"gastos financieros de administración asociados a préstamos de establecimientos que otorgan crédito automotriz (excepto bancos, casas comerciales, cajas de compensación y cooperativas) (12.2.9.09.02)"
0622,medicamentos que no se puedan identificar por separado de los servicios dentales ambulatorios (06.2.2.00.00)
0533,reparación y arriendo de grandes artefactos de cocina (05.3.3.01.00)
0551,motosierras (05.5.1.01.01)
0453,"combustibles domésticos de calefacción, alumbrado y cocción, tales como bencina blanca, parafina (kerosene)"
0511,quitasoles de terraza (05.1.1.02.01)
1011,"sala cuna, jardines infantiles y educación preescolar (10.1.1.01.00)"
0541,"paneras, mantequilleras, mermeladeros, pimenteros, saleros, pocillos, contenedores o potes con tapa, especieros, frascos conserveros, frascos, azucareros, hieleras, recipientes de plásticos, porta té, botellas plásticas para agua, bidones, pocillos para el mate, biberones o mamaderas, termos, alcuzas"
0312,"conjunto o buzo completo, para mujer"
0123,té helado (para preparar infusiones o que ya se encuentren preparados)
0931,cobros por servicio de entrega o delivery de flores y plantas si no se cobran por separado
0981,viajes o vacaciones nacionales cuyo gasto no es posible desglosar
0532,"procesadoras de alimentos, batidoras, licuadoras, batidoras o licuadoras de mano (minipimer), licuadoras con elementos para calentar, picadoras eléctricas y no eléctricas, moledoras de carne, freidoras, ollas arroceras, vaporeras, sandwicheras, waffleras eléctricas, robot de cocina"
0943,suscripciones y arriendo de software de videojuegos (09.4.3.01.00)
0932,"alimentos para mascotas, productos veterinarios y productos de aseo para mascotas, collares y correas para mascotas, caniles, jaula de pájaros, acuarios, arena para gatos, etc"
0921,figuras de acción de juguete (09.2.1.02.99)
0611,"todos los medicamentos, incluidos los productos de marca y genéricos para tratar enfermedades y lesiones"
0749,"servicios de entrega de alimentos y bebidas (delivery), si se cobran por separado (07.4.9.02.01)"
1121,"servicios de alojamiento en sitios para camping, casas rodantes y barcos fijos (no móviles), zonas para acampar, parques de vehículos recreativos y de casas rodantes"
0561,"detergentes, detergentes para lavar platos a mano y para lavavajillas, polvos para fregar, blanqueadores desinfectantes, suavizantes, acondicionadores, quitamanchas"
0321,"calzado deportivo adecuado para el uso diario o de ocio (calzado para correr, entrenamiento cruzado, tenis, baloncesto, canotaje, etc.)"
0912,"caballos y ponis, vehículos tirados por caballos o ponis, camellos y dromedarios, y su equipamiento relacionado (arnés, bridas, riendas y monturas, etc.) comprados con fines recreativos"
0312,"bikinis y trajes de baño de todo tipo para niña y las versiones deportivas de estos, según corresponda"
0117,"choclos dulces, conocidos como ""choclos americanos"" frescos o refrigerados"
1111,masas dulces y similares adquiridos en restaurantes con servicio completo (11.1.1.01.03)
0552,"pequeños accesorios eléctricos, como bombillas eléctricas, tubos de iluminación fluorescentes, antorchas, linternas, lámparas de mano, baterías eléctricas para uso general"
0944,"arriendo de equipo para deportes, campamentos (camping) y recreación al aire libre, tales como pelotas o balones, redes de todo tipo de deportes, raquetas, conjunto de palos de golf, cañas de pescar, botes inflables, carpas, sacos de dormir, colchones inflables, cocinillas de camping y parrillas portátiles"
1329,maletines para notebook (13.2.9.01.04)
1312,aceites y leches de limpieza
0911,"cintas, películas o rollos fotográficos y cinematográficos"
0561,productos para la limpieza de vajillas y ollas (05.6.1.01.03)
1331,servicios no médicos para mantener a las personas en sus domicilios que no están integrados a un paquete de atención médica (13.3.1.03.01)
0111,corbatas
0312,"calcetines, medias, panty, enaguas, brasieres o sostenes, bragas o calzones, fajas, corsés, medias de cuerpo, etc"
0117,habas de bambara
1121,"servicios de alojamiento en resorts, unidades de tiempo compartido, lodges"
0943,reparación de consolas de videojuegos y otros equipos para jugar
0212,vino de uvas con bajo contenido de alcohol o sin alcohol
0522,servicios de reparación y costura de cortinas (05.2.2.01.01)
0962,"entradas a parques de reservas nacionales, parques zoológicos, jardines botánicos, acuarios y similares"
0613,audífonos para sordera
0312,"traje o conjunto, traje de dos piezas para niña (03.1.2.02.02)"
0112,"vienesas, salchichas tradicionales (de cerdo)"
0116,paltas (aguacates) frescas
0946,entradas o pases diarios a piscinas termales
0212,vino de otras frutas o cereales con bajo contenido de alcohol o sin alcohol
0116,cocos frescos
0945,servicios funerarios en cementerios y cremación de mascotas
1329,maletas con ruedas
1121,albergues juveniles y refugios de montaña
0312,"faldas para mujer, si se adquieren por separado (03.1.2.02.11)"
0931,semillas y bulbos de flores para sembrar
0521,"telas para revestir muebles, telas de tapicería (osnaburgo, cretona, napa, tocuyo, crea, cutí, acolchada, etc.)"
0922,"cascos de protección para deportes, otros implementos de protección para deportes, como chalecos salvavidas, guantes de boxeo, protecciones corporales acolchadas para hacer deportes, cinturones deportivos, soportes (arnés, fajas), protecciones para taekwondo, traje de protección para bicicross, coderas, lentes de natación, lentes de buceo, máscaras y snorkel para la práctica de buceo, gorros de natación, canilleras, muñequeras, protectores bucales de uso deportivo"
0312,"pijamas, camisa de dormir, batas de levantarse, batas de baño, etc"
0532,tostadoras
0942,"mantenimiento y reparación de aeroplanos, avionetas, aviones ultraligeros, planeadores, alas delta y globos aerostáticos"
0613,pasamanos/asideros o barras de apoyo
0932,"alimentos para aves corrientes (pollos, patos, gansos, pavos), alimentos para aves exóticas (canarios, loros, catas y similares), alimentos para gatos y perros como pellets, carne enlatada, alimentos húmedos, alimentos para roedores (hámster, cobayo, ardillas, jerbos, ratones de laboratorio), alimentos para peces, etc"
0721,"neumáticos nuevos, usados o recauchutados (tubulares o cámaras), neumáticos de repuesto, cámaras de aire para motocicletas"
0118,cacao en polvo para todos los fines
0561,"otros preparados para la limpieza como anilinas, agentes desbloqueantes, destapadores de limpieza, limpia alfombras, champú para alfombras, desmanchadores de alfombras, repelentes, soda cáustica, limpiadores de gamuza, ácido muriático"
0819,"componentes (partes y piezas) de computador, tales como procesadores, discos duros internos, unidades de estado sólido internas, placas madre, memorias, unidades de disco duro, fuentes de poder, tarjetas gráficas (tarjetas de video, tarjeta de sonido), gabinete, cooler o ventilador para PC"
0117,zapallos italianos (zucchini) y zapallos
1051,"cursos educacionales cortos, generalmente para adultos, que no requieren ninguna instrucción especial previa, en particular, cursos de desarrollo cultural o cursos de formación laboral (oficios)"
1031,educación postsecundaria no terciaria fuera de la escuela para adultos y jóvenes
0971,"libros de educación formal tales como textos escolares, libros para enseñanza básica y media, manuales académicos, libros para estudios superiores, diccionarios, atlas, enciclopedias, guías, descarga de libros educativos"
0122,sustitutos del café
0612,"inhaladores, jeringas, humidificadores de uso médico, nebulizadores, compresas frío/calor (entre las que se encuentran las ice packs), bolsas de gel para frío o calor, botiquines de primeros auxilios, vendas, etc"
0112,carne marinada
0722,"combustible diésel (petróleo diésel, gasoil, gasóleo), para equipos de transporte personal, para las herramientas y equipos incluidos en (05.5.1.00.00) y vehículos recreativos incluidos en (09.1.2.00.00)"
1021,"gastos en matrículas de educación media (1° a 4° medio), en sus diferentes modalidades: educación media humanista - científica, educación media técnico profesional, educación media artística. Aplica para cursos de este nivel impartidos por diferentes vías: en centros o escuelas, hospitales, centros de entrenamiento, por radio o por televisión como también los cursos en línea (e-learning) y por correspondencia"
0912,carritos de golf (09.1.2.09.01)
1011,excursiones que forman parte del programa escolar normal (costos de viaje y alojamiento)
0732,servicios de arriendo de autobuses escolares interurbanos o interciudades programados
0511,"adornos (05.1.1.04.00, 05.4.1.01.00)"
0444,servicios de limpieza incluidos en los gastos comunes en edificios o comunidades de cohabitantes (04.4.4.01.00)
0115,margarina dietética
0736,servicios de custodia y de depósitos de equipaje (servicios de almacenamiento del equipaje de los viajeros por tiempo limitado) y oficinas de envío de equipaje
0116,"damascos frescos en todas sus variedades o denominaciones, por ejemplo, albaricoque"
0552,"cizallas, destornilladores manuales, pistolas silicona (calafatear), engrapadoras, remachadoras, cortadores de cerámicas, cortadores de vidrios, cortadores de tubos, tijeras cortadoras de lata, cuchillos cartoneros, tornillos mecánicos, engrasadoras, set de herramientas no motorizadas (o manuales)"
0116,higos frescos
0922,"equipos para gimnasia, educación física y deportes, como por ejemplo, pelotas o balones, volantes o plumas (bádminton), redes de todo tipo de deportes, raquetas, bates, bastones para senderismo, pértigas, pesas, palos de golf, esquís, floretes, sables, mancuernas, jabalinas, expansores pectorales y otros equipos para el desarrollo de la musculatura"
0531,máquinas para planchar y rodillos eléctricos
0314,"lavado de vestuario en agua o en seco, servicios de limpieza por encargo en centros de lavado"
1051,"cursos de inmersión lingüística y viajes internacionales con propósitos educacionales (por ejemplo, los cursos de idiomas)"
0521,"textiles para mesa y baño, como manteles, servilletas, toallas para manos, cuerpo y rostro"
0562,"servicios de jardinería, como paisajismo (04.4.4.09.99) o servicios de jardineros (05.6.2.01.01)"
0631,"cirugía y procedimientos médicos hospitalarios en cirugía plástica y reparadora, como escarotomía (incisión quirúrgica que se realiza sobre un tejido necrótico producto de una quemadura grave)"
0314,arriendo de vestuario
0454,carbón de nuez o cáscara
0912,motos de agua (motos acuáticas o jetskies)
0111,"galletas dulces con relleno o agregados como galletas tipo sándwich, galletas oblea, galletas bañadas con chocolate, entre otras (que sean envasadas o granel), incluye versiones light o dietéticas"
0631,exámenes asociados a servicios de hospitalización (06.3.1.01.16)
0321,"sandalias, chalas, hawaianas para hombre"
1041,gastos en inscripción a prueba de admisión universitaria y exámenes a carreras específicas
0117,"alcachofas frescas o refrigeradas en todas sus variedades o denominaciones, por ejemplo, chilena, Argentina, española, camus, verde, violeta"
0115,"margarina, margarina vegetal, margarinas dietéticas"
0724,parquímetros
0119,"caña de azúcar consumida para extraer zumo o como aperitivo, agar-agar y otros productos alimenticios n.c.p"
0731,boleto o pasaje que incluye el transporte de vehículos privados
0123,extractos y esencias de té
0312,"pantalones de tela, pantalones cargo, pantalones desmontables, pantalones tres cuartos, calzas largas (de uso exterior), pantalones de cotelé, jeans, pantalones de cuero, pantalones de buzo, pantalones cortos (shorts), bermudas y calzas cortas para lactante y las versiones deportivas de estos, según corresponda"
0212,chicha de uva (02.1.2.01.99)
0118,postres no lácteos preparados (01.1.8.03.04)
0942,"arriendo de aeroplanos, avionetas, aviones ultraligeros, planeadores, alas delta y globos aerostáticos"
0741,servicios de mensajería para cartas
0312,"pijamas, camisones y batas de levantarse para niño"
0431,"celosías, brochas y raspadores para pintar, barnizar y empapelar, rodillos, bandejas para rodillos, tapa cámara, tubos de cemento, pilares de concreto, nicho para medidor, tiras de fierro o perfiles de fierro, tubos de fierro, barras de aluminio, puntas de acero para reja y pandereta, ruedas para portón, tomas de corriente, cables o cableados flexibles, cables eléctricos y cables coaxial, alargador eléctrico, tapones eléctricos, enchufes, resistencias, interruptores, placas para interruptores y enchufes, partidores, spliter (divisor), adaptador eléctrico, tablero eléctrico, transformadores, tubo flexible para embutir cables, tubo corrugado, pasa cables, conduit"
0620,"spa con fines médicos (06.2.0.00.00, 06.3.0.00.00)"
0118,frutas confitadas (01.1.8.09.01)
1212,cargos por servicios de seguros de enfermedades críticas
0129,"aguas minerales con sabor, aguas con sabor, con o sin gas"
0733,"transporte aéreo internacional de pasajeros en aeroplanos, avionetas o helicópteros por vuelos chárter (o especiales)"
0312,conjunto o buzo completo para niño (03.1.2.01.12)
0623,"todos los productos de salud (farmacéuticos, médicos, asistenciales, terapéuticos) necesarios para brindar servicios curativos o de rehabilitación ambulatorios cobrados con la tarifa de servicio del proveedor (especialista/enfermero/otro profesional de la salud)"
0112,"carne enlatada, extractos de carne, jugos de carne"
0112,"carne de vacuno (vaca, ternera o buey, wagyu, angus, kobe) cuyo corte no es posible identificar"
0532,cuchillos eléctricos
0722,lubricantes para vehículos con fines recreativos (07.2.2.04.01)
0819,"accesorios para computadores, notebooks, tablets (y otros equipos de procesamiento de información), tales como baterías, disco limpiador de lente láser, apoya muñeca (mouse pad), base para monitor, estación de acoplamiento para notebook o netbook (docking station notebook- netbook), tabla digitalizadora, dispositivos USB de seguridad (llave de seguridad USB), candado notebook, adaptador de corriente de notebook para el automóvil, lector de memorias USB, soporte mural para monitor, cofre o carcasa disco duro, láminas protectoras o carcasas para notebook, cables (adaptadores, conversores, replicadores), cables de energía, cable USB, adaptador de tarjeta PCI a USB, replicador de puerto USB (hub de cuatro o siete puertos), convertidor USB a puerto paralelo, adaptador USB a SATA/IDE, tester fuente de poder, adaptador USB bluetooth, tarjeta PCI serial 2, conversor VGA a RCA y SVideo, adaptador DVI a VGA, adaptador USB wireless"
0119,"platos de fondo para almuerzo o cena (arroz con pollo, tallarines con salsa, tortillas), sushi"
0521,productos confeccionados con tela de hule
0313,"cinturones, correas, cintos y suspensores escolares"
0921,disfraces
1312,moños postizos
0312,"pijamas, camisones y camisas de dormir, batas de levantarse, batas de baño, etc"
1011,gastos en aranceles mensualizados de niveles de salas cuna mayor y menor (para niños en edad preescolar entre 0 y 2 años)
1312,extensiones
0532,extractores de jugo
0622,"todos los costos relacionados con insumos y aparatos dentales que se producen en el contexto de procedimientos y tratamientos dentales, tales como prótesis dentales (completas o partes de ellas), prótesis de restitución, prótesis metálica"
1111,propinas
0724,"pago por exámenes y licencias de conducir (obtención por primera vez y renovación de licencia), para vehículos de transporte particular (tipo B y C) y para vehículos de transporte recreativo (casas rodantes, barcos, aviones)"
0111,avena instantánea (01.1.1.04.01)
0123,"té helado embotellado, adquirido en supermercado, almacén o similares (01.2.3.01.04)"
0912,"embarcaciones para recreación, veleros y tablas para deportes acuáticos"
1312,pegamentos para prótesis dentales
0431,revestimientos de tela para muros (04.3.1.01.04)
0972,todos los formatos electrónicos de diarios
0511,muebles hechos específicamente para el cliente
0721,cascos protectores con cámaras incorporadas
0454,"aserrín, desperdicios y desechos de madera, aglomerados en briquetas, pellets o formas similares"
0963,"servicios de fotógrafos tales como sesión de fotografías de retratos, sesión de fotografías y videos para eventos tales como cumpleaños, matrimonios, licenciaturas, bautizos, confirmaciones, primera comunión, paseos, giras de estudio, etc"
0921,máscaras
1229,gastos financieros de administración asociados a préstamos (o avances en efectivo) de casas comerciales (12.2.9.09.01)
0946,"servicios de guías de montaña, guías turísticos, etc"
0621,atenciones médicas asociadas a servicios de atención preventiva (06.2.1.00.00)
0113,"filetes y carne de pescados secos, salados o en salmuera"
0641,"servicios de diagnóstico por imágenes, incluidos todos los métodos de diagnóstico por imágenes (es decir, tomografía computarizada, resonancia magnética, ecografía)"
0749,servicios de almacenaje de muebles no relacionados con la vivienda
0119,hierbas y especias culinarias (01.1.9.04.00)
0819,lectores de libros electrónicos
0432,otros servicios para el mantenimiento y reparación de la vivienda n.c.p
0723,"servicio de lavado de automóviles: lavado de carrocería, tapices, alfombras y cubre pisos, aspirado, encerado, aplicación de silicona, desmanchado de tapiz"
0947,"entradas a casinos, apuestas en juegos de casinos tales como mesa de póquer, ruleta, blackjack, dados y apuestas en máquinas tragamonedas de casinos"
0641,exámenes de antígenos para identificar la presencia de las proteínas de coronavirus
0118,alimentos a base de chocolate y cacao y postres a base de cacao
1321,piedras y metales preciosos
1111,"todo tipo de cervezas (sean artesanales o industriales), como ale, lager, stout, porter, India pale ale (IPA), rubias, ámbar, rojas o negras, cervezas con sabores (cervezas con miel, maqui, arándanos, chocolate, lúcuma, etc.), maltas"
0533,reparación y arriendo de artefactos grandes (05.3.3.01.00)
0946,"cuotas de incorporación al gimnasio, cuotas periódicas de gimnasio, servicios de entrenamiento personal (personal trainning) y servicios prestados por centros de preparación física"
0431,"tejas de todo tipo, cumbreras, frontones, planchas de zinc, planchas de policarbonato, fonolitas o fonolas, pizarreños (planchas fibrocemento/internit), planchas de fibra de vidrio, planchas de calamina, planchas acanaladas, planchas acrílicas, maderas y otros materiales para cerchas, canaletas, tapas para canaletas de PVC, ganchos para canaletas, planchas de PVC, soportes metálicos para el techo, botaguas, tabiques, volcanita, cielos, maderas de todo tipo (dimensionado, elaborado), madera aglomerada (cholguán, trupán, masisa), madera impregnada, junquillos, guardapolvos, cornisas, media caña, listones, tablones, zócalos, molduras, pasamanos, tapacantos, madera terciada, melamina, madera enchapada, revestimientos de madera para techumbre, cielo y tabiquería, rodapiés, pallet, cubrejuntas"
0819,monitores para bebés (08.1.9.01.99)
0622,implantes dentales y las dentaduras postizas cuando no requiera una hospitalización (06.2.2.09.01)
0117,arvejas
1391,pagos por servicios legales
0932,"juguetes, cepillos, platos, collares, correas, arneses, bozales, camas y vestuario para mascotas"
0972,revistas de estilos de vida
0112,cecinas y fiambres cuyo tipo y animal de procedencia no es posible identificar
0562,otros servicios prestados por empresas o trabajadores por cuenta propia
0312,"chaquetas de vestir (vestón) para hombre, si se adquieren por separado (03.1.2.01.03)"
0941,"arriendo de binoculares, microscopios, telescopios y brújulas"
1313,servicios de manicura y pedicura
0631,"gasto en uso de infraestructura y hotelería de las instituciones de salud en contexto de servicios de hospitalización, tales como derecho a pabellón, día cama, servicios de alimentación, etc"
0912,equipos de buceo marítimo
0312,"trajes de baño para lactante y las versiones deportivas de estos, según corresponda"
0119,preparaciones homogeneizadas como alimento para bebés (01.1.9.02.02)
1329,mudador portátil
0951,"pedales de efectos y multiefectos, partituras y similares, estuches para instrumentos musicales (blandos y rígidos), cuerdas para instrumentos musicales, arcos para violín, viola, violonchelo, contrabajo y similares, baquetas para instrumentos musicales de percusión, uñetas"
0119,"especias y semillas comestibles como pimienta, comino, jengibre, ají de color, aliño completo, canela, varilla de vainilla, semillas de anís, clavos de olor, nuez moscada, curry, azafrán, merquén, ají cacho cabra seco, semillas de maravilla, semillas de linaza, semillas de sésamo, semillas de chía, semillas de zapallo, semillas de amapola, etc"
0732,servicios de arriendo de autobuses interurbanos o interciudades programados (viajes o traslados especiales) para el transporte de escolares
0111,cereales para el desayuno (01.1.1.04.01)
1211,seguros de accidentes y de vida (12.1.1.01.00)
0116,avellanas
0321,"botas, botines y bototos para mujer"
0735,"múltiples medios de transporte (por ejemplo, autobús, tranvía, metro, transbordador (ferri)) disponibles en un boleto"
0313,"cierres, botones (03.1.3.02.99)"
0321,"partes del calzado, como tacones, suelas y similares, compradas por los hogares con la intención de reparar el calzado por sí mismos (03.2.1.05.01)"
0819,relojes inteligentes
0946,servicios de arriendo de pistas de bolos o bowling (09.4.6.02.01)
1312,"cremas corporales, faciales, para manos"
0522,reparación y costura de los productos incluidos en 05.2.1.00.00
0813,"impresoras (de inyección de tinta, láser), escáneres, multifuncionales (impresora, fotocopiadora y escáner) de inyección de tinta y láser"
0121,"jugos de frutas y verduras sin fermentar y que no contengan alcohol agregado, ya sea que contengan o no azúcar añadida u otro edulcorante"
1219,cargos por servicios de garantías estandarizadas
0553,reparación y arriendo de herramientas pequeñas no motorizadas (05.5.3.01.00)
0112,"arañas, escorpiones y otros insectos y gusanos"
0961,"circos, espectáculos (shows) de luces, sonidos y similares"
0969,"servicios de alimentación y bebidas en establecimientos que ofrecen servicios recreativos, culturales, deportivos o servicios de entretenimiento, si no se cobran por separado (09.4.6.00.00), (09.6.1.01.00), (09.6.2.00.00), (09.6.9.00.00)"
1312,"artículos para la higiene personal: jabones de tocador, jabones medicinales, aceites y leches de limpieza, jabones, productos para antes y después del afeitado, cremas y espumas de afeitar, pasta de dientes, productos para tomar sol y protectores solares, desodorantes personales, productos de baño, pañuelos de papel, etc"
0721,cascos protectores para motos y bicicletas
0721,"cobertores para automóviles, motocicletas, etc. (07.2.1.03.00)"
0114,postres a base de leche de origen animal y no animal
0412,arriendos de estacionamientos en conexión con la vivienda
0116,harina de frutas y frutos secos
0721,"productos específicamente para el mantenimiento de la motocicleta, tales como cobertores para motocicletas, tapas de rueda (si se compran por separado), tapabarros, cables roba corriente, cargadores de la batería de la motocicleta, velocímetros, odómetros, medidores de temperatura, tacómetros, otros tipos de medidores, tapas de válvula para neumáticos, tapas de bencina, colas antiestática, puntas escape cromadas, micas, sensores de retroceso, reparadores de pinchazo, gatas hidráulicas, llaves de cruz, llaves de bujía"
0541,reparación y arriendo de utensilios y artículos de cocina (05.4.1.04.01)
1021,"gastos en matrículas de 7° y 8° básico (aplica para cursos de este nivel impartidos por diferentes vías: en centros o escuelas, hospitales, centros de entrenamiento, por radio o por televisión como también los cursos en línea (e-learning) y por correspondencia)"
0312,"abrigos, chaquetas y parkas escolares"
0313,"sombreros, jockeys, gorras y boinas escolares"
0432,servicios de maestros en reparaciones generales o diversas (maestro chasquilla)
0212,"vino espumoso de uvas en todas sus variedades, por ejemplo, champán, cava, prosecco"
1312,"toallas húmedas (para bebé, intimas, etc.)"
1111,"sopaipillas adquiridas en restaurantes, cafés y similares, con servicio completo (11.1.1.01.02)"
