id,text
0111,Facturas y churros
0111,"Galletas, grisines y tostadas"
0111,Galletitas de agua envasadas
0111,Galletitas de agua sueltas
0111,Galletitas dulces envasadas
0111,Galletitas dulces sueltas
0111,Galletitas de otro tipo
0111,Masas secas o finas
0111,Pan envasado en rebanadas blanco
0111,Pan envasado en rebanadas integral
0111,Pan tipo francés fresco en piezas
0111,Pan integral fresco en piezas
0111,Pan para hamburguesas - pebetes - panchos
0111,Pan rallado
0111,"Pancitos, bollitos, figazzitas saborizados"
0111,Panes y panecillos frescos de otro tipo
0111,Panes y panecillos precocidos y congelados
0111,Pan blanco de molde por pieza
0111,"Tortas, tartas, pan dulce"
0111,Otros productos de panadería y repostería
0111,Surtidos de productos de panadería y pastelería
0111,Arroz blanco
0111,Arroz integral
0111,Otros arroces con aditamentos
0111,Fideos de arroz
0111,Avena
0111,Cereales en grano
0111,Cereales inflados
0111,Féculas
0111,Harina de maíz
0111,Harina de trigo
0111,"Mezcla de harina para pizza, ñoquis, torta frita"
0111,Mezcla de cereales y fibras o frutas
0111,Sémola y semolín
0111,Harinas integrales
0119,Semillas
0111,"Otras harinas, cereales y fibras"
0111,"surtidos de harinas, arroz, cereales y fibras"
0111,Canelones
0119,Empanadas preparadas sin cocinar
0111,Fideos frescos
0111,Fideos secos
0111,Ñoquis frescos
0111,Pastas deshidratadas con y sin relleno
0111,Pizzas preparadas sin cocinar
0111,Pre-pizza
0111,Ravioles frescos
0111,"Tapas frescas para canelones, panqueques, lasagnas, etc."
0111,Tapas frescas para empanadas y pastelitos
0111,Tapas frescas para tartas
0119,Tartas preparadas sin cocinar
0111,"Rapiditas, fajitas, etc."
0111,"Otras pastas frescas rellenas,  tortelletis,  fideos rellenos, panzzotis, agnolottis, capellettis, sorrentinos, etc."
0111,Otros alimentos semipreparados en base a pastas
0111,Surtidos de pastas
0112,Aguja
0112,Asado
0112,Bife ancho
0112,Bife angosto
0112,Bife de chorizo
0112,bola de lomo
0112,Carnaza común
0112,Carne picada
0112,Cuadrada
0112,Cuadril
0112,Falda
0112,Hueso con carne
0112,Hueso sin carne
0112,Lomo
0112,Matambre - cima
0112,Nalga
0112,Paleta
0112,Palomita
0112,Peceto
0112,Roast beef
0112,Vacío
0112,Otros cortes
0112,Hígado
0112,Lengua de vaca
0112,Mondongo
0112,Riñón
0112,Otras achuras y menudencias vacunas
0112,Hamburguesas para cocinar (semipreparados)
0112,Milanesas para cocinar (semipreparados)
0112,Otros alimentos semipreparados en base a carne para cocinar
0112,Surtidos de carne fresca vacuna
0112,"Pollo entero, medio pollo"
0112,Pollo trozado
0112,Otras aves
0112,Menudencias de ave
0112,Hamburguesas de pollo
0112,Supremas de pollo rebozadas
0112,"Preparados de pollo: Formitas, patitas, etc."
0112,Otros alimentos semipreparados en base a pollo para cocinar
0112,Surtidos de carne de ave
0112,Lechón entero o medio
0112,Costeleta - chuleta de cerdo
0112,Paleta de cerdo
0112,Lomo cerdo
0112,Carré de cerdo
0112,Pechito de cerdo
0112,Otros cortes de carne porcina
0112,"Ovino y caprino, entero o por corte"
0112,"Achuras y menudencias, porcinas y ovinas"
0112,Otros alimentos semipreparados en base a carne porcina u ovina
0112,Surtidos de carne porcina u ovina
0112,Otras carnes frescas o congeladas
0112,Chorizo fresco
0112,Morcilla
0112,Salchicha criolla
0112,Salchicha tipo viena con y sin piel
0112,Otros embutidos frescos
0112,Surtidos de embutidos frescos
0112,Bondiola
0112,Jamón cocido
0112,Jamón crudo
0112,Lomito
0112,Matambre (fiambre)
0112,Mortadela
0112,Paleta (fiambre)
0112,"Panceta fresca, salada, ahumada"
0112,Salame
0112,Salamín
0112,Salchichón
0112,Otros fiambres
0112,Surtidos de fiambres
0112,"Carnes en conserva, escabeches"
0112,Paté de foie - ave en lata
0112,Picadillo de carne en lata
0112,Otras pastas de carne
0112,Surtidos de procesados en base a carne
0112,Atún - lomo de atún- salmón- congrio
0112,Brótola- lenguado
0113,Merluza
0113,Pejerrey
0113,Surubí
0113,Otros pescados de mar
0113,Otros pescados de río
0113,"Almejas, berberechos, mejillones, cholgas, vieiras"
0113,Calamares
0113,Langostinos y camarones
0113,Otros mariscos
0113,Filet preparado para cocinar
0113,Semipreparados congelados en base a pescado y mariscos
0113,"Surtidos de pescados y mariscos frescos, congelados y semipreparados"
0113,Atún en conserva
0113,Caballa en conserva
0113,Filet de anchoas
0113,Mariscos en conserva
0113,Sardinas en conserva
0113,Otras conservas de pescado
0113,Surtidos de pescados y mariscos en conserva
0114,Leche común entera
0114,Leche común descremada
0114,Leche larga vida entera
0114,Leche larga vida descremada
0114,Leche en polvo entera o descremada
0114,"Leches condensadas, evaporadas"
0114,Leches preparadas con aditamentos
0114,Otras leches fluidas
0114,Leche de soja
0114,Leches vegetales
0114,Surtidos de leche
0119,Leche en polvo fortificada para lactantes
0119,Leche fluida fortificada para lactantes
0114,Queso crema para untar
0114,Queso de máquina
0114,Queso doble crema - cuartirolo
0114,Queso fontina - gouda - chubut - edan - fymbo
0114,Queso fundido
0114,Queso paté-gras - mar del plata
0114,Queso port salut
0114,Queso para rallar
0114,Queso rallado
0114,Muzzarella
0114,Ricota
0114,Otros quesos
0114,Surtidos de quesos
0114,Crema de leche
0114,Yogur natural o saborizado
0114,Yogur con aditamentos
0114,Dulce de leche
0114,Postres lácteos
0114,Otros productos lácteos
0114,Surtidos de productos lácteos
0114,Huevos de gallina
0114,Otros huevos
0115,Aceite mezcla
0115,Aceite de girasol
0115,Aceite de maíz
0115,Aceite de oliva
0115,Aceite de soja
0115,Otros aceites
0115,Surtidos de aceites
0115,Grasa porcina
0115,Grasa vacuna
0115,Margarina
0115,Otras grasas
0115,Surtidos de grasa para la cocina
0115,Manteca
0116,Ananá
0116,Banana
0116,"Cerezas, guindas frescas"
0116,Ciruela
0116,Damasco
0116,Durazno
0116,Frutillas frescas
0116,Kiwi fresco
0116,Limón
0116,Mandarina
0116,Manzana
0116,Melón fresco
0116,Naranja
0116,Palta fresca
0116,Pelón fresco
0116,Pera
0116,Pomelo fresco
0116,Sandia fresca
0116,Uva fresca
0116,Otras frutas frescas
0116,Frutas congeladas
0116,Surtidos de frutas frescas o congeladas
0116,Ananá en almíbar o en conserva
0116,Duraznos en almíbar o en conserva
0116,Ensalada de frutas en almíbar o  en conserva
0116,Otras frutas en conserva
0116,Frutas secas
0116,Ciruelas disecadas
0116,Pasas de uva
0116,Otras frutas disecadas
0116,"Surtidos de frutas procesadas, secas o en conserva"
0117,Acelga fresca
0117,Ají fresco
0117,Ajo
0119,"Albahaca, perejil fresco"
0117,Alcauciles
0117,"Apio, hinojo fresco"
0117,Arvejas frescas
0117,Batata fresca
0117,Berenjenas frescas
0117,Cebolla común fresca
0117,"Cebolla de verdeo, puerro fresco"
0117,"Coliflor, brócoli fresco"
0117,Chauchas frescas
0111,Choclo fresco
0117,Espinaca fresca
0117,Hongos
0117,Lechuga fresca
0117,Mandioca fresca
0117,Papa fresca
0117,Pepino fresco
0117,Rabanitos
0117,"Radicheta, radicha, rúcula fresca"
0117,Remolacha fresca
0117,Repollo fresco
0117,Tomate perita fresco
0117,Tomate redondo fresco
0117,Tomate Cherry
0119,"Verdurita, jardinera, ensaladas varias frescas"
0117,Zanahoria fresca
0117,Zapallitos frescos
0117,Zapallo fresco
0117,Otras verduras y tubérculos frescos
0117,Otras legumbres frescas
0117,Aceitunas
0117,Verduras congeladas
0117,Papas y otros tubérculos congelados
0117,Legumbres congeladas
0117,Milanesa de soja
0117,Semipreparados frescos o congeladas en base a verduras para cocinar
0117,"Surtidos de verduras, tubérculos y legumbres frescas o congeladas"
0117,Arvejas secas
0117,Lentejas secas
0117,Porotos secos
0117,Otras legumbres secas
0117,Arvejas en conserva
0117,Choclo en conserva
0117,Lentejas en conserva
0117,Porotos en conserva
0117,Otras legumbres en conserva
0117,Tomates en conserva
0117,Verduras en conserva
0117,Polvo para puré de papa o batata deshidratado
0117,Polvo para puré zapallo deshidratado
0117,Otras verduras deshidratadas
0117,"Surtidos de verduras, tubérculos y legumbres secas o en conservas y derivadas"
0118,Azúcar
0118,Edulcorante
0118,Dulce de batata
0118,Dulce de membrillo
0118,"Mermeladas, otros dulces y jaleas"
0118,Miel y similares
0118,"Surtidos de dulces, mermeladas y miel"
0118,Helado individual
0118,Helado envasado por kilo o litro
0118,Helado suelto
0111,Alfajores
0111,Barra de cereales
0118,Bombones y bocaditos de chocolate
0118,Caramelos o confites
0118,Chicles
0118,Chocolate para taza/repostería
0118,Chocolates y chocolatines
0118,Chupetines
0118,Obleas cubiertas con chocolate o con confituras
0118,Pastillas en paquete
0118,Turrón
0118,Otras golosinas y confituras
0118,Otros preparados de chocolate
0118,Surtidos de chocolates y otros dulces
0119,Sal fina
0119,Sal gruesa
0119,Ají molido
0119,Comino
0119,Orégano
0117,Pimentón
0119,Pimienta
0119,Otras especias
0119,Surtido de sal y especias
0119,Ketchup
0119,Mayonesa
0119,Mostaza
0119,Salsa en base a tomate
0119,Salsas varias
0119,"Vinagre, aceto balsámico"
0119,Otros aderezos y condimentos
0119,Surtidos de salsas y condimentos
0119,Alimentos preparados para niños y bebés
0119,Caldos concentrados
0119,Levadura
0119,Polvo para hornear
0119,"Polvo para bizcochuelo, tortas, scones, budín, brownies"
0119,Polvo para postres y helados
0119,Productos para repostería
0119,Sopas concentradas
0119,"Surtidos de sopas, preparaciones para postres y levadura"
0119,"Chizitos, papas fritas, palitos (snacks)"
0122,Café instantáneo
0122,Café molido o en grano
0122,Café en saquitos
0122,Café en cápsulas o bolsitas para máquinas de café
0122,Capuchino instantáneo
0122,Capuchino en saquitos
0122,Malta instantánea
0123,"Té común en hebras, en hoja"
0123,Té común en saquitos
0123,Té saborizado
0123,Yerba mate
0123,Mate cocido en saquitos
0124,Cacao con o sin azúcar
0129,Otras infusiones
0129,Infusiones preparadas listas para consumir
0125,Agua mineral
0125,Agua potable
0125,Hielo
0125,Soda
0126,Gaseosas
0129,Aperitivo sin alcohol en base a hierbas
0121,Jugos y refrescos en polvo para preparar bebidas
0121,Jugos y refrescos líquidos para preparar bebidas
0121,Jugos y refrescos para beber sin diluir
0121,jugos en base de soja saborizados
0129,Aguas saborizadas frutales
0129,"Bebidas isotónicas, energizantes"
0129,"Surtidos de agua mineral, bebidas gaseosas y jugos"
0129,Gastos no discriminados en bebidas no alcohólicas
0211,"Ginebra, caña, grapa"
0211,Whisky
0211,Licores
0211,Otras bebidas destiladas
0211,Surtidos de bebidas destiladas
0212,Vino común
0212,Vino fino
0212,Vinos dulces o postre o espirituosos
0219,Aperitivos
0212,Sidra
0212,Vino espumante
0212,Otros vinos espumantes
0212,Surtido de vinos
0213,Cerveza
0219,Gastos en bebidas alcohólicas sin discriminar
0230,Cigarrillos
0230,"Cigarros, cigarritos, tabaco"
0240,Hojas de coca
0311,Telas de algodón con o sin mezcla
0311,Telas de lana con o sin mezcla
0311,Sintético puro
0311,Otras telas
0311,Fibra sintética para tejer
0311,Hilo para tejer
0311,Lana con mezcla para tejer
0311,Lana pura para tejer
0311,Otros hilados para tejer
0312,Camisa para hombres
0312,"Remera, chomba, polera para hombres"
0312,Pantalón de jean para hombres
0312,Pantalón de vestir para hombres
0312,"Pulover, chaleco, para hombres"
0312,Equipo de deporte para hombres
0312,"Joggings (pantalón y/o buzo, campera)  para hombres"
0312,"Short, bermuda, traje de baño, malla para hombre"
0312,"Saco sport, blazer para hombres"
0312,"Traje, ambo para hombres"
0312,"Campera, anorak para hombres"
0312,"Sobretodo, impermeable y otros abrigos"
0312,Otras prendas exteriores para hombres
0312,"Blusa, camisa para mujeres"
0312,"Remera, polera, para mujeres"
0312,Pantalón de jean para mujeres
0312,Pantalón de vestir para mujeres
0312,"Pollera, pollera-pantalón para mujeres"
0312,"Vestido, jumper, conjunto de blusa y pollera para mujeres"
0312,"Pullover, chaleco, polerón para mujeres"
0312,"Joggings (pantalón y/o buzo, campera)  para mujeres"
0312,"Equipo de deporte: malla de gimnasia, pantalón deportivo, pollera de tenis, calzas, etc."
0312,"Short, bermuda para mujeres"
0312,"Traje de baño, malla para mujeres"
0312,"Blazer, saco para mujeres"
0312,Traje para mujeres
0312,"Campera, anorak para mujeres"
0312,"Tapado, sacón para mujeres"
0312,Impermeable y otros abrigos
0312,Otras prendas exteriores para mujeres
0312,"Calzas, leggins (algodón, lycra, etc.) excluye deportivas."
0312,Batita de bebe
0312,"Enterito, osito, patas para bebés"
0312,Mantilla para bebés
0312,"Blusa, camisa para niños y bebés"
0312,"Remera, polera de algodón"
0312,"Pantalón de jean, para niños y bebés"
0312,Pantalón de vestir para niños
0312,Pollera para niñas
0312,"Vestido, jumper, conjunto para niñas y bebés"
0312,"Pullover, chaleco, saco para niños y bebés"
0312,"Short, bermuda, jardinero para niños y bebés"
0312,"Joggings (pantalón y/o buzo, campera) para niños y bebés"
0312,Equipo de deporte o gimnasia para niños
0312,"Traje de baño, malla para niños y bebés"
0312,"Guardapolvo, delantal para niños"
0312,"Camperas, tapados, anorak, abrigos para niños y bebés"
0312,Otras prendas exteriores para niños y bebés
0312,"Calzas (algodón, lycra, etc.)"
0312,Calzoncillo
0312,Camiseta para hombres
0312,"Medias, zoquetes para hombres"
0312,Pijama para hombres
0312,Otras prendas interiores para hombres
0312,Bombacha
0312,Corpiño
0312,Conjuntos de bombacha y corpiño
0312,body – camiseta
0312,"Camisón, pijama"
0312,"Medias, zoquetes para mujeres"
0312,"Medibachas, panty"
0312,"Otras prendas interiores para mujeres: salto de cama, combinación, enagua, trusas, fajas, salidas de baño, etc."
0312,Bombacha para niños y bebés
0312,Calzoncillo para niños
0312,Camiseta para niños y bebés
0312,"Camisón, pijama para niños y bebés"
0312,Escarpines para niños y bebés
0312,"Medias, zoquetes para niños y bebés"
0312,"Pañal, chiripa de tela para bebés"
0312,Otras prendas interiores para niños y bebés
0313,Babero
0313,"Bufanda, chalina, pañuelo de cuello, guantes"
0313,Corbata
0313,Pañuelo de mano
0313,"Cinturón, tiradores"
0313,"Sombrero, gorro, boina"
0313,Otros accesorios para vestir
0313,Botones
0313,Cierres
0313,Hilo para coser
0314,Lavandería y lavadero automático de ropa de vestir
0314,"Tintorería, limpieza a seco de ropa de vestir"
0314,Arreglos y hechuras con modista o sastre
0322,Alquiler de prendas de vestir y cazado
0321,Zapatos acordonados para hombres
0321,Zapatos mocasín para hombres
0321,Botas de lluvia para hombres
0321,"Botas, botines para hombres"
0321,"Sandalias, ojotas, chinelas para hombres"
0321,Alpargatas para hombres
0321,Zapatillas para hombres
0321,Otros calzados para hombres
0321,Zapatos de vestir para mujeres
0321,"Sandalias, zuecos para mujeres"
0321,"Botas, botitas de lluvia para mujeres"
0321,"Botas, botitas para mujeres"
0321,"Chinelas, ojotas"
0321,Alpargatas para mujeres
0321,Zapatillas para mujeres
0321,Otros calzados para mujeres
0321,Zapatos para niñas
0321,Zapatos para niños
0321,"Sandalias, ojotas para niños y bebés"
0321,"Botas, botitas de lluvia para niños y bebés"
0321,"Botas, botitas para niños y bebés"
0321,Alpargatas para niños y bebés
0321,Zapatillas para niños y bebés
0321,Otros calzados para niños y bebés
0322,Limpieza de calzado
0322,Reparación de calzado
0411,"Alquiler de la vivienda de uso permanente (incluye el gasto de habitación en pensión, hotel, casa de familia, etc."
0412,Alquiler de la vivienda de uso secundario
0412,Alquiler de la vivienda de uso mixto
0412,"Alquiler temporal de casa, departamento, casa quinta, etc."
0412,Alquiler tiempo compartido
0431,Arena/canto rodado
0431,"Cal, cemento"
0431,Ladrillo
0431,Revoque premezclado
0431,"Madera, listones, placas, tablas"
0431,Cañerías y sus accesorios
0431,"Grifería: canillas, duchas"
0431,"Artefactos sanitarios y de cocina (bidet, pileta, mesada, bañera, etc.)"
0431,"Carpintería metálica y de madera, ventanas, puertas, rejas, herrajes"
0431,"Membrana para techo, tejas, techado asfáltico"
0431,"Pisos, zócalos, revestimientos"
0431,"Moquette, papel para pared"
0431,Pintura y accesorios
0431,"Otros materiales: vidrio, vigueta, placa de yeso (durlok, knauf, etc)"
0431,Gastos no desglosables
0432,Albañil
0432,Carpintero
0432,Cerrajero
0432,Electricista
0432,Gasista
0432,Pintor y empapelador
0432,Plomero
0432,"Otros servicios: maestro mayor de obra, contratista, yesero, ceramista, colocador de alfombra, pulidor de pisos, poc"
0432,Gastos no desglosables en servicios para la reparación o construcción
0441,Agua corriente de la vivienda principal
0441,Otros sistemas de aprovisionamiento de agua
0441,Agua corriente de la vivienda secundaria
0442,"Recolección de residuos - Barrido de calles, quitado de nieve, hielo, agua de la vivienda principal"
0442,"Recolección de residuos - Barrido de calles, quitado de nieve, hielo, agua de la vivienda secundaria"
0443,Cloacas y desagües pluviales
0444,Gastos comunes (expensas) de la vivienda principal
0444,Gastos comunes (expensas) de la cochera principal
0444,Abonos para mantenimiento de la vivienda principal
0444,Gastos comunes (expensas) de la vivienda secundaria
0444,Gastos comunes (expensas) de la cochera secundaria
0444,Abonos para mantenimiento de la vivienda secundaria
0444,"Destapaciones de cañerías, limpieza de pozo ciego y cámara séptica"
0562,Limpieza y desinfección de tanques de agua
0444,Expensas del tiempo compartido
0451,Electricidad de la vivienda principal Kw/h
0451,Electricidad (kw) de la vivienda secundaria
0452,Gas envasado en garrrafas
0452,Gas a granel
0452,Gas natural por red domiciliaria (m3) de la vivienda principal
0452,Gas envasado en tubo
0452,Gas natural por red domiciliaria (m3) de la vivienda secundaria
0453,Kerosene
0454,"Leña, carbón"
0455,Otros combustibles para el hogar
0511,Juego de dormitorio
0511,Cama
0511,Colchón o somieres
0511,"Cómoda, mesa de luz"
0511,"Placard, ropero"
0511,"Cuna, moisés"
0511,Juego de comedor
0511,Juego de living
0511,"Mesas de comedor, cocina"
0511,"Sillas, banquetas, bancos"
0511,"Modular, bar, aparador, vitrina, biblioteca"
0511,"Sillón, sofá"
0511,"Amoblamiento para cocina (alacenas, placares, etc.)"
0511,"Muebles de baño (vanitory, placares, etc.)"
0511,"Muebles de jardín de metal, plástico"
0511,"Muebles para bebé: coche de paseo,  babysilla, corralito, andador, catre de baño para bebé"
0511,"Escritorio, mesas para TV, PC, equipos de música"
0511,"Otros muebles: repisa, revistero, etc."
0511,"Artefactos para iluminación (lámparas, veladores, etc.)"
0511,"Cuadros, espejos, platos, reloj de pared, etc."
0511,"Otros artículos para decoración (adornos, portarretratos, jarrones, etc.)"
0511,Alfombras (excluye moquete)
0511,"Felpudos, alfombritas"
0512,Reparación y limpieza de muebles
0512,Reparación y limpieza de accesorios para el hogar
0512,Reparación de alfombras
0521,Almohadas y almohadones
0521,"Colchas, acolchados, cubrecamas"
0521,"Frazadas, mantas"
0521,"Sabanas, fundas"
0521,Cortinas
0521,Manteles incluidos individuales
0521,Repasadores/servilletas
0521,"Telas para confeccionar sábanas, manteles, toallas, servilletas, etc."
0521,"Toallas, toallones"
0521,Otros artículos de blanco y mantelería
0521,"Otros productos textiles para el hogar  (cubre muebles, toldos, banderas, etc.)"
0522,Reparación de productos textiles para el hogar
0531,"Cocina, anafe a gas"
0531,"Cocina, anafe eléctrico"
0531,Horno a gas
0531,Horno eléctrico
0531,Microondas
0531,Freezer
0531,Heladera sin freezer
0531,Heladera con freezer
0531,Otros artefactos grandes para cocinar y conservar alimentos
0531,Aire acondicionado
0531,"Aspiradora, enceradora"
0531,"Calefón, termotanque a gas"
0531,"Calefón, termotanque a otros combustibles"
0531,Estufa a kerosene/gasoil
0531,"Estufa, calefactor a gas"
0531,"Estufa, calefactor eléctrico"
0531,Extractor de aire
0531,Lavavajilla
0531,"Otros artefactos grandes para limpiar, climatizar y conservar la vivienda"
0531,Lavarropa y lavasecarropa
0531,Secarropa
0531,Máquina de coser o tejer
0531,Otros artefactos para limpiar y conservar la ropa
0532,"Abrelatas, cuchillo, pelapapas eléctrico"
0532,"Cafetera, pava, tetera eléctrica"
0532,"Licuadora, batidora, procesadora, juguera, molinillo p/café, exprimidor, tostadora, freidora, panquequera y helador"
0532,Plancha eléctrica para la ropa
0532,"Ventilador de mesa o de pie, turbo circulador"
0532,"Ventilador de techo, de pared"
0532,Otros artefactos eléctricos pequeños para el hogar
0532,Mantas y almohadillas eléctricas
0533,Reparación de artefactos  grandes  para cocinar y conservar alimentos
0533,"Reparación de artefactos para limpiar, climatizar y conservar la vivienda"
0533,Reparación de artefactos para limpiar y conservar la ropa
0533,Reparación de artefactos eléctricos pequeños para el hogar
0540,Asadera y fuente para horno
0540,"Budinera, tartera, pizzera"
0540,"Cacerola, olla, jarro, hervidor, colador"
0540,"Plancha para bifes, parrilla (no eléctricos)"
0540,"Sartén, panquequera (no eléctricos)"
0532,"Pava, cafetera, tetera (no eléctricos)"
0540,"Mate, bombilla"
0540,"Fuentes de mesa, bols, cazuelas, tarros para cocina"
0540,Cubiertos sueltos o en juego
0540,"Espumadera, cucharón, colador, batidor, pisapapa"
0540,"Exprimidor, rallador, abrelatas, destapador, molinillo manual (no eléctricos)"
0540,"Azucarera, mantequera, salero, dulcera, yerbera, aceitera, vinagrera, especiero"
0540,"Otros utensilios de metal (termo, sifón recargable, cortantes, moldes de muffins, etc.)"
0540,"Fuentes, bols, asadera de loza, cristal, cerámica"
0540,Copas y vasos sueltos o en juego
0540,Platos sueltos o en juego
0540,Tazas sueltas o en juego
0540,Otros artículos de loza y cristalería
0540,"Bandejas, platos, vasos, bols, fuentes"
0540,"Dulcera, mantequera, salero, azucarera, yerbera, aceitera, vinagrera, especiero, tarros para el hogar"
0540,"Espumadera, cucharón, colador de té, batidor"
0540,"Mamadera, utensilios para bebé"
0540,Recipientes para conservar alimentos
0540,Otros artículos de plástico
0540,Otros artículos de madera
0532,Heladera portátil
0540,"Chango, bolsas, canastos para compras, fundas para ropa"
0532,Tabla de planchar
0532,"Otros artículos no eléctricos de materiales diversos: buzón, caja de seguridad, balanza de cocina, purificadores"
0551,Bomba de agua
0551,"Cortadora de césped, tractores de jardín, bordeadora"
0551,Generador de electricidad
0551,Soldadores eléctricos
0551,"Taladro, sierra, pulidora"
0551,Otras herramientas eléctricas y mecánicas
0553,Reparación de herramientas eléctricas y mecánicas
0553,Alquiler de herramientas eléctricas y mecánicas
0552,Escalera
0552,Herramientas de mano
0552,Herramientas y accesorios para jardinería
0561,Artículos de ferretería
0552,Pilas y baterías para uso general
0431,Cables
0431,Enchufes e interruptores
0552,"Lámpara incandescente, lámpara bajo consumo, tubo fluorescente, halógenas, dicroicas, etc."
0552,"Linternas, faroles tipo sol de noche"
0431,Timbres y alarmas
0431,"Transformadores, estabilizadores, disyuntores, jabalinas"
0552,Otros materiales eléctricos y de iluminación
0553,Reparación de herramientas pequeñas
0561,Acondicionadores y suavizantes para ropa
0561,"Apresto, almidón"
0561,"Cera, brillo para pisos"
0561,Crema limpiadora
0561,"Desengrasante, desinfectante, líquidos limpiadores"
0561,Desodorante y aromatizante de ambientes/baño
0561,Detergente líquido para ropa
0561,Detergente liquido para vajilla
0561,Insecticidas varios
0561,Jabón en pan
0561,Jabón en polvo para ropa
0561,Lavandina
0561,"Limpiametales, lustramuebles"
0561,Limpiavidrios
0561,Polvo limpiador
0561,"Pomada, renovador para calzado"
0561,Otros artículos de limpieza
0540,"Balde, palangana, cestos"
0561,"Escoba, escobillón, plumero, lampazo, secador y cepillos varios"
0561,"Esponja, lana de acero, estropajo"
0561,Guantes de goma
0561,Paños de celulosa
0561,"Trapo de piso, rejilla, patines, gamuzas"
0561,"Otros utensilios de limpieza: pala para recoger basura, tabla de lavar"
0561,"Agujas de coser y tejer, alfileres, broches"
0561,Otros accesorios para coser y tejer
0561,"Bandejas, platos, vasos y recipientes descartables"
0561,"Bolsas para freezer, filtro para cafetera"
0561,"Papel de aluminio, manteca, film para cocina"
0561,Servilletas de papel y rollos de papel
0561,"Velas, velones, sahumerios"
0561,Adhesivos varios
0561,Bolsas para residuos
0561,Fósforos
0561,"Otros artículos: escarbadientes,  broches, perchas, repuesto filtro de agua, etc."
0562,"Servicio doméstico con retiro por hora (sueldo, aguinaldo y viáticos)"
0562,"Servicio doméstico sin retiro (cama adentro),(sueldo, aguinaldo y viáticos)"
0562,Gastos en seguridad social por la contratación del personal doméstico
0562,"Servicio doméstico con retiro mensual (sueldo, aguinaldo y viáticos)"
0562,"Tareas de asistencia y cuidado de personas  (sueldo, aguinaldo y viáticos)"
0562,"Jardinero, chofer, mayordomo, etc. (sueldo, aguinaldo y viáticos)"
0562,"Gastos en seguridad social por la contratación del personal doméstico  (jardinero, chofer, mayordomo, etc.)"
0432,"Servicio de seguridad (vigilancia, seguridad privada, servicio de alarma, etc.)"
0562,"Indemnizaciones a personas que trabajan en el hogar (domésticos, jardinero, chofer, mayordomo, etc.)"
0562,"Limpieza de ropa de cama, blanco y mantelería."
0562,Limpieza de cortinas y alfombras
0512,Alquiler de textiles para el hogar
0540,"Alquiler de vajilla (platos, vasos)"
0512,Alquiler de mesas y sillas
0562,"Fumigación, desratización"
0611,Alergia
0611,Antibióticos y antisépticos
0611,Anticonceptivos
0611,Antiinflamatorios
0611,Cardíacos
0611,Dermatológicos
0611,Diabetes
0611,Diarrea
0611,Digestivos
0611,Fiebre o dolor
0611,Homeopáticos y hierbas medicinales
0611,"psiquiátricos, nervios"
0611,Oncológicos
0611,Presión
0611,Productos dietéticos
0611,Tiroides y hormonas
0611,Tos
0611,Vacunas y sueros
0611,Vitaminas o tónicos
0611,Otros medicamentos
0612,"Alcohol, agua oxigenada, antisépticos, desinfectantes"
0612,Algodón
0612,Gasas y vendas
0612,"Jeringas, agujas"
0612,Preservativos
0612,"Tela adhesiva, curitas"
0612,Termómetro
0612,Otros elementos para primeros auxilios
0613,Limpieza de lentes de contactos
0613,Anteojos
0613,Lentes de contacto
0612,Anticonceptivos mecánicos
0613,"Aparatos y accesorios ortopédicos y terapéuticos (silla de ruedas, bastón, plantillas, etc.)"
0612,"Equipo para nebulización, oxígeno, vaporización, tensiómetro, medidor de glucosa, etc."
0622,"Prótesis dentaria, coronas, perno, aparatos de ortodoncia"
0613,"Otras prótesis (audífonos, marcapasos, etc.)"
0614,"Reparaciones de anteojos, aparatos ortopédicos, nebulizadores"
0623,Consulta clínica general
0623,Consulta cardiología
0623,Consulta gastroenterología
0623,"Consulta ginecología, obstetricia"
0623,"Consulta nariz, garganta y oído"
0623,Consulta oftalmología
0623,Consulta pediatría
0623,Consulta psiquiatría
0623,Otras consultas médicas
0623,Compra de chequeras y ordenes para consultas médicas
0622,Consulta odontológica general
0622,Consulta odontológica: extracción
0622,Consulta odontológica: obturación (arreglo de caries)
0622,Tratamiento de conducto
0622,Implantes dentarios
0622,"Otras consultas odontológicas (limpieza, blanqueo, etc.)"
0622,Compra de chequeras y ordenes para servicios odontológicos
0614,Alquiler de aparatos y accesorios ortopédicos y terapéuticos
0623,"Consulta traumatología, reumatología"
0623,Psicología
0623,Psicopedagogía
0623,Fisioterapia y kinesiología
0623,Fonoaudiología
0623,Tratamientos oncológicos
0623,Enfermería
0641,"Análisis de laboratorio comunes (sangre, orina, materia fecal, etc.)"
0641,"Análisis de laboratorio complejos (estudio hormonal, anticuerpos, radioinmunoensayos, etc.)"
0641,"Estudios radiológicos comunes (radiografía simple sin contraste, electrocardiograma, encefalograma, etc.)"
0641,"Estudios radiológicos complejos (ecografía, mamografía, tomografía, centellograma, densitometría ósea, resonancia magnética, ecodoppler, endoscopia, biopsia, etc.)"
0623,"Aplicación de inyecciones, presión arterial"
0623,Diálisis
0642,Traslado en ambulancia
0623,Otros servicios y/o tratamientos para la salud
0623,Compra de chequeras y ordenes para servicios auxiliares 
0631,Cirugía con internación
0623,Cirugía sin internación
0631,Internación
0623,"Internación diurna (incluye análisis, radiografía y otros estudios)"
0631,Parto
1212,Cuota de afiliación voluntaria a un sistema de salud (prepaga)
1212,Cuota adicional a la obra social obligatoria
1212,Cuota de emergencia médica
0711,Compra de  automóvil
0711,Compra de camión u ómnibus
0711,Compra de camioneta o combi
0712,"Compra de motocicleta, ciclomotor, cuatriciclo"
0713,Compra de bicicleta para adulto
0714,"Compra de vehículos de tracción a sangre: sulky, carro, etc. y caballo para transporte, etc."
0721,Baterías
0721,Bujías
0721,"Cubiertas, neumáticos"
0723,Equipos de gas y su instalación
0721,"Accesorios varios (matafuegos, balizas, portaequipaje, alarma, etc.)"
0721,Repuestos y accesorios para el vehículo de uso del hogar
0721,"Productos de limpieza y conservación para el vehículo de uso del hogar: fundas, cubreautos, espumas, etc."
0722,Nafta súper
0722,Nafta premium
0722,"Diesel, gasoil"
0722,Diesel premium
0722,"Gas natural comprimido, GNC"
0722,Otros gastos en combustibles
0722,"Cambio y/o compra de aceite, lubricantes"
0723,Balanceo de ruedas
0721,Chapa y pintura
0724,Inspección técnica
0723,"Lavado, engrase"
0723,Reparaciones diversas y sus repuestos
0412,Alquiler de la cochera
0942,Guardería de embarcación
0724,Estacionamiento mensual
0724,Estacionamiento por hora y/o estadía
0724,Lecciones para conducir
0724,Obtención de licencia de conducir
0724,"Abono de peaje, telepeaje"
0724,Peaje diario
0724,Alquiler de autos sin chofer
0721,Localización de vehículos
0724,"Otros gastos por viajes de turismo, negocios, etc. (alquiler de bicicletas, motos, etc.)"
0731,Abono de tren corta distancia
0731,Boleto de tren de media y larga distancia
0731,Boleto tren corta distancia
0731,Subterráneo
0732,Abono de colectivo urbano o suburbano
0732,"Abono mensual de chárter (combi, ómnibus)"
0732,"Pasaje diario en chárter (combi, ómnibus)"
0732,Boleto de colectivo urbano o suburbano
0732,Ómnibus de media y larga distancia dentro del país
0732,"Remis, alquiler de auto con chofer"
0732,Taxi
0732,Transporte escolar mensual
0732,"Otros abonos (remis, taxi)"
0732,Pasaje de larga distancia en charter o combi
0732,Ómnibus de media y larga distancia internacional
0733,Pasajes de avión de cabotaje
0733,Pasajes de avión internacional
0734,Abono de lancha
0734,"Pasaje de buque, lancha y aliscafo dentro del país"
0734,"Pasaje de buque, lancha y aliscafo internacional"
0736,Otros transportes públicos
0732,Compra de tarjeta recargable de transporte público
0749,"Servicio de mudanza, flete, guardamuebles"
0741,Servicios  de mensajería
0741,"Estampilla postal, envío de cartas, postales"
0839,"Telegrama, telex"
0741,Otros servicios postales
0811,Equipos fijos de teléfono y de fax
0812,Equipos móviles de teléfono celular
0819,Accesorios de equipos telefónicos fijos
0819,Accesorios para equipos de telefonía móvil
0835,Reparaciones de equipos telefónicos y de fax
0831,Servicio de teléfono fijo en el hogar
0831,Tarjetas para teléfono fijo en el hogar
0831,"Instalaciones de telefonía fija, habilitaciones, etc."
0831,Servicio de teléfono de la vivienda secundaria
0832,Abono a celular con factura fija
0832,Abono a celular con factura libre
0832,Tarjetas o recarga virtual para teléfonos móviles
0833,Conexión a Internet desde teléfono fijo
0833,Conexión a Internet por cable
0833,Conexión a Internet satelital
0833,Conexión a Internet móvil
0833,Recarga de paquete de datos (Internet móvil)
0833,"Conexión a Internet desde locutorio, cabinas, etc."
0833,Internet Banda Ancha
0831,"Tarjetas telefónicas para larga distancia, llamadas desde locutorios, teléfonos públicos, envío y recepción de"
0721,"Radio, equipo de música, GPS  para el vehículo de uso del hogar"
0814,Televisor
0814,"Reproductor de DVD, Blue Ray (incluye portátil)"
0814,"Otros equipos para TV, DVD: home cinema, home teather, etc.)"
0819,"Accesorios para TV, DVD: conectividad, control remoto, etc."
0814,"Blu ray , DVD, CD rom etc."
0814,Consola de sonido
0814,"Radio, radiograbador, radiodespertador"
0814,"Equipo musical, minicomponente, microcomponente, etc."
0814,"Reproductor multimedia: Ipod, grabador"
0814,"Accesorios para audio: auriculares, conectividad, etc."
0911,Cámaras y accesorios (teleobjetivo)
0911,Cámara digital
0911,"Videocámara, filmadora, proyectores de películas"
0911,"Instrumentos ópticos: microscopio, telescopio, binoculares"
0911,"Otros equipos fotográficos de filmación, proyección  e instrumentos ópticos"
0813,"Computadora de escritorio, CPU"
0813,"Computadora personal: notebook, netbook"
0813,"Impresora, escáner, multifunción"
0813,"Mouse, teclado, cables, filtro, placas de red, webcam, parlantes, auriculares, etc."
0820,Software
0819,"Disco rígido, grabadora, lectora, memoria, placa de sonido, router, modem, etc."
0819,"Lector digital de libros, tabletas"
0813,Monitor
0813,"Otros equipos de computación, calculadora y accesorios varios"
0819,disco externo
0815,"Casetes vírgenes para video, audio, películas para filmar"
0819,Pendrive y tarjetas de memoria
0813,"Cartucho, tonner, cinta para impresora"
0911,Rollo fotográfico (excluye revelado)
0814,Otros medios para grabación
0952,"Casetes y discos grabados, vinilos"
0952,CD grabados
0952,DVD grabados
0952,Películas grabadas
0835,"Reparación de equipos de TV, video casetera, etc."
0835,"Reparación de equipos de radio, minicomponentes, etc."
0835,"Reparación de equipos fotográficos, videocámaras, de filmación y proyección  e instrumentos ópticos"
0835,"Reparación de equipos de computación, calculadora, etc."
0912,"Botes, lanchas, motores fuera de borda, velas, etc."
0912,"Caballos y ponis, vehículos de tracción a sangre"
0912,"Canoas, kayac, tablas de surf a vela"
0912,Casas rodantes y remolques
0912,"Aeroplanos, aeronaves ligeras, planeadores, etc."
0912,"Máquinas de pin ball, máquinas para juegos, etc."
0912,"Mesas de billar, mesas de ping pong"
0912,Otros equipos duraderos para la recreación
0951,"Batería, tumbadora, bombo"
0951,"Guitarra, bajo"
0951,"Piano, órgano"
0951,"Trompeta, clarinete, flauta, flauta dulce, armónica"
0951,Otros instrumentos musicales
0942,Reparación de equipos duraderos para la recreación
0969,Reparación de instrumentos musicales
0921,"Juegos de salón: dados, ludo, cartas, etc."
0921,Consola de videojuegos
0921,"Video juegos y accesorios: CD, DVD, cartuchos para juegos electrónicos, etc."
0921,"Juguetes a cuerda, a fricción, eléctricos o a pilas"
0921,Juguetes para armar
0921,Juguetes para bebé: sonajero
0921,Muñecos/as
0912,"Bicicleta (excepto para adulto) triciclo, zapatilla, monopatín, otros rodados"
0921,"Entretenimientos varios: artículos de colección (estampillas, etc.), figuritas y álbumes, materiales de artesaní"
0921,"Máscaras, disfraces, etc."
0921,"Adornos de navidad (guirnaldas, luces, etc.)"
0921,Otros juegos y juguetes
0943,Reparación de juegos y juguetes
0922,"Calzado deporte varios: botines para fútbol, zapatos de golf, botas de esquí, calzados de patinaje, ruedas, clavos,"
0922,"Pelota para deporte varios: fútbol, rugby"
0922,"Paleta, raqueta, palos de golf, : palos de hockey"
0922,"Tobillera, rodillera, muñequera, canillera, guantes, anteojeras, antiparras, etc"
0922,"Aparatos para gimnasia: pesas, discos, colchonetas, etc."
0922,"Armas de fuego y municiones para caza, deporte y protección personal"
0922,"Artículos de caza, pesca, náutica, esquí, buceo, paracaídas: caña, equipo de neoprene, patas de rana, cantimplora, p"
0922,"Carpas, bolsas de dormir, colchones inflables, mochila para campamento y andinismo"
0922,"Otros artículos deportivos, de campamento y recreación, etc."
0944,"Reparación de artículos para el deporte, campamento y recreación"
0922,"Equipos de protección para deportes: chalecos salvavidas, acolchados para el cuerpo, cinturones, soportes, etc."
0922,"Equipos para juegos de playas y al aire libre, voleibol, discos, botes, balsas y piscinas inflables, arco de fútbol,"
0931,Flores y plantas naturales
0931,Tierra y fertilizantes
0931,Flores y plantas artificiales
0931,"Otros artículos para jardinería: macetas, portamacetas, etc"
0932,Compra de mascota
0932,Alimento para mascota
0932,Artículos relativos a mascotas
0945,"Servicios veterinarios (consultas, vacunas, internación, etc.)"
0945,"Otros servicios para mascotas (paseador de perros, peluquería, educación, alojamiento, etc.)"
0944,"Alquiler de equipos y accesorios para deportes: aeroplanos, botes, caballos, de equipo de esquí y campamento, etc."
0946,"Alquiler de cancha de fútbol, tenis, paddle"
0946,Colonia de vacaciones
0946,"Cuota de club deportivo y sus actividades (pileta, tenis, etc.)"
0946,Cuota de gimnasio
0946,"Entrada a espectáculos deportivos: fútbol, tenis, hipódromo, etc."
0946,Fichas y tarjetas para juegos
0946,"Lecciones en grupo o individual: esquí, natación, equitación, baile (tango), etc.  Escuela de fútbol"
0946,"Otros servicios deportivos: guías, guardarropa, inscripción para competencia, pista de esquí, aerosilla, etc."
0946,"Alquiler de calzado para deportes: botas de esquí, botines de futbol, zapatos de golf, patines, etc."
0969,"Enseñanza artística (danzas, guitarra, pintura, canto, etc.)"
0839,Televisión por cable o satelital
0911,Revelado y copia de películas fotográficas
0963,"Fotografías (foto carnet, foto escolar)"
0941,"Alquiler de equipos de televisión, video, etc."
0961,"Café concert, baile"
0961,Cine
0961,"Teatro, concierto"
0839,"Servicios de transmisión continua de videos, música, películas por Internet (streaming)"
1390,"Fiesta (salón, orquesta, animación, cotillón, fotografía, filmación, comida, bebida, arreglos florales, etc.)"
0947,"Prode, lotería, quiniela, rifa, casino, carreras de caballos"
0971,"Diccionarios, enciclopedias, atlas"
0971,Libros infantiles
0971,"Novelas, ensayos, cuentos y poesías"
0971,Libro digital (Ebook)
0971,Otros libros (excluidos los textos educativos)
0971,Textos primarios
0971,Textos secundarios
0971,Textos universitarios y de formación profesional
0971,"Otros textos educativos (trabajos prácticos, apuntes, etc.)"
0972,Diarios y periódicos
0972,Revistas no profesionales
0972,Revistas profesionales
0972,Suscripción a diarios y periódicos
0972,Suscripción a revistas no profesionales
0972,Suscripción a revistas profesionales
0973,Tarjetas y calendarios
0973,"Mapas y planos carreteros, globos terráqueos, mapas de pared, guías turísticas y de calles"
0973,Otros materiales impresos diversos: posters
0974,Cuota de materiales
0974,Adhesivos escolares para actividades educativas
0974,"Anotador, block, repuesto  para carpeta, resma para impresora"
0974,"Bolígrafo, lapicera, roller, lápiz mecánico, porta mina"
0974,Carpetas
0974,Cartucheras y canoplas
0974,Compás
0974,Cuaderno
0974,Fotocopias
0974,Goma de borrar
0974,"Lápiz de color, pastel, cera, temperas"
0974,Lápiz negro
0974,"Marcadores, resaltadores"
0974,"Material de dibujo, pintura y cerámica"
0974,Material para dibujo técnico
0974,"Papel para forrar, glacé, cartulina, etiquetas, sobres, mapas escolares"
0974,"Regla, escuadra, transportador"
0974,Otros materiales escolares
1390,Impresiones
0980,Paquete turístico para viajar al exterior
0980,Paquete turístico para viajar dentro del país
0980,Excursiones desde el lugar de vacaciones
0980,Excursiones desde el lugar en que reside habitualmente
1010,Aranceles de jardín de infantes 3 a 4 años
1010,Matrícula de jardín de infantes 3 a 4 años
1010,Aranceles de preescolar
1010,Matrícula de preescolar
1010,Aranceles de enseñanza primaria
1010,Matrícula de enseñanza primaria
1020,Aranceles de enseñanza secundaria
1020,Matrícula de enseñanza secundaria
1040,Aranceles de enseñanza superior o universitaria
1040,Matrícula de enseñanza superior o universitaria
1010,Aranceles y matrícula  de enseñanza especial
1050,Clases o cursos de apoyo
1050,Cursos de computación
1020,"Enseñanza técnica y comercial (curso de impuestos, secretariado, electricista, electromecánico, etc.)"
1050,Idioma extranjero
1050,"Otros cursos de educación no formal (cocina, repostería, corte y confección, peluquería, artesanías, etc.)"
1111,"Almuerzo en restaurantes, bar"
1111,"Cena en restaurantes, bar"
1111,"Desayuno en restaurantes, bar"
1111,"Merienda en restaurantes, bar"
1111,"Menú completo (Ejecutivo) en restaurantes, bar"
1111,"Comidas rápidas en restaurantes, bar"
1111,"Sandwiches (lomitos, hamburguesas, panchos, etc.) y bebidas en restaurantes, bar"
1111,"Pizza y bebidas en restaurantes, bar"
1111,"Postres en restaurantes, bar en restaurantes, bar"
1111,"Café, té, mate cocido solo en restaurantes, bar"
1111,"Café, té, mate cocido con facturas o tostadas en restaurantes, bar"
1111,"Agua mineral, soda en restaurantes, bar"
1111,"Gaseosas en restaurantes, bar"
1111,"Cerveza en restaurantes, bar"
1111,"Vino en restaurantes, bar"
1111,"Bebidas alcohólicas en restaurantes, bar"
1111,"Otras bebidas en restaurantes, bar"
1111,"Otras comidas con o sin bebidas listas para consumir en restaurantes, bar"
1111,"Carne vacuna asada/spiedo en restaurantes, bar"
1111,"Pollo asado/spiedo en restaurantes, bar"
1111,"Empanadas y tartas en restaurantes, bar"
1111,"Ensaladas varias en restaurantes, bar"
1111,"Milanesa de carne, suprema en restaurantes, bar"
1111,"Sandwiches de miga (simple, triple) en restaurantes, bar"
1111,"Comidas en base a carnes en restaurantes, bar"
1111,"Comidas en base a pastas en restaurantes, bar"
1111,"Comidas en base a pescado en restaurantes, bar"
1111,"Comidas en base a tubérculos en restaurantes, bar"
1111,"Comidas en base a verduras y legumbres en restaurantes, bar"
1111,"Combo (snaks + gaseosa) en restaurantes, bar"
1111,Carne vacuna asada/spiedo
1111,Pollo asado/spiedo
1111,Empanadas y tartas
1111,Ensaladas varias
1111,"Milanesa de carne, suprema"
1111,Pizza- fainá- fugazza
1111,Postres
1111,"Sandwiches de miga (simple, triple)"
1111,"Otro tipo de sandwiches (lomitos, hamburguesas, milanesas, panchos, jamón y queso, etc.)"
1111,Comidas en base a carnes
1111,Comidas en base a pastas
1111,Comidas en base a pescado
1111,Comidas en base tubérculos
1111,Comidas en base a verduras y legumbres
1111,Desayuno o merienda para llevar
1111,Menú y/o combo para llevar
1111,Otras comidas listas para consumir
1112,"Almuerzo o cena en comedores escolares, universitarios o fabriles"
1112,"Desayuno y merienda en comedores escolares, universitarios o fabriles"
1112,"Café, té, mate cocido en comedores escolares, universitarios o fabriles"
1112,"Gaseosas, jugos, agua mineral en comedores escolares, universitarios o fabriles"
1112,"Bebidas alcohólicas en comedores escolares, universitarios o fabriles"
1112,"Sandwiches (lomitos, hamburguesas, panchos, etc.) en comedores escolares, universitarios o fabriles"
1112,"Pizza , empanadas, tartas, etc. en comedores escolares, universitarios o fabriles"
1112,"Postres varios en comedores escolares, universitarios o fabriles"
1112,Cuota de comedor escolar
1120,Hotel o pensión con o sin comida
1120,"Otros alojamientos (camping, etc.)"
1120,Otros gastos relacionados con alojamiento y estadía
1313,"Manicuría, pedicuría y depilación"
1313,Peluquería para hombre
1313,Peluquería para mujer
1313,Peluquería para niño
1313,Tatuajes y piercing
1313,"Otros servicios para el cuidado personal (masajes, spa, sauna, cosmetología, etc.)"
1311,"Máquinas de afeitar, cortadora de pelo, depiladoras eléctricas"
1311,"Secadores, planchita, enrulador de cabello"
1311,"Otros aparatos eléctricos para el cuidado personal: masajeador, etc."
1311,Reparación de aparatos eléctricos para el cuidado personal
1312,"Cepillos dentales, hilo dental, palillos interdentales"
1312,"Hoja de afeitar, repuesto para máquina de afeitar, máquina de afeitar"
1312,Pañales descartables para adultos
1312,Pañales descartables para bebés
1312,Papel higiénico
1312,Pañuelos de papel
1312,"Toallas faciales, toallas humedecidas"
1312,"Toallas higiénicas, tampones, protectores diarios"
1312,Otros artículos descartables para el cuidado personal
1312,"Colonia, loción, perfume"
1312,"Cosméticos: base, rubor, etc."
1312,"Crema de afeitar, espuma"
1312,"Crema de belleza, de manos, de limpieza, nutritiva, demaquilladora, para el cuerpo, bronceadores, etc."
1312,"Champú, crema de enjuague, acondicionador"
1312,"Delineador, rímel, sombra"
1312,Dentífrico
1312,Desodorante
1312,Esmalte y quitaesmalte
1312,"Fijador para el pelo, mousse, gel"
1312,Jabón de tocador
1312,Lápiz labial
1312,Talco
1312,"Tintura, matizador, oxidante"
1312,Otros artículos de tocador
1312,"Alicate, tijera, pinza"
1312,"Peine, cepillo para el pelo, brocha de afeitar"
1312,"Otros artículos no eléctricos para el cuidado personal: masajeador, bolsa de agua caliente, etc."
1321,Alhaja
1321,Fantasía
1321,Reloj pulsera
1321,"Reloj despertador, reloj de viaje"
1321,"Reparación de alhajas, relojes"
1329,"Billetera, portadocumentos"
1329,"Cartera, bolso, mochila de vestir"
1329,Otros artículos de marroquinería
1329,Reparaciones de artículos de marroquinería
1329,Paraguas
1329,Reparación de paraguas
1329,Encendedor - carga
1329,"Pipa, boquilla, accesorios"
1329,"Bolso, bolsón de viaje, mochila"
1329,Mochila escolar o deportiva
1329,Mochila para transportar bebés y cambiador
1329,Portafolios
1329,Valija para viaje
1329,Otros bienes diversos
1329,Mantenimiento y reparación de estos bienes
1330,Geriátrico con alojamiento y comida
1330,Geriátrico de día
1330,Residencias de ancianos con alojamiento y comida
1330,Residencias de ancianos de día
1330,Servicios de rehabilitaciones varias
1330,Otros servicios sociales
1010,Aranceles de jardín maternal 0 a 2 años
1010,Matrícula de jardín maternal 0 a 2 años
1211,Seguro de vida
1213,"Seguros relacionados con la vivienda: incendio, destrucción, etc."
1219,"Otros seguros: del hogar (sustracción de artículos del hogar), cajero automático, garantía extendida, protecció"
1214,Seguro de vehículos
1214,Seguro de asistencia al viajero
1222,Alquiler de caja de seguridad
1222,Costo de mantenimiento de caja de ahorro
1222,"Cargo por tarjeta de crédito (costo de renovación, emisión, resumen, etc.)"
1229,Giros y transferencias
1390,Abonos para servicios profesionales (excluidos servicio de la salud)
1120,"Albergue transitorio, hotel por horas"
1390,"Cuotas de afiliación a asociaciones profesionales y  otras que brindan servicios varios,  -A.C.A.-"
1390,Gastos por comisiones de inmobiliarias y gestores
1390,"Gastos por obtención de documentos: DNI, pasaporte, etc."
1329,"Compra o alquiler de nicho, panteón, parcela en cementerio público o privado"
1390,Servicio de sepelio
1390,"Otros gastos funerarios: derechos, impuestos, flores, ceremonia religiosas, etc."
1390,"Servicios profesionales: abogado, contador, escribano, arquitecto, etc., excluidos los de la salud"
1390,"Reproducciones de documentos (sellos, impuestos, legalizaciones, etc.)"
1390,"Pago por noticias y anuncios en la prensa, avisos clasificados"
1390,Otros servicios personales no incluidos anteriormente
0111,Pan y otros productos de panadería
0111,Productos de pastelería
0111,Harinas
0111,Otros productos preparados en base de harinas y/o cereales
0111,Fideo y pastas
0112,"Carne fresca, refrigerada o congelada de ganado bovino (res)"
0112,"Carne fresca, refrigerada o congelada de ganado porcino"
0112,"Carne fresca, refrigerada o congelada de ganado ovino"
0112,"Carne fresca, refrigerada o congelada de ganado caprino"
0112,"Carne fresca, refrigerada o congelada de ganado camélido"
0112,"Carne fresca, refrigerada o congelada de aves de corral"
0112,Otras carnes
0112,"Despojos comestibles frescos, refrigerados o congelados"
0112,"Carnes secas, saladas o ahumadas"
0112,Productos cárnicos embutidos
0112,Productos cárnicos pre elaborados
0112,Animales y aves de corral comprados vivos para su consumo como alimento
0113,Pescado
0114,Leches y otros productos lácteos
0114,Quesos y cuajada
0114,Productos lácteos no de leche de vaca
0114,Huevos y productos derivados preparados íntegramente con huevos
0115,Aceites
0115,Mantequilla y productos derivados
0115,Grasas comestibles/manteca
0116,"Frutas frescas, refrigeradas o congeladas"
0116,Frutas y partes de frutas deshidratadas/Fruta seca
0116,Frutas en conserva y productos a base de frutas
0117,"Legumbres - Hortalizas frescas, refrigeradas o congeladas"
0117,Papas y otros tubérculos frescos o refrigerados
0117,Legumbres secas y productos a base de legumbres conservados o procesados
0117,"Productos de tubérculos secos, procesados y leguminosas."
0116,Frutos o granos oleaginosos
0118,Caña de azúcar
0118,"Azúcar, mermelada, miel, chocolate y dulces de azúcar"
0118,"Mermeladas, compotas, jaleas, purés y pastas de frutas"
0118,Miel natural y artificial
0118,"Chocolates en barras o tabletas, dulces y confitería"
0118,"Hielo comestible, helados y sorbetes"
0119,"Sal, especias, hierbas culinarias, salsas, condimentos, aderezos"
0119,"Preparados de polvos de hornear, levadura, postres, sopas, caldos, consomés"
0119,Alimentos para lactantes homogeneizados y preparados dietéticos
0117,"Productos preparados y/o cocidos listos para el consumo sometidos a procesos de conservación, enlatado o congelado"
0119,Otros productos alimenticios n.e.p.
0122,Café
0123,"Te, mate y otros productos vegetales para infusiones"
0124,"Cacao, edulcorado o no y polvos a base de chocolate"
0125,Aguas minerales o de manantial que se venda envasada
0126,Bebidas gaseosas
0121,Jugos de frutas y de hortalizas
0121,Jarabes y concentrados para la preparación de bebidas
0129,Bebidas energizantes y deportivas
0129,Otras bebidas no alcohólicas
0211,Bebidas destiladas
0212,"Vino, sidra y perada incluido el sake"
0213,Cerveza de todas sus clases consumidas dentro del hogar
0230,Tabaco
0240,Estupefacientes
0311,Telas para confeccionar prendas de vestir
0311,Fibra de lana y lana
0312,Prendas de vestir
0312,Prendas de vestir deportivas
0312,Prendas de vestir interiores
0312,Prendas de dormir
0312,Prendas de vestir para bebé
0313,Otras prendas de vestir
0313,Accesorios del vestir
0313,Otros artículos relacionados con la confección de prendas de vestir
0314,"Limpieza en seco, lavandería y tinte de prendas de vestir"
0314,Reparación y modificación de prendas de vestir
0314,Alquiler de prendas de vestir
0321,Calzado
0322,Reparación de calzados
0322,Alquiler de calzados
0411,Alquiler de la vivienda
0412,Otros alquileres efectivos
0421,Alquiler imputado de la vivienda
0422,Otros alquileres imputados de la vivienda
0431,Materiales de la conservación y la reparación de la vivienda
0432,Servicios para la conservación y la reparación de la vivienda
0441,Suministro de agua potable
0441,Suministro de agua no potable
0442,Servicio de recogida y eliminación de basura
0443,Alcantarillado
0444,Otros servicios relacionados con la vivienda n.e.p.
0432,Servicios de seguridad
0444,Gastos de administración y mantenimiento de edificios
0451,Electricidad
0452,Servicio de suministro de gas natural por red
0452,Servicio de suministro de gas licuado y recipiente de almacenamiento
0453,Combustibles líquidos
0454,Combustibles sólidos
0455,Energía calórica
0511,Muebles en general
0511,Colchones y somieres
0511,Equipo de iluminación
0511,"Cuadros, esculturas, grabados, tapices y otros objetos artísticos"
0431,Alfombras y otros materiales para pisos
0432,Colocación de alfombras y otros materiales similares para pisos
0512,"Reparación de muebles, accesorios y materiales para pisos"
0521,Productos textiles para el hogar
0521,Productos textiles de cama
0521,"Productos textiles de mesa, de tocador y de baño"
0521,Otros productos textiles para el hogar
0522,Reparación de productos textiles para el hogar (Clase 0520)
0531,Artefactos para la conservación de alimentos
0531,Artefactos para la limpieza de ropa e higiene personal
0532,Artefactos para la preparación de alimentos
0561,Artefactos para la limpieza en el hogar
0531,Artefactos eléctricos para el tratamiento del ambiente en el hogar
0531,"Otros artefactos para el hogar grandes, eléctricos o no"
0533,Servicio de instalación de artefactos grandes
0532,Artefactos eléctricos para el hogar pequeños
0533,Reparación de artefactos para el hogar
0540,"Artículos de vidrio, cristal, cerámica, porcelana y otros materiales para el hogar"
0540,Cubertería y platería (platos)
0540,Utensilios de cocina que no sean eléctricos y artefactos
0540,"Artículos para el hogar, que no sean eléctricos, y cualquier tipo de material"
0540,Servicio de reparación de ese tipo de artículos (Clase 0540)
0551,Herramientas y equipo grandes
0553,Reparación de herramientas y equipos grandes (Clase 0551)
0552,Accesorios para puertas
0552,Accesorios eléctricos pequeños
0553,Servicios de reparación de herramientas pequeñas y accesorios diversos (Clase 0552)
0561,Productos de limpieza y conservación del hogar
0561,Artículos de limpieza en el hogar
0561,Productos de papel para el hogar
0561,Otros artículos para el hogar no duraderos
0562,Servicios domésticos a cargo de personal pagado
0562,Servicios para el hogar
0512,Alquiler de mobiliario y accesorios para el hogar
0611,Productos farmacéuticos
0612,Otros productos médicos
0613,Artefactos y equipo terapéuticos
0614,Reparación de artefactos y equipo terapéutico (Clase 0613)
0623,Servicios médicos
0622,Servicios dentales
0623,Servicios paramédicos
0631,Servicios de hospital
0711,Vehículos a motor
0712,Motocicletas
0713,Bicicletas
0714,Vehículos de tracción animal
0721,Piezas de repuesto para equipo de transporte personal
0721,Accesorios para equipo de transporte personal
0722,Combustible y lubricantes para equipo de transporte personal
0723,Conservación y reparación de equipo de transporte personal
0724,Otros servicios relativos al equipo de transporte personal
0731,Transporte de pasajeros por ferrocarril
0732,Transporte urbano de pasajeros
0732,Transporte urbano por contrato
0732,Transporte interurbano
0732,Transporte escolar
0732,Tarjeta magnética transporte terrestre
0732,Transporte terrestre internacional
0732,Alquiler de vehículos en general con conductor
0736,Transporte de teleférico urbano y suburbano
0733,Transporte de pasajeros por aire
0734,Transporte de pasajeros por mar y cursos de agua interiores
0735,Transporte combinado de pasajeros
0736,Otros servicios de transporte adquiridos
0741,Servicios postales
0831,Equipo telefónico y de facsímile
0831,Servicio de reparación de teléfonos y otros similares
0831,Instalación y subscripción del servicio telefónico
0831,Servicio de telefonía fija
0832,Servicio de telefonía móvil
0833,Servicio de internet
0831,Servicio de telefonía pública
0833,Servicio de internet público
0834,Paquete integrado de tecnología de información y comunicación (TIC)
1229,Servicio de transferencia de dinero mediante billetera móvil
0814,"Equipo para la recepción, grabación y reproducción de imágenes"
0814,"Equipo para la recepción, grabación y reproducción de sonido"
0911,Equipo fotográfico y cinematográfico e instrumentos ópticos
0813,Equipo de procesamiento e información
0815,Medios para grabación
0941,"Reparación de equipo audiovisual, fotográfico y de procesamiento de información"
0912,Artefactos duraderos importantes para recreación en exteriores
0951,Instrumentos musicales
0912,Equipos duraderos importantes para recreación en interiores
0942,Servicio de conservación y reparación de otros artefactos duraderos importantes para recreación y cultura (Grupo 092)
0921,"Juegos, juguetes y aficiones"
0921,Artículos para la colección
0922,"Equipo de deportes, campamentos y recreación al aire libre"
0944,"Reparación de equipo de deportes, campamentos y recreación al aire libre (Clase 0932)"
0931,"Jardines, plantas y flores"
0932,Animales domésticos
0932,Productos conexos a los animales domésticos
0945,Medicamentos veterinarios
0945,Servicio de veterinaria y de otro tipo para animales domésticos
0946,Servicios de recreación y deportivos
0963,Servicios fotográficos
0839,Servicio de transmisiones de televisión
0969,Otros servicios culturales
0947,Juegos de azar
0971,Libros
0972,"Diarios, periódicos y revistas"
0973,Material impreso diverso
0974,Papel y útiles de oficina y materiales de dibujo
0980,Viajes con paquete turístico
1120,Viajes sin paquete turístico
1010,Enseñanza preescolar o enseñanza primaria
1020,Enseñanza secundaria
1040,Educación en carreras cortas en institutos
1030,Cursos de nivelación y preparación para ingresar a la universidad
1040,Enseñanza terciaria
1050,Enseñanza no atribuible a ningún nivel
1050,Otros gastos complementarios en educación
1111,Suministro de comidas en establecimientos tipo local
1111,Expendio de comida en mercado o puesto
1111,Expendio de comidas por ambulantes
1112,Suministro de comida y bebidas por concesionarios
1111,Expendio de comida para el consumo fuera de sus locales o con entrega a domicilio
1111,Suministro de comida y bebidas bajo contrato (Catering)
1111,Expendio de comida y bebidas en medios de transporte público
1111,Expendio de bebidas en locales
1111,"Expendio de bebidas en puestos fijos, móviles"
1111,Expendio de jugos y bebidas por ambulantes
1111,Venta de comidas por máquinas automáticas
1111,Suministro de comidas y bebidas en lugar no especificado
1112,Comedores
1120,Servicios de alojamiento
1313,Salones de peluquería y establecimientos de cosmética personal
1313,Establecimientos de cuidados personales
1311,Aparatos eléctricos para el cuidado personal
1311,Reparación de aparatos eléctricos para el cuidado personal (Clase 1212)
1312,Aparatos no eléctricos para atención personal
1312,Artículos para la higiene personal
1312,Productos de belleza
1312,Otros productos para la atención personal
1390,Prostitución
1321,"Joyería, relojes de pared y relojes de pulsera"
1321,Reparación de artículos de joyería y relojes
1329,Artículos de viajes y otros artículos para el transporte de efectos personales:
1329,Artículos para bebés
1329,Artículos para fumador
1329,Artículos personales varios
1329,Artículos de funeraria
1322,Artículos religiosos
1329,Reparación de efectos y accesorios personales (Clase 1232)
1330,Protección social
1213,Seguro relacionado con la vivienda
1212,Seguro relacionado con la salud
1214,Seguro relacionado con el transporte
1219,Otros seguros
1221,Servicios de intermediación financiera medidos indirectamente
1229,Otros servicios financieros n.e.p.
1229,Otros servicios n.e.p.
0111,ARROZ POLIDO
0111,ARROZ HIBRIDO
0111,ARROZ BICA CORRIDA
0111,ARROZ QUIRERA
0111,ARROZ LISO
0111,ARROZ MACERADO
0111,ARROZ PARBOILIZADO
0111,XEREM DE ARROZ
0111,ARROZ PARBORIZADO
0111,ARROZ COLONIAL
0111,ARROZ AGULHA
0111,ARROZ AGULHINHA
0111,ARROZ BRANCO
0111,ARROZ VERMELHO
0111,ARROZ AMARELO
0111,ARROZ INTEGRAL
0111,ARROZ PILADO
0111,ARROZ NAO-POLIDO
0111,ARROZ BENEFICIADO
0111,ARROZ COM CASCA
0111,ARROZ JAPONES ESPECIAL
0111,ARROZ PRE-COZIDO
0111,ARROZ (NAO-ESPECIFICADO)
0111,ARROZ NAO-ESPECIFICADO
0111,ARROZ ARBOREO
0111,ARROZ NEGRO
0111,ARROZ SEMIPRONTO NAO ESPECIFICADO
0117,FAVA EM GRAO
0117,FEIJOA EM GRAO
0117,MANGALO AMARGO EM GRAO
0117,FEIJAO FAVA EM GRAO
0117,FEIJAO MANTEIGA
0117,FEIJAO BICO DE OURO
0117,FEIJAO CAETE
0117,FEIJAO PINGO DE OURO
0117,FEIJAO GRAO DE OURO
0117,FEIJAO CANARINHO
0117,FEIJAO BOLINHA
0117,FEIJAO PITOCO
0117,FEIJAO DOURADINHO
0117,FEIJAO MULATINHO
0117,FEIJAO PAULISTA
0117,FEIJAO MULATA GORDA
0117,FEIJAO MARROM
0117,FEIJAO MORENINHO
0117,FEIJAO CAFE COM LEITE
0117,FEIJAO PRETO
0117,FEIJAO DO MILHO
0117,FEIJAO CAVALO
0117,FEIJAO DE COR
0117,FEIJAO PRETO BANDINHA
0117,FEIJAO FRADINHO
0117,FEIJAO MACASSAR
0117,FEIJAO DE CORDA
0117,FEIJAO CORUJA
0117,FEIJAO DE MOITA
0117,FEIJAO QUARENTINHA
0117,FEIJAO LIGEIRO
0117,FEIJAO CATADOR
0117,FEIJAO MIUDO
0117,FEIJAO GURUTUBA
0117,FEIJAO DO RIO
0117,FEIJAO IBRA
0117,FEIJAO BAIANO
0117,FEIJAO VINAGRE
0117,FEIJAO SEMPRE VERDE
0117,FEIJAO DE ARRANCA
0117,FEIJAO BAJE PODRE (MACASSAR)
0117,FEIJAO CAUPI
0117,FEIJAO DA COLONIA
0117,FEIJAO VERDE
0117,FEIJAO PERUANO
0117,FEIJAO TREPA PAU
0117,FEIJAO JALO
0117,FEIJAO VERMELHO
0117,FEIJAO GORDO
0117,FEIJAO DO SUL
0117,FEIJAO ROXO
0117,FEIJAO ROXINHO
0117,FEIJAO RAPE (ROXO)
0117,FEIJAO RAJADO
0117,FEIJAO AMENDOIM
0117,FEIJAO CHITA FINA
0117,FEIJAO VERMELHO E BRANCO
0117,FEIJAO CASCAO
0117,FEIJAO CARNAVAL
0117,FEIJAO CHOCOLATE
0117,FEIJAO CARIOCA
0117,FEIJAO RAJADINHO
0117,FEIJAO CARIOQUINHA
0117,FEIJAO ROSINHA
0117,FEIJAO MARIA ROSA
0117,FEIJAO ROSADO
0117,FEIJAO AMARELO
0117,FEIJAO OURO
0117,FEIJAO MINEIRO
0117,FEIJAO PARDO
0117,FEIJAO CAFEZINHO
0117,FEIJAO CAFE
0117,FEIJAO IMPERIAL
0117,ANDU
0117,FEIJAO GUANDO
0117,FEIJAO ANDU
0117,FEIJAO GUANDU
0117,FEIJAO NAO-ESPECIFICADO
0117,FEIJAO (NAO-ESPECIFICADO)
0117,FEIJAO DA PRAIA
0117,FEIJAO BRANCO
0117,FEIJAO SEMIPRONTO NAO ESPECIFICADO
0117,FEIJAO AZUKI
0117,SOJA EM GRAO ORGANICA
0117,FEIJAO PRETO ORGANICO
0117,FEIJAO FRADINHO ORGANICO
0117,FEIJAO DE CORDA ORGANICO
0117,FEIJAO DE VARA ORGANICO
0117,FEIJAO DA COLONIA ORGANICO
0117,FEIJAO VERDE ORGANICO
0117,FEIJAO NAO-ESPECIFICADO ORGANICO
0117,FEIJAO (NAO-ESPECIFICADO) ORGANICO
0111,ARROZ POLIDO ORGANICO
0111,ARROZ HIBRIDO ORGANICO
0111,ARROZ BICA CORRIDA ORGANICO
0111,ARROZ PARBOILIZADO ORGANICO
0111,ARROZ AGULHA ORGANICO
0111,ARROZ BRANCO ORGANICO
0111,ARROZ INTEGRAL ORGANICO
0111,ARROZ NAO-POLIDO ORGANICO
0111,ARROZ ORGANICO
0111,COCO ORGANICO
0111,AVEIA EM GRAO
0111,AVEIA EM MASSA
0111,MASSA DE AVEIA
0111,PIPOCA DE ARROZ INDUSTRIALIZADA
0111,CEVADA EM GRAO
0111,MILHO EM GRAO
0111,MILHO BRANCO EM GRAO
0111,MILHO DE CANJICA
0111,MILHO CANJIQUINHA
0111,MILHO DE PIPOCA
0111,CANJIQUINHA DE MILHO EM GRAO
0111,XEREM DE MILHO
0111,QUIRERA DE MILHO
0111,CANJICA DE MILHO EM GRAO
0111,MILHO AMARELO EM GRAO
0111,MILHO DE MUNGUZA
0111,MILHO ALHO
0111,MILHO SECO
0111,MILHO XEREM
0111,MILHO VERDE EM ESPIGA
0111,TRIGO EM GRAO
0111,TRIGO INTEGRAL
0111,QUIRERA DE TRIGO
0111,MASSA DE TRIGO
0111,FARELO DE TRIGO (QUIRERA)
0116,AMENDOIM EM GRAO IN NATURA
0116,AMENDOIM EM CASCA IN NATURA
0116,AMENDOIM NATURAL
0117,ERVILHA EM GRAO
0119,SEMENTE DE LINHACA
0117,GRAO DE BICO
0117,LENTILHA
0117,SOJA EM GRAO
0119,SEMENTE DE ABOBORA
0111,QUIRERA NAO-ESPECIFICADA
0111,QUIRERA (NAO-ESPECIFICADA)
0111,MILHO DE PIPOCA PARA MICROONDAS
0111,MILHO DE PIPOCA PARA MICROONDAS LIGHT
0111,MILHO DE PIPOCA LIGHT PARA MICROONDAS
0119,LINHACA DOURADA
0119,QUINOA
0119,SEMENTE NAO ESPECIFICADA
0119,CHIA
0116,COCO DA BAHIA
0116,COCO DA PRAIA
0116,COCO DA BAHIA SECO
0116,COCO DA BAHIA VERDE
0116,COCO RALADO INDUSTRIALIZADO
0116,COCO RALADO NATURAL
0116,CASTANHA PORTUGUESA
0116,CASTANHA DA EUROPA
0116,PINHAO
0116,PINHAO DO PARANA
0116,AMENDOA
0116,AVELA
0116,CASTANHA DO PARA
0116,AMENDOA DA AMERICA (CASTANHA DO PARA)
0116,CASTANHA DE CAJU
0116,COCO OURICURI
0116,COCO ALICURI
0116,BUTIA
0116,COCO BABACU
0116,BABACU
0116,MARAJA
0116,TUCUMA
0116,COCO DENDE
0116,DENDE
0116,COCO CATOLE
0116,NOZ
0116,PUPUNHA
0116,BACABA
0116,CASTANHA DA INDIA
0116,MASSA DE BURITI
0116,BURITI (COCO)
0116,PISTACHE
0116,COCO NAO-ESPECIFICADO
0116,CASTANHA NAO-ESPECIFICADA
0116,NOZ (NOGUEIRA)
0116,PINOLI
0116,MIX DE SEMENTES E FRUTAS
0116,AMENDOIM SALGADO
0116,AMENDOIM TORRADO
0116,AMENDOIM APIMENTADO
0116,AMENDOIM COZIDO
0116,AMENDOIM DOCE
0116,AMENDOIM JAPONES
0111,MACARRAO SEM OVOS
0111,MACARRAO DE GLUTEN SEM OVOS
0111,MACARRAO DE SEMOLA SEM OVOS
0111,MACARRAO DE SEMOLINA SEM OVOS
0111,MACARRAO DE SOPA SEM OVOS
0111,MASSA SEM OVOS
0111,MASSA DE SEMOLA SEM OVOS
0111,MASSA DE SEMOLINA SEM OVOS
0111,MASSA DE SOPA SEM OVOS
0111,TALHARIM SEM OVOS
0111,SPAGHETTI SEM OVOS
0111,ESPAGUETE SEM OVOS
0111,ALETRIA SEM OVOS
0111,MACARRAO SEM COLESTEROL
0111,MACARRAO VITAMINADO
0111,MACARRAO PARAFUSO SEM OVOS
0111,MACARRAO COM ESPINAFRE
0111,MACARRAO PRE-COZIDO
0111,MACARRAO PASTEURIZADO
0111,MACARRAO PICADO
0111,MACARRAO PENNE SEM OVOS
0111,MACARRAO COM OVOS
0111,MACARRAO DE GLUTEN COM OVOS
0111,MACARRAO DE SEMOLA COM OVOS
0111,MACARRAO DE SEMOLINA COM OVOS
0111,MACARRAO DE SOPA COM OVOS
0111,MASSA COM OVOS
0111,MASSA DE GLUTEN COM OVOS
0111,MASSA DE SEMOLA COM OVOS
0111,MASSA DE SEMOLINA COM OVOS
0111,MASSA DE SOPA COM OVOS
0111,TALHARIM COM OVOS
0111,SPAGHETTI COM OVOS
0111,ESPAGUETE COM OVOS
0111,ALETRIA COM OVOS
0111,MACARRAO PARAFUSO COM OVOS
0111,MACARRAO PENNE COM OVOS
0111,MACARRAO (NAO-ESPECIFICADO)
0111,MACARRAO CASEIRO
0111,MACARRAO COM SEMOLA (NAO-ESPECIFICADO)
0111,ESPAGUETE (NAO-ESPECIFICADO)
0111,MACARRAO PARAFUSO (NAO-ESPECIFICADO)
0111,TALHARIM (NAO-ESPECIFICADO)
0111,MASSA DE SEMOLA (NAO-ESPECIFICADA)
0111,MASSA DE SOPA (NAO-ESPECIFICADA)
0111,MASSA (NAO-ESPECIFICADA)
0111,MACARRAO NAO-ESPECIFICADO
0111,MACARRAO COM SEMOLA NAO-ESPECIFICADO
0111,ESPAGUETE NAO-ESPECIFICADO
0111,MACARRAO PARAFUSO NAO-ESPECIFICADO
0111,TALHARIM NAO-ESPECIFICADO
0111,MASSA DE SEMOLA NAO-ESPECIFICADA
0111,MASSA DE SOPA NAO-ESPECIFICADA
0111,MASSA NAO-ESPECIFICADA
0111,MIOJO
0111,MACARRAO INSTANTANEO
0111,MASSA INSTANTANEA
0111,MACARRAO INTEGRAL
0111,MIOJO LIGHT
0111,MACARRAO INSTANTANEO LIGHT
0111,MACARRAO SEMI PRONTO
0111,MACARRAO DE ARROZ
0111,MACARRAO DE FEIJAO
0111,MACARRAO SEM GLUTEN
0111,MACARRAO PARA YAKISSOBA
0111,MACARRAO DE FEIJAO ORGANICO
0111,FARINHA DE TRIGO
0111,FARINHA DO REINO
0111,SEMOLINA DE TRIGO
0111,FARINHA DE TRIGO COM FERMENTO
0111,FARINHA DE TRIGO INTEGRAL
0117,FARINHA DE MANDIOCA
0117,FARINHA DE MANDIOCA CRUA
0117,FARINHA DE MANDIOCA TORRADA
0117,FARINHA DE MANDIOCA BIJU
0117,FARINHA DE MANDIOCA AMARELA
0117,FARINHA DE MANDIOCA BRANCA
0117,FARINHA DE MANDIOCA MISTURADA
0117,FARINHA DE MANDIOCA COMUM
0117,FARINHA DE COPIOBA
0111,FARINHA DE MESA
0117,FARINHA DE CARIMA
0117,MASSA DE MANDIOCA
0117,FARINHA DE AGUA
0117,CRUERA
0117,FARINHA SECA
0117,FARINHA DE MANDIOCA TEMPERADA
0117,FARINHA DE MANDIOCA FLOCADA
0111,CREME DE ARROZ
0111,FARINHA DE ARROZ
0119,ARROZINA
0119,MUCILON
0111,MASSA DE ARROZ
0119,MUCILON DE ARROZ
0119,MINGAU DE ARROZ
0119,NUTRILON DE ARROZ
0111,FLOCOS DE ARROZ
0111,FLOCAO DE ARROZ
0111,CEREAL MATINAL DE ARROZ EM FLOCOS
0111,FARINHA DE AVEIA
0111,AVEIA EM FLOCOS
0111,FLOCOS DE AVEIA
0111,AVEIA INSTANTANEA
0111,FARINHA DE CENTEIO
0111,FUBA DE MILHO
0111,FUBA
0111,FARINHA DE MILHO
0111,MILHARINA
0111,FLOR DE MILHO
0111,SEMOLA DE MILHO
0111,MASSA DE MILHO
0117,PUBA DE FUBA
0111,MASSA DE CANJICA
0117,FECULA DE MILHO
0119,MUCILON DE MILHO
0111,MILHO MOIDO
0119,MINGAU DE MILHO
0111,FARINHA DE FUBA
0111,MASSA DE PUBA
0111,MASSA PARA PAMONHA
0111,FARINHA AMARELA
0111,MAIZENA
0111,AMIDO DE MILHO
0117,GOMA DE MILHO
0117,AMIDO DE ARROZ
0119,CREMOGEMA
0111,VITAMILHO
0111,CREME DE MILHO
0119,CREMOGEMA VITAMINADA
0111,FLOCOS DE MILHO
0111,SUCRILHOS DE MILHO
0111,CEREAL MATINAL DE MILHO EM FLOCOS
0111,FLOCAO DE MILHO
0111,FARINHA DE ROSCA
0111,FARINHA DE QUIBE
0111,FARINHA DE TRIGO DE QUIBE
0111,TRIGUILHO
0111,TRIGO PARA QUIBE
0111,GERME DE TRIGO
0111,FIBRA DE CEREAL TRIGO
0117,FECULA DE MANDIOCA
0117,GOMA DE MANDIOCA
0117,POLVILHO DE MANDIOCA
0111,POLVILHO AZEDO
0117,SAGU DE MANDIOCA
0117,CREME DE MACAXEIRA
0117,GOMA DE TAPIOCA
0117,TAPIOCA GOMA
0117,FARINHA DE TAPIOCA
0117,FARINHA BEIJU
0117,POLVILHO DOCE
0117,CARIMA DE MANDIOCA
0117,PUBA DE MANDIOCA
0117,SAGU DE TAPIOCA
0117,TAPIOCA DE GOMA
0117,FARINHA DE GOMA
0117,FARINHA DE PUBA
0117,MASSA DE TAPIOCA
0111,FARINHA NAO-ESPECIFICADA
0111,FARINHA DE SOJA
0111,FARINHA LACTEA
0119,NESTON
0111,FLOCOS DE CEREAIS
0111,ALIMENTOS INFANTIS QUATRO CEREAIS
0111,EXTRATO DE CEREAIS
0111,MASSA DE PAO COMUM
0111,MISTURA PARA PAO DE TRIGO
0111,MASSA DE PAO DE QUEIJO
0111,PAO DE QUEIJO SEMIPRONTO
0111,MASSA DE PIZZA
0119,PIZZA SEMIPRONTA
0119,MINI PIZZA SEMIPRONTA
0111,MASSA PARA PIZZA
0111,MASSA DE PASTEL
0119,MINI PASTEL
0119,PASTEL SEMIPRONTO
0111,MASSA PARA PASTEL
0111,PIEROGI SEMI PRONTO
0111,MASSA DE NHOQUE
0111,NHOQUE SEMIPRONTO
0111,INHOQUE SEMIPRONTO
0111,MASSA DE RAVIOLE
0111,RAVIOLE SEMIPRONTO
0111,MASSA DE LASANHA
0111,LASANHA SEMIPRONTA
0111,MACARRAO PARA LASANHA
0111,MASSA PARA LASANHA
0111,LASANHA A BOLONHESA SEMIPRONTA
0111,MASSA DE CANELONE
0111,MASSA DE CAPELETI
0111,CAPELETI SEMIPRONTO
0111,ANHOLINE SEMIPRONTO
0117,PURE DE BATATA EM CAIXA
0117,BIFE VEGETAL
0117,MASSA DE SOJA
0117,CARNE VEGETAL
0117,PASTA DE SOJA
0117,CARNE DE SOJA
0117,ALIMENTO DE SOJA
0117,FARINHA DE AMENDOIM
0117,AMENDOIM MOIDO
0932,FARINHA DE PEIXE
0932,PIRACUI (FARINHA DE PEIXE)
0117,FARINHA DE BANANA
0111,GRANOLA
0111,FLOCOS DE GRANOLA
0117,MASSA DE COXINHA
0117,COXINHA DE FRITAR
0117,COXINHA SEMIPRONTA
0111,MASSA DE ROTOLONE
0119,CALZONE SEMIPRONTO
0111,POLENTA SEMIPRONTA
0111,MASSA PARA POLENTA
0111,MISTURA PARA POLENTA
0111,POLENTINA
0111,MIX DE CEREAIS
0111,FARINHA DE CEREAIS VITAMINADA
0119,SUSTAGEM
0119,PROTEINA DE SOJA
0119,COMPLEMENTO VITAMINICO DE SOJA
0119,PROTEINA VEGETAL
0116,FARINHA DE MARACUJA
0111,CEREAL MATINAL DE MILHO EM FLOCOS LIGHT
0111,MASSA DE PIZZA LIGHT
0117,FECULA DE BATATA
0111,MASSA DE PANQUECA
0116,FARINHA DE LINHACA
0111,MASSA DE EMPADA (EMPADA SEMIPRONTA)
0111,FARELO DE AVEIA
0111,MINGAU DE AVEIA
0111,GRANOLA LIGHT
0111,GRANOLA DIET
0111,AVEIA ORGANICA
0116,FARINHA DE COCO
0111,MINGAU DE CEREAIS
0111,MINGAU DE BANANA
0111,MINGAU NAO ESPECIFICADO
0116,FARINHA DE BERINJELA
0116,FARINHA SEM GLUTEN
0116,FARINHA DE AMENDOA
0116,FARINHA DE AMORA
0116,FARINHA DE MACA
0111,FARINHA DE ARROZ E AVEIA
0111,MINGAU DE ARROZ E AVEIA
0111,MASSA PARA VATAPA
0111,MASSA PARA TORTILHA
0111,MASSA PARA RONDELLI
0111,RONDELLI SEMIPRONTO
0119,FOLHADO (SALGADO) CONGELADO
0119,BURRITO SEMIPRONTO
0119,TORTILHA SEMIPRONTA
0111,CEREAL MATINAL DE TRIGO
0111,MASSA PARA ACARAJE
0119,RISOLE SEMIPRONTO
0119,TACO MEXICANO SEMIPRONTO
0111,CASQUINHA PARA CANAPE
0119,VITAMINA CONCENTRADA (SHAKE)
0117,BATATA INGLESA
0117,BATATA DO REINO
0117,BATATA ROSA
0117,BATATA PORTUGUESA
0117,BATATA INGESA ROSA
0117,BATATINHA
0117,BATATA LISA
0117,BATATA HOLANDESA
0117,BATATA BINGE
0117,BATATA BRANCA
0117,BATATA INGLESA ORGANICA
0117,BATATA ROSA ORGANICA
0117,BATATINHA ORGANICA
0117,CENOURA
0117,CENOURA VERMELHA
0117,CENOURINHA
0117,CENOURA ORGANICA
0117,CENOURA VERMELHA ORGANICA
0117,MANDIOCA
0117,MANDIOCA DOCE
0117,MANDIOCA MANSA
0117,MANDIOCA BRANCA
0117,MANDIOCA CACAU
0117,AIPIM
0117,MACAXEIRA
0117,AIMPIM
0117,MANDIOCA SEM CASCA
0117,MASSA DE MACAXEIRA
0117,MANDIOCA ORGANICA
0117,AIPIM ORGANICO
0117,ARARUTA
0117,BATATA BAROA
0117,BATATA BARONESA
0117,MANDIOQUINHA SALSA (BATATA BAROA)
0117,CENOURA AMARELA (BATATA BAROA)
0117,BATATA DOCE
0117,BATATA DOCE ROXA
0117,BATATA DA TERRA
0117,BATATA MASTRUS
0117,BATATA ROXA
0117,INHAME
0117,INHAME SAO TOME
0117,INHAME CHINES
0117,INHAME DA COSTA
0117,TAIOBA SAO TOME INHAME
0117,CARA
0117,CARA INHAME
0117,CARA CHINES
0117,CARA BRANCO
0117,CARA DO AR
0117,INHAME CARAQUENTO (CARA)
0117,INHAME LISO (CARA)
0117,BATATA NAO-ESPECIFICADA
0117,BATATA (NAO-ESPECIFICADA)
0117,BATATA AIPO
0117,BATATA SALSA
0117,BATATA DO BARAO
0117,BATATA SUICA
0117,BATATA CENOURA
0117,AIPO DO PERU (BATATA AIPO)
0117,MANDIOQUINHA
0117,RABANETE
0117,BETERRABA
0117,NABO
0117,GOBO
0119,ACAFRAO
0119,GENGIBRE
0117,BETERRABA ORGANICA
0117,BATATA DOCE ORGANICA
0117,INHAME ORGANICO
0117,RABANETE ORGANICO
0117,BATATA YACON
0118,ACUCAR REFINADO
0118,ACUCAR TRIFILTRADO
0118,ACUCAR REFINADO ORGANICO
0118,ACUCAR CRISTAL
0118,ACUCAR GRANULADO
0118,ACUCAR CRISTALIZADO
0118,ACUCAR GROSSO
0118,ACUCAR CRISTAL ORGANICO
0118,ACUCAR CRISTALIZADO ORGANICO
0118,ACUCAR LIGHT
0118,ACUCAR REFINADO LIGHT
0118,ADOCANTE DIET
0118,ADOCANTE DIETETICO
0118,ADOCANTE LIQUIDO DIET
0118,ADOCANTE LIQUIDO DIETETICO
0118,GELEIA DE FRUTAS DE QUALQUER MARCA OU SABOR DIET
0118,GELEIA DIET
0118,GELEIA DE FRUTAS DIET
0118,GELEIA DE FRUTAS DE QUALQUER MARCA OU SABOR DIETETICA
0118,GELEIA DIETETICA
0118,DOCE DE FRUTAS EM BARRA OU PASTA DIET
0118,DOCE DE FRUTAS EM PASTA DIET
0118,GELATINA DIET
0118,GELATINA DIETETICA
0118,DOCE DE PESSEGO EM CALDA DIET
0118,SORVETE DE QUALQUER SABOR INDUSTRIALIZADO DIET
0118,SORVETE INDUSTRIALIZADO DIET
0118,PICOLE INDUSTRIALIZADO DIET
0118,SORVETE DE QUALQUER SABOR INDUSTRIALIZADO DIETETICO
0118,CHICLETE LIGHT
0118,BALA LIGHT
0118,GOMA DE MASCAR LIGHT
0118,BALAS LIGHT
0118,CHICLETE DIET
0118,BALA DIET
0118,PASTILHA DIET
0118,CHICLE DIET
0118,GOMA DE MASCAR DIET
0118,BALAS DIET
0118,CHICLETE DIETETICO
0118,PASTILHA DIETETICA
0118,BALAS SORTIDAS DIETETICAS
0118,CHOCOLATE EM TABLETE LIGHT
0118,TABLETE DE CHOCOLATE DIET
0118,BARRA DE CHOCOLATE DIET
0118,CHOCOLATE EM TABLETE DIET
0118,CHOCOLATE EM BARRA DIET
0118,BARRA DE CHOCOLATE DIETETICO
0118,CHOCOLATE EM PO DE QUALQUER MARCA LIGHT
0118,CHOCOLATE NESCAU LIGHT
0118,CHOCOLATE EM PO TODDY LIGHT
0118,CHOCOLATE EM PO NESCAU LIGHT
0111,TODDY LIGHT
0118,NESCAU LIGHT
0118,ACHOCOLATADO EM PO LIGHT
0118,CHOCOLATE EM PO DE QUALQUER MARCA DIET
0118,CHOCOLATE EM PO TODDY DIET
0118,ACHOCOLATADO EM PO DIET
0118,BOMBOM DE QUALQUER MARCA LIGHT
0118,BOMBOM CARAMELIZADO DE QUALQUER MARCA LIGHT
0118,BOMBONS SORTIDOS DE QUALQUER MARCA LIGHT
0118,BOMBOM DE QUALQUER MARCA DIET
0118,TRUFA DIET
0118,GELEIA DE FRUTAS DE QUALQUER MARCA OU SABOR LIGHT
0118,GELEIA LIGHT
0118,DOCE DE FRUTAS EM PASTA LIGHT
0118,PUDIM DE QUALQUER SABOR DIETETICO
0118,DOCE DE LEITE DIET
0118,GELADINHO LIGHT
0118,CHOCOLATE GRANULADO DIET
0118,CHOCOLATE EM CREME LIGHT
0118,CHOCOLATE EM CREME DIET
0118,KINDER OVO LIGHT
0111,BARRA DE CEREAIS DIET
0111,BARRA DE CEREAIS DIETETICA
0118,SOBREMESA DE QUALQUER TIPO (EXCETO INFANTIL) DIETETICA
0118,COCADA DIET
0118,COCADA DIETETICA
0118,PE DE MOLEQUE DIET
0118,PACOCA DIET
0118,PACOQUINHA DE AMENDOIM DIET
0118,BRIGADEIRO DIET
0118,GELATINA LIGHT
0118,GELATINA EM PO LIGHT
0118,ADOCANTE LIGHT
0118,ADOCANTE EM PO LIGHT
0111,BARRA DE CEREAIS LIGHT
0118,ACUCAR DIET
0114,DOCE DE LEITE ZERO LACTOSE
0118,SORVETE SEM LACTOSE
0118,BALA SEM GLUTEN
0118,ACUCAR DEMERARA
0118,ACUCAR MASCAVO
0118,ACUCAR MASCAVADO
0118,RAPADURA
0118,BATIDA (RAPADURA)
0118,RAPADURA COM COCO
0118,RAPADURA COM LEITE
0118,RAPADURA COM AMENDOIM
0118,RAPADURA COM CASTANHA
0118,SORVETE DE QUALQUER SABOR INDUSTRIALIZADO
0118,PICOLE DE QUALQUER SABOR INDUSTRIALIZADO
0118,MASSA DE SORVETE
0118,SORVETE INDUSTRIALIZADO
0118,PICOLE INDUSTRIALIZADO
0118,CREMOSINHO (SORVETE)
0118,SORVETE ARTESANAL
0118,CHICLETE
0118,MENTEX
0118,BALA
0118,CARAMELO (BALA)
0118,DROPS
0118,PASTILHA
0118,PIRULITO
0118,CHICLE
0118,GOMA DE MASCAR
0118,JUJUBA
0118,BALAS
0118,BALAS SORTIDAS
0118,BALINHA
0118,BALA DE GOMA
0118,TABLETE DE CHOCOLATE
0118,BARRA DE CHOCOLATE
0118,CHOCOLATE EM TABLETE
0118,CHOCOLATE EM BARRA
0118,CHOCOLATE BISS (TABLETE)
0118,CONFETE
0118,CHOCOLATE BATOM
0118,BATON CHOCOLATE
0118,TUBETE DE CHOCOLATE
0118,PASTILHA DE CHOCOLATE
0118,CHOCOLATE EM PO DE QUALQUER MARCA
0118,CHOCOLATE NESCAU
0118,CHOCOLATE TODDY
0118,CHOCOLATE EM PO TODDY
0118,CHOCOLATE EM PO NESCAU
0118,TODDY INSTANTANEO
0118,QUICK
0118,TODDY VITAMINADO
0118,TODDY
0118,NESCAU
0118,NESCAU VITAMINADO
0118,NESCAU INSTANTANEO
0118,OVOMALTINE
0118,PO ACHOCOLATADO
0118,PO PARA MILK SHAKE
0118,ACHOCOLATADO EM PO
0118,TODDYNHO EM PO
0118,NESQUIK
0118,BOMBOM DE QUALQUER MARCA
0118,BOMBOM CARAMELIZADO DE QUALQUER MARCA
0118,BOMBONS SORTIDOS DE QUALQUER MARCA
0118,TRUFA
0118,GELEIA DE FRUTAS DE QUALQUER MARCA OU SABOR
0118,MOUSSE DE QUALQUER MARCA (GELEIA)
0118,MOUSSE DE QUALQUER SABOR (GELEIA)
0118,GELEIA DE DAMASCO
0118,GELEIA DE MOCOTO
0118,DOCE DE FRUTAS EM PASTA DE QUALQUER SABOR
0118,PASTA DE AMENDOIM
0118,CREME DE AMENDOIM
0118,MARMELADA
0118,DOCE DE FRUTAS EM BARRA OU TIJOLO DE QUALQUER SABOR
0118,FIGADA
0118,BANANADA (EM BARRA OU TIJOLO)
0118,GOIABADA
0118,DOCE DE ABOBORA EM PASTA
0118,DOCE DE MORANGO EM PASTA
0118,DOCE DE BATATA MARROM GLACE
0118,DOCE DE AMEIXA EM PASTA
0118,DOCE DE CACAU EM PASTA
0118,PASTA DE CACAU
0118,DOCE DE FRUTAS EM TABLETE DE QUALQUER SABOR
0118,DOCE DE CAJU EM PASTA OU BARRA
0118,MARIOLA
0118,DOCE DE FEIJAO EM PASTA
0118,DOCE DE MAMAO EM PASTA
0118,DOCE DE MILHO VERDE EM PASTA
0118,DOCE DE BANANA EM PASTA OU BARRA
0118,DOCE DE COCO EM PASTA OU BARRA
0118,DOCE DE BURITI EM PASTA OU BARRA
0118,DOCE DE CAJU EM BARRA
0118,DOCE DE GOIABA EM PASTA OU BARRA
0118,DOCE DE UVA EM PASTA OU BARRA
0118,DOCE DE ABOBORA COM COCO
0118,PATE DE FRUTAS
0118,BANANADA
0118,DOCE DE FRUTAS EM CALDA DE QUALQUER SABOR
0116,FIGO EM CALDA
0116,AMEIXA EM CALDA
0116,PESSEGO EM CALDA
0116,SALADA DE FRUTAS EM CALDA
0116,ABACAXI EM CALDA
0116,GOIABA EM CALDA
0116,CEREJA EM CALDA
0116,DOCE DE JACA EM CALDA
0116,DOCE DE PESSEGO EM CALDA
0118,DOCE DE FRUTAS CRISTALIZADO DE QUALQUER SABOR
0118,DOCE DE ABACAXI CRISTALIZADO
0118,DOCE DE LARANJA CRISTALIZADO
0118,DOCE DE FIGO CRISTALIZADO
0118,DOCE DE GOIABA CRISTALIZADO
0118,DOCE DE CAJU CRISTALIZADO
0118,DOCE DE BANANA CRISTALIZADO
0118,FRUTAS CRISTALIZADAS (DOCE)
0118,MELADO
0118,MELADO DE CANA
0118,MEL DE ABELHA
0118,MEL
0118,MEL COM PROPOLIS
0118,MEL COMPOSTO
0118,GELATINA
0118,GELATINA EM PO
0118,GELATINA EM FOLHA
0118,ADOCANTE ARTIFICIAL
0118,SACARINA
0118,ZERO CAL
0118,ADOCANTE CULINARIO
0118,GLICOSE DE MILHO
0118,KARO
0118,GLACE
0118,MERENGUE
0118,ACUCAR DE CONFEITEIRO
0122,CORANTE DE CAFE
0122,MISTURA DE CAFE
0118,CONFEITOS DE BOLOS E DOCES
0118,CORANTES DE BOLOS E DOCES
0118,CONFEITO DE CHOCOLATE
0118,CONFEITO DE AMENDOIM
0118,CONFEITO NAO-ESPECIFICADO
0118,CONFEITO DE MENTA
0119,CORANTE DE BOLO E DOCE
0118,MARSHMALLOW
0118,SCHIMIER DE COLONIA
0116,FRUTA SECA OU DESIDRATADA
0116,PASSA
0116,AMEIXA SECA OU DESIDRATADA
0116,TAMARA SECA OU DESIDRATADA
0116,MACA SECA OU DESIDRATADA
0116,DAMASCO SECO OU DESIDRATADO
0117,BANANA SECA OU DESIDRATADA
0116,PESSEGO SECO OU DESIDRATADO
0116,FIGO SECO OU DESIDRATADO
0116,FRUTA DESIDRATADA
0116,AMEIXA DESIDRATADA
0116,TAMARA DESIDRATADA
0116,MACA DESIDRATADA
0116,DAMASCO DESIDRATADO
0116,ABACAXI DESIDRATADO
0117,BANANA PASSA
0116,CAJU DESIDRATADO
0118,SOBREMESA INFANTIL DE QUALQUER MARCA E SABOR
0118,DOCE INFANTIL EM POTE DE QUALQUER MARCA E SABOR
0118,PUDIM DE QUALQUER SABOR
0118,PUDIM DE COCO
0118,PUDIM DE QUEIJO
0118,PUDIM DE LEITE CONDENSADO
0118,PUDIM DE LARANJA
0118,DANETTE PUDIM
0118,PUDIM DANETTE
0114,MANJAR
0118,"MISTURA INDUSTRIAL DE DOCE, SORVETE E PUDIM"
0118,FLAN EM PO
0118,"PO DE DOCE, SORVETE E PUDIM"
0118,PO DE FLAN
0118,PO DE MINGAU DE MILHO VERDE
0119,MASSA PARA MINGAU NAO-ESPECIFICADA
0118,MASSA DOCE NAO-ESPECIFICADA
0119,PO PARA MINGAU NAO-ESPECIFICADO
0118,MOUSSE EM PO
0118,PO PARA SORVETE
0118,BASE PARA SORVETE
0118,PO PARA PUDIM
0111,CUSCUZ
0111,CUSCUZ DE TAPIOCA
0111,CUSCUZ DE ARROZ
0111,CUSCUZ DE FUBA
0111,CUSCUZ DE MILHO
0111,MASSA DE CUSCUZ
0118,MARIA MOLE
0118,COCADA
0118,QUEBRA QUEIXO
0118,DOCE DE AMENDOIM
0118,PE DE MOLEQUE
0118,PACOCA
0118,TORRAO DE AMENDOIM
0118,PACOQUINHA DE AMENDOIM
0118,PACOCA DE CASTANHA DE CAJU
0118,AMENDOIM CARAMELIZADO
0118,AMENDOIM ACHOCOLATADO
0118,PE DE MOCA
0118,DOCE DE ABOBORA
0118,DOCE DE BATATA DOCE
0118,BRIGADEIRO
0118,DOCE DE CHOCOLATE
0118,BOLINHO DE BRIGADEIRO
0118,BOMBA DE QUALQUER TIPO
0111,MIL FOLHAS
0111,QUEIJADINHA
0111,QUEIJADA
0118,CACAROLA ITALIANA
0118,QUINDIM
0118,PAPO DE ANJO
0119,FIOS DE OVOS
0118,DOCE A BASE DE LEITE
0118,PAVE
0118,AMBROSIA
0118,LEITE GELEIFICADO
0118,CHANDELE DE QUALQUER SABOR
0114,DOCE DE LEITE
0114,MUMU
0118,DOCE DE LEITE COM AMEIXA
0118,DOCE DE LEITE COM AMENDOIM
0118,DOCE DE LEITE COM COCO
0118,DOCE DE LEITE COM CHOCOLATE
0118,DOCE DE LEITE COM BANANA
0118,DOCE DE LEITE COM GOIABA
0118,DOCE DE LEITE COM MAMAO
0119,CANUDINHO RECHEADO
0119,CANUDINHO PARA RECHEAR
0118,SAROLHO
0118,BEIJU
0118,BEIJU DE TAPIOCA
0118,MASSA DE BEIJU
0118,TAPIOCA (BEIJU)
0118,TAPIOCA COM COCO
0118,TAPIOCA DE QUEIJO
0118,BEIJU DE COCO
0118,MAL- CASADO
0118,SCHIMIER DE FRUTA (EXCETO DE CANA)
0118,BEIJO DE MOCA
0118,PICOLE ENSACADO
0118,DINDIM (PICOLE ENSACADO)
0118,SACOLE (PICOLE ENSACADO)
0118,CHUP-CHUP (PICOLE ENSACADO)
0118,PICOLE CASEIRO
0118,SORVETE CASEIRO
0118,GELADINHO
0111,DOCE CONFEITADO DE QUALQUER TIPO
0111,CHURRO
0119,PAMONHA
0118,CHOCOLATE GRANULADO
0118,ADOCANTE NATURAL CONCENTRADO
0118,ADOCANTE CONCENTRADO NATURAL
0118,ALGODAO-DOCE
0118,"COBERTURA DE QUALQUER SABOR (DE SORVETE, ETC.)"
0118,CHOCOLATE EM CREME
0118,NUCITA (CHOCOLATE EM CREME)
0118,IOIO CREME (CHOCOLATE EM CREME)
0118,CREME DE BRIGADEIRO
0118,CREME DE CHOCOLATE
0118,OVO DE PASCOA
0118,COELHINHO DA PASCOA DE CHOCOLATE
0118,CHOCOLATE COELHINHO DA PASCOA
0118,KINDER OVO
0118,PAPAI NOEL DE CHOCOLATE
0118,TORRONE
0118,DOCE TORRONE
0118,MANDOLATE
0118,ARROZ-DOCE
0118,PROPOLIS
0118,GELEIA REAL
0118,ACUCAR INDETERMINADO
0118,ACUCAR
0118,ACUCAR COMUM
0118,ACUCAR DE BAUNILHA
0118,ACUCAR TRITURADO
0118,ACUCAR MOIDO
0118,ADOCANTE INDETERMINADO
0118,ADOCANTE
0118,ADOCANTE EM PO
0118,ADOCANTE LIQUIDO
0111,BARRA DE CEREAIS
0111,BARRA DE CEREAIS DOCE
0111,BARRA DE CEREAL
0119,SOBREMESA DE QUALQUER TIPO (EXCETO INFANTIL)
0118,RABANADA
0118,DOCE NAO-ESPECIFICADO
0118,DOCE
0111,PASTEIS DE SANTA CLARA
0111,SUSPIRO
0118,ACUCAR DEMERARA ORGANICO
0118,ACUCAR MASCAVO ORGANICO
0118,ACUCAR PRETO ORGANICO
0118,ACUCAR MASCAVADO ORGANICO
0118,ACUCAR INDETERMINADO ORGANICO
0118,ACUCAR ORGANICO
0118,ACUCAR COMUM ORGANICO
0118,MEL DE ABELHA ORGANICO
0118,MEL ORGANICO
0111,ARROZ CARAMELIZADO
0118,DOCE DE GERGELIM
0118,CREME DE AVELA
0118,ARROZ DOCE
0111,CASQUINHA DE SORVETE
0118,ACUCAR DE COCO
0118,DOCE DE FRUTAS NAO ESPECIFICADO
0118,DOCE DE CANELA
0118,DOCE DE SAGU
0118,MACA DO AMOR
0118,PALHA ITALIANA
0118,BARRA DE PROTEINA
0118,MOUSSE DE QUALQUER SABOR
0118,CREME DE CASTANHA
0118,PETIT GATEAU
0118,CHEESECAKE
0118,ACHOCOLATADO EM CAPSULA
0118,ALFARROBA
0118,BOMBOCADO
0118,BEIJINHO
0118,DRAGEADO
0118,PASTEL DE BELEM
0111,TARTELETE
0111,TOUCINHO DO CEU
0118,NHA BENTA
0118,ROLINHO BANANA E CHOCOLATE
0118,MISTURA PARA SAGU INDUSTRIALIZADA
0118,FRUTAS COBERTAS COM CHOCOLATE
0118,DOCE PUXA-PUXA
0111,CUPCAKE
0111,BROWNIE
0118,PASTA AMERICANA
0117,TOMATE
0117,TOMATE PAULISTA
0117,TOMATE MACA
0117,TOMATE PERA
0117,TOMATE JAPONES
0117,TOMATE VERDE
0117,TOMATE CAQUI
0117,TOMATE CEREJA
0117,TOMATE SALADA
0117,TOMATE ITALIANO
0117,TOMATE ORGANICO
0117,TOMATE PERA ORGANICO
0117,CEBOLA
0117,CEBOLA CABECA BRANCA
0117,CEBOLA BRANCA
0117,CEBOLA ROXA
0117,CEBOLA DO REINO
0117,CEBOLA PERA
0117,CEBOLA GIGANTE
0117,CEBOLA VERMELHA
0117,CEBOLA EM CABECA BRANCA
0117,CEBOLA ARGENTINA
0117,CEBOLA DE CABECA
0117,CEBOLA AMARELA
0117,CEBOLA NACIONAL
0117,CEBOLA ORGANICA
0117,ALFACE
0117,ALFACE PAULISTA
0117,ALFACE REPOLHUDA
0117,ALFACE AMARGA
0117,ALFACE CRESPA
0117,ALFACE ROMANA
0117,ALFACE MANTEIGA
0117,ALFACE LISA
0117,ALFACE AMERICANA
0117,ALFACE HIDROPONICA
0117,ALFACE ROXA
0117,ALFACE BRANCA
0117,ALFACE MIMOSA
0117,ALFACE ORGANICA
0117,ALFACE AMARGA ORGANICA
0117,ALFACE CRESPA ORGANICA
0117,ALFACE LISA ORGANICA
0117,ALFACE AMERICANA ORGANICA
0117,ALFACE HIDROPONICA ORGANICA
0117,ALFACE ROXA ORGANICA
0117,BERTALHA
0117,CHICORIA
0117,CHICORIA CRESPA
0117,ESCAROLA
0117,ENDIVIA
0119,COENTRO (VERDURA)
0119,COENTRO EM FOLHA
0117,COUVE
0117,COUVE MANTEIGA
0117,COUVE REPOLHUDA
0117,COUVE CRESPA
0117,COUVE DE FOLHAS
0117,COUVE PICADA
0117,COUVE FLOR
0117,ESPINAFRE
0119,MOSTARDA (VERDURA)
0119,MOSTARDA EM FOLHA
0117,REPOLHO
0117,REPOLHO BRANCO
0117,REPOLHO ROXO
0117,REPOLHO VERDE
0117,REPOLHO LISO
0119,SALSA
0119,SALSINHA
0119,SALSINHA VERDE
0117,CEBOLINHA
0117,CEBOLINHA VERDE
0117,CEBOLINHA DE TODO O ANO
0117,CEBOLA DE TODO O ANO (CEBOLINHA VERDE)
0119,CHEIRO VERDE
0119,SALSA E CEBOLINHA
0119,COENTRO E CEBOLINHA
0119,TEMPERO VERDE
0119,AGRIAO
0119,AGRIAO COMUM
0119,AGRIAO DE AGUA
0119,AGRIAO HIDROPONICO
0117,TAIOBA
0117,TAIA
0117,ACELGA
0117,BETERRABA BRANCA (ACELGA)
0117,ALMEIRAO
0117,RADITE
0117,CHICORIA AMARGA (ALMEIRAO)
0117,ALMEIRAO ROXO
0117,COUVE BROCOLOS
0117,COUVE BROCOLIS
0117,BROCOLOS
0117,BROCOLIS
0117,BROCOLIS HIBRIDO
0117,BROCOLIS JAPONES
0117,SERRALHA
0117,CARURU
0117,CUXA
0119,VINAGREIRA
0117,QUIABO AZEDO (CARURU)
0117,QUIABO ROXO (CARURU)
0117,QUIABO ROSA (CARURU)
0117,QUIABO DE ANGOLA (CARURU)
0117,CARIRU
0117,RUCULA
0117,JAMBU
0117,MARIA GORDA
0117,JOAO GOMES
0117,ALCACHOFRA
0111,AMARANTO
0117,AIPO
0117,SALSAO (AIPO)
0117,COUVE CHINESA
0119,ERVA DOCE
0119,AZEDINHA
0117,BROTO DE FEIJAO
0117,MOYASHI
0117,ABOBORA MOGANGA
0117,ABOBORA MOCANGA
0117,ABOBORA MORANGA
0117,ABOBORA CARNEIRA
0117,ABOBORA DE PORCO
0117,MORANGA
0117,MORANGA JAPONESA
0117,MORANGA CABUTIA
0117,ABOBORA MORANGUINHA
0117,ABOBORA JAPONESA
0117,ABOBORA MENINA
0117,ABOBORA GRANDE
0117,ABOBORA GIGANTE
0117,ABOBORA BAIANA
0117,ABOBORA VERMELHA
0117,ABOBORA DA BAHIA
0117,ABOBORA MARANHAO
0117,ABOBORA MELAO
0117,ABOBORA DE AGUA
0117,ABOBORA DAGUA
0117,ABOBRINHA
0117,ABOBRINHA VERDE
0117,ABOBRINHA ITALIANA
0117,ABOBRINHA BRASILEIRA
0117,ABOBORA JAPONESA (ABOBRINHA)
0117,ABOBORA BAIANINHA (ABOBRINHA)
0117,CAXI
0117,ABOBORA VERDE
0117,ABOBORA DE PESCOCO
0117,ABOBORA DE CABOCLO
0117,ABOBORA DO SERTAO
0117,ABOBORA JACARE
0117,JERIMUM
0117,JERIMUM DE LEITE
0117,JERIMUM CABOCLO
0117,JERIMUM JACAREZINHO
0117,ABOBORA CABOCLO
0117,ABOBORA DE LEITE
0117,ABOBORA
0117,ABOBORA COMUM
0117,ABOBORA MADURA
0117,PEPINO
0117,PEPINO JAPONES
0117,CHUCHU
0117,CAXIXE
0117,JILO
0117,JILO PAULISTA
0117,JILO JAPONES
0117,MAXIXE
0117,MAXIXO
0117,MAXIXE DO MATO
0117,PEPININHO (MAXIXE)
0117,PEPINO DE ESPINHO (MAXIXE)
0117,PALMITO IN NATURA
0117,PALMITO DOCE IN NATURA
0117,PALMITO MOLE IN NATURA
0117,PALMITO ACAI IN NATURA
0117,PALMITO JUCARA IN NATURA
0117,GUARIROBA (PALMITO IN NATURA)
0117,GUEIROBA (PALMITO IN NATURA)
0117,GUEROBA (PALMITO IN NATURA)
0117,PIMENTAO
0117,PIMENTAO VERDE
0117,PIMENTAO MADURO
0117,PIMENTAO AMARELO
0117,PIMENTAO VERMELHO
0117,PIMENTAO LARANJA
0117,PIMENTAO ROXO
0117,PIMENTA MALAGUETA
0117,PIMENTA CUMARI IN NATURA
0117,PIMENTA DE CUMARI IN NATURA
0117,PIMENTA DE CHEIRO
0117,PIMENTA MURUPI IN NATURA
0117,PIMENTA BODE IN NATURA
0117,PIMENTA DOCE IN NATURA
0117,PIMENTA CHEIROSA
0117,PIMENTA PASSARINHO IN NATURA
0117,PIMENTINHA CUMARI
0117,CEBOLINHA BRANCA
0117,QUIABO
0117,VAGEM
0117,VAGEM MANTEIGA
0117,FEIJAO VERDE EM VAGEM
0117,FEIJAO VAGEM
0117,COGUMELO IN NATURA
0117,BERINJELA
0117,BRINJELA
0117,ERVILHA EM VAGEM
0117,ERVILHA DE VAGEM
0117,CABACA
0117,CABACA VERDE
0117,CATALONIA
0117,JARDINEIRA (SELETA)
0117,SELETA (JARDINEIRA)
0117,ALHO PORRO
0117,ALHO PORO
0117,ABOBORA PAULISTA
0117,ABOBORA CABOTIAN
0117,ABOBORA CABOTIA
0117,ABOBORA CABUTIA
0117,ABOBORA KABUTIA
0117,ABOBORA GOIANINHA
0117,ABOBORA HIBRIDA
0117,ABOBORA SECA
0117,ABOBRINHA CAIPIRA
0117,ABOBRINHA BRANCA
0117,BROTO DE ALFAFA
0119,ALECRIN
0119,ALECRIM
0117,PIMENTA IN NATURA NAO-DISCRIMINADA
0117,PIMENTA IN NATURA (NAO-DISCRIMINADA)
0117,PIMENTA NAO ESPECIFICADA IN NATURA
0117,PALMITO JUCARA IN NATURA ORGANICO
0117,PIMENTAO ORGANICO
0117,BROCOLIS ORGANICO
0117,COUVE ORGANICA
0117,ESPINAFRE ORGANICO
0117,PIMENTA DEDO DE MOCA
0117,VAGEM ORGANICA
0117,PIMENTA CAMBUCI
0119,SALSA ORGANICA
0117,ALMEIRAO ORGANICO
0119,CAPIM SANTO
0117,RUCULA ORGANICA
0117,ASPARGO (IN NATURA)
0119,MASTRUZ
0117,COUVE DE BRUXELAS
0117,REPOLHO ORGANICO
0117,JILO ORGANICO
0117,PEPINO ORGANICO
0119,ORA PRO NOBIS
0119,CAMOMILA (EM FOLHA)
0119,CARQUEJA (EM FOLHA)
0117,ABOBRINHA ORGANICA
0117,ACELGA ORGANICA
0117,ALCACHOFRA ORGANICA
0117,BERINJELA ORGANICA
0117,CEBOLINHA ORGANICA
0119,HORTELA ORGANICA EM FOLHA
0117,ESCAROLA ORGANICA
0119,SALSINHA ORGANICA
0117,CHUCHU ORGANICO
0119,COENTRO ORGANICO
0117,QUIABO ORGANICO
0117,REPOLHO ROXO ORGANICO
0117,COGUMELO SHITAKE ORGANICO
0117,BELDROEGA
0117,BROTO DE TREVO
0119,MELISSA
0117,PIMENTA BIQUINHO
0117,PIMENTA AMERICANA
0117,ABOBORA NAO ESPECIFICADA
0119,HIBISCO
0119,FOLHA DE PITANGUEIRA
0119,FOLHAS DE GUACO
0119,FOLHAS DE QUIOIO
0119,ERVA LUIZA
0119,BALSAMO
0119,ESTRELA DE ANIS
0119,EUCALIPTO
0119,NIGAGORI
0117,HORTALICA NAO ESPECIFICADA
0117,TREVO DE QUATRO FOLHAS
0117,ALGA (FOLHA)
0117,BROTO DE BROCOLIS
0119,CASCARA SAGRADA
0119,FLOR COMESTIVEL
0116,BANANA DE AGUA
0116,BANANA NANICA
0116,BANANA MANGALO
0116,BANANA INGLESA
0116,BANANA PETICA
0116,BANANA CATARINA
0116,BANANA CHORONA
0116,BANANA PEROA
0116,BANANA CASCA VERDE
0116,BANANA CATURRA
0116,BANANA ANA
0116,BANANA DAGUA
0116,BANANA PRATA
0116,BANANA AMARELA
0116,BANANA BICO VERDE
0116,BANANA BRANCA
0116,BANANA DA PRATA
0116,BANANA OURO
0116,BANANA REAL
0116,BANANA MACA
0116,BANANA COCO
0116,BANANA LEITE
0116,BANANA PERA
0116,BANANA FIGO
0116,BANANA CACAU
0116,BANANA CAFE
0116,BANANA CAIXAO
0116,BANANA CASADA
0116,BANANA CASCA GROSSA
0116,BANANA CHOCOLATE
0116,BANANA CORUJA
0116,BANANA MURICI
0116,BANANA PAO
0116,BANANA ROSA
0116,BANANA TRES QUINAS
0116,MASSA DE BANANA
0116,BANANA MARMELO
0116,BANANA ROXA
0116,BANANA CURTA
0116,BANANA DA TERRA
0116,BANANA PACOVA
0116,BANANA CHIFRE DE VACA
0116,BANANA COMPRIDA
0116,BANANA GRANDE
0116,BANANA PACOVAN
0116,BANANA (NAO-ESPECIFICADA)
0116,BANANA NAO-ESPECIFICADA
0116,BANANA PRATA ORGANICA
0116,BANANA NAO-ESPECIFICADA ORGANICA
0116,BANANA ORGANICA
0116,LARANJA LIMA
0116,LARANJA DOCINHA
0116,LARANJA SERRA DE AGUA
0116,LARANJA ACUCAR
0116,LARANJA DO CEU
0116,LARANJA DE AGUA
0116,LARANJA CELESTE
0116,LARANJA MIMO
0116,LARANJA ILHOA
0116,LARANJA MEL
0116,LARANJA PARATI
0116,LARANJA DA ILHA
0116,LARANJA MIMO DO CEU
0116,LARANJA BAIAO
0116,LARANJA SELETA
0116,LARANJA SELETA DO RIO
0116,LARANJA PAULISTA
0116,LARANJA CAMPISTA
0116,LARANJA FOLHA MURCHA
0116,LARANJA ROSA
0116,LARANJA FLOR
0116,LARANJA MACA
0116,LARANJA PERA
0116,LARANJA NATAL
0116,LARANJA CAPETA
0116,LARANJA OURO
0116,LARANJA ACIDA
0116,LARANJA CASCA FINA
0116,LARANJA CITRICA
0116,LARANJA PERA DO RIO
0116,LARANJA COMUM
0116,LARANJA BAHIA
0116,LARANJA DE UMBIGO
0116,LARANJA BAIANINHA
0116,LARANJA VALENCIA
0116,LARANJA DA TERRA
0116,LARANJA AZEDA
0116,LARANJA BRANCA
0116,LARANJA DE DOCE
0116,LARANJA (NAO-ESPECIFICADA)
0116,LARANJA NAO-ESPECIFICADA
0116,LARANJA CHAMPAGNE
0116,LARANJA CHINA
0116,MACA
0116,MACA ACIDA
0116,MACA DOCE
0116,MACA VERDE
0116,MACA VERMELHA
0116,MACA ARGENTINA
0116,MACA NACIONAL
0116,MACA FUGI
0116,MACA GALA
0116,MACA IMPORTADA
0116,MACA FUJI
0116,MACA ORGANICA
0116,MACA VERDE ORGANICA
0116,MACA VERMELHA ORGANICA
0116,MACA ARGENTINA ORGANICA
0116,MACA NACIONAL ORGANICA
0116,MACA FUGI ORGANICA
0116,MACA GALA ORGANICA
0116,MACA IMPORTADA ORGANICA
0116,MACADAMIA
0116,LIMA
0116,LIMA DA PERSIA
0116,LIMA COMUM
0116,LIMAO COMUM
0116,LIMAO AZEDO
0116,LIMAO DE MOLHO
0116,LIMAO SILVESTRE
0116,LIMAO CHINA
0116,LIMAO ROSA
0116,LIMAO PAULISTA
0116,LIMAO TAITI
0116,LIMAO CRAVO
0116,LIMAO BRANCO
0116,LIMAO HAWAI
0116,LIMAO CAPETA
0116,LIMAO GALEGO
0116,LIMAO VERDADEIRO
0116,LIMAO VERMELHO
0116,LIMAO BERGAMOTA
0116,LIMAO VINAGRE
0116,TANGERINA
0116,MEXERICA
0116,MIXIRICA
0116,MEXERICA RIO
0116,MEXIRICA MURKOT
0116,MIXIRICA MURKOT
0116,MEXIRICA POKAN
0116,MIXIRICA POKAN
0116,MEXIRICA CRAVO
0116,TANGERINA POKAN
0116,TANGERINA CRAVO
0116,MEXIRICA PERA
0116,POKAN
0116,BERGAMOTA
0116,MIMOSA
0116,TANGERINA MONGORT
0116,LARANJA MONGORT
0116,LARANJA CRAVO
0116,LARANJA MORGOT
0116,TANJA
0116,MEXIRICA CARIOCA
0116,MEXIRICA MARICOTA
0116,MARICOTA
0116,LARANJA POKAN
0116,MEXIRICA
0116,MURGOTE (TANGERINA)
0116,MORICOTA
0116,CIDRA
0116,TORANJA
0116,GRAPE FRUIT
0116,KINKAN
0118,CANA DE ACUCAR
0116,ABACAXI
0116,ANANAS
0116,ABACAXI CAIANO
0116,ABACAXI PEROLA
0116,ABACATE
0116,CAQUI
0116,CAQUI CHOCOLATE
0116,CAQUI CAFE
0116,CAQUI DURO
0116,CAQUI FUJI
0116,CAQUI MOLE
0116,FIGO
0116,MAMAO
0116,MAMAO VERDE
0116,MAMAO HAVAI
0116,MAMAO DO AMAZONAS
0116,MAMAO PAPAIA
0116,MAMAO VERMELHO
0116,MAMAO BAIANO
0116,MAMAO FORMOSA
0116,MAMAO PAULISTA
0116,MANGA
0116,MANGA COQUINHO
0116,MANGA ESPADINHA
0116,MANGA UBA
0116,MANGA CORACAO DE BOI
0116,MANGA ITAMARACA
0116,MANGA ROSINHA
0116,MANGA ROSA
0116,MANGA COITE
0116,MANGA CARLOTINHA
0116,MANGA ESPADA
0116,MANGUITO
0116,MANGA BACURI
0116,MANGA DE FIAPO
0116,MANGA TOMMY
0116,MANGA DE MESA
0116,MANGA HADEN
0116,MANGA PALMER
0116,MARACUJA
0116,MARACUJA REDONDO
0116,MARACUJA MELAO
0116,MARACUJA COMUM
0116,MARACUJA DOCE
0116,MARACUJA PEROBA
0116,MARACUJA ACU
0116,MARACUJA AMARELO
0116,MARACUJA MAMAO
0116,MARACUJA DE BOI
0116,MARACUJA GRANDE
0116,MARACUJA AZEDO
0116,MARACUJINA EM FRUTO
0116,MELANCIA
0116,MELAO
0116,MELAO AMARELO
0116,MELAO ESPANHOL
0116,MELAO GAUCHO
0116,MELAO JAPONES
0116,MELAO CAIPIRA
0116,MELAO COLONIAL
0116,MELAO ORANGE
0116,MELAO VALENCIANO
0116,MELAO PELE DE SAPO
0116,MELAO GALIA
0116,PERA
0116,PERA DE AGUA
0116,PERA ACIDA
0116,PERA DAGUA
0116,PESSEGO
0116,FRUTA DE CONDE
0116,PINHA (FRUTA DE CONDE)
0116,ATA
0116,UVA
0116,UVA NIAGARA
0116,UVA MOSCATEL
0116,UVA PRETA
0116,UVA ROSA
0116,UVA NACIONAL
0116,UVA VERDE
0116,UVA ITALIA
0116,UVA ROXA
0116,UVA RUBI
0116,UVA BRANCA
0116,UVA PASSA
0116,UVA BENITAKA
0116,UVA RED GLOBE
0116,UVA THOMPSON
0116,JENIPAPO
0116,JACA
0116,JACA DURA
0116,JACA DA BAHIA
0116,GOIABA
0116,AMEIXA
0116,AMEIXA VERMELHA
0116,AMEIXA PRETA
0116,AMEIXA IMPORTADA
0116,AMEIXA FRESCA
0116,CAJU
0116,CEREJA
0116,CAJA MANGA
0116,CAJARANA
0116,CAJA UMBU
0116,TAPEREBA
0116,CAJA PEQUENO
0116,CARAMBOLA
0116,JABOTICABA
0116,JABUTICATUBA
0116,JABUTICABA
0116,GRAVIOLA
0116,MORANGO
0116,MORANGUINHO
0116,JAMBO
0116,JAMBO ROXO
0116,ATEMOIA
0116,MANGABA
0116,ARACA
0116,GOIABA ARACA (ARACA)
0116,NESPERA
0116,AMEIXA DO JAPAO (NESPERA)
0116,AMEIXA AMARELA (NESPERA)
0116,FRUTA PAO
0116,SAPOTI
0116,UXI
0116,TAMARINDO
0116,TAMARINO
0118,CACAU
0116,PITOMBA
0116,BACURI
0117,INGA
0117,INGA CIPO
0116,PEQUI
0116,PIQUI
0116,PIQUIA
0116,PITANGA
0116,CIRIGUELA
0116,MURICI
0116,UMBU
0116,AMBU
0116,IMBU
0116,BIRIBA
0116,CUPUACU
0116,NECTARINA
0116,MARI
0116,ROMA
0116,ACEROLA
0116,KIWI
0116,MANGOSTIM
0116,MANGOSTAO
0116,JURUBEBA
0116,FRUTA (NAO-ESPECIFICADA)
0116,FRUTA NAO-ESPECIFICADA
0116,UVA ORGANICA
0116,UVA RUBI ORGANICA
0116,UVA BENITAKA ORGANICA
0116,UVA RED GLOBE ORGANICA
0116,PESSEGO ORGANICO
0116,MORANGO ORGANICO
0116,MORANGUINHO ORGANICO
0116,ACEROLA ORGANICA
0116,UVA PASSA ORGANICA
0116,CAJU ORGANICO
0116,LIMAO NAO ESPECIFICADO
0116,GOIABA ORGANICA
0116,AMORA
0116,AMORA PRETA (BLACK BERRY)
0116,LICHIA
0116,LIMAO COMUM ORGANICO
0116,ABACAXI ORGANICO
0116,MANGA ORGANICA
0116,LIMAO ORGANICO
0116,MELAO ORGANICO
0116,MARACUJA ORGANICO
0116,PITAIA
0116,GENIPAPO
0116,LIMAO SICILIANO
0116,CRANBERRY
0116,"AJIRU, AJURU, GUAJURU, UAJURU"
0116,APURUI
0116,GUAVIRA
0116,GUAVIROVA
0116,GUABIROVA
0116,MAMAO ORGANICO
0116,PHYSALIS
0116,GOJI BERRY
0116,MIRTILO
0116,FRAMBOESA
0116,RAMBUTAN
0116,FRUTAS VERMELHAS NAO ESPECIFICADAS
0112,FILE MIGNON
0112,FILE SEM MIGNON
0112,FILE COM MIGNON
0112,MIGNON
0112,CONTRAFILE
0112,FILE CURTO
0112,CHULETA COM OSSO (CONTRAFILE)
0112,FILE ESPECIAL
0112,BISTECA BOVINA
0112,CHULETA BOVINA
0112,ANCHO (CONTRAFILE DIANTEIRO)
0112,PORTERHOUSE
0112,ALCATRA
0112,ALCATRA BOVINA
0112,PONTA DE ALCATRA
0112,ALCATRA COM OSSO
0112,MIOLO DE ALCATRA
0112,CHA DE DENTRO
0112,COXAO MOLE (CHA DE DENTRO)
0112,COXAO DE DENTRO (CHA DE DENTRO)
0112,COXAO MOLE
0112,PATINHO
0112,CABECA DE LOMBO (CARNE BOVINA)
0112,BOLA DO PATINHO
0112,PATINHO COM OSSO
0112,LAGARTO REDONDO
0112,PAULISTA REDONDO
0112,POSTA BRANCA
0112,LAGARTO PAULISTA
0112,TATU (LAGARTO REDONDO)
0112,PAULISTA
0112,LOMBO PAULISTA (CARNE BOVINA)
0112,LAGARTO COMUM
0112,POSTA VERMELHA
0112,LAGARTO PLANO
0112,COXAO DE FORA (LAGARTO COMUM)
0112,COXAO DURO (LAGARTO COMUM)
0112,CHA DE FORA
0112,COXAO DURO
0112,CARNE MOIDA DE PRIMEIRA
0112,GUIZADO (CARNE MOIDA DE PRIMEIRA)
0112,CARNE BOVINA DE PRIMEIRA
0112,CARNE BOVINA DE PRIMEIRA COM OSSO
0112,CHA BOVINA NAO-ESPECIFICADA
0112,LAGARTO BOVINO NAO-ESPECIFICADO
0112,LAGARTO RECHEADO
0112,CARNE DE PRIMEIRA NAO-ESPECIFICADA
0112,CARNE DE PRIMEIRA COM OSSO NAO-ESPECIFICADA
0112,BISTECA NAO-ESPECIFICADA
0112,CHULETA NAO-ESPECIFICADA
0112,FILE NAO-ESPECIFICADO
0112,COXAO NAO-ESPECIFICADO
0112,FILE MIGNON ORGANICO
0112,CONTRAFILE ORGANICO
0112,PICANHA ORGANICA
0112,COXAO DE FORA (LAGARTO COMUM) ORGANICO
0112,CARNE BOVINA DE PRIMEIRA ORGANICA
0112,CARNE BOVINA DE PRIMEIRA COM OSSO ORGANICA
0112,MAMINHA
0112,CHAPEU DE BISPO (MAMINHA)
0112,PICANHA
0112,FILE DUPLO
0112,FILE AMERICANO
0112,MEDALHAO BOVINO
0112,ACEM
0112,LOMBO BOVINO
0112,AGULHA (ACEM)
0112,ACEM COM OSSO
0112,LOMBO BOVINO COM OSSO
0112,AGULHA COM OSSO
0112,PONTA DE AGULHA
0112,MIOLO DE ACEM
0112,MIOLO DE AGULHA
0112,AGULHA SEM OSSO
0112,PA
0112,PONTA DA PA
0112,POSTA GORDA
0112,MIOLO DA PA
0112,PALETA
0112,CRUZ MACHADO
0112,PALETA COM OSSO
0112,PA COM OSSO
0112,MIOLO DE PALETA
0112,MIOLO DA PALETA
0112,PA SEM OSSO
0112,BOLA DA PA
0112,MUSCULO BOVINO
0112,MUSCULO DA PA
0112,MUSCULO DO TRASEIRO
0112,GARRAO
0112,MUSCULO DO DIANTEIRO
0112,CHAMBARIL
0112,CARNE DE PESCOCO
0112,CARNE MARICA BOVINA
0112,CARNE DE VAZIO
0112,VAZIO (CARNE BOVINA)
0112,CARNE BOVINA DO VAZIO
0112,MUSCULO COM OSSO
0112,OSSOBUCO
0112,PEITO BOVINO
0112,PONTA DE PEITO
0112,MIOLO DE PEITO BOVINO
0112,CAPA DE FILE
0112,FRALDINHA (CAPA DE FILE)
0112,CAPA DE CONTRAFILE
0112,COSTELA BOVINA
0112,CARNE CHUPA MOLHO
0112,MATAMBRE
0112,PONTA DE COSTELA
0112,COSTELA DE BOI
0112,CARNE MOIDA DE SEGUNDA
0112,GUIZADO (CARNE MOIDA DE SEGUNDA)
0112,CARNE BOVINA DE SEGUNDA
0112,ALCATRINHA COM OSSO (DIANTEIRO DE SEGUNDA)
0112,CARNE BOVINA COM OSSO NAO-ESPECIFICADA
0112,CONTRA FILE DE SEGUNDA
0112,FILE DE SEGUNDA
0112,ALCATRINHA
0112,CARNE BOVINA DE SEGUNDA COM OSSO
0112,CUPIM
0112,CUPIM BOVINO
0112,MUSCULO NAO-ESPECIFICADO
0112,CARNE DE SEGUNDA SEM OSSO NAO-ESPECIFICADA
0112,CARNE DE SEGUNDA NAO-ESPECIFICADA
0112,PEIXINHO (LAGARTO DO BRACO)
0112,CARRE
0112,CHULETA SUINA
0112,COSTELETA SUINA
0112,PALETA SUINA
0112,BISTECA SUINA
0112,PA SUINA
0112,PERNIL SUINO
0112,COXAO SUINO
0112,QUARTO SUINO
0112,COSTELA SUINA
0112,COSTELINHA SUINA
0112,COSTELA DE PORCO
0112,COSTELINHA DE PORCO
0112,CARNE SUINA COM OSSO NAO-ESPECIFICADA
0112,LOMBO SUINO
0112,LOMBINHO SUINO
0112,LOMBO SUINO RECHEADO E TEMPERADO
0112,COPA SUINA
0112,FILE MIGNON SUINO
0112,TOUCINHO
0112,TOUCINHO FRESCO
0112,TOUCINHO DE TORRESMO
0112,PELE SUINA FRESCA
0112,VISCERA SUINA NAO-ESPECIFICADA
0112,MIUDO SUINO NAO-ESPECIFICADO
0112,FISSURA SUINA NAO-ESPECIFICADA
0112,SARAPATEL SUINO FRESCO
0112,CORACAO SUINO
0112,CARNE SUINA NAO-ESPECIFICADA
0112,CARNE DE PORCO NAO ESPECIFICADA
0112,BUCHO SUINO
0112,TRIPA SUINA
0112,FATO SUINO
0112,FIGADO SUINO
0112,LINGUA SUINA
0112,RABO SUINO
0112,RABINHO SUINO
0112,CABECA SUINA
0112,CABECA DE PORCO
0112,ORELHA SUINA FRESCA
0112,SARRABULHO
0112,OSSO SUINO
0112,OSSADA SUINA
0112,MOCOTO SUINO
0112,CARCACA SUINA
0112,PORCO VIVO
0112,SUINO VIVO
0112,CARNE SUINA DE PRIMEIRA NAO-ESPECIFICADA
0112,ALCATRA SUINA
0112,CARNE SUINA SEM OSSO NAO-ESPECIFICADA
0112,CARNE SUINA EM BIFE
0112,BACO SUINO
0112,SUA SUINA
0112,NARIZ SUINO
0112,PE SUINO FRESCO
0112,JOELHO SUINO
0112,PE DE PORCO FRESCO
0112,PORCO OU LEITAO MORTO EVISCERADO
0112,LEITAO MORTO EVISCERADO
0112,PORCO ABATIDO
0112,CARNE SUINA DE SEGUNDA NAO-ESPECIFICADA
0112,MUSCULO SUINO
0112,LOMBO NAO-ESPECIFICADO
0112,PANCETA SUINA
0112,PICANHA SUINA
0112,MEDALHAO SUINO
0112,BARRIGA DE PORCO
0112,FRALDINHA SUINA
0112,PATINHO SUINO
0112,COSTELA E LOMBO SUINO
0112,PE E ORELHA SUINA
0112,RETALHO DE PORCO
0112,RETALHO DE PERNIL
0113,PEIXE SALGADO DE MAR NAO-ESPECIFICADO
0113,PEIXE EM FILE CONGELADO DE MAR NAO-ESPECIFICADO
0113,PEIXE SALGADO ANCHOVA
0113,PEIXE EM FILE CONGELADO ANCHOVA
0113,PEIXE SALGADO CORVINA
0113,PEIXE EM FILE CONGELADO CORVINA
0113,PEIXE SALGADO CAVALINHA
0113,PEIXE EM FILE CONGELADO CAVALINHA
0113,PEIXE SALGADO PESCADINHA
0113,PEIXE EM FILE CONGELADO PESCADINHA
0113,PEIXE SALGADO SARDINHA
0113,PEIXE EM FILE CONGELADO SARDINHA
0113,PEIXE DEFUMADO SARDINHA
0113,PEIXE SALGADO BAGRE DE MAR
0113,PEIXE EM FILE CONGELADO BAGRE DE MAR
0113,PEIXE SALGADO CAVALA
0113,PEIXE SALGADO MANJUBA
0113,PEIXE EM FILE CONGELADO DOURADO DE MAR
0113,PEIXE SALGADO ATUM
0113,PEIXE EM FILE CONGELADO ATUM
0113,PEIXE EM FILE CONGELADO PARGO
0113,PEIXE SALGADO PESCADA
0113,PEIXE EM FILE CONGELADO PESCADA
0113,PEIXE EM FILE CONGELADO LINGUADO
0113,PEIXE EM FILE CONGELADO XERELETE
0113,PEIXE EM FILE CONGELADO CACAO
0113,PEIXE EM FILE CONGELADO MERLUZA
0113,PEIXE SALGADO BICUDA
0113,PEIXE EM FILE CONGELADO ALBACORA
0113,PEIXE SALGADO AGULHAO
0113,CAMARAO SECO
0113,CAMARAO SALGADO
0113,CAMARAO DEFUMADO
0113,BACALHAU
0113,PEIXE EM FILE CONGELADO SALMAO
0113,PEIXE SALGADO DE AGUA DOCE NAO-ESPECIFICADO
0113,PEIXE EM FILE CONGELADO DE AGUA DOCE NAO-ESPECIFICADO
0113,PEIXE SALGADO TRAIRA
0113,PEIXE EM FILE CONGELADO TRAIRA
0113,PEIXE SALGADO SURUBIM
0113,PEIXE EM FILE CONGELADO SURUBIM
0113,PEIXE SALGADO PIRARUCU
0113,PEIXE EM FILE CONGELADO PIRARUCU
0113,PEIXE SALGADO TILAPIA
0113,PEIXE EM FILE CONGELADO TILAPIA
0113,PEIXE EM FILE CONGELADO TUCUNARE
0113,PEIXE SALGADO TAMBAQUI
0113,PEIXE EM FILE CONGELADO TAMBAQUI
0113,PEIXE EM FILE CONGELADO TRUTA
0113,PEIXE SALGADO NAO-ESPECIFICADO
0113,PEIXE SECO NAO-ESPECIFICADO
0113,PEIXE EM FILE CONGELADO NAO-ESPECIFICADO
0112,CARNE SECA
0112,CARNE DE CHARQUE
0112,JABA
0112,CHARQUE
0112,CARNE DE SAL PRESA
0112,CARNE DE SOL
0112,CARNE DO SERTAO
0112,CARNE DO SOL
0112,CARNE BOVINA DEFUMADA
0112,CARNE BOVINA SALGADA
0112,FIGADO ALEMAO
0112,COSTELA BOVINA SALGADA
0112,CARNE BOVINA DE HAMBURGUER
0112,HAMBURGUER DE CARNE BOVINA
0112,CARNE DE HAMBURGUER BOVINA
0112,CARNE SUINA DEFUMADA
0112,ORELHA DE PORCO DEFUMADA
0112,LOMBO DE PORCO DEFUMADO
0112,COPA DE PORCO DEFUMADA
0112,COSTELA DE PORCO DEFUMADA
0112,TOUCINHO DE PORCO DEFUMADO
0112,BACON NO VAREJO
0112,TOUCINHO DEFUMADO
0112,BACON EMBALADO
0112,BACON
0112,BACON DEFUMADO
0112,RETALHO DE BACON
0112,BACON EM RETALHO
0112,CHISPE DEFUMADO
0112,PE DE PORCO DEFUMADO
0112,CARNE SUINA SALGADA
0112,ORELHA DE PORCO SALGADA
0112,COSTELA DE PORCO SALGADA
0112,LOMBO DE PORCO SALGADO
0112,PE DE PORCO SALGADO
0112,CHISPE SALGADO
0112,RABO DE PORCO SALGADO
0112,TOUCINHO DE PORCO SALGADO
0112,TOUCINHO SALGADO
0112,MIUDO DE PORCO SALGADO
0112,SALSICHA NO VAREJO
0112,SALSICHA EM PACOTE
0112,SALSICHAO NO VAREJO
0112,SALSICHAO EM PACOTE
0112,LINGUICA NO VAREJO
0112,LINGUICA PARA CHURRASCO
0112,LINGUICA NAO-ESPECIFICADA
0112,LINGUICA CALABRESA
0112,LINGUICA CALABREZA
0112,LINGUICA BOVINA
0112,LINGUICA DE FRANGO
0112,LINGUICA SUINA
0112,LINGUICA DEFUMADA
0112,LINGUICA MISTA
0112,LINGUICA TOSCANA
0112,LINGUICA SUINA DEFUMADA
0112,CALABRESA (LINGUICA)
0112,LINGUICA DE PERNIL
0112,LINGUICA DE BODE
0112,LINGUICA DE CHARQUE
0112,LINGUICA DE CORDEIRO
0112,CHOURICO
0112,MORCELA
0112,MORCILHA
0112,QUEIJO DE PORCO
0112,PAIO
0112,CODEGUIM
0112,MORTADELA
0112,MORTADELA BOVINA
0112,MORTADELA DE FRANGO
0112,MORTADELA SUINA
0112,MORTADELA FATIADA NAO-ESPECIFICADA
0112,RETALHO DE MORTADELA
0112,MORTADELA BOLONHESA
0112,MORTADELA DE CHESTER
0112,MORTADELA DE GALINHA
0112,MORTADELA DE PERU
0112,MORTADELA DEFUMADA
0112,MORTADELA MISTA
0112,SALAME
0112,SALAMINHO
0112,SALAME DEFUMADO
0112,PRESUNTO DE QUALQUER TIPO
0112,PRESUNTO DE PERU
0112,PRESUNTO DE FRANGO
0112,PRESUNTO BOVINO
0112,HAMBURGUER NAO-ESPECIFICADO
0112,CARNE NAO-ESPECIFICADA DE HAMBURGUER
0112,APRESUNTADO
0112,APRESUNTADO FATIADO
0112,RETALHO DE APRESUNTADO
0112,PURURUCA DE PORCO
0112,PELE DE PORCO PREPARADA
0112,"MASSA DE QUIBE, CROQUETE, SALGADINHO DE PEIXE, ETC."
0112,MASSA DE QUIBE
0112,QUIBE SEMIPRONTO
0112,CARNE SALGADA DE FEIJOADA
0112,MISTURA DE CARNES SALGADAS DE FEIJOADA
0112,CARNE SALGADA NAO-ESPECIFICADA PARA FEIJOADA
0112,CARNE BOVINA EMPANADA
0112,ALMONDEGA CONGELADA DE QUALQUER ANIMAL (CRUA)
0112,ALMONDEGA DE QUALQUER ANIMAL CONGELADA
0112,ALMONDEGA DE FRANGO CONGELADA
0112,CARNE SALGADA NAO-ESPECIFICADA
0112,ROSBIFE E BIFE A MILANEZA INDUSTRIALIZADO SEMIPRONTO
0112,BIFE A MILANEZA INDUSTRIALIZADO SEMIPRONTO
0112,MORTADELA LIGHT
0112,MORTADELA DE FRANGO LIGHT
0112,MORTADELA SUINA LIGHT
0112,RETALHO DE MORTADELA LIGHT
0112,MORTADELA DEFUMADA LIGHT
0112,SALSICHA NO VAREJO LIGHT
0112,SALSICHA EM PACOTE LIGHT
0112,LINGUICA DE FRANGO LIGHT
0112,PRESUNTO SUINO LIGHT
0112,PRESUNTO SUINO SEM GORDURA
0112,ESPINHACO DE PORCO SALGADO
0112,ESPINHACO SUINO SALGADO
0112,DOBRADINHA SALGADA
0112,RABO SUINO DEFUMADO
0112,GARGANTA SUINA SALGADA
0112,HAMBURGUER DE CARNE E FRANGO
0112,RETALHO DE PRESUNTO
0112,RETALHO DE FRIOS
0112,HAMBURGUER DE CARNE SUINA
0112,HAMBURGUER DE SOJA
0117,ALMONDEGA DE SOJA
0112,CRACOVIA
0113,CAMARAO EMPANADO SEMIPRONTO
0112,GELEIA SUINA
0112,EMPANADO NAO ESPECIFICADO SEMIPRONTO
0113,PEIXE INTEIRO DE MAR NAO-ESPECIFICADO
0113,PEIXE EM POSTAS DE MAR NAO-ESPECIFICADO
0113,PEIXE EM FILE FRESCO DE MAR NAO-ESPECIFICADO
0113,PEIXE INTEIRO ANCHOVA
0113,PEIXE INTEIRO ENCHOVA
0113,PEIXE EM POSTAS ANCHOVA
0113,PEIXE EM FILE FRESCO ANCHOVA
0113,PEIXE INTEIRO BADEJO
0113,PEIXE EM POSTAS BADEJO
0113,PEIXE EM FILE FRESCO BADEJO
0113,PEIXE INTEIRO CORVINA
0113,PEIXE INTEIRO CORVINA BRASILEIRA
0113,PEIXE INTEIRO CORVINA BACALHAU
0113,PEIXE INTEIRO CURURUCA
0113,PEIXE INTEIRO CORVINOTA
0113,PEIXE EM POSTAS CORVINA
0113,PEIXE EM FILE FRESCO CORVINA
0113,PEIXE CORVINA (FORMA DE COMERCIALIZACAO NAO-DISCRIMINADA)
0113,PEIXE INTEIRO CASTANHA
0113,PEIXE EM POSTAS CASTANHA
0113,PEIXE CASTANHA (FORMA DE COMERCIALIZACAO NAO-DISCRIMINADA)
0113,PEIXE INTEIRO CAVALINHA
0113,PEIXE INTEIRO CARAPAU
0113,PEIXE EM POSTAS CAVALINHA
0113,PEIXE INTEIRO ARRAIA
0113,PEIXE INTEIRO VIOLA
0113,PEIXE INTEIRO CACAO VIOLA
0113,PEIXE INTEIRO TICONHA
0113,PEIXE EM FILE FRESCO VIOLA
0113,PEIXE INTEIRO NAMORADO
0113,PEIXE INTEIRO PESCADINHA
0113,PEIXE INTEIRO PESCADINHA MALHEIRA
0113,PEIXE INTEIRO PESCADINHA DO ALTO MAR
0113,PEIXE EM POSTAS PESCADINHA
0113,PEIXE EM FILE FRESCO PESCADINHA
0113,PEIXE INTEIRO TAINHA
0113,PEIXE INTEIRO TAINHA CURIMA
0113,PEIXE INTEIRO CURIMA
0113,PEIXE INTEIRO CURUMA
0113,PEIXE INTEIRO SAUNA
0113,PEIXE INTEIRO URIACICA
0113,PEIXE EM POSTAS TAINHA
0113,PEIXE EM FILE FRESCO TAINHA
0113,PEIXE INTEIRO SARDINHA
0113,PEIXE INTEIRO SARDINHA LAJE
0113,PEIXE INTEIRO SARDINHA CASCUDA
0113,PEIXE INTEIRO SARDINHA PRATA
0113,PEIXE INTEIRO SARDINHA VERDADEIRA
0113,PEIXE INTEIRO CHARUTO
0113,PEIXE EM POSTAS SARDINHA
0113,PEIXE EM FILE FRESCO SARDINHA
0113,PEIXE INTEIRO VERMELHO
0113,PEIXE INTEIRO ARIACO
0113,PEIXE EM POSTAS VERMELHO
0113,PEIXE INTEIRO CIOBA
0113,PEIXE INTEIRO GUAIUBA
0113,PEIXE EM POSTAS CIOBA
0113,PEIXE INTEIRO BAGRE DE MAR
0113,PEIXE INTEIRO BAGRE AMARELO
0113,PEIXE INTEIRO GUARAJUBA DE MAR
0113,PEIXE INTEIRO BAGRE BANDEIRA
0113,PEIXE INTEIRO BAGRE MANDIM DE MAR
0113,PEIXE INTEIRO BANDEIRADA
0113,PEIXE INTEIRO URITINGA
0113,PEIXE INTEIRO CANGATA
0113,PEIXE EM FILE FRESCO BAGRE DE MAR
0113,PEIXE BAGRE DE MAR ( FORMA DE COMERCIALIZACAO NAO-DISCRIMINADA)
0113,PEIXE INTEIRO CARAPEBA
0113,PEIXE INTEIRO CARATINGA
0113,PEIXE INTEIRO CARA SUJA
0113,PEIXE INTEIRO CAVALA
0113,PEIXE INTEIRO CAVALA SARDINHEIRA
0113,PEIXE EM POSTAS CAVALA
0113,PEIXE CAVALA (FORMA DE COMERCIALIZACAO NAO-DISCRIMINADA)
0113,PEIXE INTEIRO GALO
0113,PEIXE INTEIRO MANJUBA
0113,PEIXE INTEIRO PIPITINGA
0113,PEIXE INTEIRO GINGA
0113,PEIXE INTEIRO PAPATERRA
0113,PEIXE INTEIRO DOURADO DE MAR
0113,PEIXE EM POSTAS DOURADO DE MAR
0113,PEIXE INTEIRO ATUM
0113,PEIXE EM POSTAS ATUM
0113,PEIXE EM FILE FRESCO ATUM
0113,PEIXE INTEIRO ARABAIANA
0113,PEIXE EM POSTAS OLHO DE BOI
0113,PEIXE INTEIRO SERRA
0113,PEIXE INTEIRO SARDA
0113,PEIXE EM POSTAS SERRA
0113,PEIXE SERRA (FORMA DE COMERCIALIZACAO NAO-DISCRIMINADA)
0113,PEIXE INTEIRO PARGO
0113,PEIXE EM POSTAS PARGO
0113,PEIXE EM FILE FRESCO PARGO
0113,PEIXE INTEIRO CORO
0113,PEIXE INTEIRO PESCADA
0113,PEIXE INTEIRO PESCADA AMARELA
0113,PEIXE INTEIRO PESCADA BRANCA
0113,PEIXE INTEIRO PESCADA GO
0113,PEIXE INTEIRO GO
0113,PEIXE EM POSTAS PESCADA
0113,PEIXE EM FILE FRESCO PESCADA
0113,PEIXE PESCADA (FORMA DE COMERCIALIZACAO NAO-DISCRIMINADA)
0113,PEIXE PESCADA AMARELA (FORMA DE COMERCIALIZACAO NAO-DISCRIMINADA)
0113,PEIXE PESCADA BRANCA (FORMA DE COMERCIALIZACAO NAO-DISCRIMINADA)
0113,PEIXE INTEIRO GAROUPA GATO
0113,PEIXE EM FILE FRESCO GAROUPA
0113,PEIXE INTEIRO LINGUADO
0113,PEIXE EM POSTAS LINGUADO
0113,PEIXE EM FILE FRESCO LINGUADO
0113,PEIXE INTEIRO ROBALO
0113,PEIXE INTEIRO CAMURI
0113,PEIXE INTEIRO BICUDO
0113,PEIXE EM POSTAS ROBALO
0113,PEIXE INTEIRO XERELETE
0113,PEIXE INTEIRO XERERETE
0113,PEIXE INTEIRO GUARICEMA
0113,PEIXE INTEIRO ESPADA
0113,PEIXE EM POSTAS ESPADA
0113,PEIXE INTEIRO PRATIQUEIRA
0113,PEIXE INTEIRO CAICA
0113,PEIXE INTEIRO CACAO
0113,PEIXE INTEIRO CANGA
0113,PEIXE INTEIRO ANJO
0113,PEIXE INTEIRO FRANGO
0113,PEIXE EM POSTAS CACAO
0113,PEIXE EM FILE FRESCO CACAO
0113,PEIXE INTEIRO MERLUZA
0113,PEIXE EM POSTAS MERLUZA
0113,PEIXE EM FILE FRESCO MERLUZA
0113,PEIXE INTEIRO TABUA
0113,PEIXE INTEIRO XAREU
0113,PEIXE EM POSTAS XAREU
0113,PEIXE EM FILE FRESCO XAREU
0113,PEIXE XAREU (FORMA DE COMERCIALIZACAO NAO-DISCRIMINADA)
0113,PEIXE INTEIRO MORORO
0113,PEIXE INTEIRO PEROA
0113,PEIXE INTEIRO PORQUINHO
0113,PEIXE EM POSTAS PEROA
0113,PEIXE INTEIRO CAMURUPIM
0113,PEIXE INTEIRO CUMURUPIM
0113,PEIXE INTEIRO GUARAJUBA
0113,PEIXE INTEIRO GARAJUBA
0113,PEIXE INTEIRO GURIJUBA
0113,PEIXE INTEIRO AGULHA
0113,PEIXE INTEIRO GUARAVIRA
0113,PEIXE EM FILE FRESCO GUAIVIRA
0113,PEIXE INTEIRO BARRACUDA
0113,PEIXE INTEIRO BONITO
0113,PEIXE EM POSTAS BONITO
0113,PEIXE INTEIRO SARDELA
0113,PEIXE INTEIRO PALOMBETA
0113,PEIXE INTEIRO PILOMBETA
0113,PEIXE INTEIRO FAVINHA
0113,PEIXE INTEIRO CAICO
0113,PEIXE EM POSTAS PALOMBETA
0113,PEIXE EM POSTAS CHERNE
0113,PEIXE INTEIRO AGULHAO
0113,PEIXE INTEIRO AGULHAO DE VELA
0113,PEIXE EM POSTAS AGULHAO
0113,PEIXE INTEIRO SALMAO PEQUENO (SALMONETE)
0113,PEIXE INTEIRO SARAMUNETE
0113,PEIXE EM FILE FRESCO SALMONETE
0113,CAMARAO
0113,CAMARAO VERMELHO
0113,CAMARAO ROSA
0113,CAMARAO SETE BARBAS
0113,CAMARAO CINZA
0113,CAMARAO DE AGUA SALGADA
0113,CAMARAO PISTOLA
0113,CAMARAO FRESCO
0113,CAMARAO SEM CASCA
0113,SIRI
0113,TESOURA (SIRI)
0113,CARANGUEJO
0113,CARANGUEJO CATADO
0113,CARANQUEJO VIVO
0113,CARNE DE CARANGUEJO
0113,MARISCO
0113,MEXILHAO
0113,SURURU DAS PEDRAS (MARISCO)
0113,MACUNIM
0113,OSTRA
0113,LULA
0113,SURURU
0113,SURURU DE ALAGOAS
0113,SURURU SEM CASCA
0113,LAGOSTA
0113,LAGOSTIM
0113,LAGOSTA VERMELHA
0113,VIEIRA
0113,PEIXE INTEIRO PEDRA
0113,PEIXE INTEIRO CONGRO REAL
0113,OVAS DE PEIXE (QUALQUER ESPECIE)
0113,POLVO
0113,PEIXE EM FILE FRESCO ABROTE
0113,PEIXE INTEIRO SAMBUDA
0113,PEIXE EM POSTAS SALMAO
0113,PEIXE EM FILE FRESCO SALMAO
0113,PEIXE INTEIRO POLACA DO ALASCA
0113,PEIXE EM FILE CONGELADO POLACA DO ALASCA
0113,TURU (CRUSTACEO)
0113,PEIXE INTEIRO DE AGUA DOCE NAO-ESPECIFICADO
0113,PEIXE EM POSTAS DE AGUA DOCE NAO-ESPECIFICADO
0113,PEIXE EM FILE FRESCO DE AGUA DOCE NAO-ESPECIFICADO
0113,PEIXE INTEIRO TRAIRA
0113,PEIXE EM POSTAS TRAIRA
0113,PEIXE INTEIRO ACARA
0113,PEIXE INTEIRO CARA
0113,PEIXE INTEIRO ACARA ACU
0113,PEIXE INTEIRO CORRO
0113,PEIXE INTEIRO APAIARI
0113,PEIXE INTEIRO CARA ACU
0113,PEIXE EM FILE FRESCO ACARA
0113,PEIXE INTEIRO LAMBARI
0113,PEIXE INTEIRO PIABA BRANCA
0113,PEIXE INTEIRO MOCINHA
0113,PEIXE INTEIRO BRANQUINHA
0113,PEIXE INTEIRO BRANQUINHO
0113,PEIXE INTEIRO PIABINHA
0113,PEIXE INTEIRO PIABA DA LAGOA
0113,PEIXE INTEIRO PIABA
0113,PEIXE INTEIRO SURUBIM
0113,PEIXE INTEIRO SURUBIM PINTADO
0113,PEIXE INTEIRO PINTADO
0113,PEIXE INTEIRO SURUBI
0113,PEIXE INTEIRO BICO DE PATO
0113,PEIXE EM POSTAS SURUBIM
0113,PEIXE EM FILE FRESCO SURUBIM
0113,PEIXE PINTADO (FORMA DE COMERCIALIZACAO NAO-DISCRIMINADA)
0113,PEIXE INTEIRO JACUNDA
0113,PEIXE INTEIRO SABAO
0113,PEIXE INTEIRO PIRARUCU
0113,PEIXE EM POSTAS PIRARUCU
0113,PEIXE EM FILE FRESCO PIRARUCU
0113,PEIXE INTEIRO ARACU
0113,PEIXE INTEIRO TILAPIA
0113,PEIXE EM POSTAS TILAPIA
0113,PEIXE EM FILE FRESCO TILAPIA
0113,PEIXE INTEIRO JEJU
0113,PEIXE INTEIRO JIJU
0113,PEIXE INTEIRO CURIMATA
0113,PEIXE INTEIRO CURIMATA (RIO)
0113,PEIXE INTEIRO CURUMBATA
0113,PEIXE INTEIRO CORIMBA
0113,PEIXE INTEIRO CURIMBA
0113,PEIXE INTEIRO CRUMATA
0113,PEIXE CURIMATA (FORMA DE COMERCIALIZACAO NAO-DISCRIMINADA)
0113,PEIXE INTEIRO TUCUNARE
0113,PEIXE INTEIRO ACARI
0113,PEIXE INTEIRO CASCUDO BARBADO
0113,PEIXE INTEIRO CARITO
0113,PEIXE INTEIRO PILATOS
0113,PEIXE INTEIRO BODO
0113,PEIXE INTEIRO CASCUDINHO
0113,PEIXE INTEIRO CASCUDO COMUM
0113,PEIXE INTEIRO ACARI BODO
0113,PEIXE INTEIRO CASCUDO
0113,PEIXE EM POSTAS ACARI
0113,PEIXE INTEIRO PIRAMUTABA
0113,PEIXE INTEIRO PIRAMUTAVA
0113,PEIXE EM POSTAS PIRAMUTABA
0113,PEIXE INTEIRO PIAU
0113,PEIXE INTEIRO PIAU VERDADEIRO
0113,PEIXE EM FILE FRESCO PIAU
0113,PEIXE INTEIRO DOURADO DE AGUA DOCE
0113,PEIXE INTEIRO TAMOATA
0113,PEIXE INTEIRO TAMUATA
0113,PEIXE INTEIRO TAMATA
0113,PEIXE INTEIRO LENHA
0113,PEIXE INTEIRO MAPARA
0113,PEIXE INTEIRO MAPARA DE CAMETA
0113,PEIXE EM POSTAS MAPARA
0113,PEIXE INTEIRO PIRANHA
0113,PEIXE INTEIRO PIRANHA CAJU
0113,PEIXE INTEIRO PIRANHA VERMELHA
0113,PEIXE INTEIRO PIRANHA PRETA
0113,PEIXE INTEIRO PACU
0113,PEIXE INTEIRO PACU AZUL
0113,PEIXE INTEIRO PACUPEBA
0113,PEIXE INTEIRO CARANHA
0113,PEIXE EM POSTAS PACU
0113,PEIXE INTEIRO TAMBAQUI
0113,PEIXE INTEIRO PACU DO AMAZONAS (TAMBAQUI)
0113,PEIXE EM POSTAS TAMBAQUI
0113,PEIXE EM FILE FRESCO TAMBAQUI
0113,PEIXE TAMBAQUI (FORMA DE COMERCIALIZACAO NAO-DISCRIMINADA)
0113,PEIXE INTEIRO BODE
0113,PEIXE INTEIRO CUMBACA (DE AGUA DOCE) (ANUJA)
0113,PEIXE BAGRE DE RIO
0113,PEIXE INTEIRO MANDI
0113,PEIXE INTEIRO JUNDIA
0113,PEIXE INTEIRO SARDINHA DE AGUA DOCE
0113,PEIXE INTEIRO APAPA
0113,PEIXE EM POSTAS SARDINHA DE AGUA DOCE
0113,PEIXE INTEIRO JARAQUI
0113,PEIXE INTEIRO CACHORRO
0113,PEIXE INTEIRO CUBIU
0113,PEIXE INTEIRO PIRAPITINGA
0113,PEIXE EM FILE FRESCO DE PIRAPITINGA
0113,PEIXE INTEIRO FILHOTE
0113,PEIXE INTEIRO PIRATINGA (PIRAIBA)
0113,PEIXE EM FILE FRESCO PIRAIBA
0113,PEIXE INTEIRO BACU
0113,PEIXE INTEIRO CUIU CUIU
0113,PEIXE INTEIRO PIRARARA
0113,PEIXE INTEIRO DOURADA
0113,PEIXE EM POSTAS DOURADA
0113,PEIXE EM FILE FRESCO DOURADA
0113,PEIXE DOURADA (FORMA DE COMERCIALIZACAO NAO-DISCRIMINADA)
0113,PEIXE INTEIRO PIRANAMBU
0113,PEIXE INTEIRO PINTADINHO (DE AGUA DOCE) (PIRANAMBU)
0113,PEIXE FIDALGO (FORMA DE COMERCIALIZACAO NAO-DISCRIMINADA)
0113,PEIXE INTEIRO MANDUBE
0113,PEIXE INTEIRO PIRAPUTANGA
0113,PEIXE INTEIRO JUNDIA DE LAGOA (JAU)
0113,PEIXE INTEIRO PIAPARA
0113,PEIXE INTEIRO ARUANA
0113,PEIXE INTEIRO SULAMBA
0113,PEIXE EM POSTAS ARUANA
0113,PEIXE INTEIRO PIRACANJUBA
0113,PEIXE INTEIRO SABARU
0113,CAMARAO DE AGUA DOCE
0113,PITU (CAMARAO DE AGUA DOCE)
0113,CAMARAO BRACO FORTE (AGUA DOCE)
0113,TRACAJA
0113,PAULISTINHA
0113,PEIXE INTEIRO BAGRE DE AGUA DOCE
0113,MUCUA
0113,PEIXE INTEIRO MATRINXA
0113,PEIXE INTEIRO MATRINXAO
0113,PEIXE INTEIRO JATUARANA
0113,PEIXE EM FILE FRESCO MATRINXA
0113,PEIXE MATRINXA (FORMA DE COMERCIALIZACAO NAO-DISCRIMINADA)
0113,PEIXE INTEIRO CARPA
0113,PEIXE EM FILE FRESCO CARPA
0113,PEIXE INTEIRO FLECHEIRO
0113,PEIXE INTEIRO PIRACATINGA
0113,CARAMUJO
0113,PEIXE INTEIRO TAMBATINGA
0113,PEIXE INTEIRO NAO-ESPECIFICADO
0113,PEIXE EM POSTAS NAO-ESPECIFICADO
0113,PEIXE EM FILE FRESCO NAO-ESPECIFICADO
0113,CABECA DE PEIXE
0113,PEIXE NAO-ESPECIFICADO
0112,VISCERA BOVINA NAO-ESPECIFICADA
0112,FISSURA BOVINA NAO-ESPECIFICADA
0112,MIUDO BOVINO NAO-ESPECIFICADO
0112,PANELADA (VISCERAS BOVINAS NAO-ESPECIFICADAS)
0112,CORACAO BOVINO
0112,RIM BOVINO
0112,BOFE BOVINO
0112,BOBO BOVINO
0112,MIOLO BOVINO
0112,BUCHO BOVINO
0112,ESTOMAGO BOVINO
0112,BUCHADA BOVINA
0112,TRIPA BOVINA
0112,DOBRADINHA FRESCA
0112,FATO BOVINO
0112,MONDONGO (TRIPA BOVINA)
0112,FIGADO BOVINO
0112,FIGADO DE BOI
0112,LINGUA BOVINA
0112,RABADA BOVINA
0112,RABO BOVINO
0112,CABECA BOVINA
0112,FRONTAL DA CABECA (CASCO BOVINO)
0112,MOCOTO BOVINO
0112,PE BOVINO
0112,CORREDOR BOVINO
0112,BRACO BOVINO
0112,PERNA BOVINA
0112,MAO DE VACA
0112,CANELA BOVINA
0112,OSSO BOVINO
0112,OSSADA BOVINA
0112,CARNE MOIDA NAO-ESPECIFICADA
0112,GUIZADO (CARNE MOIDA NAO-ESPECIFICADA)
0112,CARNE DE CABRITO
0112,CARNE DE BODE
0112,CARNE CAPRINA
0112,COSTELA DE BODE
0112,CARNE DE CAPRINO
0112,BODE VIVO
0112,CARNE DE CARNEIRO
0112,CARNE DE OVELHA
0112,COSTELA DE CARNEIRO
0112,COXAO DE CARNEIRO
0112,CARNE OVINA
0112,PALETA DE CARNEIRO
0112,PERNIL DE CARNEIRO
0112,CARNEIRO VIVO
0112,OVELHA VIVA
0112,COSTELA NAO-ESPECIFICADA
0112,PERNIL NAO-ESPECIFICADO
0112,PACA VIVA
0112,TATU VIVO
0112,CUTIA VIVA
0112,PASSARINHA BOVINA
0112,BACO BOVINO
0112,BIFE ROLE CRU
0112,BUCHADA DE CARNEIRO
0112,BUCHADA DE BODE
0112,APARA DE CARNE BOVINA
0112,MUXIBA (GORDURA BOVINA)
0112,GORDURA BOVINA
0112,XAXADO BOVINO
0112,BUCHO NAO-ESPECIFICADO
0112,BUCHADA NAO-ESPECIFICADA
0112,CARNE DE OUTROS ANIMAIS
0112,CARNE DE VEADO
0112,CARNE DE PACA
0112,CARNE DE TATU
0112,CARNE DE COELHO
0112,CARNE DE ANTA
0112,CARNE DE JACARE
0112,CARNE DE CUTIA
0112,CARNE DE JACARE SALGADA
0112,CARNE DE PORCO SILVESTRE
0112,CARNE DE CAPIVARA
0112,CARNE DE MACACO
0112,CARNE DE COTIA
0112,CARNE DE QUEIXADA
0112,CARNE DE PORCO DO MATO
0112,CARNE DE JABUTI
0112,CARNE DE PREGUICA
0112,CARNE DE TAMANDUA
0112,CARNE DE BUFALO
0112,KIT DE CARNE DE CHURRASCO
0112,CARNE DE CHURRASCO (KIT)
0112,MIUDO DE CARNEIRO
0112,FISSURA DE BODE
0112,GARGANTA BOVINA
0112,CARNE NAO-ESPECIFICADA
0112,CARNE EM BIFE
0112,CARNE BOVINA SEM OSSO NAO-ESPECIFICADA
0112,CARNE BOVINA NAO-ESPECIFICADA
0112,BODE ABATIDO
0112,BOFE NAO-ESPECIFICADO
0112,CARNE COM OSSO NAO-ESPECIFICADA
0112,CARNE BOVINA DE TERCEIRA
0112,CARNE MOIDA DE TERCEIRA
0112,OSSO NAO-ESPECIFICADO
0112,OSSADA NAO-ESPECIFICADA
0112,CARNE DE TERCEIRA NAO-ESPECIFICADA
0112,CARNE SEM OSSO NAO-ESPECIFICADA
0112,SUA BOVINA
0112,CABECA DE PACA
0112,PELE BOVINA FRESCA
0112,FIGADO NAO ESPECIFICADO
0112,RETALHO DE CARNE BOVINA
0112,KAFTA NAO ESPECIFICADA
0112,BOI ABATIDO
0112,CARNE MOIDA LIGHT
0112,CARNE MOIDA ORGANICA
0112,CARNE DE JAVALI
0112,PE E RABO NAO ESPECIFICADOS
0112,RETALHO DE COSTELA
0112,MOCOTO NAO ESPECIFICADO
0112,TRIPA NAO ESPECIFICADA
0112,FRANGO ABATIDO
0112,GALINHA ABATIDA
0112,FRANGO INTEIRO
0112,FRANGO CAIPIRA
0112,FRANGO CONGELADO
0112,GALINHA CONGELADA
0112,FRANGO TEMPERADO CONGELADO
0112,GALINHA TEMPERADA CONGELADA
0112,FRANGO RESFRIADO
0112,GALINHA RESFRIADA
0112,FRANGO CONGELADO TEMPERADO
0112,FRANGO INTEIRO CONGELADO
0112,PARTE DE GALINHA OU FRANGO NAO-ESPECIFICADA
0112,FRANGO EM PEDACOS NAO-ESPECIFICADOS
0112,GALINHA EM PEDACOS NAO-ESPECIFICADOS
0112,CARNE DE GALINHA OU FRANGO NAO-ESPECIFICADA
0112,CARNE DE FRANGO NAO ESPECIFICADA
0112,CARNE DE FRANGO DESFIADA
0112,FRANGO DESFIADO
0112,PEITO DE GALINHA OU FRANGO
0112,FILE DE FRANGO
0112,PEITO DE FRANGO
0112,FILE DE PEITO DE FRANGO
0112,MEDALHAO DE FRANGO
0112,COXA DE GALINHA OU FRANGO
0112,SOBRECOXA DE GALINHA OU FRANGO
0112,COXA E SOBRECOXA DE GALINHA OU FRANGO
0112,COXA DE FRANGO
0112,SOBRECOXA DE FRANGO
0112,COXA E SOBRECOXA DE FRANGO
0112,DORSO DE GALINHA OU FRANGO
0112,CARCACA DE GALINHA OU FRANGO
0112,DORSO DE FRANGO
0112,CARCACA FRANGO
0112,ASA DE GALINHA OU FRANGO
0112,DRUMETE DE GALINHA OU FRANGO
0112,ASA DE FRANGO
0112,ASA DE GALINHA
0112,ASA DE FRANGO TEMPERADO
0112,DRUMETE DE FRANGO
0112,COXINHA DA ASA DE GALINHA OU FRANGO
0112,ASINHA DE FRANGO
0112,COXA DE ASA DE FRANGO
0112,PESCOCO DE GALINHA OU FRANGO
0112,PESCOCO DE FRANGO
0112,PE DE GALINHA OU FRANGO
0112,PE DE FRANGO
0112,MIUDO DE GALINHA OU FRANGO NAO-ESPECIFICADO
0112,MIUDO DE FRANGO NAO-ESPECIFICADO
0112,MOELA DE GALINHA OU FRANGO
0112,MOELA DE FRANGO
0112,CORACAO DE GALINHA OU FRANGO
0112,CORACAO DE FRANGO
0112,FIGADO DE GALINHA OU FRANGO
0112,FIGADO DE FRANGO
0112,FRANGO VIVO
0112,GALINHA VIVA
0112,COXA E ASA DE GALINHA OU FRANGO
0112,COXA E ASA DE FRANGO
0112,COXA E PEITO DE FRANGO
0112,CHESTER
0112,TENDER
0112,COSTELA E PE DE GALINHA OU FRANGO
0112,SAMBIQUIRA DE GALINHA OU FRANGO
0112,CARNE MOIDA DE FRANGO
0112,PEITO DE FRANGO LIGHT
0112,FRANGO A PASSARINHO
0112,FIGADO OU MOELA DE FRANGO
0112,FRANGO DESOSSADO
0114,OVO DE GALINHA
0114,OVOS DE GALINHA
0114,OVO DE GALINHA CAIPIRA
0114,OVOS DE GALINHA BRANCO
0114,OVOS DE GALINHA VERMELHO
0112,FRANGO ABATIDO ORGANICO
0112,GALINHA ABATIDA ORGANICA
0112,FRANGO CAIPIRA ORGANICO
0112,GALINHA CONGELADA ORGANICA
0112,FRANGO RESFRIADO ORGANICO
0112,FILE DE FRANGO ORGANICO
0112,FILE DE GALINHA OU FRANGO ORGANICO
0112,PEITO DE GALINHA OU FRANGO ORGANICO
0112,COXA E SOBRECOXA DE FRANGO ORGANICA
0112,COXA DE GALINHA OU FRANGO ORGANICA
0112,SOBRECOXA DE GALINHA OU FRANGO ORGANICA
0112,COXA DE FRANGO ORGANICA
0112,COXA E SOBRECOXA DE GALINHA OU FRANGO ORGANICA
0112,FRANGO EM PEDACOS NAO-ESPECIFICADOS ORGANICO
0112,GALINHA EM PEDACOS NAO-ESPECIFICADOS ORGANICA
0112,CARNE DE GALINHA OU FRANGO NAO-ESPECIFICADA ORGANICA
0112,PARTE DE GALINHA OU FRANGO NAO-ESPECIFICADA ORGANICA
0112,FRANGO ORGANICO INTEIRO
0114,OVO DE GALINHA ORGANICO
0112,PERU ABATIDO
0112,PERU CONGELADO
0112,PERU TEMPERADO CONGELADO
0112,PERU CONGELADO TEMPERADO
0112,PEITO DE PERU
0112,PEITO DE PERU DEFUMADO
0112,COXA DE PERU
0112,ASA DE PERU
0112,COXA DE AVE NAO-ESPECIFICADA
0112,COXA E SOBRECOXA DE AVE NAO-ESPECIFICADA
0112,"NAMBU ABATIDO, CONGELADO OU VIVO"
0112,NUGGETS DE FRANGO
0112,STEAK DE FRANGO
0112,NUGGETS DE GALINHA
0112,STEAK DE GALINHA
0112,"CODORNA ABATIDA, CONGELADA OU VIVA"
0112,CODORNA CONGELADA
0112,PERU EMPANADO
0114,OVO DE PATA
0114,OVO DE CODORNA
0112,"OUTRA AVE ABATIDA, CONGELADA OU VIVA"
0112,"GALINHA DE ANGOLA ABATIDA, CONGELADA OU VIVA"
0112,"GANSO ABATIDO, CONGELADO OU VIVO"
0112,OUTRA AVE CONGELADA
0112,JACU ABATIDO
0112,"PATO ABATIDO, CONGELADO OU VIVO"
0112,PATO VIVO
0112,PATO ABATIDO
0112,CARNE DE PATO NAO-ESPECIFICADA
0112,PESCOCO DE PERU
0112,SOBRECOXA NAO-ESPECIFICADA
0112,OSSO DE PERU
0112,SAMBIQUIRA NAO-ESPECIFICADA
0112,PEITO DE PERU LIGHT
0112,"MARRECO ABATIDO, CONGELADO OU VIVO"
0112,CARNE DE MARRECO
0112,CORACAO DE PERU
0114,OVO DE GUINE
0114,OVO DE JACARE
0112,HAMBURGUER DE FRANGO
0112,CARNE DE FRANGO DE HAMBURGUER
0112,BLANQUET DE PERU
0112,BLANQUETE DE PERU
0112,HAMBURGUER DE PERU
0112,CARNE DE AVES DEFUMADA
0112,PEITO DE GALINHA DEFUMADO
0112,FRANGO EMPANADO
0112,NUGGET DE FRANGO EMPANADO
0112,FILE DE FRANGO EMPANADO
0112,MINI CHICKEN EMPANADO
0112,EMPANADO DE FRANGO
0112,TEKITOS (CARNE DE FRANGO EMPANADA)
0112,HAMBURGUER DE FRANGO LIGHT
0112,BLANQUET DE PERU LIGHT
0112,PRESUNTO DE PERU LIGHT
0112,PRESUNTO DE PERU DEFUMADO LIGHT
0112,FRANGO A PARMEGIANA SEMIPRONTO
0112,PEITO DE FRANGO A MILANESA SEMIPRONTO
0114,LEITE DE VACA INTEGRAL
0114,LEITE TIPO B INTEGRAL
0114,LEITE TIPO C INTEGRAL
0114,LEITE ESPECIAL INTEGRAL
0114,LEITE LONGA VIDA INTEGRAL
0114,LEITE GLUT LONGA VIDA INTEGRAL
0114,LEITE TIPO A INTEGRAL
0114,LEITE PASTEURIZADO INTEGRAL
0114,LEITE ESTERILIZADO INTEGRAL
0114,LEITE INTEGRAL
0114,LEITE DE VACA PASTEURIZADO INTEGRAL
0114,LEITE TIPO C COMUM
0114,LEITE DE VACA FRESCO
0114,LEITE DA ROCA
0114,LEITE DE VACA IN NATURA
0114,LEITE FRESCO
0114,LEITE IN NATURA
0114,LEITE COM SABOR
0114,LEITE ACHOCOLATADO
0114,LEITE LONGA VIDA COM SABOR
0114,ACHOCOLATADO EM LEITE
0114,LEITE VITAMINADO
0114,LEITE VITAMINADO TODDYNHO
0114,LEITE TODDYNHO
0114,LEITE AROMATIZADO
0114,BEBIDA ACHOCOLATADA
0114,NESCAU LIQUIDO
0114,TODDYNHO LIQUIDO
0114,ACHOCOLATADO LIQUIDO
0114,LEITE DE VACA DESNATADO
0114,LEITE DE VACA PASTEURIZADO DESNATADO
0114,LEITE DESNATADO DE VACA
0114,LEITE LIGHT DE VACA
0114,LEITE DE VACA LIGHT
0114,LEITE SEMIDESNATADO DE VACA
0114,LEITE DE VACA SEMIDESNATADO
0114,LEITE DE VACA PASTEURIZADO SEMIDESNATADO
0114,LEITE NAO-ESPECIFICADO PASTEURIZADO
0114,LEITE PASTEURIZADO NAO-ESPECIFICADO
0114,LEITE DE VACA PASTEURIZADO NAO ESPECIFICADO
0114,LEITE EM PO INTEGRAL
0114,LEITE EM PO NINHO INTEGRAL
0114,LEITE EM PO GLORIA INTEGRAL
0114,LEITE EM PO NINHO INSTANTANEO INTEGRAL
0114,LEITE EM PO NESTOGENO 2. SEMESTRE INTEGRAL
0114,LEITE EM PO LACTOGENO INTEGRAL
0114,LEITE EM PO NANON INTEGRAL
0114,LEITE EM PO DESENGORDURADO
0114,LEITE EM PO DESNATADO OU DESENGORDURADO
0114,LEITE EM PO NESTOGENO 1. SEMESTRE DESENGORDURADO
0114,LEITE EM PO MOLICO DESENGORDURADO
0114,LEITE EM PO DESNATADO
0114,LEITE EM PO NAO-ESPECIFICADO
0114,LEITE EM PO COM SABOR
0114,LEITE EM PO SEMIDESNATADO
0114,LEITE EM PO DE ARROZ
0114,QUEIJO PRATO
0114,QUEIJO TIPO LANCHE
0114,QUEIJO COLONIAL
0114,QUEIJO LANCHE
0114,QUEIJO DE COLONIA
0114,QUEIJO BOLA
0114,MUCARELA
0114,QUEIJO MUCARELA
0114,MOZARELA
0114,QUEIJO MOZARELA
0114,MUZARELLA
0114,QUEIJO MUZARELLA
0114,MUSSARELA
0114,QUEIJO MUSSARELA
0114,MUCARELA DE BUFALA
0114,MOZARELA DE BUFALA
0114,MUSSARELA DE BUFALA
0114,QUEIJO MUSSARELA FATIADO
0114,QUEIJO DE BUFALA (MUSSARELA)
0114,QUEIJO DO REINO
0114,QUEIJO CUIA
0114,QUEIJO DE MINAS
0114,QUEIJO MINAS
0114,QUEIJO DE MANTEIGA
0114,QUEIJO DE COALHO
0114,QUEIJO TIPO MINAS
0114,QUEIJO MINAS CURADO
0114,QUEIJO CANASTRA
0114,QUEIJO DE MINAS CURADO
0114,QUEIJO DO SERRO
0114,QUEIJO COALHO
0114,QUEIJO TIPO ESTEPE
0114,QUEIJO MEIA CURA
0114,OUTROS QUEIJOS
0114,QUEIJO SUICO
0114,QUEIJO DE TRANCA
0114,QUEIJO CAVALO
0114,QUEIJO QUARCK
0114,QUEIJO MAASDAMER
0114,NUGGET DE QUEIJO
0114,QUEIJO ESTEPE
0114,QUEIJO RICOTA
0114,QUEIJO PARMEZON
0114,QUEIJO PARMEZAO
0114,QUEIJO RALADO
0114,QUEIJO PARMESAO
0114,QUEIJO PROVOLONE
0114,QUEIJO CAMEMBERT
0114,QUEIJO POLENGUINHO
0114,QUEIJO FUNDIDO
0114,QUEIJO PASTEURIZADO
0114,QUEIJO PASTEURIZADO POLENGUINHO
0114,QUEIJO POLENGUINHO PASTEURIZADO
0114,REQUEIJAO
0114,QUEIJO CREMOSO
0114,QUEIJO TIPO CREME
0114,QUEIJO TIPO DANONINHO
0114,QUEIJO DANONINHO
0114,TOFU
0114,QUEIJO CHEDAR
0114,QUEIJO CHEDDAR
0114,FONDUE DE QUEIJO
0114,QUEIJO BRIE
0114,QUEIJO COTTAGE
0114,QUEIJO CHANCLICHE
0114,QUEIJO GOUDA
0114,CREME DE RICOTA
0114,QUEIJO TIPO GRANA
0114,QUEIJO GRUYERE
0114,QUEIJO EMMENTAL
0114,QUEIJO DE CABRA
0114,QUEIJO DE OVELHA
0114,QUEIJO CABACINHA
0114,QUEIJO SERRANO
0114,QUEIJO MONTANHES
0114,QUEIJO TIPO FONTINA
0114,RETALHO DE QUEIJO
0114,QUEIJO DE IOGURTE
0114,IOGURTE LIGHT
0114,IOGURTE DANONE LIGHT
0114,IOGURTE DESNATADO (LIGHT)
0114,IOGURTE DE QUALQUER SABOR LIGHT
0114,DANONE IOGURTE LIGHT
0114,IOGURTE DIET
0114,IOGURTE DANONE DIET
0114,IOGURTE DE QUALQUER SABOR DIET
0114,DANONE IOGURTE DIET
0114,IOGURTE DIETETICO
0114,IOGURTE DE QUALQUER SABOR DIETETICO
0114,DANONE IOGURTE DIETETICO
0115,MARGARINA VEGETAL COM OU SEM SAL DIET
0115,MARGARINA COM OU SEM SAL DIET
0115,MARGARINA COM SAL DIET
0115,MARGARINA VEGETAL SEM SAL DIET
0115,MARGARINA COM OU SEM SAL DIETETICA
0115,MARGARINA VEGETAL COM OU SEM SAL LIGHT
0115,MARGARINA COM OU SEM SAL LIGHT
0115,MARGARINA COM SAL LIGHT
0115,MARGARINA SEM SAL LIGHT
0115,MARGARINA VEGETAL COM SAL LIGHT
0115,MARGARINA VEGETAL SEM SAL LIGHT
0114,QUEIJO MUZARELLA LIGHT
0114,MUSSARELA LIGHT
0114,QUEIJO MUSSARELA LIGHT
0114,MUSSARELA FATIADA LIGHT
0114,LEITE DE SOJA COM SABOR LIGHT
0114,LEITE CONDENSADO LIGHT
0114,LEITE CONDENSADO DIET
0114,CREME DE LEITE LIGHT
0114,QUEIJO PRATO LIGHT
0114,QUEIJO COLONIAL LIGHT
0114,QUEIJO DE MINAS LIGHT
0114,QUEIJO MINAS LIGHT
0114,QUEIJO DE COALHO LIGHT
0114,QUEIJO MINAS CURADO LIGHT
0114,OUTROS QUEIJOS LIGHT
0114,QUEIJO QUARCK LIGHT
0114,QUEIJO TIPO QUARCK LIGHT
0114,QUEIJO RICOTA LIGHT
0114,QUEIJO RALADO LIGHT
0114,QUEIJO POLENGUINHO LIGHT
0114,REQUEIJAO LIGHT
0114,QUEIJO CREMOSO LIGHT
0114,REQUEIJAO CREMOSO LIGHT
0114,QUEIJO NAO-ESPECIFICADO LIGHT
0114,LEITE ACHOCOLATADO LIGHT
0114,LEITE LONGA VIDA COM SABOR LIGHT
0114,ACHOCOLATADO EM LEITE LIGHT
0114,LEITE TODDYNHO LIGHT
0114,BEBIDA ACHOCOLATADA LIGHT
0114,LEITE LONGA VIDA COM SABOR DIET
0114,BEBIDA ACHOCOLATADA DIET
0114,LEITE COM SABOR DIETETICO
0115,MANTEIGA COM OU SEM SAL LIGHT
0115,MANTEIGA COM SAL LIGHT
0115,MANTEIGA SEM SAL LIGHT
0115,MANTEIGA DE LEITE LIGHT
0114,COALHADA LIGHT
0114,LEITE EM PO LIGHT
0114,BEBIDA LACTEA LIGHT
0114,LEITE FERMENTADO LIGHT
0114,NATA DOCE OU SALGADA LIGHT
0114,LEITE SEM LACTOSE
0114,LEITE ZERO LACTOSE
0114,CREME DE RICOTA LIGHT
0114,IOGURTE SEM LACTOSE
0114,IOGURTE ZERO LACTOSE
0114,REQUEIJAO SEM LACTOSE
0114,QUEIJO MINAS SEM LACTOSE
0114,QUEIJO MUCARELA SEM LACTOSE
0114,QUEIJO PRATO SEM LACTOSE
0114,NATA SEM LACTOSE
0114,CREME DE LEITE SEM LACTOSE
0114,BEBIDA LACTEA SEM LACTOSE
0114,LEITE CONDENSADO SEM LACTOSE
0114,LEITE CONDENSADO ZERO LACTOSE
0114,IOGURTE SEM LACTOSE DIET
0114,QUEIJO SEM LACTOSE
0114,QUEIJO COTTAGE SEM LACTOSE
0114,COALHADA SEM LACTOSE
0114,LEITE EM PO SEM LACTOSE
0114,LEITE EM PO INTEGRAL LIGHT
0114,LEITE DE VACA INTEGRAL ORGANICO
0114,LEITE LONGA VIDA INTEGRAL ORGANICO
0114,LEITE INTEGRAL ORGANICO
0114,LEITE DE VACA FRESCO ORGANICO
0114,LEITE DA ROCA ORGANICO
0114,LEITE DE VACA IN NATURA ORGANICO
0114,LEITE DESNATADO DE VACA ORGANICO
0114,LEITE SEMIDESNATADO DE VACA ORGANICO
0114,CREME DE LEITE ORGANICO
0114,IOGURTE ORGANICO
0114,IOGURTE DESNATADO ORGANICO
0114,IOGURTE NATURAL ORGANICO
0114,QUEIJO DE MINAS FRESCAL ORGANICO
0114,QUEIJO MINAS FRESCAL ORGANICO
0114,QUEIJO DE COALHO FRESCAL ORGANICO
0114,QUEIJO CANASTRA FRESCAL ORGANICO
0114,LEITE DE CABRA
0114,LEITE DE BUFALA
0114,LEITE CONDENSADO
0114,LEITE MOCA
0114,LEITE BEIJINHO
0114,MOCA FESTA
0114,CREME DE LEITE
0114,CHANTILLY
0114,IOGURTE DE QUALQUER SABOR
0114,IOGURTE DANONE
0114,IOGURTE NATURAL
0114,DANONE IOGURTE
0114,DANONINHO
0114,PETIT SUISSE (IOGURTE)
0114,CHAMBINHO (IOGURTE)
0114,IOGURTE ACTIVIA
0114,DANONETE
0114,IOGURTE DESNATADO
0114,IOGURTE LIQUIDO
0114,ACTIVIA (IOGURTE)
0114,IOGURTE GREGO
0114,YAKULT DE QUALQUER SABOR
0114,LEITE FERMENTADO YAKULT
0114,BEBIDA LACTEA
0114,LEITE FERMENTADO
0114,BEBIDA LACTEA DE QUALQUER SABOR
0114,BEBIDA LACTEA COM FRUTA
0114,BEBIDA LACTEA DE FRUTA
0114,LEITE FERMENTADO COM SUCRILHOS
0114,LEITE FERMENTADO INTEGRAL
0114,COALHADA
0114,COALHADA DESNATADA
0114,COALHADA COM AMEIXA
0114,COALHADA COM MORANGO
0115,MANTEIGA COM OU SEM SAL
0115,MANTEIGA COM SAL
0115,MANTEIGA SEM SAL
0115,MANTEIGA DA TERRA
0115,MANTEIGA DE GARRAFA
0115,MANTEIGA DE LEITE
0115,MANTEIGA
0115,MANTEIGA CASEIRA
0115,MANTEIGA DO SERTAO
0115,MARGARINA VEGETAL COM OU SEM SAL
0115,MARGARINA COM OU SEM SAL
0115,MARGARINA COM SAL
0115,MARGARINA DE MILHO
0115,MARGARINA DE SOJA
0115,MARGARINA SEM SAL
0115,MARGARINA VEGETAL COM SAL
0115,MARGARINA VEGETAL SEM SAL
0115,MARGARINA
0114,LEITE DE SOJA COM SABOR
0114,ADES ORIGINAL
0114,LEITE DE SOJA INTEGRAL
0114,LEITE DE SOJA NATURAL
0114,LEITE DE SOJA
0114,BEBIDA DE SOJA
0114,IOGURTE DE SOJA
0114,SUCO DE SOJA
0114,NATA DOCE OU SALGADA
0114,NATA COLONIAL
0114,NATA DOCE
0114,NATA SALGADA
0114,LEITE DE SOJA EM PO
0114,EXTRATO DE SOJA EM PO
0114,CREAM CHEESE
0114,LEITE NAO ESPECIFICADO
0114,LEITE DE AVEIA
0114,LEITE VEGETAL
0114,LEITE DE AMENDOAS
0115,MANTEIGA ORGANICA
0115,MARGARINA DE FORNO E FOGAO
0111,PAO FRANCES
0111,PAO DE AGUA
0111,PAO DE HAMBURGUER
0111,BISNAGA
0111,PAO DE SAL
0111,PAO DE TRIGO
0111,PAO CACETINHO
0111,PAO SUICO
0111,PAO CARECA
0111,PAO FILAO
0111,PAO DE SEMOLINA
0111,PAO BENGALA
0111,PAO BISNAGA
0111,BENGALA
0111,PAO SOVADO
0111,PAO SOVADO CABRITO
0111,PAO CAVAQUINHO
0111,PAO FRANCES BISNAGA
0111,PAO DE CHA
0111,PAO PROVENCO
0111,PAO PROVENCAL
0111,PAO MASSA FINA
0111,PAO VITA SALGADO
0111,PAO CARIOQUINHA
0111,PAO PRESUNTO
0111,PAO DE BANHA
0111,PAO BANQUETE
0111,PAO BAQUETE
0111,PAO BAGUETE
0111,PAO CARTEIRA (SALGADO)
0111,PAO SEDA
0111,PAO PALITO
0111,PAO BAIANO
0111,PAO MANUAL
0111,MINI PAO
0111,MINI PAO FRANCES
0111,MINI BAGUETE
0111,PAO MASSA GROSSA
0111,PAO PIZZA
0111,PAO RECHEADO (SALGADO)
0111,PAO CIABATA
0111,PAO CERVEJINHA
0111,PAO DE CARA
0111,PAO PORTUGUES
0111,PAO SEDINHA
0111,CHIPA
0111,PAO CHIPA
0111,PAO JACO
0111,PAO CILINDRO
0111,PAO MINEIRO (SALGADO)
0111,PAO CARIOCA
0111,PAO FRANCES INTEGRAL
0111,BISCOITO SALGADO
0111,BISCOITO DO REINO
0111,BISCOITO GRISSINI
0111,BISCOITO CREAM CRACKER
0111,PRESUNTINHO BISCOITO
0111,BISCOITO TIPO ITALIANO
0111,BISCOITO DE AGUA
0111,BISCOITO QUEIJINHO
0111,BISCOITO DE COCO SALGADO
0111,BISCOITO DE CAMARAO
0111,BISCOITO DE POLVILHO SALGADO
0111,BISCOITO PRESUNTINHO
0111,BISCOITO INTEGRAL DE AGUA
0111,BISCOITO SALGADO DE COCO
0111,BISCOITO BIT
0111,BISCOITO SALGADINHO
0111,BISCOITO SALGADO DE POLVILHO
0111,BISCOITO CLUB CRACKER
0111,SALGADINHO (BISCOITO)
0111,BISCOITO DE AGUA INTEGRAL
0111,QUEIJINHO BISCOITO
0111,BISCOITO ITALIANO
0111,BOLACHA SALGADA
0111,BOLACHA DE AGUA E SAL
0111,CHIPS (SALGADINHOS)
0111,CROCK (SALGADINHOS)
0111,BACONZITOS
0111,BISCOITO DE AGUA E SAL
0111,BISCOITO CREAM CRACKER INTEGRAL
0111,BISCOITO DE SAL
0111,BISCOITO SALGADO DE MILHO
0111,BISCOITO SALGADO DE PIZZA
0111,BISCOITO SALGADO INTEGRAL
0111,BOLACHA CREAM CRACK
0111,BOLACHA INTEGRAL
0111,BISCOITO DE CEBOLA
0111,BISCOITO DE QUEIJO
0111,BISCOITO AGUA E SAL
0111,BISCOITO CLUB SOCIAL
0111,BISCOITO CLUBE SOCIAL
0111,BOLACHA AGUA E SAL
0111,BOLACHA DE SAL
0111,SALGADINHO DE MILHO
0111,SALGADINHO DE QUEIJO
0111,BISCOITO SALGADO DE GOMA
0111,MENTIRA (BISCOITO SALGADO)
0111,BISCOITO RUFFLES SALGADO
0111,BISCOITO PALITO SALGADO
0111,BISCOITO DOCE
0111,BISCOITO DE MANTEIGA
0111,BOLACHA AMANTEIGADA
0111,SEQUILHO
0111,TARECO
0111,BISCOITO DE GERGELIM
0111,BISCOITO AMANTEIGADO
0111,SOLDA
0111,BISCOITO TOSTINE
0111,BOLACHA DE FUBA
0111,BOLACHA DE MANTEIGA
0111,BREVIDADE
0111,BISCOITO DE MAIZENA
0111,BOLACHA DE MILHO
0111,SEQUILHO DE MILHO
0111,BISCOITO DOCE DE QUEIJO
0111,SEQUILHO DE MAIZENA
0111,BISCOITO DOCE SORTIDO
0111,BISCOITO DE FUBA
0111,BISCOITO SORTIDO
0111,BISCOITO DE COCO DOCE
0111,BISCOITO CREME
0111,BISCOITO DE MILHO
0111,BISCOITO CHAMPANHE
0111,BISCOITO ROSQUINHA DE COCO
0111,BISCOITO BROA DE COCO
0111,BISCOITO ROSCA DE COCO
0111,BOLACHA COM LEITE
0111,BOLACHA DOCE
0111,MARIA MALUCA (BOLACHA DOCE)
0111,BISCOITO DE CHAMPAGNE
0111,BISCOITO MARIA
0111,BISCOITO DE LEITE
0111,BISCOITO DE COCO
0111,BOLACHA DE COCO
0111,BISCOITO DE CHOCOLATE
0111,BISCOITO DE TAPIOCA
0111,BISCOITO ROSQUINHA DE CHOCOLATE
0111,BISCOITO ROSQUINHA DE LEITE
0111,BOLACHA DE CHOCOLATE
0111,BOLACHA DE LEITE
0111,BOLACHA DE LEITE E MEL
0111,BOLACHA DE MAIZENA
0111,BOLACHAO DOCE
0111,BISCOITO DE NATA
0111,CUECA VIRADA (BISCOITO DOCE)
0111,BISCOITO ORELHA DE GATO
0111,BOLACHA PALITO
0111,CAVACO
0111,BISCOITO DE GOMA
0111,BOLACHA DE MEL
0111,MARIA MALUCA
0111,ORELHA DE GATO (BISCOITO DOCE)
0111,BOLACHAO DE COCO
0111,BISCOITO PALITO DE CHOCOLATE
0111,BOLACHA DE GOMA
0111,CROSTOLI
0111,MENTIRA DOCE
0111,COOKIE
0111,BISCOITO DE POLVILHO DOCE
0111,BISCOITO DE POLVILHO SEQUILHO
0111,BISCOITO QUEBRA QUEBRA
0111,BISCOITO DE ARARUTA
0111,BISCOITO DOCE DE POLVILHO
0111,PETA
0111,PETA DE POLVILHO
0111,PETA DE GOMA
0111,PETAS
0111,BISCOITO RECHEADO
0111,MIRABEL
0111,BISCOITO RECHEADO TOSTINE
0111,BISCOITO LANCHE MIRABEL
0111,BISCOITO WAFFER
0111,LANCHE MIRABEL
0111,WAFFER (BISCOITO)
0111,ROSQUINHA RECHEADA DE QUALQUER SABOR
0111,ALFAJORES (BISCOITO)
0111,BOLACHA RECHEADA
0111,BISCOITO CROCANTE
0111,BISCOITO MIRABEL
0111,ROSCA RECHEADA
0111,BISCOITO RECHEADO DE CHOCOLATE
0111,BISCOITO RECHEADO DE MORANGO
0111,CASADINHA (BISCOITO RECHEADO)
0111,AMANDITA (BISCOITO RECHEADO)
0111,BEM CASADO (BISCOITO RECHEADO)
0111,TRAQUINAS (BISCOITO RECHEADO)
0111,BISCOITO CASEIRO
0111,BOLACHA CASEIRA
0111,BISCOITO NAO-ESPECIFICADO
0111,BISCOITO DE POLVILHO NAO-ESPECIFICADO
0111,BOLACHA NAO-ESPECIFICADA
0111,BISCOITO ORGANICO NAO ESPECIFICADO
0111,ROSCA DE LEITE
0111,ROSCA DE GOMA
0111,BOLACHA DE ARROZ
0111,BOLACHA DE TRIGO
0111,ROSCA DE CACHACA
0111,PAO DE FORMA INDUSTRIALIZADO DE QUALQUER MARCA DIET
0111,PAO DE FORMA PLUS VITA DIET
0111,PAO DE FORMA SEVEN BOYS DIET
0111,PAO PLUS VITA DIET
0111,PAO DE FORMA INDUSTRIALIZADO DIET
0111,PAO DIET (DE FORMA INDUSTRIALIZADO)
0111,PAO DIET WICK BOLD
0111,PAO DE FORMA INDUSTRIALIZADO DE QUALQUER MARCA DIETETICO
0111,PAO DE FORMA INDUSTRIALIZADO DIETETICO
0111,PAO DE FORMA INDUSTRIALIZADO DE QUALQUER MARCA LIGHT
0111,PAO PULMEX LIGHT
0111,PAO DE FORMA PLUS VITA LIGHT
0111,PAO DE FORMA DE LEITE PULLMAN LIGHT
0111,PAO PLUS VITA LIGHT
0111,PAO DE CAIXA LIGHT
0111,PAO DE FORMA INDUSTRIALIZADO LIGHT
0111,PAO INTEGRAL LIGHT
0111,PAO INTEGRAL PLUS VITA LIGHT
0111,TORRADA DE QUALQUER PAO LIGHT
0111,PAO TORRADO (TORRADA) LIGHT
0111,TORRADA DE QUALQUER TIPO LIGHT
0111,BOLO DE COCO DIETETICO
0111,BISCOITO RECHEADO LIGHT
0111,BISCOITO RECHEADO TOSTINE LIGHT
0111,BISCOITO WAFFER LIGHT
0111,BOLACHA RECHEADA LIGHT
0111,BISCOITO RECHEADO DIET
0111,BISCOITO WAFFER DIET
0111,ROSQUINHA RECHEADA DE QUALQUER SABOR DIET
0111,BISCOITO RECHEADO DIETETICO
0111,BISCOITO NAO-ESPECIFICADO LIGHT
0111,BISCOITO NAO-ESPECIFICADO DIET
0111,BISCOITO NAO-ESPECIFICADO DIETETICO
0111,BOLACHA NAO-ESPECIFICADA LIGHT
0111,PAO DE FORMA NAO-ESPECIFICADO LIGHT
0111,PAO DE FORMA NAO-ESPECIFICADO DIET
0111,PAO DE SANDUICHE NAO-ESPECIFICADO LIGHT
0111,PAO ARABE LIGHT
0111,PAO SIRIO LIGHT
0111,PAO DOCE DIET
0111,PAO TRANCA COM FAROFA DIET
0111,PAO DE LEITE (PAO DOCE) DIET
0111,PAO MANDI DIET
0111,PANETONE DIET
0111,PAO DE MEL DIETETICO
0111,PANETONE DIETETICO
0111,BISCOITO SALGADO LIGHT
0111,BISCOITO CREAM CRACKER LIGHT
0111,BISCOITO TIPO ITALIANO LIGHT
0111,BISCOITO DE COCO SALGADO LIGHT
0111,BISCOITO DE POLVILHO SALGADO LIGHT
0111,BISCOITO INTEGRAL DE AGUA LIGHT
0111,BISCOITO SALGADINHO LIGHT
0111,BISCOITO CLUB CRACKER LIGHT
0111,SALGADINHO (BISCOITO) LIGHT
0111,BOLACHA SALGADA LIGHT
0111,BOLACHA DE AGUA E SAL LIGHT
0111,CHIPS (SALGADINHOS) LIGHT
0111,BOLO DE QUALQUER MARCA E SABOR LIGHT
0111,ROCAMBOLE LIGHT
0111,BOLO DE QUALQUER MARCA E SABOR DIET
0111,BISCOITO DOCE LIGHT
0111,SEQUILHO LIGHT
0111,BISCOITO DE MAIZENA LIGHT
0111,BISCOITO DOCE SORTIDO LIGHT
0111,BISCOITO SORTIDO LIGHT
0111,BISCOITO DE COCO DOCE LIGHT
0111,BOLACHA DOCE LIGHT
0111,BISCOITO MARIA LIGHT
0111,BISCOITO DOCE DIET
0111,BISCOITO DOCE DE QUEIJO DIET
0111,BISCOITO DOCE DIETETICO
0111,BISCOITO DE LEITE DIETETICO
0111,PAO DE FORMA NAO ESPECIFICADO LIGHT
0111,PAO PRETO LIGHT
0111,PAO DE CENTEIO LIGHT
0111,PAO FRANCES DIET
0111,PAO DE SOJA LIGHT
0111,BISCOITO SALGADO DIET
0111,BISCOITO SEM LACTOSE
0111,BISCOITO DOCE SEM GLUTEN
0111,BOLACHA SEM LACTOSE
0111,BISCOITO NAO ESPECIFICADO SEM GLUTEN
0111,PAO SEM GLUTEN E SEM LACTOSE
0111,BOLO DE QUALQUER MARCA E SABOR SEM GLUTEN
0111,PAO SEM LACTOSE
0111,PAO FRANCES LIGHT
0111,TORTA SALGADA SEM GLUTEN
0111,PAO SEM GLUTEN
0111,PAO DOCE
0111,PAO ALMOFADINHA
0111,CHINEQUE
0111,PAO DOCE COM COCO
0111,PAO DOCE COMUM
0111,PAO BOLACHAO
0111,PAO DOCE COM CREME
0111,PAO DOCE COM RECHEIO
0111,PAO DOCE SEM COCO
0111,PAO DOCE ESPECIAL
0111,PAO TRANCA COM FAROFA
0111,PAO DE LEITE (PAO DOCE)
0111,MASSINHA DOCE (PAO DOCE)
0111,PAO DOCE DE LEITE
0111,CHINEQUE COM FAROFA
0111,PAO LANCHE
0111,PAO DE LANCHE
0111,PAO DOCE COM MEL
0111,PAO DOCE COM OVOS
0111,PAO DE COCO
0111,PAO AMANTEIGADO (DOCE)
0111,PAO SUPER FOFO
0111,PAO DE MEL
0111,PAO CARTEIRA (DOCE)
0111,PAO ALEMAO
0111,PAO MANDI
0111,PAO MANDIM
0111,PANETONE
0111,PAO MANTEIGA
0111,PAO RECHEADO (DOCE)
0111,BISNAGUINHA
0111,FORROZINHO (PAO DOCE)
0111,COLOMBA DE PASCOA
0111,CROISSANT
0111,CHOCOTONE
0111,PAO BISNAGUINHA
0111,PAO DE CHOCOLATE
0111,PAO AUSTRALIANO (DOCE)
0111,PAO FOLHADO
0111,PAO CABRITINHO
0111,BISNAGUINHA INTEGRAL
0111,PAO DE FORMA DE PADARIA (ADOCICADO)
0111,PAO DE SANDUICHE DE PADARIA (ADOCICADO)
0111,PAO DE FORMA DE PADARIA (SALGADO)
0111,PAO DE SANDUICHE DE PADARIA (SALGADO)
0111,PAO DE FORMA INDUSTRIALIZADO DE QUALQUER MARCA
0111,PAO SEVEN BOYS
0111,PAO DE FORMA PLUS VITA
0111,PAO DE FORMA DE LEITE PULLMAN
0111,PAO DE FORMA SEVEN BOYS
0111,PAO DE FORMA PETROPOLIS
0111,PAO PLUS VITA
0111,PAO DE CAIXA
0111,PAO INGLES
0111,PAO RECIFE
0111,PAO ITALIANO
0111,PAO PULLMAN
0111,PAO DE FORMA PULMEX
0111,PAO DE FORMA PULLMAN
0111,PAO DE SANDUICHE INDUSTRIALIZADO DE QUALQUER MARCA
0111,PAO DE ARROZ
0111,PAO DE QUEIJO
0111,PAO DE CACHORRO QUENTE
0111,PAO DE BATATA
0111,PAO DE MILHO
0111,PAO DE FORMA DE MILHO
0111,PAO DE FUBA
0111,PANHOCA DE MILHO
0111,PAO BROTE
0111,BROTE (PAO)
0111,PAO DE AIPIM
0111,PAO DE GOMA
0111,PAO DE MANDIOCA
0111,PAO DE MACAXEIRA
0111,PAO DE CENTEIO
0111,PAO PRETO
0111,PAO CRIOULO
0111,PAO INTEGRAL
0111,PAO INTEGRAL PLUS VITA
0111,PAO DE FORMA INTEGRAL
0111,PAO NAO-ESPECIFICADO
0111,PAO CASEIRO
0111,PAO DE AVEIA
0111,PAO DE RABANADA
0111,TORRADA DE QUALQUER PAO
0111,PAO TORRADO (TORRADA)
0111,TORRADA DE QUALQUER TIPO
0111,ROSCA DOCE
0111,ROSQUINHA DOCE
0111,ROSQUINHA DE NATA
0111,ROSCA DE TRIGO DOCE
0111,ROSCA DE NATA
0111,ROSCA DE MILHO
0111,ROSQUINHA AMANTEIGADA
0111,ROSQUINHA DE MILHO
0111,ROSCA DOCE DE TRIGO
0111,ROSCA DE COCO
0111,ROSQUINHA DE COCO
0111,ROSCA AMANTEIGADA
0111,ROSCA DE CHOCOLATE
0111,ROSCA SALGADA
0111,ROSCA SALGADA DE TRIGO
0111,ROSCA DE BATATA
0111,ROSCA DE TRIGO SALGADA
0111,ROSQUINHA SALGADA
0111,BOLO DE QUALQUER MARCA E SABOR
0111,ROCAMBOLE
0111,CUCA DE QUALQUER TIPO
0111,FATIA DE BOLO DE QUALQUER SABOR
0111,BOLO DE OVOS
0111,BOLO DE QUEIJO
0111,BOLINHO DE QUEIJO
0111,BOLO DE MILHO
0111,BROA DE MILHO
0111,BROINHA DE MILHO ADOCICADA
0111,BROA DE FUBA
0111,BROINHA DE FUBA
0111,BOLINHO AMIDOMIL
0111,GRUSTOLI (BOLINHO DOCE)
0111,BOLINHO DE MILHO
0111,BOLINHO DE FUBA
0111,BOLO DE FUBA
0111,BOLO DE AIPIM
0111,BOLO DE TAPIOCA
0111,BOLO DE MACAXEIRA
0111,BOLO DE GOMA
0111,BROA DE MANDIOCA
0111,BROINHA DE MANDIOCA
0111,BROA DE GOMA
0111,BOLO DE MANDIOCA
0111,BOLO DE BATATA DOCE
0111,BOLO DE ARROZ
0111,BOLO DE CENTEIO
0111,BROA DE CENTEIO
0111,BROA PRETA
0111,MISTURAS INDUSTRIAIS DE PAES
0111,MASSAS INDUSTRIAIS DE PAES
0111,"MISTURAS INDUSTRIAIS DE BOLOS, TORTAS, BISCOITOS, ETC."
0111,"MASSAS INDUSTRIAIS DE BOLOS, TORTAS, BISCOITOS, ETC."
0111,MASSA FOLHADA
0111,MASSA PARA BOLO
0111,MASSA DE BOLO
0111,MISTURA DE BOLO
0111,MISTURA PARA BOLO
0111,PREPARO PARA BOLO
0111,TORTAS DOCES DE QUALQUER SABOR
0111,TORTAS SALGADAS DE QUALQUER SABOR
0111,SONHO
0111,FILHOS (BOLINHO DE FARINHA DE TRIGO E OVOS)
0111,BOLO DE CHOCOLATE
0111,PAO BRIOCHE
0111,BRIOCHE
0111,PAO DE MASSA FOLHADA
0111,BOLO DE LARANJA
0111,BOLO DE COCO
0111,BOLO DE CENOURA
0111,"PAO DE CENOURA, ALHO, CEBOLA, TORRESMO, ETC."
0111,PAO DE TORRESMO
0111,PAO DE ALHO
0111,PAO DE CEBOLA
0111,PAO DE GERGELIM
0111,PAO DE ERVA DOCE
0111,PAO DE CALABRESA
0111,PAO DE FRIOS
0111,PAO DE LARANJA
0111,PAO DE PASSAS
0111,PAO DE GOIABA
0111,BROA DE COCO
0111,BOLO DE TRIGO
0111,PAO DE LO
0111,BROA
0111,BROINHA
0111,BROA DE LEITE
0111,PAO CARTEIRA NAO-ESPECIFICADO
0111,PAO DE FORMA NAO-ESPECIFICADO
0111,PAO DE SANDUICHE NAO-ESPECIFICADO
0111,TORTA NAO-ESPECIFICADA
0111,ROSCA NAO-ESPECIFICADA
0111,ROSQUINHA NAO-ESPECIFICADA
0111,ROSCA DE TRIGO NAO-ESPECIFICADA
0111,ROSCA DE POLVILHO NAO-ESPECIFICADA
0111,ROSQUINHA DE POLVILHO NAO-ESPECIFICADA
0111,CREPE
0111,PAO BOLA
0111,PAO ARABE
0111,PAO SIRIO
0111,BOLO DE BANANA
0111,BROA DE QUEIJO
0111,AVOADOR
0111,PAO DE LINHO OU LINHACA
0111,BOLINHO DE QUALQUER MARCA E SABOR
0111,BROA DOCE
0111,BROA INTEGRAL
0111,BROA SALGADA
0111,BOLO SALGADO
0111,PAO DE GUARANA
0111,PAO MULTIGRAOS
0111,PAO DE MINUTO
0111,PAO DE TAPIOCA
0111,PAO COM MANTEIGA
0111,PAO DE OVOS
0111,PAPEL DE ARROZ
0111,PAO DE ABOBORA
0111,PAO INTEGRAL ORGANICO
0115,OLEO DE SOJA
0115,AZEITE DE OLIVA
0115,AZEITE IMPORTADO DE OLIVA
0115,AZEITE DOCE
0115,AZEITE TEMPERADO
0115,AZEITE COMPOSTO DE OLIVA E OLEO DE SOJA
0115,AZEITE VERDE
0115,AZEITE EXTRA VIRGEM
0115,AZEITE DE DENDE
0115,OLEO DE MILHO
0115,OLEO DE AMENDOIM
0115,OLEO DE ALGODAO
0115,OLEO DE COCO BABACU
0115,OLEO DE GIRASSOL
0115,OLEO DE ARROZ
0115,OLEO DE PEIXE
0115,OLEO DE AMENDOA
0115,OLEO DE UVA
0115,OLEO DE COCO LICURI
0115,BANHA SUINA
0115,BANHA DE PORCO
0115,BANHA VEGETAL
0115,GORDURA SUINA
0115,GORDURA VEGETAL
0115,OLEO DE GERGELIM
0115,OLEO DE COCO DA BAHIA
0115,OLEO DE CANOLA
0115,BANHA BOVINA
0115,BANHA NAO-ESPECIFICADA
0115,OLEO NAO-ESPECIFICADO
0115,AZEITE MISTO DE SOJA E OLIVA
0115,AZEITE MISTO DE OLIVA E SOJA
0115,OLEO COMPOSTO DE SOJA E OLIVA
0115,OLEO DE BANANA
0115,OLEO DE DENDE
0115,OLEO DE COCO NAO-ESPECIFICADO
0115,GORDURA HIDROGENADA
0115,AZEITE DE COCO BABACU
0115,AZEITE DE SOJA
0115,AZEITE DE GIRASSOL
0115,AZEITE ORGANICO
0122,CAFE MOIDO
0122,PO DE CAFE
0122,CAFE EM PO
0122,CAFE MOIDO ORGANICO
0122,PO DE CAFE ORGANICO
0126,REFRIGERANTE DE COLA
0126,COCA COLA
0126,REFRIGERANTE COCA COLA
0126,REFRIGERANTE PEPSI
0126,PEPSI
0126,PEPSI COLA
0126,REFRIGERANTE PEPSI COLA
0126,REFRIGERANTE DE LARANJA
0126,FANTA LARANJA
0126,REFRIGERANTE SUKITA
0126,SUKITA
0126,REFRIGERANTE POP LARANJA
0126,REFRIGERANTE DE GUARANA
0126,GUARANA
0126,GUARAVITA
0126,GUARAVITON
0126,REFRIGERANTE GUARANA
0126,GUARACAMP
0126,GUARAMIX
0126,REFRIGERANTE DE LIMAO
0126,REFRIGERANTE SODA LIMONADA
0126,SODA LIMONADA
0126,LIMAO REFRIGERANTE
0126,REFRIGERANTE LIMAO
0126,REFRIGERANTE SPRIT
0126,SPRIT REFRIGERANTE
0126,REFRIGERANTE FANTA LIMAO
0126,REFRIGERANTE GASOSA
0126,BEBIDA MISTA DE LIMAO
0126,REFRIGERANTE DE UVA
0126,REFRIGERANTE FANTA UVA
0126,REFRIGERANTE GRAPETE
0126,GRAPETE
0126,FANTA UVA
0126,BEBIDA MISTA DE UVA
0126,REFRIGERANTE MINEIRINHO
0126,MINEIRINHO
0126,MINUANO
0125,REFRIGERANTE AGUA MINERAL
0125,AGUA MINERAL
0125,AGUA MINERAL SEM GAS
0125,AGUA COM GAS
0125,AGUA MINERAL COM GAS
0125,AGUA PURIFICADA
0129,AGUA MINERAL SABOR LIMAO
0129,H2O SABOR LIMAO
0129,AGUA COM GAS E LIMAO
0129,AGUA COM GAS SABOR LIMAO
0129,AGUA COM SABOR GASEIFICADA
0129,AGUA MINERAL COM SAIS
0123,REFRIGERANTE DE MATE
0123,REFRIGERANTE MATE COURO
0123,MATE COURO
0123,MATE
0123,MATE LIMAO
0123,MATE PESSEGO
0126,REFRIGERANTE JAO
0126,REFRIGERANTE TUBAINA
0126,TUBAINA
0126,REFRIGERANTE NAO-ESPECIFICADO
0126,REFRIGERANTE DE MACA
0126,MACA REFRIGERANTE
0126,BEBIDA MISTA DE MACA
0126,REFRIGERANTE DE TUTI FRUTI
0126,BEBIDA MISTA DE TANGERINA
0126,REFRIGERANTE DE CAJU
0121,CAJUINA
0129,REFRIGERANTE AGUA TONICA
0129,AGUA TONICA
0129,REFRIGERANTE DE QUININO
0126,REFRIGERANTE REAL
0126,REAL REFRIGERANTE
0129,REFRIGERANTE ENERGETICO
0129,TAFFMAN E
0129,GATORADE
0129,BEBIDA ISOTONICA
0129,ISOTONICO
0129,HIDROTONICO
0126,REFRIGERANTE CITRICO
0126,REFRIGERANTE DE ABACAXI
0126,BEBIDA DE ABACAXI
0126,REFRIGERANTE DE FRAMBOESA
0126,REFRIGERANTE DE MORANGO
0126,BEBIDA MISTA DE MORANGO
0126,REFRIGERANTE DE MARACUJA
0126,REFRIGERANTE DE GENGIBRE
0126,REFRIGERANTE JESUS
0126,REFRIGERANTE DE ABACATE
0126,REFRIGERANTE DE GUARANA E LARANJA
0126,REFRIGERANTE DE UVA E LARANJA
0126,REFRIGERANTE DE LIMAO ZERO
0126,REFRIGERANTE DE POMELO
0126,REFRIGERANTE DE FRUTAS CITRICAS
0126,REFRIGERANTE DE COLA E LIMAO
0126,REFRIGERANTE DE ACAI
0126,REFRIGERANTE DE COLA LIGHT
0126,COCA COLA LIGHT
0126,REFRIGERANTE COCA COLA LIGHT
0126,REFRIGERANTE DE COLA DIET
0126,REFRIGERANTE PEPSI DIET
0126,PEPSI DIET
0126,REFRIGERANTE PEPSI COLA DIET
0126,REFRIGERANTE DE COLA DIETETICO
0126,REFRIGERANTE DE LARANJA LIGHT
0126,FANTA LARANJA LIGHT
0126,REFRIGERANTE DE GUARANA LIGHT
0126,CHA DIET
0126,CHA EMAGRECEDOR
0126,REFRIGERANTE DE GUARANA DIET
0126,GUARANA DIET
0126,REFRIGERANTE DE GUARANA ZERO
0126,GUARANA ZERO
0126,REFRIGERANTE SODA LIMONADA LIGHT
0126,REFRIGERANTE DE LIMAO DIET
0126,REFRIGERANTE SPRIT DIET
0126,REFRIGERANTE DE LIMAO DIETETICO
0126,REFRIGERANTE MINEIRINHO LIGHT
0123,REFRIGERANTE MATE COURO LIGHT
0123,MATE LIMAO LIGHT
0126,REFRIGERANTE CITRICO LIGHT
0121,SUCO DE FRUTA OU VEGETAL ARTIFICIAL EM PO LIGHT
0129,CONCENTRADO DE REFRESCO EM PO LIGHT
0129,REFRESCO DE FRUTA ARTIFICIAL EM PO LIGHT
0129,PO DE REFRESCO LIGHT
0129,SUCO DE FRUTA OU VEGETAL ARTIFICIAL EM PO DIET
0129,REFRESCO DE FRUTA ARTIFICIAL EM PO DIET
0129,PO DE REFRESCO DIET
0129,REFRESCO DE FRUTA ARTIFICIAL EM PO DIETETICO
0129,PO DE REFRESCO DIETETICO
0121,SUCO DE FRUTA OU VEGETAL ENGARRAFADO LIGHT
0121,SUCO DE FRUTA OU VEGETAL ENGARRAFADO DIET
0121,SUCO DE FRUTA OU VEGETAL ENCARTONADO LIGHT
0121,SUCO DE FRUTA OU VEGETAL EM CAIXA LIGHT
0121,SUCO DE FRUTA OU VEGETAL EM CAIXA DIET
0121,SUCO DE FRUTA OU VEGETAL ENCARTONADO DIETETICO
0121,SUCO DE FRUTA OU VEGETAL EM CAIXA DIETETICO
0121,SUCO DE FRUTA OU VEGETAL NAO-ESPECIFICADO DIET
0121,SUCO DE FRUTA OU VEGETAL NAO-ESPECIFICADO DIETETICO
0122,CAFE CAPUCCINO SOLUVEL DIET
0123,CHA MATE LIGHT
0123,CHA MATE DIET
0123,ERVA MATE DIET
0129,REFRIGERANTE AGUA TONICA DIET
0129,AGUA TONICA DIET
0129,REFRIGERANTE AGUA TONICA DIETETICA
0126,COCA COLA ZERO
0126,COCA COLA DIET
0126,REFRIGERANTE COCA COLA ZERO
0126,PEPSI ZERO
0123,MATE COURO DIET
0126,REFRIGERANTE NAO-ESPECIFICADO DIET
0126,REFRIGERANTE NAO-ESPECIFICADO LIGHT
0126,REFRIGERANTE DE LARANJA DIET
0213,CERVEJA
0213,CERVEJA PRETA
0213,CERVEJA BRANCA
0213,CHOPP
0213,CHOPP CLARO
0213,CHOPE
0213,CERVEJA SEM ALCOOL
0213,CERVEJA LIGHT
0213,CERVEJA BRANCA LIGHT
0213,CHOPP DE FRUTAS
0213,CERVEJA ZERO
0211,BEBIDA ALCOOLICA ICE
0211,AGUARDENTE DE CANA
0211,CACHACA
0211,AGUARDENTE DE CANA DE ACUCAR
0211,PINGA
0211,BATIDA DE QUALQUER SABOR
0211,BATIDA DE COCO
0211,STEINHARGER
0211,RUM
0211,VODKA
0211,GIN
0211,UISQUE
0211,WHISKY
0211,CAMPARI
0212,CHAMPANHE
0212,SIDRA CHAMPANHE
0212,ESPUMANTE
0212,VERMUTE
0212,MARTINI
0211,CONHAQUE
0211,DRINK DREHER
0219,LICOR DE QUALQUER SABOR
0211,BITTER
0212,SAQUE
0212,VINHO DE UVA E OUTROS
0212,VINHO ROSE
0212,VINHO TINTO
0212,VINHO SECO
0212,VINHO MOSCATEL
0212,VINHO LICOROSO
0212,VINHO BRANCO
0212,JURUBEBA VINHO
0212,VINHO DE CATUABA
0212,VINHO SUAVE
0212,VINHO DE UVA
0212,VINHO
0212,CATUABA
0212,VINHO DE JURUBEBA
0212,KEEP COOLER
0212,COQUETEL DE FRUTAS
0211,CAIPIRINHA
0211,AGUARDENTE DE CATUABA
0211,TEQUILA
0219,BEBIDA ALCOOLICA NAO-ESPECIFICADA
0212,VINHO TINTO ORGANICO
0212,VINHO BRANCO ORGANICO
0212,CATUABA ORGANICA
0211,AGUARDENTE DE CANA ORGANICA
0212,SAQUE ORGANICO
0212,QUENTAO
0211,AGUARDENTE DE JALAPA
0212,COQUETEL DE VINHO
0212,COQUETEL ALCOOLICO
0211,AGUARDENTE NAO ESPECIFICADO
0212,RAIZES PARA BEBIDA ALCOOLICA
0121,ACAI EM EMULSAO
0121,ACAI
0121,JUCARA
0121,ACAI FRUTA
0121,JUSSARA
0121,ACAI EM PAPA
0121,PAPA DE ACAI
0212,VINHO DE ACAI
0121,ACAI EM POLPA
0212,VINHO DE BURITI
0121,PAPA DE BURITI
0121,EMULSAO DE PATAUA
0121,GUARANA EM PO NATURAL
0121,GUARANA NATURAL EM PO
0121,POLPA DE FRUTA CONGELADA
0121,MARACUJA EM POLPA
0121,POLPA DE MARACUJA
0121,POLPA DE COCO
0121,POLPA DE ABACAXI
0121,POLPA DE CAJU
0121,POLPA DE CUPUACU
0121,POLPA DE GRAVIOLA
0121,POLPA DE TANGERINA
0121,POLPA DE MANGA
0121,POLPA DE CAJA
0121,POLPA DE GOIABA
0121,POLPA DE PITANGA
0121,POLPA DE MORANGO
0121,POLPA DE UVA
0121,POLPA DE ACEROLA
0121,POLPA DE FRUTA DE MANGABA
0121,POLPA DE TAMARINDO
0121,POLPA DE BURITI
0121,POLPA DE BACURI
0121,POLPA DE CARAMBOLA
0121,POLPA DE LIMAO
0121,POLPA DE LARANJA
0121,POLPA DE MAMAO
0121,POLPA DE MURICI
0121,POLPA DE AMEIXA
0121,POLPA DE CIRIGUELA
0121,POLPA DE CACAU
0129,DIET SHAKE
0129,CONCENTRADO ALIMENTAR DIET SHAKE
0114,MILK SHAKE
0114,MILK SHAKE DE MORANGO
0121,CALDO DE CANA
0121,GARAPA
0129,AGUA DE COCO
0121,SUCO DE FRUTA OU VEGETAL ENGARRAFADO
0129,XAROPE DE FRUTA OU VEGETAL ENGARRAFADO
0129,XAROPE DE GUARANA
0129,XAROPE DE GROSELHA
0121,SUCO DE UVA INTEGRAL
0126,REFRESCO DE FRUTA ENGARRAFADO
0126,REFRESCO DE FRUTA ENCARTONADO
0121,SUCO DE FRUTA OU VEGETAL ARTIFICIAL EM PO
0121,Q-SUCO
0129,CONCENTRADO DE REFRESCO EM PO
0129,REFRESCO DE FRUTA ARTIFICIAL EM PO
0129,PO DE REFRESCO
0129,REFRESCO EM PO
0121,SUCO ARTIFICIAL EM PO
0129,REFRESCO ARTIFICIAL EM PO
0121,QSUCO
0121,SUCO EM PO
0122,CAFE SOLUVEL
0122,NESCAFE
0123,CHA PRETO
0123,CHA DA INDIA
0123,CHA JAPONES
0123,CHA MATE
0123,MATE ERVA
0123,ERVA MATE
0123,CHIMARRAO
0123,ERVA DE TERERE
0123,ERVA DOCE CHA
0123,CHA DE ERVA DOCE
0123,ANIZ CHA
0123,CHA DE ANIZ
0123,CHA DE HORTELA
0123,CHA DE CANELA
0123,CAMOMILA CHA
0123,CHA DE CAMOMILA
0123,ERVA CIDREIRA CHA
0123,CHA DE ERVA CIDREIRA
0123,CHA DE CIDREIRA
0611,LEVEDO DE CERVEJA
0122,CAFE DE CEVADA
0122,CEVADA EM PO
0122,CEVADA MOIDA
0122,CAFE EM GRAO
0126,REFRESCO EM SACO PLASTICO
0122,CAFE COM LEITE EM PO
0123,MARCELA CHA
0123,CHA DE MARCELA
0124,CHOCOLATE ENGARRAFADO OU ENCARTONADO
0124,CHOCOMILK ENCARTONADO
0124,CHOCOLATE LIQUIDO
0121,SUCO DE FRUTA OU VEGETAL ENCARTONADO
0121,SUCO DE FRUTA OU VEGETAL EM CAIXA
0118,"GELO EM CUBO, PEDRA, ETC."
0118,GELITO
0122,CAFE DESCAFEINADO
0121,SUCO DE FRUTA OU VEGETAL EM LATA
0121,SUCO DE FRUTA OU VEGETAL EM SACO PLASTICO
0123,MULTIERVAS CHA
0123,CHA MULTIERVAS
0129,BEBIDA ENERGETICA
0129,BEBIDA NAO-ALCOOLICA NAO-ESPECIFICADA
0123,OUTRO CHA
0123,CHA OUTRO
0121,SUCO DE FRUTA OU VEGETAL NAO-ESPECIFICADO
0123,CHA NAO-ESPECIFICADO
0122,CAFE CAPUCCINO SOLUVEL
0122,CAFE SOLUVEL CAPUCCINO
0123,FOLHA DE ARRUDA
0123,BOLDO CHA
0123,CHA DE BOLDO
0125,AGUA POTAVEL
0125,AGUA DOCE
0125,AGUA DE POCO
0122,CAFE COM LEITE SOLUVEL
0121,SUCO DE FRUTA OU VEGETAL ORGANICO ENGARRAFADO
0121,SUCO DE FRUTA OU VEGETAL ORGANICO ENCARTONADO
0121,SUCO DE FRUTA OU VEGETAL ORGANICO EM CAIXA
0121,SUCO DE FRUTA OU VEGETAL ORGANICO EM LATA
0121,SUCO DE FRUTA OU VEGETAL ORGANICO NAO-ESPECIFICADO
0122,CAFE SOLUVEL ORGANICO
0122,NESCAFE ORGANICO
0122,CAFE DESCAFEINADO ORGANICO
0123,CHA MATE ORGANICO
0123,CHA DE LIMAO
0123,CHA VERDE
0123,CHA DE MACA
0123,CLOROFILA (SUCO)
0123,CHA DE PESSEGO
0123,CHA DE SENE
0123,CHA DE ENDRO
0121,SUCO DE FRUTA OU VEGETAL EM COPO PLASTICO
0129,BABOSA EM FOLHA
0129,AROMATIZANTE DE BEBIDAS
0123,CHA DE ABACAXI
0123,CHA DE MORANGO
0123,CHA DE CARQUEJA
0123,FOLHAS DE AMORA (CHA)
0122,CAFE NAO ESPECIFICADO
0123,CHA DE HIBISCO
0123,CHA DE FRUTAS VERMELHAS
0123,CHA BRANCO
0123,CHA DE MACA COM CANELA
0123,CHA DE MARACUJA
0123,CHA DE CAVALINHA
0123,CHA DE LARANJA
0122,CAFE EM CAPSULAS
0121,GUARANA NATURAL
0123,CHA CANELA DE VELHO
0123,CHA DE ESPINHEIRA SANTA
0129,BEBIDA MISTA DE FRUTAS NAO ESPECIFICADAS
0129,BEBIDAS MISTAS DE CEREAIS
0129,BEBIDA MISTA DE CASTANHA
0129,BEBIDA DE AMENDOA ORGANICA
0129,BEBIDA MISTA DE CEREAL ORGANICA
0123,CHA DE CAPIM CIDREIRA
0123,CHA DE GENGIBRE
0123,CHA DE ALECRIM
0123,CHA DE ACAI
0123,CHA DE SAQUE
0123,CHA DE POEJO
0123,CHA DE TAYUYA
0121,SUMO DE LIMAO ESPREMIDO
0123,CHA DE MELAO DE SAO CAETANO
0123,CHA KOMBUCHA
0123,CASCA DE BARBATIMAO (PARA CHA)
0117,AZEITONA
0117,AZEITONA EM CONSERVA
0117,AZEITONA VERDE
0117,AZEITONA PRETA
0117,AZEITONA RECHEADA EN CONSERVA
0117,AZEITONA SEM CAROCO
0117,AZEITONA FATIADA EM CONSERVA
0117,ERVILHA EM CONSERVA
0117,PETIT POIS
0117,ERVILHA COM CENOURA EM CONSERVA
0117,ERVILHA E CENOURA EM CONSERVA
0117,MILHO VERDE EM CONSERVA
0117,MILHO EM CONSERVA
0117,PALMITO EM CONSERVA
0117,COGUMELO EM CONSERVA
0117,CHAMPIGNON EM CONSERVA
0117,FUNGHI SECO
0117,ASPARGO EM CONSERVA
0117,CENOURA EM CONSERVA
0117,CHUCRUTE
0117,TOMATE SEM PELE EM CONSERVA
0117,LEGUME NAO-ESPECIFICADO EM CONSERVA
0117,LEGUME EM CONSERVA NAO-ESPECIFICADO
0119,SOPA INFANTIL DE QUALQUER SABOR
0119,SOPA INFANTIL COM LEGUMES OU VERDURAS
0119,ALIMENTO INFANTIL CREMOSO (EXCETO SOBREMESA)
0119,ALIMENTO INFANTIL EM PASTA (EXCETO SOBREMESA)
0119,PAPINHA (ALIMENTO INFANTIL)
0119,SOPINHA PARA BEBE
0119,SOPA DE LEGUMES EM CONSERVA
0119,SOPA DESIDRATADA DE QUALQUER SABOR
0119,SOPA EM PACOTE DE QUALQUER SABOR
0119,SOPA CONCENTRADA EM PACOTE DE QUALQUER SABOR
0119,CREME DE CEBOLA (SOPA DESIDRATADA)
0119,CREME DE LEGUMES (SOPA DESIDRATADA)
0119,YAKISSOBA (SOPA DE LEGUMES DESIDRATADA)
0119,CANJA DESIDRATADA
0119,SOPA DE LEGUMES (SOPA DESIDRATADA)
0117,MILHO VERDE COM ERVILHA EM CONSERVA
0117,ERVILHA E MILHO EM CONSERVA
0117,MILHO E ERVILHA EM CONSERVA
0117,ERVILHA E MILHO VERDE EM CONSERVA
0117,MILHO VERDE E ERVILHA EM CONSERVA
0117,PIMENTA MALAGUETA EM CONSERVA
0117,PIMENTA BODE EM CONSERVA
0117,PIMENTA NAO-ESPECIFICADA EM CONSERVA
0117,MOLHO DE PIMENTA NAO-ESPECIFICADA
0117,PIMENTA EM CONSERVA NAO-ESPECIFICADA
0117,FEIJOADA EM CONSERVA
0117,FEIJOADA COMPLETA EM CONSERVA
0117,FEIJOADA PRONTA EM CONSERVA
0119,DOBRADINHA COM FEIJAO BRANCO EM CONSERVA
0112,PATE DE FIGADO EM CONSERVA
0112,PATE DE CARNE EM CONSERVA
0112,PASTA DE CARNE EM CONSERVA
0112,PATE DE CALABRESA
0112,PATE DE PRESUNTO EM CONSERVA
0112,PASTA DE PRESUNTO EM CONSERVA
0112,PATE DE GALINHA EM CONSERVA
0112,PASTA DE GALINHA EM CONSERVA
0112,PATE DE FRANGO EM CONSERVA
0112,CARNE BOVINA EM CONSERVA
0112,ALMONDEGA EM CONSERVA
0112,KITUTE BOVINO
0112,ALMONDEGA AO MOLHO EM CONSERVA
0112,CORNED BEEF
0112,QUITUTE BOVINO
0112,CARNE SUINA EM CONSERVA
0112,PRESUNTADA
0112,QUITUTE SUINO
0112,FIAMBRE
0112,SALSICHA EM CONSERVA
0112,LINGUICA EM CONSERVA
0113,PEIXE SARDINHA EM CONSERVA
0113,SARDINHA EM CONSERVA
0113,SARDINHA EM LATA
0113,PEIXE ANCHOVA EM CONSERVA
0113,PEIXE ENCHOVA EM CONSERVA
0113,PEIXE CORVINA EM CONSERVA
0113,PEIXE CAVALINHA EM CONSERVA
0113,CAVALINHA EM CONSERVA
0113,PEIXE ATUM EM CONSERVA
0113,ATUM EM CONSERVA
0113,ATUM RALADO
0113,ATUM SOLIDO
0113,SAVELHA EM CONSERVA
0117,PEPINO EM CONSERVA
0117,CEBOLA EM CONSERVA
0113,PATE DE PEIXE EM CONSERVA
0113,PASTA DE PEIXE EM CONSERVA
0117,PICLES
0113,PEIXE BONITO EM CONSERVA
0117,LENTILHA EM CONSERVA
0112,MORTADELA EM CONSERVA
0113,PEIXE PESCADA EM CONSERVA
0113,PESCADA EM CONSERVA
0112,CARNE DE FRANGO EM CONSERVA
0112,QUITUTE DE FRANGO
0112,PATE DE PERU EM CONSERVA
0112,PASTA DE PERU EM CONSERVA
0113,PEIXE TAINHA EM CONSERVA
0112,FIAMBRE DE CHESTER
0112,PRESUNTO DE CHESTER
0112,STROGONOFF EM CONSERVA
0112,STROGONOFF ENCARTONADO
0112,STROGONOFF EM PACOTE
0112,CARNE EM CONSERVA NAO-ESPECIFICADA
0117,PIMENTA CUMARI EM CONSERVA
0119,ALIMENTO INFANTIL NAO-ESPECIFICADO
0113,KANI KAMA
0113,SALMAO EM CONSERVA
0119,SOPA DESIDRATADA DE QUALQUER SABOR LIGHT
0119,SOPA EM PACOTE DE QUALQUER SABOR LIGHT
0119,SOPA CONCENTRADA EM PACOTE DE QUALQUER SABOR LIGHT
0119,CREME DE LEGUMES (SOPA DESIDRATADA) LIGHT
0113,SARDINHA EM CONSERVA LIGHT
0113,SARDINHA EM LATA LIGHT
0113,PEIXE ATUM EM CONSERVA LIGHT
0113,ATUM EM CONSERVA LIGHT
0113,ATUM RALADO LIGHT
0113,ATUM SOLIDO LIGHT
0112,FIAMBRE DE CHESTER LIGHT
0112,PRESUNTO DE CHESTER LIGHT
0117,BETERRABA EM CONSERVA
0112,LANCHE PEPERI (PRESUNTOS SUINO E DE FRANGO)
0114,OVO DE CODORNA EM CONSERVA
0117,SELETA DE LEGUMES EM CONSERVA
0117,PASTA DE AZEITONA
0117,PATE DE AZEITONA
0117,COUVE FLOR EM CONSERVA
0117,CEBOLINHA CRISTAL EM CONSERVA
0117,AZEITONA VERDE LIGHT
0117,SALSICHA VEGETAL EM CONSERVA
0117,BROCOLIS EM CONSERVA
0113,PATE DE ATUM EM CONSERVA
0119,PASTA DE ALHO EM CONSERVA
0117,CHUCHU EM CONSERVA
0117,PASTA DE ASPARGOS
0117,PASTA DE TOMATE SECO
0113,PATE DE SARDINHA
0113,PASTA DE ANCHOVA
0119,TAHINI
0117,COGUMELO DESIDRATADO
0117,PASTA DE GRAO DE BICO
0112,PATE DE PRESUNTO EMBUTIDO
0112,PATE DE CARNE EMBUTIDO
0112,PASTA DE CARNE EMBUTIDA
0112,PATE DE FIGADO EMBUTIDO
0112,PATE DE GALINHA EMBUTIDO
0117,PATE DE BERINJELA
0112,PATE DE PRESUNTO EMBUTIDO LIGHT
0112,PATE DE PERU LIGHT
0112,PATE DE FIGADO LIGHT
0112,PATE DE TORRESMO
0119,MASSA DE TOMATE
0119,EXTRATO DE TOMATE
0119,POLPA DE TOMATE
0119,MAIONESE
0119,MAIONESE COM LIMAO
0119,MAIONESE COM ATUM
0119,MAIONESE COM AZEITONA
0119,MOLHO DE MAIONESE
0119,MAIONESE DE QUALQUER SABOR
0119,MAIONESE DE LEITE
0119,MAIONESE LIGHT
0119,SAL REFINADO
0119,SAL IODADO
0119,SAL REFINADO LIGHT
0119,SAL IODADO LIGHT
0117,ALHO
0117,ALHO ROXO
0117,ALHO BRANCO
0117,ALHO ARGENTINO
0117,ALHO A GRANEL
0117,ALHO CABECA
0117,ALHO EM CABECA
0117,ALHO DESCASCADO
0119,HORTELA (MOLHO)
0119,HORTELA EM FOLHA
0119,MANGERICAO
0119,MANJERONA
0119,OREGANO (MOLHO)
0119,SAL GROSSO
0119,SAL TRITURADO
0119,SAL MOIDO
0119,SAL GROSSO TEMPERADO
0119,SAL AMONIACO
0119,TEMPERO MISTO INDUSTRIALIZADO EM PASTA
0119,CONDIMENTO MISTO INDUSTRIALIZADO EM PASTA
0119,ARISCO
0119,TEMPERO ARISCO
0119,ALHO EM PASTA
0119,PURE DE ALHO
0119,CREME DE ALHO
0119,MASSA DE ALHO
0119,TEMPERO ALHO E SAL
0119,TEMPERO COMPLETO EM PASTA
0119,BICARBONATO DE SODIO
0119,BICARBONATO
0119,FERMENTO EM PO
0119,FERMENTO
0119,FERMENTO BIOLOGICO
0119,GLUTAMATO MONOSSODICO
0119,AJINOMOTO
0119,REALCADOR DE SABOR
0119,BAUNILHA EM PO
0119,ESSENCIA DE BAUNILHA
0119,ESSENCIA DE CEREJA
0119,CANELA EM PO
0119,CANELA EM PAU
0119,CANELA EM FOLHA
0119,CRAVO (TEMPERO INDUSTRIALIZADO)
0119,CRAVO DA INDIA
0119,COLORAU
0119,COLORIFICO
0119,URUCU
0119,URUCUM
0119,COLORAU COM PIMENTA
0119,PAPRIKA
0119,NOZ MOSCADA (TEMPERO INDUSTRIALIZADO)
0119,MOSTARDA (TEMPERO INDUSTRIALIZADO)
0119,LOURO (TEMPERO INDUSTRIALIZADO)
0119,LOURO EM PO
0119,LOURO EM FOLHA
0119,FOLHA DE LOURO
0119,ACAFRAO EM PO
0119,COMINHO EM GRAO
0119,CUMINHO EM GRAO
0119,MOLHO DE TOMATE COM ERVAS
0119,MANGERICAO DE MOLHO (TEMPERO INDUSTRIALIZADO)
0119,MANGERICAO (TEMPERO INDUSTRIALIZADO)
0119,MOLHO DE MANGERICAO
0119,OREGANO (TEMPERO INDUSTRIALIZADO)
0119,OREGAO (TEMPERO INDUSTRIALIZADO)
0119,HORTELA (TEMPERO INDUSTRIALIZADO)
0117,ALCAPARRA EM CONSERVA
0119,MANJERONA SECA
0119,MANJERONA DESIDRATADA
0119,COENTRO (TEMPERO INDUSTRIALIZADO)
0119,COENTRO EM PO
0119,SEMENTE DE COENTRO
0119,COENTRO EM GRAO
0119,ALHO EM PO
0117,ALHO DESIDRATADO
0117,CEBOLA DESIDRATADA
0119,CEBOLA EM FLOCOS
0119,CHEIRO VERDE EM PO
0119,PIMENTAO EM PO
0119,PIMENTA DO REINO EM PO OU EM GRAO
0119,PIMENTA DO REINO EM PO
0119,PIMENTA DO REINO EM GRAO
0119,PIMENTA DO REINO CLARA
0119,PIMENTA DA INDIA (PIMENTA DO REINO)
0119,PIMENTA DO REINO BRANCA
0119,PIMENTA DO REINO PRETA
0119,PIMENTA DO REINO ESCURA
0119,PIMENTA DO REINO
0119,MIX DE PIMENTA DO REINO
0119,PIMENTA DO REINO E COMINHO
0119,COMINHO E PIMENTA DO REINO
0119,VINAGRE DE ALCOOL
0119,VINAGRE DE CANA
0119,VINAGRE DE VINHO
0119,VINAGRE DE UVA
0119,VINAGRE DE MACA
0119,MOLHO DE SOJA
0119,MOLHO JAPONES
0119,SHOYO
0119,SAKURO
0119,MOLHO SHOYU
0119,MOLHO INGLES
0119,LEITE DE COCO
0119,MOLHO TARTARO
0119,TEMPERO DE SALADAS
0119,MOLHO DE TUCUPI COM PIMENTA
0119,TUCUPI COM PIMENTA
0119,CALDO DE GALINHA
0119,CALDO DE CARNE
0119,CALDO DE PICANHA
0119,CURRY
0119,MOLHO DE TOMATE
0119,KETCHUP
0119,CATCHUP
0119,CAT-CHUP
0119,KAT-CHUP
0119,MOLHO REFOGADO DE TOMATE
0119,KATCHUP
0119,MOLHO BOLONHESA
0119,MOLHO A BOLONHESA
0119,MOLHO DE TOMATE COM CARNE
0119,MOLHO DE MACARRONADA
0119,MOLHO XADREZ
0119,COMINHO EM PO
0119,CUMINHO EM PO
0119,TEMPERO MISTO EM PO
0119,TEMPERO MISTO EM GRAO
0119,PIMENTA SIRIA
0119,CALDO DE LEGUMES
0119,TEMPERO DE MASSAS
0119,SAL DIET
0119,SAL DIETETICO
0119,SAL IODADO DIET
0119,TEMPERO DE FEIJAO
0119,CALDO DE FEIJOADA KNORR
0119,AMACIANTE DE CARNE
0119,FONDOR
0119,PIMENTA EM PO
0119,MOLHO DE FUNGHI
0119,MOLHO DE COGUMELOS
0117,ERVILHA FRITA EM PO OU GRAO
0119,MISSO
0119,SALSA DESIDRATADA
0119,MOLHO DE PIZZA
0119,MOLHO PARA PIZZA
0119,TUCUPI EM CALDO SEM PIMENTA
0119,CALDO DE TUCUPI SEM PIMENTA
0119,MOLHO BRANCO
0119,CALDO DE BACON
0114,CREME DE QUEIJO
0114,MOLHO QUATRO QUEIJOS
0114,PATE DE QUEIJO
0114,MOLHO TRES QUEIJOS
0119,CALDO NAO-ESPECIFICADO
0119,TEMPERO NAO-ESPECIFICADO EM TABLETE
0119,CALDO DE PEIXE
0119,CALDO DE CAMARAO
0119,MOLHO NAO-ESPECIFICADO
0119,MOLHO DE ALHO
0119,EXTRATO DE ALHO
0119,COALHO
0119,COAGULANTE LIQUIDO
0119,TEMPERO EM PO NAO-ESPECIFICADO
0119,TEMPERO NAO-ESPECIFICADO
0119,CONDIMENTO NAO-ESPECIFICADO
0119,TEMPERO CASEIRO NAO-ESPECIFICADO
0119,SAL AMARGO
0119,SALVIA EM FOLHA (TEMPERO INDUSTRIALIZADO)
0119,TOMILHO EM FOLHA (TEMPERO INDUSTRIALIZADO)
0119,VINAGRE NAO-ESPECIFICADO
0119,VINAGRE DE ARROZ
0119,VINAGRE DE MILHO
0119,GERGELIM EM PO
0119,GERGELIM EM GRAO
0119,MOLHO DE PIMENTA
0119,MOLHO MADEIRA
0119,MOLHO PARA SALADA
0119,MOLHO AGRIDOCE
0119,MOLHO BARBECUE
0119,MOLHO DE FRANGO
0119,TEMPERO DE FRANGO
0119,MOLHO PARA CARNE
0119,MOLHO TEMPERADO PARMESAO
0117,TOMATE SECO
0119,LEITE DE COCO LIGHT
0119,MOLHO DE SALADAS LIGHT
0119,MOLHO DE TOMATE LIGHT
0119,KETCHUP LIGHT
0119,KETCHUP DIET
0119,CALDO DE CEBOLA
0119,CALDO DE COSTELA
0119,CALDO DE MANDIOCA
0116,COCO EM FLOCOS
0116,FLOCOS DE COCO
0119,COAGULANTE LIQUIDO (CLORETO DE MAGNESIO)
0119,EMUSTAB (EMULSIFICANTE)
0119,LIGA NEUTRA
0119,PIMENTA CALABRESA
0119,TEMPERO SAZON
0119,SAZON (TEMPERO)
0119,SAZON
0119,VINAGRE DE ALCOOL E VINHO (COMPOSTO)
0119,AGRIN
0119,CALDO DE ARROZ
0119,TEMPERO NAO-ESPECIFICADO EM PACOTE
0119,TEMPERO MISTO LIQUIDO
0119,TEMPERO LIQUIDO MISTO
0119,TEMPERO LIQUIDO DE CEBOLA E ALHO
0119,TEMPERO LIQUIDO COMPLETO
0119,VINAGRE DE LIMAO
0119,VINAGRE BALSAMICO
0119,ERVA DOCE (TEMPERO INDUSTRIALIZADO)
0119,VINAGRE DE MACA ORGANICO
0119,MOLHO CHIMICHURRI
0119,MOLHO PESTO
0119,VINAGRE DE CAMARAO
0119,LEMON PEPPER (TEMPERO INDUSTRIALIZADO)
0119,ALECRIM DESIDRATADO
0119,MOLHO VINAGRETE
0119,ZAATAR
0119,SAL MARINHO
0119,SAL ROSA
0119,MOLHO DE CHAMPIGNON
0119,FURIKAKE (TEMPERO JAPONES)
0119,TEMPERO DE ERVAS FINAS
0119,WASABI (TEMPERO JAPONES)
0119,BICARBONATO DE AMONIO
0119,MOLHO DE BETERRABA
0119,MOLHO DE CENOURA
0119,MOLHO DE CHEDDAR
0119,MOLHO DE ALMEIRAO
0119,MOLHO DE ALHO PORO ORGANICO
0119,MOLHO DE RUCULA ORGANICO
0119,MOLHO DE PEQUI
0119,MOLHO DE CEBOLA ORGANICA
0119,MOLHO DE SALSA
0119,MOLHO DE ESPINAFRE
0119,MANDIOQUINHA PALHA
0119,BATATA CHIPS
0119,BOLINHA DE QUEIJO SEMIPRONTA
0119,SANDUICHE SEMIPRONTO
0119,PAELLA
0119,REFEICAO PRONTA PARA VIAGEM
0119,MARMITA PARA VIAGEM
0119,QUENTINHA PARA VIAGEM
0119,MARMITEX PARA VIAGEM
0119,ALMOCO PARA VIAGEM
0119,ALMOCO EM QUENTINHA PARA VIAGEM
0119,JANTAR PARA VIAGEM
0119,JANTAR EM QUENTINHA PARA VIAGEM
0119,VIANDA PARA VIAGEM
0119,SALGADINHO PARA VIAGEM
0119,PASTEL PARA VIAGEM
0119,CROQUETE PARA VIAGEM
0119,"BOLINHO SALGADO DE CARNE, CAMARAO, ETC. PARA VIAGEM"
0119,COXINHA PARA VIAGEM
0119,EMPADA PARA VIAGEM
0119,RISOLE PARA VIAGEM
0119,PIZZA EM PEDACO PARA VIAGEM
0119,ACARAJE PARA VIAGEM
0119,TORRESMO PARA VIAGEM
0119,QUIBE PARA VIAGEM
0119,ABARA PARA VIAGEM
0119,PACOCA DE CARNE DE SOL PARA VIAGEM
0119,POLENTA FRITA PARA VIAGEM
0119,MACAXEIRA FRITA PARA VIAGEM
0119,ANGU DE MILHO PARA VIAGEM
0119,POLENTA PARA VIAGEM
0119,"BOLINHO DE CARNE, CAMARAO, ETC. PARA VIAGEM"
0119,BOLINHO SALGADO DE CAMARAO PARA VIAGEM
0119,ESFIRRA PARA VIAGEM
0119,ESFIRRA DE CARNE PARA VIAGEM
0119,ESFIRRA DE QUEIJO PARA VIAGEM
0119,ESFIRRA DE FRANGO PARA VIAGEM
0119,ENROLADINHO PARA VIAGEM
0119,BOLINHO DE AIPIM PARA VIAGEM
0119,EMPADINHA PARA VIAGEM
0119,BOLINHO DE BACALHAU PARA VIAGEM
0119,SALGADO PARA VIAGEM
0119,SANDUICHE PARA VIAGEM
0119,CACHORRO QUENTE PARA VIAGEM
0119,HAMBURGUER PARA VIAGEM
0119,CHEESBURGUER PARA VIAGEM
0119,BAURU PARA VIAGEM
0119,"TORRADA COM QUEIJO, PRESUNTO, OVO, ETC. PARA VIAGEM"
0119,MISTO QUENTE OU FRIO PARA VIAGEM
0119,SANDUICHE DE QUEIJO PRATO PARA VIAGEM
0119,SANDUICHE DE PRESUNTO PARA VIAGEM
0119,SANDUICHE DE QUEIJO PRATO COM PRESUNTO PARA VIAGEM
0119,SANDUICHE DE MORTADELA PARA VIAGEM
0119,CHEESE TUDO PARA VIAGEM
0119,SANDUICHE NATURAL PARA VIAGEM
0119,CHEESE SALADA PARA VIAGEM
0121,SUCO PARA VIAGEM
0121,SUCO DE ABACAXI PARA VIAGEM
0121,SUCO DE ACEROLA PARA VIAGEM
0121,SUCO DE BETERRABA PARA VIAGEM
0121,SUCO DE CUPUACU PARA VIAGEM
0121,SUCO DE GOIABA PARA VIAGEM
0121,SUCO DE LARANJA PARA VIAGEM
0121,SUCO DE LARANJA E CENOURA PARA VIAGEM
0121,SUCO DE MANGA PARA VIAGEM
0121,SUCO DE MARACUJA PARA VIAGEM
0121,SUCO DE MORANGO PARA VIAGEM
0121,SUCO DE PESSEGO PARA VIAGEM
0121,SUCO DE PESSEGO EM CALDA PARA VIAGEM
0121,SUCO DE MACA PARA VIAGEM
0121,VITAMINA PARA VIAGEM
0121,VITAMINA DE FRUTAS OU VEGETAIS PARA VIAGEM
0121,VITAMINA DE BANANA PARA VIAGEM
0121,VITAMINA DE MAMAO PARA VIAGEM
0121,VITAMINA DE MORANGO PARA VIAGEM
0121,VITAMINA MISTA PARA VIAGEM
0126,REFRESCO PARA VIAGEM
0126,REFRESCO DE CAJU PARA VIAGEM
0126,REFRESCO DE LIMAO PARA VIAGEM
0119,ALIMENTO PRONTO CONGELADO PARA VIAGEM
0119,CONGELADO PRONTO PARA VIAGEM
0117,MANDIOCA CONGELADA PARA VIAGEM
0117,AIPIM CONGELADO PARA VIAGEM
0119,"SALADA OU VERDURA COZIDA, EXCETO DE FRUTA PARA VIAGEM"
0119,SALADA DE MAIONESE PARA VIAGEM
0119,VERDURA COZIDA OU FRITA PARA VIAGEM
0119,VERDURA FRITA PARA VIAGEM
0119,MASSA PRONTA PARA VIAGEM
0119,"PIZZA, NHOQUE, CANELONI, CAPELETI, FETUTINE, RAVIOLE PARA VIAGEM"
0119,PIZZA PRONTA PARA VIAGEM
0119,LAZANHA PRONTA PARA VIAGEM
0119,NHOQUE PRONTO PARA VIAGEM
0119,CANELONI PRONTO PARA VIAGEM
0119,CAPELETI PRONTO PARA VIAGEM
0119,FETUTINE PRONTO PARA VIAGEM
0119,CALZONE PRONTO PARA VIAGEM
0119,MASSA CASEIRA PRONTA PARA VIAGEM
0119,MACARRAO PRONTO PARA VIAGEM
0119,PANQUECA PRONTA PARA VIAGEM
0119,PIZZA CALABRESA PARA VIAGEM
0119,PIZZA MUZZARELA PARA VIAGEM
0119,PIZZA PRESUNTO PARA VIAGEM
0119,PIZZA PORTUGUESA
0119,MACARRAO COM MOLHO PARA VIAGEM
0119,MACARRONADA COM QUEIJO
0119,PIZZA PARA VIAGEM
0119,FRANGO ASSADO OU DEFUMADO PARA VIAGEM
0119,GALINHA ASSADA OU DEFUMADA PARA VIAGEM
0119,GALETO ASSADO OU DEFUMADO PARA VIAGEM
0119,GALETO PARA VIAGEM
0119,FRANGO A PASSARINHO PARA VIAGEM
0119,FRANGO DEFUMADO PARA VIAGEM
0119,GALETO DEFUMADO PARA VIAGEM
0119,ESPETINHO DE FRANGO PARA VIAGEM
0119,COXA E SOBRECOXA DE FRANGO ASSADO PARA VIAGEM
0119,FRANGO ASSADO PARA VIAGEM
0119,CHURRASQUINHO DE FRANGO PARA VIAGEM
0119,FRANGO FRITO PARA VIAGEM
0119,CHURRASCO DE FRANGO PARA VIAGEM
0119,FILE DE FRANGO GRELHADO PARA VIAGEM
0119,FILE DE FRANGO EMPANADO PARA VIAGEM
0119,FRANGO COZIDO PARA VIAGEM
0119,CARNE ASSADA OU BIFE PREPARADO PARA VIAGEM
0119,ESPETINHO DE CARNE PARA VIAGEM
0119,CHURRASQUINHO PARA VIAGEM
0119,COSTELA ASSADA PARA VIAGEM
0119,BIFE PREPARADO PARA VIAGEM
0119,CARNE COZIDA PARA VIAGEM
0119,CARNE DE SOL PREPARADA PARA VIAGEM
0119,BIFE A MILANEZA PARA VIAGEM
0119,CARNE ASSADA PARA VIAGEM
0119,FILET A PARMEGIANA PARA VIAGEM
0111,PIPOCA PARA VIAGEM
0111,PIPOCA DOCE OU SALGADA PARA VIAGEM
0111,PIPOCA SALGADA PARA VIAGEM
0111,PIPOCA DE MILHO INDUSTRIALIZADA PARA VIAGEM
0122,CAFE PREPARADO PURO PARA VIAGEM
0122,CAFE COM LEITE PREPARADO PARA VIAGEM
0122,CAFE TIPO EXPRESSO PARA VIAGEM
0122,CAFE TIPO CAPUCCINO PARA VIAGEM
0111,MILHO VERDE COZIDO PARA VIAGEM
0111,MILHO COZIDO OU ASSADO PARA VIAGEM
0111,MILHO ASSADO PARA VIAGEM
0117,BATATA FRITA PARA VIAGEM
0117,BATATA PALITO PARA VIAGEM
0117,BATATA PALHA PARA VIAGEM
0119,PERNIL SUINO ASSADO PARA VIAGEM
0119,LOMBO SUINO ASSADO PARA VIAGEM
0119,PEIXE FRITO PARA VIAGEM
0119,PEIXE ASSADO PARA VIAGEM
0119,PEIXE COZIDO PARA VIAGEM
0119,MUNGUZA PARA VIAGEM
0119,MUNGUNZA PARA VIAGEM
0119,CURAU PARA VIAGEM
0119,BOLINHO NAO-ESPECIFICADO PARA VIAGEM
0119,FAROFA PARA VIAGEM
0119,MINGAU PARA VIAGEM
0119,TACACA PARA VIAGEM
0119,BOLINHO DE COCO
0119,PERU ASSADO OU DEFUMADO PARA VIAGEM
0119,RISOTO PARA VIAGEM
0119,VATAPA PARA VIAGEM
0119,FAROFA PRONTA EM PACOTE PARA VIAGEM
0117,BATATA CONGELADA PARA VIAGEM
0117,BATATA COZIDA PARA VIAGEM
0117,BATATA A VACUO PARA VIAGEM
0117,BATATA CONGELADA PARA FRITAR
0117,BATATA ASSADA PARA VIAGEM
0119,CALDO PARA VIAGEM
0119,CALDO DE CARNE PARA VIAGEM
0119,CALDO DE FEIJAO PARA VIAGEM
0119,CALDO DE MOCOTO PARA VIAGEM
0119,CALDO DE FRANGO PARA VIAGEM
0119,BOLINHO DE POLVILHO PARA VIAGEM
0117,BANANA PARA VIAGEM
0119,BAIAO DE DOIS PARA VIAGEM
0119,LANCHE PARA VIAGEM
0119,CHESTER DEFUMADO PARA VIAGEM
0119,CHURRASCO PARA VIAGEM
0119,BOLINHO DOCE PARA VIAGEM
0119,FOLHADO DOCE PARA VIAGEM
0119,BOLINHO DE ARROZ PARA VIAGEM
0119,BOLINHO DE COCO PARA VIAGEM
0119,SUSHI PARA VIAGEM
0119,SUSHI PRONTO PARA VIAGEM
0119,BOLINHO DE TAPIOCA PARA VIAGEM
0116,SALADA DE FRUTAS PARA VIAGEM
0119,SOPA PARA VIAGEM
0119,SALGADINHO SEMIPRONTO PARA VIAGEM
0119,SALSICHAO PARA VIAGEM
0119,SALSICHAO ASSADO PARA VIAGEM
0119,SALPICAO PARA VIAGEM
0119,ARROZ PRONTO PARA VIAGEM
0119,ARROZ COZIDO PARA VIAGEM
0119,CANJICA PARA VIAGEM
0119,CHARUTO DE REPOLHO PARA VIAGEM
0119,SALGADINHO DE PELE (PACOTE) PARA VIAGEM
0119,ARROZ A GREGA PARA VIAGEM
0119,ARRUMADINHO PARA VIAGEM
0119,EMPADAO PARA VIAGEM
0119,FAROFA DE BANANA PARA VIAGEM
0119,FEIJAO TROPEIRO PARA VIAGEM
0119,GALINHA COM ARROZ PARA VIAGEM
0119,GALINHADA PARA VIAGEM
0119,MOQUECA PARA VIAGEM
0119,OMELETE PARA VIAGEM
0119,QUICHE PARA VIAGEM
0119,TUTU PARA VIAGEM
0119,MANICOBA PARA VIAGEM
0119,CALDO VERDE PARA VIAGEM
0118,CHOCOLATE PARA VIAGEM
0119,ACAI COM GRANOLA VIAGEM
0119,ACAI COM COMPLEMENTOS PARA VIAGEM
0121,SUCO ORGANICO PARA VIAGEM
0121,SUCO DE GOIABA ORGANICO PARA VIAGEM
0121,SUCO DE LARANJA ORGANICO PARA VIAGEM
0121,SUCO DE MANGA ORGANICO PARA VIAGEM
0119,"PIZZA, NHOQUE, CANELONI, CAPELETI, FETUTINE, RAVIOLE LIGHT PARA VIAGEM"
0119,PIZZA PORTUGUESA LIGHT PARA VIAGEM
0119,CAFTA PARA VIAGEM
0119,SALADA OU VERDURA CRUA (EXCETO DE FRUTA) PARA VIAGEM
0119,SALADA DE FOLHAS (VERDURAS) PARA VIAGEM
0119,SALADA DE LEGUMES PARA VIAGEM
0119,ESPETINHO DE QUEIJO PARA VIAGEM
0119,FEIJAO PREPARADO PARA VIAGEM
0119,FEIJOADA PARA VIAGEM
0119,LINGUICA ASSADA PARA VIAGEM
0119,BANANA DA TERRA FRITA PARA VIAGEM
0119,ARROZ COM CARNE SECA PARA VIAGEM
0119,CANJA DE GALINHA PARA VIAGEM
0119,YAKISSOBA PARA VIAGEM
0119,DOBRADINHA PARA VIAGEM
0119,BATATA PALHA LIGHT PARA VIAGEM
0123,CHA PREPARADO PARA VIAGEM
0122,CAFE DA MANHA (VARIOS ALIMENTOS)
0117,BANANA SALGADA PARA VIAGEM
0119,AMARRADINHO PARA VIAGEM
0119,ENROLADINHO DE BUCHO PARA VIAGEM
0119,CALDO DE BUCHO PARA VIAGEM
0119,LENTILHA PARA VIAGEM
0119,SALADA DE MACARRAO PARA VIAGEM
0117,ABOBORA PARA VIAGEM
0119,ESCONDIDINHO PARA VIAGEM
0119,SASHIMI PARA VIAGEM
0119,ESPETINHO DE LINGUICA PARA VIAGEM
0119,PETISCO PARA VIAGEM
0119,ALMONDEGA PARA VIAGEM
0114,OVO FRITO PARA VIAGEM
0119,ANEIS DE CEBOLA SEMIPRONTO
0119,JOELHO SUINO ASSADO PARA VIAGEM
0119,COMIDA JAPONESA PARA VIAGEM
0119,PIZZA COM REFRIGERANTE PARA VIAGEM
0119,BRUSCHETA PARA VIAGEM
0119,FRICASSE DE FRANGO PARA VIAGEM
0119,MANGALO COZIDO PARA VIAGEM
0119,PUCHERO PARA VIAGEM
0119,JILO EMPANADO PARA VIAGEM
0118,CESTA DE PASCOA
0116,AGREGADO (FRUTAS)
0117,AGREGADO (LEGUMES E VERDURAS)
0117,AGREGADO (LEGUMES)
0117,AGREGADO (VERDURAS)
0112,"AGREGADO (CARNES BOVINA, SUINA, DE AVES)"
0111,AGREGADO (PAES)
0561,AGREGADO (PRODUTOS DE LIMPEZA)
0119,AGREGADO (TEMPEROS)
0112,AGREGADO (CARNES BOVINAS)
0111,"QUITANDAS (PAES, BOLOS, BISCOITOS, ROSCAS, DOCES, ETC)"
0113,AGREGADO (PEIXES)
0117,AGREGADO (LEGUMES E VERDURAS ORGANICOS)
0118,AGREGADO (DOCES)
0112,AGREGADO (CARNES)
1111,ALMOCO OU JANTAR A PESO
1111,ALMOCO A PESO
1111,JANTAR A PESO
1111,ALMOCO A PESO E BEBIDA
1111,JANTAR A PESO E BEBIDA
1111,ALMOCO A PESO E SOBREMESA
1111,JANTAR A PESO E SOBREMESA
1111,"ALMOCO A PESO, BEBIDA E SOBREMESA"
1111,"JANTAR A PESO, BEBIDA E SOBREMESA"
1111,ALMOCO OU JANTAR A LA CARTE
1111,ALMOCO A LA CARTE
1111,JANTAR A LA CARTE
1111,ALMOCO A LA CARTE E BEBIDA
1111,JANTAR A LA CARTE E BEBIDA
1111,ALMOCO A LA CARTE E SOBREMESA
1111,JANTAR A LA CARTE E SOBREMESA
1111,"ALMOCO A LA CARTE, BEBIDA E SOBREMESA"
1111,"JANTAR A LA CARTE, BEBIDA E SOBREMESA"
1111,ALMOCO OU JANTAR (PRATO FEITO)
1111,REFEICAO FAST FOOD
1111,REFEICAO FAST FOOD E BEBIDA
1111,REFEICAO FAST FOOD E SOBREMESA
1111,"REFEICAO FAST FOOD, BEBIDA E SOBREMESA"
1111,ALMOCO OU JANTAR (QUENTINHA)
1111,ALMOCO OU JANTAR (MARMITA)
1111,MARMITEX
1111,MARMITA
1111,QUENTINHA
1111,ALMOCO OU JANTAR (BANDEJAO)
1111,RODIZIO DE CARNES
1111,RODIZIO DE MASSAS
1111,RODIZIO DE FRUTOS DO MAR
1111,RODIZIO DE PIZZAS
1111,RODIZIO DE CARNES E MASSAS
1111,RODIZIO DE SUSHIS
1111,RODIZIO DE SOPAS
1111,CALDO DE QUALQUER TIPO
1111,CALDO DE CARNE
1111,CALDO DE FEIJAO
1111,CALDO DE MOCOTO
1111,CALDO VERDE
1111,CARURU
1111,TACACA
1111,VATAPA
1111,SOPA DE QUALQUER TIPO
1111,ALMOCO OU JANTAR (NAO ESPECIFICADO)
1111,RESTAURANTES
1111,BARES
1111,LANCHONETES
1111,CAFEZINHO
1111,CAFE EXPRESSO
1111,CAPUCCINO
1111,CAFE COM LEITE
1111,LEITE
1111,LEITE ACHOCOLATADO INDUSTRIALIZADO
1111,TODDYNHO
1111,LEITE ACHOCOLATADO TODDYNHO
1111,ACHOCOLATADO INDUSTRIALIZADO
1111,CHOCOLATE PREPARADO
1111,CAFE EXPRESSO ORGANICO
1111,LEITE DE VACA ORGANICO
1111,CAFE COM SORVETE
1111,CACHORRO QUENTE
1111,HAMBURGUER
1111,CHEESE BURGUER
1111,CHEESE SALADA
1111,CHEESE EGG
1111,CHEESE BACON
1111,CHEESE TUDO
1111,BAURU
1111,AMERICANO
1111,MISTO QUENTE OU FRIO
1111,SANDUICHE DE QUEIJO PRATO
1111,SANDUICHE DE QUEIJO MINAS
1111,SANDUICHE DE PRESUNTO
1111,SANDUICHE DE QUEIJO PRATO COM PRESUNTO
1111,SANDUICHE DE MORTADELA
1111,SANDUICHE DE SALAME
1111,SANDUICHE NATURAL
1111,"TORRADA COM QUEIJO, PRESUNTO, OVO, ETC."
1111,"SALGADOS OU TIRA-GOSTO (PASTEL, COXINHA, ESPETINHO, BATATA FRITA, ETC.)"
1111,PASTEL
1111,COXINHA
1111,EMPADA
1111,ESFIRRA
1111,QUIBE
1111,CROQUETE
1111,RISOLE
1111,ENROLADINHO
1111,BOLINHO SALGADO
1111,CHURRASQUINHO (ESPETINHO)
1111,ESPETINHO DE CARNE
1111,ESPETINHO DE FRANGO
1111,ESPETINHO DE QUEIJO COALHO
1111,SALSICHAO
1111,PIZZA EM FATIA
1111,PAO DE QUEIJO
1111,ESPIGA DE MILHO ASSADA OU COZIDA
1111,MILHO ASSADO OU COZIDO
1111,TORTA SALGADA
1111,CREPE
1111,TAPIOCA SALGADA
1111,ACARAJE
1111,ABARA
1111,OVO COZIDO
1111,PIPOCA SALGADA
1111,CARANGUEJO
1111,TABUA DE FRIOS
1111,PORCAO DE QUEIJO
1111,PORCAO DE SALAME
1111,PORCAO DE SALAMINHO
1111,PORCAO DE CARNE
1111,PORCAO DE FRANGO
1111,PORCAO DE PEIXE FRITO
1111,PORCAO DE BATATA FRITA
1111,PORCAO DE AMENDOIN SALGADO
1111,PORCAO DE CASTANHA DE CAJU
1111,CUZCUZ SALGADO
1111,ROSCA SALGADA
1111,PIZZA
1111,PORCAO DE QUEIJO DE MINAS FRESCAL ORGANICO
1111,SUCO DE FRUTA OU VEGETAL
1111,SUCO DE FRUTA
1111,SUCO DE VEGETAL
1111,SUCO DE LARANJA
1111,SUCO DE ABACAXI
1111,SUCO DE MARACUJA
1111,SUCO DE MANGA
1111,SUCO DE MORANGO
1111,SUCO DE ACEROLA
1111,SUCO DE CUPUACU
1111,SUCO DE GOIABA
1111,SUCO DE MAMAO
1111,SUCO DE PESSEGO
1111,CAJUINA (SUCO)
1111,CALDO DE CANA
1111,VITAMINA DE FRUTA OU VEGETAL
1111,VITAMINA DE BANANA
1111,VITAMINA DE BANANA COM AVEIA
1111,VITAMINA DE MAMAO
1111,VITAMINA DE ABACATE
1111,VITAMINA DE MORANGO
1111,VITAMINA MISTA
1111,REFRIGERANTE DE COLA
1111,COCA-COLA
1111,PEPSI-COLA
1111,REFRIGERANTE DE GUARANA
1111,GUARANA
1111,TUBAINA
1111,REFRIGERANTE DE LARANJA
1111,FANTA LARANJA
1111,AGUA MINERAL
1111,AGUA MINERAL COM GAS
1111,AGUA MINERAL SEM GAS
1111,AGUA GASEIFICADA COM SABOR
1111,H2O LIMAO
1111,AGUA DE COCO
1111,COCO VERDE (AGUA DE COCO)
1111,BEBIDA ENERGETICA
1111,RED BULL
1111,BEBIDA ISOTONICA
1111,GATORADE
1111,AGUA TONICA
1111,ACAI (EMULSAO)
1111,ACAI COM GRANOLA
1111,ACAI
1111,CHA PREPARADO
1111,CHA MATE PREPARADO
1111,CHA PRETO PREPARADO
1111,REFRESCO DE FRUTA
1111,REFRESCO DE MARACUJA
1111,REFRESCO DE CAJU
1111,REFRESCO DE GROSELHA
1111,REFRESCO DE LARANJA
1111,REFRIGERANTE DE UVA
1111,REFRIGERANTE DE LIMAO
1111,SODA LIMONADA
1111,YAKULT
1111,MILK SHAKE
1111,REFRIGERANTE NAO ESPECIFICADO
1111,CHIMARRAO
1111,TERERE
1111,REFRIGERANTE DE ABACAXI
1111,REFRIGERANTE DE CAJU
1111,REFRIGERANTE DE MARACUJA
1111,REFRIGERANTE DE TUTTI FRUTI
1111,GUARANA NATURAL
1111,GUARAVITA
1111,SHAKE PARA EMAGRECER
1111,REFRIGERANTE DE MATE-GUARANA
1111,NIBIS DE CACAU
1111,REFRIGERANTE DE FRAMBOESA
1111,LANCHE
1111,CAFE DA MANHA
1111,SALGADO E SUCO
1111,SALGADO E REFRIGERANTE
1111,SALGADO E CERVEJA
1111,SALGADO E REFRESCO
1111,SALGADO E VITAMINA
1111,SANDUICHE E SUCO
1111,SANDUICHE E REFRIGERANTE
1111,SANDUICHE E REFRESCO
1111,"SANDUICHE, SALGADO E REFRIGERANTE"
1111,"SANDUICHE, BATATA FRITA E REFRIGERANTE"
1111,PORCAO E CERVEJA
1111,BATATA FRITA E REFRIGERANTE
1111,ACARAJE E REFRIGERANTE
1111,BISCOITO E SUCO
1111,BOLO E REFRIGERANTE
1111,CAFE E PAO
1111,CAFE E BOLO
1111,CAFE E BISCOITO
1111,CAFE E SALGADO
1111,CAFE TIPO COLONIAL
1111,VINHO
1111,CHOPP
1111,CHOPE
1111,CERVEJA
1111,CERVEJA CLARA
1111,CERVEJA PRETA
1111,CERVEJA SEM ALCOOL
1111,CACHACA
1111,PINGA
1111,CAIPIRINHA
1111,WHISKY
1111,VODKA
1111,CONHAQUE
1111,AGUARDENTE ORGANICA
1111,BEBIDA ALCOOLICA NAO ESPECIFICADA
1111,CHAMPAGNE
1111,COQUETEL DE FRUTAS ALCOOLICO
1111,BATIDA DE QUALQUER SABOR (ALCOOLICA)
1111,CATUABA
1111,RUM
1111,QUENTAO
1111,LICOR
1111,SORVETE DIET
1111,REFRIGERANTE DE COLA LIGHT
1111,COCA COLA LIGHT
1111,REFRIGERANTE DE GUARANA LIGHT
1111,REFRIGERANTE DE COLA DIET
1111,COCA COLA DIET
1111,REFRIGERANTE DE GUARANA DIET
1111,REFRIGERANTE DE LARANJA LIGHT
1111,REFRIGERANTE DE LIMAO LIGHT
1111,REFRIGERANTE DE LIMAO DIET
1111,SUCO DE FRUTA OU VEGETAL LIGHT
1111,CAFE CAPUCCINO DIET
1111,"CHOCOLATE EM BARRA, TABLETE OU BOMBOM DIET"
1111,BOMBOM DIET
1111,BISCOITO DOCE DIET
1111,TORRADA SALGADA LIGHT
1111,BALA OU CHICLETE LIGHT
1111,BALA LIGHT
1111,BALA OU CHICLETE DIET
1111,BALA DIET
1111,CHICLETE DIET
1111,IOGURTE LIGHT
1111,IOGURTE DIET
1111,SALGADO OU TIRA GOSTO LIGHT
1111,PIZZA EM FATIA LIGHT
1111,PAO DE QUEIJO LIGHT
1111,MILK SHAKE DIET
1111,DOCE DIET
1111,BOLO DIET
1111,BARRA DE CEREAIS DIET
1111,REFRIGERANTE DE CAJU LIGHT
1111,PAO COM MANTEIGA
1111,PAO SEM MANTEIGA
1111,PAO COM REQUEIJAO
1111,PAO COM POLENGUINHO
1111,PAO NA CHAPA
1111,BISCOITO SALGADO
1111,BOLACHA SALGADA
1111,TORRADA SALGADA
1111,BISCOITO DOCE
1111,BOLACHA DOCE
1111,TORRADA DOCE
1111,BALA OU CHICLETE
1111,BALA
1111,CHICLETE
1111,PIRULITO
1111,"CHOCOLATE EM BARRA, TABLETE OU BOMBOM"
1111,CHOCOLATE EM BARRA
1111,CHOCOLATE EM TABLETE
1111,BOMBOM
1111,OVO DE PASCOA
1111,SORVETE
1111,PICOLE
1111,DINDIM (SACOLE)
1111,SACOLE
1111,GELADINHO
1111,FRUTA
1111,BANANA
1111,LARANJA
1111,MACA
1111,MANGA
1111,PERA
1111,IOGURTE
1111,DOCE OU BOLO
1111,DOCE
1111,BOLO
1111,TORTA DOCE
1111,COCADA
1111,PUDIM
1111,CHURRO
1111,RAPADURA
1111,SONHO
1111,BROA DE MILHO
1111,BROA DE FUBA
1111,PAMONHA
1111,CURAU DE MILHO
1111,TAPIOCA DOCE
1111,ARROZ DOCE
1111,PIPOCA DOCE
1111,BOLINHO DOCE
1111,ALGODAO DOCE
1111,CANJICA
1111,MUNGUNZA
1111,CUZCUZ DOCE
1111,AMENDOIM DOCE
1111,BARRA DE CEREAL DOCE
1111,CACAROLA
1111,MINGAU
1111,GELATINA
1111,DOCE DE FRUTA EM CALDA
1111,DOCE DE FRUTA EM PASTA
1111,DOCE DE FRUTA CRISTALIZADO
1111,BRIGADEIRO
1111,MARIA MOLE
1111,MANJAR
1111,PAO DOCE
1111,ROSCA DOCE
1111,LEITE CONDENSADO
1111,SALADA DE FRUTAS
1111,COALHADA
1111,ACEROLA ORGANICA
1111,UVA ORGANICA
1111,MORANGO ORGANICO
1111,MERENDA ESCOLAR
1111,BISCOITO NAO ESPECIFICADO
1111,BOLACHA NAO ESPECIFICADA
1111,TAPIOCA NAO ESPECIFICADA
1111,PIPOCA NAO ESPECIFICADA
1111,BEBIDA NAO ESPECIFICADA
1111,PINHAO
1111,BARRA DE PROTEINA (QUALQUER SABOR)
1111,CHIA
1111,SUCRILHOS
1111,FARINHA LACTEA
1111,CASTANHA DE PEQUI
0411,ALUGUEL DO IMOVEL
0412,ALUGUEL DE GARAGEM
0421,ALUGUEL ESTIMADO
0444,CONDOMINIO
0451,ENERGIA ELETRICA (KWH)
0811,TELEFONE FIXO
0832,CARTAO DE TELEFONIA CELULAR
0832,RECARGA DE CELULAR
0832,CONTA DE TELEFONIA CELULAR (VOZ+INTERNET)
0832,CONTA DE TELEFONIA CELULAR (VOZ)
0832,CONTA DE TELEFONIA CELULAR (INTERNET)
0832,PACOTE DE VOZ (PARA LIGACAO)
0834,PACOTE COM TELEFONE FIXO E CELULAR
0834,PACOTE COM TELEFONE FIXO E INTERNET
0834,PACOTE COM TELEFONE FIXO E TV POR ASSINATURA
0834,PACOTE COM CELULAR E INTERNET
0834,PACOTE COM CELULAR E TV POR ASSINATURA
0834,PACOTE COM INTERNET E TV POR ASSINATURA
0834,"PACOTE COM TELEFONE FIXO, CELULAR E INTERNET"
0834,"PACOTE COM TELEFONE FIXO, CELULAR E TV POR ASSINATURA"
0834,"PACOTE COM TELEFONE FIXO, INTERNET E TV POR ASSINATURA"
0834,"PACOTE COM CELULAR, INTERNET E TV POR ASSINATURA"
0834,"PACOTE COM TELEFONE FIXO, CELULAR, INTERNET E TV POR ASSINATURA"
0839,"SERVICOS DE STREAMING DE FILMES, MUSICAS, JOGOS, ETC."
0839,NETFLIX
0839,GLOBO PLAY
0839,SPOTIFY
0839,XBOX LIVE
0839,STEAM
0452,GAS ENCANADO
0452,GAS DE BOTIJAO (COMBUSTIVEL DOMESTICO)
0452,GAS DE BUJAO (COMBUSTIVEL DOMESTICO)
0443,TAXA DE INSTALACAO DE ESGOTO
0443,TAXA DE TRATAMENTO DE ESGOTO
0833,"ACESSO A INTERNET (DISCADA, BANDA LARGA, VIA SATELITE, VIA RADIO, ETC.)"
0839,TV POR ASSINATURA (MENSALIDADE E/OU PAY-PER-VIEW)
1390,"LOCACAO DO IMOVEL (CONTRATO, DEPOSITOS DE LOCACAO E CONSERVACAO, SEGURO FIANCA, ETC.)"
1213,"SEGURO DE IMOVEL (INCENDIO, ROUBO, ETC.)"
0442,TAXA DE COLETA DE LIXO
0451,TAXA DE RELIGACAO DE LUZ
0833,TAXA DE INSTALACAO DE INTERNET
0441,TAXA DE INSTALACAO OU RELIGACAO DE HIDROMETRO (RELOGIO DE AGUA)
0444,TAXA EXTRA DE CONDOMINIO (REFORMA E MANUTENCAO)
1213,SEGURO CONTRA DANOS DE ELETRODOMESTICOS DA COMPANHIA ELETRICA
0839,TAXA DE ADESAO DE TV POR ASSINATURA
0432,TAXA DE INSTALACAO DE INTERFONE
0432,TAXA DE SEGURANCA
0839,TAXA DE INSTALACAO DE TV POR ASSINATURA
0451,TAXA DE LIGACAO DE LUZ
0441,TAXA DE UTILIZACAO E MANUTENCAO DE BOMBA DE AGUA
0432,VIGILANCIA ELETRONICA
0452,TAXA DE INSTALACAO DE GAS
0441,AGUA PARA USO GERAL
0441,PIPA DE AGUA
0453,QUEROSENE (COMBUSTIVEL DOMESTICO)
0453,ALCOOL (COMBUSTIVEL DOMESTICO)
0453,OLEO DIESEL (COMBUSTIVEL DOMESTICO)
0454,CARVAO (COMBUSTIVEL DOMESTICO)
0454,LENHA (COMBUSTIVEL DOMESTICO)
0453,GASOLINA (COMBUSTIVEL DOMESTICO)
0454,PO DE SERRA (COMBUSTIVEL DOMESTICO)
0431,AZULEJO E PISO (PEQUENOS REPAROS)
0431,AZULEJO (PEQUENOS REPAROS)
0431,PISO (PEQUENOS REPAROS)
0431,LAJOTA (PEQUENOS REPAROS)
0431,PISO DE CERAMICA (PEQUENOS REPAROS)
0431,TIJOLO (PEQUENOS REPAROS)
0431,BLOCO DE CERAMICA (PEQUENOS REPAROS)
0431,"TELHA (BARRO, AMIANTO, FIBRA, ALUMINIO, ETC.) (PEQUENOS REPAROS)"
0431,TELHA DE BARRO (PEQUENOS REPAROS)
0431,TELHA DE AMIANTO (PEQUENOS REPAROS)
0431,CIMENTO (PEQUENOS REPAROS)
0431,CIMENTCOLA OU CIMENTOCOLA (PEQUENOS REPAROS)
0431,"AREIA, TERRA, BARRO, SAIBRO, CASCALHO, ETC. (PEQUENOS REPAROS)"
0431,"PEDRAS (BRITADA, MARROADA, PARALELEPIPEDO, ETC.) (PEQUENOS REPAROS)"
0431,MASSA CORRIDA PARA PAREDE (PEQUENOS REPAROS)
0431,TINTA (PEQUENOS REPAROS)
0431,VERNIZ (PEQUENOS REPAROS)
0431,CAL (PEQUENOS REPAROS)
0431,CAL VIRGEM (PEQUENOS REPAROS)
0431,VIDRO (PEQUENOS REPAROS)
0431,"MATERIAL HIDRAULICO (TORNEIRA, CANO, ETC) (PEQUENOS REPAROS)"
0431,TORNEIRA (PEQUENOS REPAROS)
0431,CANO (PEQUENOS REPAROS)
0431,MATERIAL PARA INSTALACAO ELETRICA (PEQUENOS REPAROS)
0431,FIO PARA INSTALACAO ELETRICA (PEQUENOS REPAROS)
0431,INTERRUPTOR (PEQUENOS REPAROS)
0431,TOMADA (PEQUENOS REPAROS)
0431,"FERRAGENS (FECHADURA, FERRO, ARAME, PREGO, ETC.) (PEQUENOS REPAROS)"
0431,FECHADURA (PEQUENOS REPAROS)
0431,FERRO (PEQUENOS REPAROS)
0431,ARAME (PEQUENOS REPAROS)
0431,PREGO (PEQUENOS REPAROS)
0431,RALO DE ESGOTAMENTO DE AGUA (PEQUENOS REPAROS)
0431,TELA DE ARAME (PEQUENOS REPAROS)
0431,TRILHO METALICO (PEQUENOS REPAROS)
0431,ROLAMENTO PARA PORTA (PEQUENOS REPAROS)
0431,ROLDANA
0431,COLA (PEQUENOS REPAROS)
0431,COLA SUPER BOND (PEQUENOS REPAROS)
0431,DUREPOX (PEQUENOS REPAROS)
0431,CAIXA DE DESCARGA (PEQUENOS REPAROS)
0431,"MADEIRA, TACO, CAIBRO, RIPA, ETC. (PEQUENOS REPAROS)"
0431,MADEIRA (PEQUENOS REPAROS)
0931,"ARTIGOS DE JARDINAGEM (PLANTA, TERRA, SEMENTE, VASO, ETC.)"
0931,PLANTA NATURAL
0931,SEMENTE
0931,VASO PARA PLANTA
0931,MUDA (PLANTA)
0931,REGADOR PARA PLANTA
0561,PRODUTOS PARA PISCINA
0561,CUPINICIDA
0561,VENENO CONTRA CUPIM (CUPINICIDA)
0561,"DEDETIZACAO, DESRATIZACAO, DESINSETIZACAO, ETC. (MANUTENCAO)"
0432,"MAO-DE-OBRA (PEDREIRO, MARCENEIRO, ELETRICISTA, PINTOR, ETC.) (PEQUENOS REPAROS)"
0432,PEDREIRO (PEQUENOS REPAROS)
0432,ELETRICISTA (PEQUENOS REPAROS)
0432,PINTOR (PEQUENOS REPAROS)
0432,VIDRACEIRO (PEQUENOS REPAROS)
0432,MANUTENCAO DE CAIXA DE AGUA
0432,CONSERTO DE TOLDO (PEQUENOS REPAROS)
0432,CONSERTO DE PORTAO ELETRONICO (PEQUENOS REPAROS)
0432,MANUTENCAO DE FOSSA SEPTICA
1390,MANUTENCAO DE JAZIGO (PEQUENOS REPAROS)
0431,PINCEL (PEQUENOS REPAROS)
0431,TRINCHA (PEQUENOS REPAROS)
0431,ROLO DE PINTURA (PEQUENOS REPAROS)
0431,LIXA DE MADEIRA (PEQUENOS REPAROS)
0431,ARGAMASSA (PEQUENOS REPAROS)
0431,REJUNTE (PEQUENOS REPAROS)
0431,BLOCO DE CIMENTO
0431,SOLEIRA E PARAPEITO DE JANELA DE QUALQUER MATERIAL (PEQUENOS REPAROS)
0431,GESSO (PEQUENOS REPAROS)
0431,IMPERMEABILIZANTE
0431,MATERIAL PLASTICO PARA COBERTURA (PEQUENOS REPAROS)
0431,TOLDO PLASTICO (PEQUENOS REPAROS)
0431,TOLDO DE LONA  (PEQUENOS REPAROS)
0431,ATERRO (PEQUENOS REPAROS)
0431,FORMICA (FOLHA) (PEQUENOS REPAROS)
0431,PALHA PARA COBERTURA (PEQUENOS REPAROS)
0431,BOIA DE CAIXA DE AGUA (PEQUENOS REPAROS)
0431,MASSA DE FIXACAO E VEDACAO DE VIDRO (PEQUENOS REPAROS)
0431,BANDEIRA DE JANELA (PEQUENOS REPAROS)
0431,PAPEL DE PAREDE (PEQUENOS REPAROS)
0431,MOTOR ELETRICO PARA PORTAO (PEQUENOS REPAROS)
0533,CAIXA PARA AR CONDICIONADO (PEQUENOS REPAROS)
0431,CUBA PARA PIA (QUALQUER MATERIAL) (PEQUENOS REPAROS)
0431,PIA (CUBA) DE QUALQUER MATERIAL (PEQUENOS REPAROS)
0552,LATA VAZIA (USADA EM CONSTRUCAO)
0431,BALDE PARA CONSTRUCAO
0431,"TELA (POLIESTER, POLIETILENO, ETC.)"
0431,PEDRA MARMORE PARA BALCAO
0431,ESPACADOR PARA CERAMICA
0431,TAMPA DE ACO
0431,CAIXA DE GORDURA (PEQUENOS REPAROS)
0431,CORRIMAO (PEQUENOS REPAROS)
0431,BANDEJA DE PINTURA (PEQUENOS REPAROS)
0431,FITA MULTIUSO (ASFALTICA)
0431,LIXA DE PAREDE
0431,SOLVENTE (PEQUENOS REPAROS)
0431,SELADOR (PEQUENOS REPAROS)
0431,LONA (PEQUENOS REPAROS)
0431,TEXTURA DE PAREDE (PEQUENOS REPAROS)
0431,BUCHA (PEQUENOS REPAROS)
0562,EMPREGADO(A)
0562,EMPREGADA
0562,FAXINEIRO(A)
0562,FAXINEIRA
0562,LAVADEIRO(A) E PASSADEIRO(A)
0562,LAVADEIRO(A)
0562,PASSADEIRO(A)
0562,PASSADEIRA
0562,COZINHEIRO(A)
0562,COZINHEIRA
0562,BABA
0562,JARDINEIRO(A)
0562,CASEIRO(A)
0562,VIGIA
0562,MOTORISTA
0562,CUIDADOR(A)
0562,ACOMPANHANTE (SERVICO DOMESTICO)
0631,ENFERMEIRO (SERVICO DOMESTICO)
0631,ENFERMEIRA (SERVICO DOMESTICO)
0562,LIMPADOR DE TERRENO (CAPINADOR)
0562,CAPINADOR
0562,LIMPADOR DE PISCINA
0562,LAVADOR DE PISCINA
0454,CARVAO VEGETAL PARA CHURRASCO
0454,CARVAO PARA CHURRASCO
0561,ANILINA E TINTA DE ASSOALHO
0561,TINTA DE ASSOALHO
0561,CORANTE DE CERA PARA ASSOALHO
0561,RATICIDA
0561,VENENO PARA RATO
0561,FUNGICIDA
0561,BACTERICIDA
0561,FORMICIDA
0561,BARATICIDA
0561,ALGICIDA
0561,VASSOURA DE QUALQUER TIPO
0561,VASSOURINHA
0561,ESCOVAO
0561,ESFREGAO
0561,CABO DE VASSOURA
0561,ESCOVA SANITARIA
0561,SUPORTE DE VASSOURAS
0561,RODO
0561,ESPANADOR
0561,AGUA SANITARIA
0561,CANDIDA
0561,Q-BOA (AGUA SANITARIA)
0561,ESPONJA DE LIMPEZA
0561,BOMBRIL
0561,LIXA DE LIMPEZA DE FOGAO
0561,ESPONJA DE ACO
0561,ESPONJA DE NYLON
0561,LA DE ACO
0561,BUCHA PARA LIMPEZA
0561,BUCHA DE LIMPEZA
0561,ESCOVA DE LIMPEZA
0561,LIMPADOR DE GARRAFA
0561,LIXA DE FOGAO
0561,ESCOVA DE MAMADEIRA
0561,FLANELA
0561,PANO DE PO
0561,PERFEX
0561,PANO DE LIMPEZA DESCARTAVEL
0561,PANO DE PIA
0561,PANO DE LIMPEZA MULTI USO
0561,PANO DE CHAO
0561,SACO DE LIMPEZA DE CHAO
0561,PANO DE SACO PARA LIMPEZA
0561,SACO DE LIXO DE QUALQUER MATERIAL
0561,SACOLA DE LIXO
0561,DESINFETANTE
0561,CREOLINA
0561,PINHO SOL (DESINFETANTE)
0561,SOLVENTE
0561,AGUARRAS
0561,FAISCA
0561,REMOVEDOR
0561,GLICERINA
0561,SODA CAUSTICA
0561,DIABO VERDE
0561,ACIDO MURIATICO
0561,ALCOOL PARA LIMPEZA
0561,ALCOOL DE LIMPEZA
0561,ALCOOL EM GEL
0561,ALCOOL GEL
0561,ALCOOL DE CEREAIS
0561,ALCOOL HIDRATADO
0561,DETERGENTE
0561,LAVA LOUCA
0561,REMOVEDOR DE LIMO
0561,DESENGORDURANTE
0561,REMOVEDOR DE GORDURA
0561,DETERGENTE EM PO
0561,DETERGENTE LIQUIDO
0561,SABAO LIQUIDO
0561,SABAO PASTOSO
0561,SABAO DE COCO
0561,SABAO EM PEDRA
0561,SABAO EM BARRA
0561,SABAO DE BOLA
0561,SABAO RALADO
0561,SABAO EM PASTA
0561,SABAO EM PO
0561,SAPONACEO
0561,SAPOLEO
0561,PASTA DE POLIR PANELA
0561,SAPOLIO
0561,PASTA JOIA
0561,ALVEJANTE
0561,CONFORT
0561,ANIL
0561,AMACIANTE DE ROUPA
0561,GOMA DE ROUPA
0561,PASSE BEM
0561,TIRA-MANCHA
0561,REMOVEDOR DE MANCHA DE ROUPA
0561,AMACIANTE
0561,AMACIANTE PARA ROUPA
0561,QBOA (ALVEJANTE)
0561,VANISH
0561,LAVA ROUPAS
0561,ALVEJANTE SEM CLORO
0561,DESODORANTE AMBIENTAL
0561,SACHET
0561,BOM AR
0561,DESODORANTE DE SANITARIO
0561,PURIFICADOR DE AR
0561,PASTILHA SANITARIA
0561,INCENSO
0561,HIGIENIZADOR SANITARIO
0561,REFIL DE DESINFETANTE SANITARIO
0561,AROMATIZANTE
0561,ESSENCIA DE EUCALIPTO
0561,DESODORIZADOR SANITARIO
0561,PEDRA SANITARIA
0561,PALITO PARA AROMATIZANTE AMBIENTAL
0561,INSETICIDA
0561,AEROSOL SBP
0561,REPELENTE
0561,ESPIRAL DURMA BEM OU OUTRA MARCA
0561,NAFTALINA
0561,REFIL INSETICIDA
0561,ISCA PARA INSETO
0561,SENTINELA ESPIRAL
0561,PALHA DE ACO
0561,CERA DE ASSOALHO
0561,CERA LIQUIDA DE ASSOALHO
0561,OLEO DE MOVEL
0561,OLEO DE PEROBA
0561,LUSTRA MOVEL
0561,POLIDOR DE METAL
0561,PASTA DE BRILHO
0561,LAVINOX
0561,LIMPA ALUMINIO
0561,BRILHA ALUMINIO
0561,GRAXA DE SAPATO
0561,CERA DE SAPATO
0561,SULFATO DE ALUMINIO PARA LIMPEZA DOMESTICA
0561,SULFATO DE SODIO PARA LIMPEZA DOMESTICA
0561,SABAO NAO-ESPECIFICADO
0561,QUEROSENE PARA LIMPEZA
0561,GASOLINA PARA LIMPEZA
0561,SHAMPU DE CARPETE
0561,SHAMPU DE TAPETE
0561,LIMPA-TAPETE
0561,LIMPA-CARPETE
0561,ESPUMA MAGICA
0561,LIMPA ESTOFADO
0561,AMONIACO
0561,VEJA
0561,AJAX
0561,MULTILIMPADOR INSTANTANEO
0561,CONCENTRADO DE LIMPEZA
0561,LIMPADOR INSTANTANEO
0561,PULVERIZADOR DE MULTIPLA ACAO
0561,LIMPADOR DE MULTIPLA ACAO
0561,MULTIUSO
0561,LIMPADOR MULTIUSO
0561,ANTIMOFO
0561,DESUMIDIFICADOR
0561,MOFIL
0561,LIMPA-VIDROS
0561,LIMPA-FORNO
0561,ESTOPA DE LIMPEZA DA CASA
0561,ALGODAO DE LIMPEZA
0561,TIRA-FERRUGEM
0561,CLORO LIQUIDO DE LIMPEZA DOMESTICA
0561,SECADOR DE MAQUINA DE LAVAR LOUCA
0561,SABAO EM PO DE MAQUINA DE LAVAR LOUCA
0561,OLEO DE EUCALIPTO
0561,LUVA DE LIMPEZA DE BORRACHA
0561,LUVA DE LIMPEZA
0561,LUVA DE LIMPEZA DE PLASTICO
0561,AVENTAL DE PLASTICO
0561,TOUCA DE COZINHA DESCARTAVEL
0561,LIMPA CERAMICA
0561,LIMPADOR DE CERAMICA
0561,LIMPA ARDOSIA
0561,LIMPA PISO
0561,LIMPADOR DE PISO
0561,PEDRA PARA POLIR FOGAO
0561,LIMPA AR CONDICIONADO
0561,"HIGIENIZADOR DE VERDURAS, LEGUMES E FRUTAS"
0561,NEUTRALIZADOR DE ODORES
0561,RATOEIRA
0814,ANTENA DE TELEVISAO NAO-PARABOLICA
0552,LANTERNA DE PILHA
0814,ADPTADOR PARA SMART TV
0814,CHROMECAST
0431,ALARME
0531,FOGAO A LENHA
0452,BOTIJAO DE GAS VAZIO
0532,FILTRO DE AGUA NAO ELETRICO
0922,CHURRASQUEIRA NAO ELETRICA
0532,TABUA DE PASSAR ROUPA
0552,ESCADA
0511,RELOGIO DE MESA OU PAREDE
0511,RELOGIO DE MESA
0511,RELOGIO DE PAREDE
0922,PISCINA DE PLASTICO
0912,PISCINA DE FIBRA
0552,FERRAMENTAS EM GERAL
0552,"ALICATE E CHAVE (BOCA, ESTRIA, ETC.)"
0552,CONJUNTO DE FERRAMENTAS
0552,CHAVE DE FENDA
0552,MARTELO
0552,SERRA MANUAL
0552,ARCO DE SERRA
0552,FURADEIRA MANUAL
0552,SERROTE
0552,ENXADA
0552,CAVADEIRA
0552,ANCINHO
0552,TERCADO
0552,PICARETA
0552,FOICE
0552,PENEIRA
0552,NIVEL
0552,CORTADOR DE AZULEJO
0552,PA (FERRAMENTA)
0552,MARRETA
0551,BROCA
0552,LIMA
0552,CARRINHO DE MAO
0552,TESOURA DE CORTAR LATAO
0552,MACHADO
0552,SERRA (LAMINA DE ACO)
0552,COLHER DE PEDREIRO
0552,ALICATE
0552,CHAVE DE BOCA
0552,FACAO (FERRAMENTA)
0552,TRENA METRICA
0552,PLANTADEIRA MANUAL
0552,MACACO HIDRAULICO
0552,CAIXA DE FERRAMENTAS
0531,FORNO A LENHA
0531,FOGAREIRO
0511,CARRINHO DE FEIRA
1312,BALANCA PARA PESSOAS
0511,LAMPIAO
0532,GARRAFAO PLASTICO DE AGUA VAZIO
0532,SUPORTE PARA GARRAFAO DE AGUA NAO ELETRICO
1329,ANDADOR
1329,BEBE-CONFORTO
0511,CHUVEIRO OU DUCHA NAO ELETRICOS
0531,FORNO DE FUNDICAO
0531,CHAPA PARA FORNO
0532,MAQUINA DE MOER CARNE
0540,DESCASCADOR DE FRUTAS (APARELHO NAO ELETRICO)
0511,CONJUNTO ESTOFADO
0511,CONJUNTO ESTOFADO COM MESA
0511,SOFA OU SOFA-CAMA
0511,SOFA
0511,SOFA-CAMA
0511,POLTRONA
0511,PUFE
0511,ESTANTE (SALA)
0511,ARMARIO (SALA)
0511,RACK (ESTANTE)
0511,"MESA PARA TV, SOM E VIDEO"
0511,"RACK PARA TV, SOM E VIDEO"
0511,RACK PARA MICROCOMPUTADOR
0511,RACK E PAINEL PARA TV
0511,MESA DE TELEFONE
0511,MESA COM CADEIRAS (SALA)
0511,MESA (SALA)
0511,MESA DE CENTRO (SALA)
0511,CADEIRA (SALA)
0511,CADEIRA DE BALANCO
0511,CONSOLE (MOVEL)
0511,APARADOR
0511,DORMITORIO COMPLETO (QUARTO DE ADULTO)
0511,"ARMARIO, CAMA E MESA DE CABECEIRA (QUARTO DE ADULTO)"
0511,ARMARIO (QUARTO DE ADULTO)
0511,ARMARIO SIMPLES (QUARTO DE ADULTO)
0511,ARMARIO EMBUTIDO (QUARTO DE ADULTO)
0511,GUARDA ROUPA (QUARTO DE ADULTO)
0511,CLOSET
0511,CAMA (QUARTO DE ADULTO)
0511,CAMA BOX (QUARTO DE ADULTO)
0511,"BICAMA, BELICHE OU TRILICHE (QUARTO DE ADULTO)"
0511,MESA DE CABECEIRA (QUARTO DE ADULTO)
0511,CRIADO MUDO (QUARTO DE ADULTO)
0511,COMODA (QUARTO DE ADULTO)
0511,MESA COM CADEIRAS (QUARTO DE ADULTO)
0511,MESA (QUARTO DE ADULTO)
0511,CADEIRA (QUARTO DE ADULTO)
0511,DORMITORIO COMPLETO (QUARTO INFANTIL)
0511,"ARMARIO, CAMA E MESA DE CABECEIRA (QUARTO INFANTIL)"
0511,ENXOVAL DE BEBE
0511,ARMARIO (QUARTO INFANTIL)
0511,GUARDA ROUPA (QUARTO INFANTIL)
0511,CAMA (QUARTO INFANTIL)
0511,"BICAMA, BELICHE OU TRILICHE (QUARTO INFANTIL)"
0511,BERCO
1329,CARRINHO DE BEBE
0511,CERCADO (QUARTO INFANTIL)
0511,MESA DE CABECEIRA (QUARTO INFANTIL)
0511,CRIADO MUDO (QUARTO INFANTIL)
0511,COMODA (QUARTO INFANTIL)
0511,MESA COM CADEIRAS (QUARTO INFANTIL)
0511,MESA (QUARTO INFANTIL)
0511,CADEIRA (QUARTO INFANTIL)
0511,"ARMARIO, MESA E CADEIRAS (COPA E COZINHA)"
0511,MESA COM CADEIRAS (COPA E COZINHA)
0511,ARMARIO (COPA E COZINHA)
0511,GABINETE DE PIA (COPA E COZINHA)
0511,MESA (COPA E COZINHA)
0511,CADEIRA (COPA E COZINHA)
0532,BALCAO PARA PASSAR ROUPA
0511,COLCHAO
0521,COLCHONETE
0922,COLCHAO INFLAVEL
0521,REDE
0511,SAPATEIRA (MOVEL PARA SAPATOS)
0511,MESA PARA MICROCOMPUTADOR
0511,MESA PARA COMPUTADOR
0511,MESA DE ESCRITORIO
0511,CADEIRA PARA MICROCOMPUTADOR
0511,CADEIRA PARA COMPUTADOR
0511,ESCRIVANINHA
0511,BALCAO (MOVEL)
0511,PRATELEIRA
0511,NICHO
0511,ARMARIO DE BANHEIRO (NAO PLASTICO)
0511,"MESA COM CADEIRAS (JARDIM, VARANDA, ETC.)"
0511,MESA COM CADEIRAS DE JARDIM
0511,MESA COM CADEIRAS DE VARANDA
0511,"MESA (JARDIM, VARANDA, ETC.)"
0511,MESA DE JARDIM
0511,MESA DE VARANDA
0511,"CADEIRA (JARDIM, VARANDA, ETC.)"
0511,CADEIRA DE JARDIM
0511,CADEIRA DE VARANDA
0511,"BANCO (JARDIM, VARANDA, ETC.)"
0511,GUARDA-SOL DE JARDIM
0521,OMBRELONE
0511,CRISTALEIRA
0511,BAR (MOVEL)
0511,BAU (SALA)
0511,PORTA-JORNAL OU REVISTA
0511,DIVISORIA DE AMBIENTES
0511,BIOMBO (DIVISORIA)
0511,BANCO (SALA)
0511,GAVETEIRO
0511,CAMA E MESA DE CABECEIRA (QUARTO DE ADULTO)
0511,ESTANTE (QUARTO DE ADULTO)
0511,PENTEADEIRA (QUARTO DE ADULTO)
0511,CABIDEIRO (QUARTO DE ADULTO)
0511,BAU (QUARTO DE ADULTO)
0511,CAMA E MESA DE CABECEIRA (QUARTO INFANTIL)
0511,ESTANTE (QUARTO INFANTIL)
0511,PENTEADEIRA (QUARTO INFANTIL)
0511,BAU (QUARTO INFANTIL)
0511,BANCO (COPA E COZINHA)
0511,GUARDA LOUCA
0511,BUFE (COPA E COZINHA)
0511,GABINETE DE PIA (BANHEIRO)
0511,BANHEIRA COM TROCA-FRALDAS
0511,ADEGA
0511,ARMARIO DE LAVANDERIA
0511,ARMARIO (QUARTO NAO ESPECIFICADO)
0511,BANCO (NAO ESPECIFICADO)
0511,BOX PARA COLCHAO
0511,CABECEIRA DE CAMA
0511,CAMA BOX COM COLCHAO
0511,COLCHAO MAGNETICO
0511,COZINHA PLANEJADA
0511,MESA E CADEIRA (COMODO NAO ESPECIFICADO)
0511,ARMARIO (ESCRITORIO)
0511,CADEIRA DE MASSAGEM
0511,CADEIRA (COMODO NAO ESPECIFICADO)
0511,PAINEL PARA TV
0511,ESTANTE (ESCRITORIO)
0511,MOVEL PARA MAQUINA DE COSTURA
0511,CADEIRINHA DE ALIMENTAÇÃO PARA BEBÊ
0511,ARMARIOS PARA SALA E QUARTOS
0511,SOFA E POLTRONAS
0511,BERCO E COLCHAO INFANTIL
0511,CAMA (QUARTO DE ADULTO) E COLCHAO
0511,MESA E COMODA (QUARTO INFANTIL)
0511,ESCRIVANINHA E CADEIRA
0511,ARMARIO MULTIUSO
0511,MOVEL MULTIUSO
0511,MESA (COMODO NAO ESPECIFICADO)
0511,CADEIRA DE ALIMENTACAO PARA BEBE
0511,FLOREIRA DE MADEIRA
0511,TAPETE (EXCETO DE PLASTICO OU DE BORRACHA)
0511,TAPECARIA (TAPETE)
0511,PASSADEIRA (TAPETE)
0521,CORTINA (EXCETO DE PLASTICO)
0552,VARA PARA CORTINA
0521,PERSIANAS
0521,ALMOFADA
0521,CAPA DE ALMOFADA
0521,PROTETOR DE BERCO (ALMOFADA)
0521,CAPA PARA SOFA
0511,"LUMINARIA, ABAJUR, LUSTRE, GLOBO DE LUZ, ETC."
0511,LUMINARIA
0511,ABAJUR
0511,LUSTRE
0921,ENFEITES DE ARVORE DE NATAL
0921,ARVORE DE NATAL
0921,ENFEITES DE NATAL
0511,QUADRO OU MOLDURA
0511,MOLDURA DE QUADRO
0511,POSTER
0511,PORTA-RETRATO
0511,MOLDURA DE FOTO
0511,ESPELHO (PECA DE DECORACAO)
0511,VIDRO DE ESPELHO
0932,AQUARIO ORNAMENTAL E EQUIPAMENTOS
0931,FLORES E PLANTAS ARTIFICIAIS
0931,FLORES ARTIFICIAIS
0931,PLANTAS ARTIFICIAIS
0511,PECA DE PRATA (DECORACAO)
0511,PECA DE METAL (EXCETO PRATA) (DECORACAO)
0511,PECA DE LOUCA (DECORACAO)
0511,LOUCA (PECA DE DECORACAO)
0511,PECA DE MADEIRA (DECORACAO)
0511,PECA DE CRISTAL (DECORACAO)
0511,CRISTAL (PECA DE DECORACAO)
0511,PECA DE VIDRO (DECORACAO)
0511,VIDRO (PECA DE DECORACAO)
0511,PECA DE CERAMICA (DECORACAO)
0511,CERAMICA (PECA DE DECORACAO)
0511,JARRO DE BARRO (PECA DE DECORACAO)
0511,PECA DE PORCELANA (DECORACAO)
0511,PECA DE PALHA (DECORACAO)
0511,PECA DE GESSO (DECORACAO)
0511,GESSO (PECA DE DECORACAO)
0511,PECA DE PLASTICO OU RESINA (DECORACAO)
0511,PLASTICO OU RESINA (PECA DE DECORACAO)
0511,PECA DE PEDRA (DECORACAO)
0511,PEDRAS DECORATIVAS
0511,PECA DE TECIDO (DECORACAO)
0511,TECIDO (PECA DE DECORACAO)
0511,ENFEITE DE BERCO
0511,MOBILE (ENFEITE DE BERCO)
0511,BIBELO DE QUALQUER MATERIAL
0511,ENFEITE DE GELADEIRA
0511,PUFE (ALMOFADA)
0511,CINZEIRO (PECA DE DECORACAO)
0561,VELA DECORATIVA
0511,"JOGO DE BUZIOS, CONCHAS (PECA DE DECORACAO)"
0511,PORTA-JOIAS
0511,CAIXINHA DE MUSICA
0521,CORTINADO
0521,MOSQUITEIRO
0521,BLACKOUT
0511,VASO
1329,PORTA-CHAVE
1322,IMAGEM RELIGIOSA
0511,PECA DE PAPEL (DECORACAO)
0511,PORTA GUARDA-CHUVA
0974,ARGILA
0974,CAIXA ORGANIZADORA
0974,SUPORTE PARA FITA ADESIVA
0532,PISTOLA PARA ETIQUETAR
0521,"ENCHIMENTO PARA ALMOFADA, TRAVESSEIRO, ETC."
0521,"ROUPA DE CAMA (LENCOL, COBERTOR, TRAVESSEIRO, ETC.)"
0521,LENCOL
0521,COBERTOR
0521,TRAVESSEIRO
0521,MANTA
0521,FRONHA
0521,COLCHA
0521,EDREDON
0521,PROTETOR DE COLCHAO
0521,PROTETOR DE TRAVESSEIRO
0521,SAIA PARA CAMA BOX
0521,"ROUPA DE BANHO (TOALHA DE BANHO, DE ROSTO, ETC.)"
0521,TOALHA DE BANHO
0521,TOALHA DE ROSTO
0521,TOALHA DE MAO
0521,TOALHA DE PRAIA
0521,"CONJUNTO DE BANHEIRO (TOALHA DE BANHO, ROSTO E PISO)"
0521,"ROUPA DE MESA (TOALHA, PANO DE PRATO, ETC.)"
0521,TOALHA DE MESA
0521,PANO DE PRATO
0521,PANO DE CENTRO
0521,JOGO AMERICANO
0521,GUARDANAPO DE MESA DE TECIDO
0521,CONJUNTO DE COZINHA
0540,"TALHER (COLHER, GARFO OU FACA)"
0540,COLHER
0540,GARFO
0540,FACA
0540,CONJUNTO DE COLHERES
0540,CONJUNTO DE FACAS
0540,PRATO DE LOUCA
0540,CONJUNTO DE PRATOS DE LOUCA
0540,JOGO DE PRATOS DE LOUCA
0540,COPO DE VIDRO
0540,CONJUNTO DE COPOS DE VIDRO
0540,XICARA
0540,CONJUNTO DE XICARAS
0540,PANELA
0540,PANELA DE PRESSAO
0540,PIPOQUEIRA (PANELA)
0540,CONJUNTO DE PANELAS
0540,FRIGIDEIRA
0540,"TRAVESSA DE VIDRO, LOUCA, MADEIRA, ETC."
0540,JARRA
0540,GARRAFA TERMICA
0540,"BOMBA, CUIA OU PORONGO DE CHIMARRAO"
0540,BOMBA DE CHIMARRAO
0540,CUIA DE CHIMARRAO
0540,BOMBA DE TERERE
0540,BACIA PLASTICA
0540,CONJUNTO DE BACIAS DE PLASTICO
0540,BALDE PLASTICO
0561,PREGADOR DE ROUPA
0561,PRENDEDOR DE ROUPA
0552,LAMPADA
0552,LAMPADA FLUORESCENTE
0552,LAMPADA BRANCA
0552,LAMPADA ELETRONICA
0552,LAMPADA DE LED
0552,PILHA
1321,RELOGIO DESPERTADOR
0540,CADEADO
0540,APARELHO DE CHA OU CAFE
0540,APARELHO DE CHA
0540,APARELHO DE CAFE
0540,APARELHO DE JANTAR
0540,CONJUNTO DE JANTAR
0540,JOGO DE JANTAR
0540,FAQUEIRO
0511,SUPORTE DE TV GIRATORIO
0531,SECADOR DE ROUPA
0532,CILINDROS PARA MASSAS
0532,BALANCA PARA ALIMENTOS
0532,CAFETEIRA NAO-ELETRICA
0532,APARELHO PARA FONDUE
0511,SUPORTE PARA FORNO
0313,AVENTAL PARA SERVICOS DOMESTICOS
0561,LUVA PARA SERVICOS DOMESTICOS
0313,CABIDE
1329,PORTA-FRALDA
0540,LEITEIRA
0540,ESCUMADEIRA
0540,CONJUNTO DE ESCUMADEIRAS
0511,CONCHA
0511,CONJUNTO DE CONCHAS
0540,CANECA
0540,JOGO DE CANECAS
0532,RALADOR DE QUEIJO
0532,"ABRIDOR DE GARRAFA, LATA, ETC."
0532,SACA ROLHA
0540,LATA DE CONDIMENTO (AVULSA)
0540,PORTA-CONDIMENTO (AVULSO)
0540,PORTA-COPOS
0540,GALHETEIRO
0540,PALITEIRO
0532,OMELETEIRA
0540,MARMITA
0540,JOGO DE MARMITAS
0540,ASSADEIRA
0540,CORTADOR DE PIZZA
0532,BULE
0532,ACUCAREIRO
0532,CUSCUZEIRA
0532,FARINHEIRA
0532,FORMA DE CREPE
0532,FORMA DE PAO
0532,FORMA DE MISTO-QUENTE
0540,FRUTEIRA
0540,SALEIRO
0431,RALO DE PIA
0540,LIXEIRA METALICA
0540,CESTO DE LIXO (PLASTICO)
0540,PA DE LIXO
0540,VARAL DE ROUPAS
0540,VARAL DE CORDINHAS REGULAVEL
0540,CORDA DE VARAL
0540,BACIA DE ALUMINIO
0540,BACIA DE ESMALTE
0540,BACIA DE INOX
0540,BALDE DE ALUMINIO
0540,TACA DE SORVETE
0540,CONJUNTO DE TACAS PARA SORVETE
0532,CHALEIRA
0540,POTE
0540,CONJUNTO DE POTES
0532,CORTADOR DE BOLO
0540,ESCORREDOR DE ARROZ
0540,TIGELA
0540,JOGO DE TIGELAS
0540,FUNIL
0561,COPO PLASTICO
0540,CONJUNTO DE COPOS DE PLASTICO
0540,COPO DE ALUMINIO
0540,COPO DE INOX
0540,COPO DE CRISTAL
0540,CONJUNTO DE COPOS DE CRISTAL
0540,COPO DE ACRILICO
0540,TABUA DE CARNE
0532,PEDRA DE AMOLAR
0540,RAQUETE DE MATAR MOSQUITO
0561,ISQUEIRO PARA FOGAO
0561,ISQUEIRO DESCARTAVEL PARA FOGAO
0561,FILTRO PARA ASPIRADOR
0540,BATEDOR DE OVOS MANUAL
0532,GRELHA
0540,CESTA DE PALHA
0540,PAPEIRO
0540,PILAO
0540,TACA DE CRISTAL
0540,CONJUNTO DE TACAS DE CRISTAL
0540,TACA DE VIDRO
0540,CONJUNTO DE TACAS DE VIDRO
0540,PORTA-TOALHA DE PLASTICO
0540,IMA DE GELADEIRA
0561,PRATO PLASTICO
0540,CONJUNTO DE PRATOS DE PLASTICO
0561,VELA DE FILTRO
0540,JOGO DE SALADEIRAS
0540,SALADEIRA
0540,PANELA DE BARRO
0540,PRATO DE ESMALTE
0540,CAIXA DE ISOPOR
0540,CESTO PARA ROUPA
0552,REGISTRO DE FOGAO
0540,PINCEL DE COZINHA
0552,SUPORTE PARA BUJAO DE GAS
0540,KIT PARA CHURRASCO
0561,GARRAFA PLASTICA DE AGUA VAZIA
0532,COPO E BASE DE LIQUIDIFICADOR
0532,COPO DE LIQUIDIFICADOR
0540,BANDEJA
0540,BANDEJA DE INOX
0552,SABONETEIRA PLASTICA
0540,CALDEIRAO
0452,REGISTRO DE BOTIJAO DE GAS
0540,JARRA DE CRISTAL
0540,PORTA BOLO DE VIDRO
0540,PORTA BOLO DE PLASTICO
0552,EXTENSAO DE FERRO ELETRICO
0552,EXTENSAO ELETRICA
0511,ASSENTO DE VASO SANITARIO
0431,TORNEIRA DE FILTRO DE PLASTICO
0511,PENICO DE PLASTICO
0540,"CONJUNTO DE FORMAS DE BOLO, PIZZA, PUDIM, TORTA"
0540,CONJUNTO DE ESPETOS DE METAL
0540,JOGO DE ESPETOS DE METAL
0540,SUPORTE DE PANELAS
0540,"FORMA DE BOLO, PIZZA, PUDIM, TORTA"
0540,SOCADOR DE ALHO DE MADEIRA
0540,VASILHAME PLASTICO DE MANTIMENTOS
0540,ENGRADADO PLASTICO
0540,COADOR DE TECIDO
0511,TAPETE DE BORRACHA
0540,BORRACHA DE PANELA DE PRESSAO
0540,VALVULA DE PANELA DE PRESSAO
0532,APARELHO DE CORTAR VERDURA
0532,CORTADOR DE VERDURA (APARELHO)
0511,ARMARIO DE PLASTICO DE BANHEIRO
0511,BANHEIRA PLASTICA DE CRIANCA OU BEBE
0540,CONJUNTO PLASTICO DE MANTIMENTOS OU CONDIMENTOS
0540,JOGO PLASTICO DE MANTIMENTOS OU CONDIMENTOS
0540,CONJUNTO PLASTICO DE CONDIMENTOS
0540,JOGO PLASTICO DE CONDIMENTOS
0540,ESCORREDOR DE METAL
0540,ESPREMEDOR DE METAL
0540,ESPREMEDOR DE ALHO
0540,SUPORTE DE GARRAFA TERMICA DE PLASTICO
0521,CORTINA DE PLASTICO
0540,SUPORTE PARA PAPEL ALUMINIO DE PLASTICO
0540,CONJUNTO DE LATAS DE MANTIMENTOS
0540,LATA DE MANTIMENTOS
0552,MANGUEIRA DE PLASTICO OU BORRACHA
0540,PENEIRA DE FIBRA VEGETAL
0540,PENEIRA DE METAL
0540,PENEIRA DE PLASTICO
0540,PENEIRA NAO ESPECIFICADA
0540,CONJUNTO DE TRAVESSAS REFRATARIAS PARA MICROONDAS
0540,JOGO DE TRAVESSAS REFRATARIAS PARA MICROONDAS
0540,CONJUNTO DE PIREX
0540,PIREX
0540,CONJUNTO DE SOBREMESA
0540,CONJUNTO DE JARRA E COPOS
0540,"PORTA-OBJETOS (MADEIRA, ACRILICO, LOUCA, METAL, ETC.)"
0540,FACAO DE COZINHA
0540,PRATO DE VIDRO
0540,CONJUNTO DE PRATOS DE VIDRO
0561,PULVERIZADOR DE AGUA
0521,"CONJUNTO DE BANHEIRO (CAPA PARA VASO, BIDE E PISO)"
0521,TAPETE PARA BANHEIRO
0521,TAPETE (CAPACHO)
0552,PES PARA MAQUINA DE LAVAR ROUPA
0552,ALISADOR DE PASTA AMERICANA
0540,AMOLADOR MANUAL DE FACAS
0540,AMPOLA PARA GARRAFA TERMICA
0540,APARELHO DE CONFEITAR
0540,BICO DE CONFEITAR
0561,BALDE MOP COM ESFREGAO GIRATORIO
0540,BALDE DE ACRILICO
0540,BALEIRO
0540,BOLEIRA
0540,COPO TERMICO
0540,FORMA DE HAMBURGUER
0540,PRATO DE ALUMINIO
0540,CONJUNTO DE PRATOS DE ALUMINIO
0540,PRATO DE PORCELANA
0540,CONJUNTO DE PRATOS DE PORCELANA
0540,ESCORREDOR DE LOUCA
0540,ESCORREDOR DE PRATO
0540,CHAIRA
0540,CENTRIFUGA (SECADORA DE SALADA MANUAL)
0540,COQUETELEIRA
0540,CORTADOR DE QUEIJO
0540,CORTADOR DE BISCOITO
0540,CORTADOR DE PINHAO
0540,DESCASCADOR DE PINHAO
0540,DESCASCADOR DE LEGUMES OU FRUTAS
0540,DESCASCADOR DE LEGUMES
0540,QUEIJEIRA
0540,RALADOR MULTIUSO
0540,GARRAFA DE AGUA PARA GELADEIRA
0540,ESCORREDOR DE MACARRAO
0540,ESCORREDOR DE PLASTICO
0540,ESCORREDOR DE TALHERES
0540,CAIXA TERMICA
0540,COOLER
0540,BOLSA TERMICA
0540,CAIXA ORGANIZADORA (MULTIUSO)
0540,CONSORCIO TUPPERWARE
0540,TUPPERWARE
0540,MEDIDOR DE COZINHA
0540,PORTA BISCOITO
0540,PORTA DETERGENTE
0540,PORTA GUARDANAPO
0540,PORTA OLEO
0540,PORTA ALHO OU CEBOLA
0540,PORTA PAO
0540,PORTA ESCOVA DE DENTE
0540,PORTA TALHERES
0540,PORTA SABAO
0540,ESPATULA DE SILICONE
0540,TACHO
0540,PEGADOR DE GELO
0540,PEGADOR DE MACARRAO
0540,INFUSOR DE CHA
0540,DIFUSOR DE CHA
0532,TAPIOQUEIRA NÃO ELETRICA
0532,SOPEIRA
0540,TESOURA PARA COZINHA
0540,SOUSPLAT
0540,SUQUEIRA
0532,ESPREMEDOR DE LARANJA NAO ELETRICO
0540,VASILHAME DE VIDRO DE MANTIMENTOS
0532,MOEDOR PARA CONDIMENTOS
0532,TRITURADOR PARA CONDIMENTOS
0561,HASHI
0540,SUPORTE PARA CAPSULAS DE CAFE
0532,SUPORTE PARA RALAR GUARANA
0540,TAMBOR PARA ARMAZENAMENTO DE AGUA
0521,SACOLA DE COMPRA
0521,BOLSA DE COMPRA
0521,SACO DE COMPRA
0561,EMBALAGEM PLASTIFICADA
0561,SACO PLASTICO PARA EMBALAGEM
0561,FILME PLASTICO
0561,FILME PVC
0561,BOMBA DE INSETICIDA
0561,ESCOVA DE ROUPA
0561,ESCOVA DE SAPATO
0561,ESCOVA DE LAVAR ROUPA
0531,OLEO DE MAQUINA
0561,PAPEL TOALHA
0561,DESENTUPIDOR DE PIA
0561,PALITO
0561,PALITOS DE DENTE
0561,PALITO DE DENTE
0561,GUARDANAPO DE PAPEL
0561,PRATO OU BANDEJA DE PAPEL ALUMINIZADO OU PLASTICO
0561,EMBALAGEM ALUMINIZADA DE CONGELAMENTO DE ALIMENTOS
0561,PRATO DESCARTAVEL
0561,COADOR DE CAFE DE PAPEL
0561,FILTRO DE CAFE DE PAPEL
0561,FILTRO DE PAPEL
0561,CANUDINHO DE PAPEL OU PLASTICO
0561,"FORMA, COPO, ETC. DE PAPEL OU PAPELAO"
0561,FORMINHA DE PAPEL
0561,PAPEL DE BALA
0561,COPO DE PAPEL OU PLASTICO
0561,COPO DESCARTAVEL
0561,PAPEL ALUMINIO OU ALUMINIZADO
0561,FOGAO LIMPO
0561,LIMPA-FOGAO
0561,PAPEL ALUMINIO PARA FOGAO
0561,FORRA-FOGAO
0561,PAPEL CELOFANE
0561,FOSFOROS
0561,CAIXA DE FOSFOROS
0561,FOSFORO
0561,VELA DE ILUMINACAO
0561,GARFO DE PLASTICO
0561,FACA DE PLASTICO
0561,COLHER DE PLASTICO
0561,TALHER DESCARTAVEL
0561,VELA DE ANIVERSARIO
0561,VAPORIZADOR ELETRICO CONTRA INSETO
0561,REPELENTE ELETRICO DE INSETO
0561,SAQUINHO DE LANCHE DE PLASTICO OU PAPEL
0561,SACO DE LANCHE DE PLASTICO OU PAPEL
0561,ESFREGADEIRA TABUA DE LAVAR ROUPA
0561,PALITO PARA SORVETE
0561,PALITO PARA CHURRASCO
0561,ESPETINHO PARA CHURRASCO
0561,ESPETO PARA CHURRASCO (MADEIRA)
0561,PAPEL MANTEIGA
0561,FOGOTINI PARA ACENDER CHURRASQUEIRA
0561,GEL FOGOTINI PARA ACENDER CHURRASQUEIRA
0561,COADOR DE CAFE DE PANO
0561,SACO ASSA FACIL
0561,SACO PARA SACOLE
0561,TAMPAS DESCARTAVEIS
0561,ROLO ADESIVO TIRA PELO
0814,TELEVISAO EM CORES (TUBO)
0814,"TELEVISAO DE LED, PLASMA OU LCD"
0814,TELEVISAO EM PRETO E BRANCO
0814,APARELHO DE DVD OU BLU RAY
0814,EQUIPAMENTO DE SOM
0814,APARELHO DE SOM
0814,AMPLIFICADOR
0814,RADIO PORTATIL
0814,RADIO DE MESA
0814,RADIO GRAVADOR E TOCA-FITAS
0814,RADIO RELOGIO
0813,MICROCOMPUTADOR
0813,COMPUTADOR
0813,NOTEBOOK
0813,LAPTOP
0813,TABLET
0813,IMPRESSORA
0813,"ACESSORIOS DE MICROCOMPUTADOR (MONITOR, TECLADO, MOUSE, LEITOR OU GRAVADOR DE DVD, PROCESSADOR, ETC.)"
0813,MONITOR PARA COMPUTADOR
0813,TECLADO PARA COMPUTADOR
0813,MOUSE
0819,PROCESSADOR
0819,PLACA-MAE (MOTHER BOARD)
0819,DISCO RIGIDO (HARD DISC)
0814,CAIXAS DE SOM PARA COMPUTADOR
0813,ESCANER
0813,ANTENA DE INTERNET VIA RADIO
0813,ROTEADOR
0813,MODEM
0532,VENTILADOR
0531,AR-CONDICIONADO
0532,CIRCULADOR DE AR
0532,CHUVEIRO ELETRICO
0532,DUCHA ELETRICA
0532,TORNEIRA ELETRICA
0531,GELADEIRA
0531,FRIGOBAR
0531,FREEZER
0531,MAQUINA DE LAVAR ROUPAS
0531,TANQUE DE ROUPA ELETRICO
0531,TANQUINHO ELETRICO
0531,FOGAO ELETRICO
0531,FORNO DE MICRO-ONDAS
0531,FORNO ELETRICO
0532,LIQUIDIFICADOR
0532,BATEDEIRA DE BOLO
0532,FERRO ELETRICO
0532,PASSADEIRA A VAPOR
0531,MAQUINA DE COSTURA ELETRICA
0531,ASPIRADOR DE PO
1311,SECADOR E MODELADOR DE CABELO
1311,SECADOR DE CABELO
1311,MODELADOR DE CABELO
1311,PRANCHA ALISADORA DE CABELO
0814,ANTENA PARABOLICA E EQUIPAMENTOS
0814,RECEPTOR DE ANTENA PARABOLICA
0811,APARELHO TELEFONICO NAO CELULAR
0811,APARELHO DE TELEFONE RESIDENCIAL
0531,MAQUINA DE SECAR ROUPAS
0531,CENTRIFUGA (SECADORA DE ROUPAS)
0531,MAQUINA DE LAVAR PRATOS
0531,AQUECEDOR DE AR
0531,CLIMATIZADOR
0531,EXAUSTOR
0531,DEPURADOR DE AR
0531,PURIFICADOR DE AR
0814,CAIXA DE SOM
0814,ALTO-FALANTE
0551,BOMBA DE AGUA
0551,MOTOR DE BOMBA DE AGUA
0532,CAFETEIRA ELETRICA
0532,ESPREMEDOR DE FRUTAS ELETRICO
0532,GRILL
0532,PURIFICADOR E OZONIZADOR DE AGUA
0532,TORRADEIRA ELETRICA
1311,BARBEADOR ELETRICO
1311,DEPILADOR ELETRICO
0814,APARELHO RECEPTOR DE TV A CABO
0551,CORTADOR DE GRAMA ELETRICO
1311,MAQUINA DE CORTAR CABELO ELETRICA
0540,CENTRIFUGA DE ALIMENTOS
0540,PANELA ELETRICA
0532,JARRA ELETRICA
0532,PROCESSADOR DE ALIMENTOS ELETRICO
0532,MULTIPROCESSADOR DE ALIMENTOS ELETRICO
0532,ESTERILIZADOR
0551,GERADOR DE ENERGIA
0532,TRITURADOR ELETRICO
0814,"CONTROLE REMOTO DE TV, SOM, VIDEOCASSETE, ETC."
0551,APARELHO DE SOLDA
0551,ELETRODO DE SOLDA
0551,LAVADORA DE ALTA PRESSAO
1311,MASSAGEADOR ELETRICO
0532,MAQUINA DE FAZER PAO
0532,SANDUICHEIRA ELETRICA
0531,VAPORIZADOR ELETRICO
0612,NEBULIZADOR ELETRICO
0532,FRITADEIRA ELETRICA
0532,PANQUEQUEIRA
0531,PAINEL DE ENERGIA SOLAR
0531,AQUECEDOR SOLAR
0532,BEBEDOURO
0532,GELAGUA
0532,SUPORTE ELETRICO PARA GARRAFAO DE AGUA
0814,MICROFONE
0814,HOME THEATER
0532,IOGURTEIRA
0532,FILTRO ELETRICO
0531,ESTUFA ELETRICA
0532,FATIADOR DE ALIMENTOS
0532,MERGULHAO
0551,MAQUINA DE CORTAR PISO ELETRICA
0551,"FURADEIRA, LIXADEIRA, ESMERIL, SERRADEIRA ELETRICA, ETC"
0551,SERRADEIRA ELETRICA
0551,ESMERIL ELETRICO
0551,FURADEIRA ELETRICA
0551,SERRA MARMORE
0551,PARAFUSEIRA A BATERIA
0551,LIXADEIRA ELETRICA
0819,FONTE DE ALIMENTACAO DE APARELHO ELETRONICO
0819,CARREGADOR DE PILHAS E BATERIAS
0974,PISTOLA ELETRICA PARA COLA
0532,MOEDOR DE CAFE ELETRICO
0813,CALCULADORA ELETRONICA
0532,CHURRASQUEIRA ELETRICA
0551,MOTOSSERRA
0431,INTERFONE
0551,COMPRESSOR DE AR
0814,CONVERSOR DIGITAL PARA TELEVISAO
0431,CERCA ELETRICA
0431,CAMERA DE SEGURANCA
0532,APARELHO DE FAZER PIPOCA ELETRICO
0531,UMIDIFICADOR DE AR
0531,DESUMIDIFICADOR
0531,ADEGA CLIMATIZADA
0532,BATEDEIRA DE ACAI
0532,MANGUEIRA (LAVADORA DE ALTA PRESSAO)
0532,MAQUINA DE WAFFLE
0814,PROJETOR DE IMAGENS
0532,SELADORA DE EMBALAGEM
0532,MAQUINA DE LAMINACAO
0532,MAQUINA DE FAZER ADESIVOS
0532,MAQUINA DE SORVETE (SORVETERIA)
0532,MAQUINA PARA FAZER CERVEJA
0819,BABA ELETRONICA
0532,CILINDRO DE MASSAS ELETRICO
0532,CHALEIRA ELETRICA
0532,CHAPA ELETRICA
0532,COOLER ELETRICO
0532,MIXER
0531,FOGAO A GAS
0531,MAQUINA DE COSTURA A PEDAL
0531,MAQUINA DE COSTURA MANUAL
0552,CORTADOR DE GRAMA NAO ELETRICO
0552,TESOURA DE CORTAR GRAMA
0551,MAQUINAS AGRICOLAS DE PEQUENO PORTE
0551,MOENDA DE CANA
0552,PULVERIZADOR DE AGROTOXICO
0531,FORNO A GAS
0531,AQUECEDOR DE AGUA A GAS
0813,CALCULADORA MECANICA
0532,MAQUINA DE CREPE A GAS
0531,CAMPAINHA
0552,ACENDEDOR DE FOGAO
0921,CONSOLE DE VIDEO GAME
0921,PLAYSTATION
0921,XBOX
0814,KARAOKE
0512,MONTAGEM DE MOVEIS
0512,CONSERTO DE MOVEIS (PECA+MAO-DE-OBRA)
0512,REFORMA DE MOVEIS (PECA+MAO-DE-OBRA)
0512,CONSERTO DE MOVEIS (PECA)
0512,REFORMA DE MOVEIS (PECA)
0512,CONSERTO DE MOVEIS (MAO-DE-OBRA)
0512,REFORMA DE MOVEIS (MAO-DE-OBRA)
0533,CONSERTO DE GELADEIRA (PECA+MAO-DE-OBRA)
0533,CONSERTO DE GELADEIRA (PECA)
0533,CONSERTO DE GELADEIRA (MAO-DE-OBRA)
0835,CONSERTO DE TELEVISAO (PECA+MAO-DE-OBRA)
0835,CONSERTO DE TELEVISAO (PECA)
0835,CONSERTO DE TELEVISAO (MAO-DE-OBRA)
0835,CONSERTO DE MICROCOMPUTADOR (PECA+MAO-DE-OBRA)
0835,CONSERTO DE MICROCOMPUTADOR (PECA)
0835,CONSERTO DE MICROCOMPUTADOR (MAO-DE-OBRA)
0835,CONSERTO DE RECEPTOR DE ANTENA PARABOLICA (PECA+MAO-DE-OBRA)
0835,CONSERTO DE RECEPTOR DE ANTENA PARABOLICA (PECA)
0835,CONSERTO DE RECEPTOR DE ANTENA PARABOLICA (MAO-DE-OBRA)
0533,CONSERTO DE ASPIRADOR DE PO (PECA+MAO-DE-OBRA)
0533,CONSERTO DE ASPIRADOR DE PO (PECA)
0533,CONSERTO DE FREEZER (PECA+MAO DE OBRA)
0533,CONSERTO DE FREEZER (PECA)
0533,CONSERTO DE FREEZER (MAO DE OBRA)
0533,CONSERTO DE FERRO ELETRICO (PECA+MAO-DE-OBRA)
0533,CONSERTO DE FERRO ELETRICO (PECA)
0533,CONSERTO DE FERRO ELETRICO (MAO-DE-OBRA)
0835,CONSERTO DE APARELHO SONORO (PECA+MAO-DE-OBRA)
0835,CONSERTO DE APARELHO SONORO (PECA)
0835,CONSERTO DE APARELHO SONORO (MAO-DE-OBRA)
0835,CONSERTO DE VIDEOCASSETE (PECA+MAO-DE-OBRA)
0533,CONSERTO DE MAQUINA DE LAVAR ROUPA (PECA+MAO-DE-OBRA)
0533,CONSERTO DE MAQUINA DE LAVAR ROUPA (PECA)
0533,CONSERTO DE MAQUINA DE LAVAR ROUPA (MAO-DE-OBRA)
0533,CONSERTO DE MAQUINA DE SECAR ROUPA (PECA+MAO-DE-OBRA)
0533,CONSERTO DE MAQUINA DE SECAR ROUPA (MAO-DE-OBRA)
0533,CONSERTO DE FOGAO (PECA+MAO-DE-OBRA)
0533,CONSERTO DE FOGAO (PECA)
0533,CONSERTO DE FOGAO (MAO-DE-OBRA)
0533,CONSERTO DE AR CONDICIONADO (PECA+MAO-DE-OBRA)
0533,CONSERTO DE AR CONDICIONADO (PECA)
0533,CONSERTO DE AR CONDICIONADO (MAO-DE-OBRA)
0533,CONSERTO DE MAQUINA DE COSTURA (PECA+MAO-DE-OBRA)
0533,CONSERTO DE MAQUINA DE COSTURA (PECA)
0533,CONSERTO DE MAQUINA DE COSTURA (MAO-DE-OBRA)
0533,CONSERTO DE BATEDEIRA DE BOLO (PECA+MAO-DE-OBRA)
0533,CONSERTO DE BATEDEIRA DE BOLO (PECA)
0533,CONSERTO DE LIQUIDIFICADOR (PECA+MAO-DE-OBRA)
0533,CONSERTO DE LIQUIDIFICADOR (PECA)
0533,CONSERTO DE LIQUIDIFICADOR (MAO-DE-OBRA)
0533,CONSERTO DE MULTIPROCESSADOR (PECA+MAO-DE-OBRA)
0533,CONSERTO DE MULTIPROCESSADOR (PECA)
0533,CONSERTO DE MULTIPROCESSADOR (MAO-DE-OBRA)
0533,CONSERTO DE FORNO ELETRICO (PECA+MAO-DE-OBRA)
0533,CONSERTO DE FORNO ELETRICO (PECA)
0533,CONSERTO DE FORNO ELETRICO (MAO-DE-OBRA)
0533,CONSERTO DE MAQUINA DE LAVAR LOUCAS (PECA+MAO-DE-OBRA)
0533,CONSERTO DE MAQUINA DE LAVAR LOUCAS (PECA)
0533,CONSERTO DE MAQUINA DE LAVAR LOUCAS (MAO-DE-OBRA)
0533,CONSERTO DE VENTILADOR (PECA+MAO-DE-OBRA)
0533,CONSERTO DE VENTILADOR (PECA)
0533,CONSERTO DE VENTILADOR (MAO-DE-OBRA)
0835,CONSERTO DE ANTENA PARABOLICA (PECA+MAO-DE-OBRA)
0835,CONSERTO DE ANTENA PARABOLICA (PECA)
0835,CONSERTO DE ANTENA PARABOLICA (MAO-DE-OBRA)
0835,CONSERTO DE CHUVEIRO ELETRICO (PECA+MAO-DE-OBRA)
0835,CONSERTO DE CHUVEIRO ELETRICO (PECA)
0835,CONSERTO DE CHUVEIRO ELETRICO (MAO-DE-OBRA)
1311,CONSERTO DE SECADOR DE CABELOS (PECA+MAO-DE-OBRA)
1311,CONSERTO DE SECADOR DE CABELOS (MAO-DE-OBRA)
0533,CONSERTO DE MICROONDAS (PECA+MAO-DE-OBRA)
0533,CONSERTO DE MICROONDAS (PECA)
0533,CONSERTO DE MICROONDAS (MAO-DE-OBRA)
0943,CONSERTO DE VIDEO GAME (PECA+MAO-DE-OBRA)
0943,CONSERTO DE VIDEO GAME (PECA)
0943,CONSERTO DE VIDEO GAME (MAO-DE-OBRA)
0533,CONSERTO DE CENTRIFUGA (PECA+MAO-DE-OBRA)
0533,CONSERTO DE CENTRIFUGA (PECA)
0533,CONSERTO DE CENTRIFUGA (MAO-DE-OBRA)
0835,CONSERTO DE IMPRESSORA (PECA+MAO-DE-OBRA)
0835,CONSERTO DE IMPRESSORA (PECA)
0835,CONSERTO DE IMPRESSORA (MAO-DE-OBRA)
0835,CONSERTO DE CONTROLE REMOTO (PECA+MAO-DE-OBRA)
0835,CONSERTO DE CONTROLE REMOTO (PECA)
0835,CONSERTO DE APARELHO DE DVD OU BLUE-RAY (PECA+MAO-DE-OBRA)
0835,CONSERTO DE APARELHO DE DVD OU BLUE-RAY (PECA)
0835,CONSERTO DE APARELHO DE DVD OU BLUE-RAY (MAO-DE-OBRA)
0553,CONSERTO DE BOMBA DE AGUA ELETRICA (PECA+MAO-DE-OBRA)
0553,CONSERTO DE BOMBA DE AGUA ELETRICA (PECA)
0553,CONSERTO DE BOMBA DE AGUA ELETRICA (MAO-DE-OBRA)
0835,CONSERTO DE TELEFONE FIXO (PECA+MAO-DE-OBRA)
0835,CONSERTO DE TELEFONE FIXO (MAO-DE-OBRA)
0533,CONSERTO DE CLIMATIZADOR (PECA)
0533,CONSERTO DE BEBEDOURO ELETRICO (PECA + MAO DE OBRA)
0533,CONSERTO DE BEBEDOURO ELETRICO (PECA)
0533,CONSERTO DE PURIFICADOR DE AGUA (PECA + MAO DE OBRA)
0533,CONSERTO DE PURIFICADOR DE AGUA (PECA)
0533,CONSERTO DE PURIFICADOR DE AGUA (MAO DE OBRA)
0533,CONSERTO DE CAFETEIRA ELETRICA (PECA + MAO DE OBRA)
0533,CONSERTO DE CAFETEIRA ELETRICA (PECA)
0533,CONSERTO DE FRITADEIRA ELETRICA (PECA + MAO DE OBRA)
0533,CONSERTO DE FRITADEIRA ELETRICA (PECA)
0533,CONSERTO DE FRITADEIRA ELETRICA (MAO DE OBRA)
0540,CONSERTO DE PANELA ELETRICA (PECA + MAO DE OBRA)
0540,CONSERTO DE PANELA ELETRICA (PECA)
0432,CONSERTO DE SISTEMA DE VIDEO MONITORAMENTO E CAMERA DE SEGURANCA (PECA + MAO DE OBRA)
0835,CONSERTO DE ROTEADOR OU MODEM (PECA + MAO DE OBRA)
0835,CONSERTO DE ROTEADOR OU MODEM (PECA)
0553,CONSERTO DE GERADOR DE ENERGIA (PECA + MAO DE OBRA)
0553,CONSERTO DE GERADOR DE ENERGIA (PECA)
0533,CONSERTO DE CILINDRO ELETRICO (PECA + MAO DE OBRA)
0835,CONSERTO DE CONVERSOR DIGITAL (PECA)
0944,CONSERTO DE COLCHAO ELETRICO (PECA + MAO DE OBRA)
0432,CONSERTO DE CERCA ELETRICA (PECA + MAO DE OBRA)
0533,CONSERTO DE CHURRASQUEIRA ELETRICA (PECA)
0533,CONSERTO DE ADEGA ELETRICA (PECA + MAO DE OBRA)
0553,CONSERTO DE FURADEIRA (PECA + MAO DE OBRA)
0553,CONSERTO DE FURADEIRA (PECA)
0533,CONSERTO DE GRILL ELETRICO (PECA + MAO DE OBRA)
0533,CONSERTO DE GRILL ELETRICO (PECA)
0533,CONSERTO DE JARRA ELETRICA (PECA)
0553,CONSERTO DE LAVA JATO (PECA + MAO DE OBRA)
0553,CONSERTO DE LAVA JATO (PECA)
0835,CONSERTO DE HOME THEATER (PECA + MAO DE OBRA)
0835,CONSERTO DE HOME THEATER (PECA)
1311,CONSERTO DE MAQUINA DE CORTAR CABELOS (PECA)
0533,CONSERTO DE MIXER (PECA)
0553,CONSERTO DE MAQUINA DE CORTAR GRAMA (PECA + MAO DE OBRA)
0553,CONSERTO DE MAQUINA DE CORTAR GRAMA (PECA)
0533,CONSERTO DE ESPREMEDOR DE FRUTAS ELETRICO (PECA + MAO DE OBRA)
0533,CONSERTO DE ESPREMEDOR DE FRUTAS ELETRICO (PECA)
0553,CONSERTO DE ROCADEIRA (PECA + MAO DE OBRA)
0553,CONSERTO DE ROCADEIRA (PECA)
0553,CONSERTO DE MAQUINA DE TATUAGEM (PECA + MAO DE OBRA)
1311,CONSERTO DE PRANCHA DE CABELO (PECA)
0533,CONSERTO DE AQUECEDOR DE AGUA (PECA + MAO DE OBRA)
0533,CONSERTO DE AQUECEDOR DE AGUA (PECA)
0835,CONSERTO DE ANTENA PARA TELEFONE VIA RADIO (PECA + MAO DE OBRA)
0432,CONSERTO DE INTERFONE (PECA + MAO DE OBRA)
0431,CONSERTO DE INTERFONE (PECA)
0533,CONSERTO DE MAQUINA DE FAZER PAO (PECA + MAO DE OBRA)
0533,CONSERTO DE MAQUINA DE FAZER PAO (PECA)
0533,CONSERTO DE RALADOR ELETRICO (PECA + MAO DE OBRA)
1311,CONSERTO DE ESCOVA ELETRICA (PECA)
0553,CONSERTO DE SERRA ELETRICA (PECA + MAO DE OBRA)
0553,CONSERTO DE SERRA ELETRICA (PECA)
0533,CONSERTO DE TORRADEIRA (PECA)
0835,CONSERTO DE NOBREAK (PECA + MAO DE OBRA)
0969,CONSERTO DE INSTRUMENTO MUSICAL (PECA + MAO DE OBRA)
0835,CONSERTO DE ANTENA DE TV (PECA + MAO DE OBRA)
0835,CONSERTO DE ANTENA DE TV (PECA)
0533,CONSERTO DE SOVADEIRA (PECA + MAO DE OBRA)
0533,CONSERTO DE SOVADEIRA (PECA)
0533,CONSERTO DE MOTOR DE MOER MANDIOCA
0540,CONSERTO DE PANELA NAO ELETRICA
0312,"BLUSA, CAMISA OU CAMISETA MASCULINA"
0312,BLUSA MASCULINA
0312,CAMISA MASCULINA
0312,CAMISETA MASCULINA
0312,CALCA COMPRIDA MASCULINA
0312,"BERMUDA, CALCAO OU SHORT MASCULINO"
0312,BERMUDA MASCULINA
0312,CALCAO MASCULINO
0312,SHORT MASCULINO
0312,CONJUNTO DE CALCA E CAMISA MASCULINA
0312,CONJUNTO DE SHORT E CAMISA MASCULINA
0312,"ROUPA ESPORTIVA MASCULINA (ACADEMIA, FUTEBOL, ETC.)"
0312,CAMISA MASCULINA (UNIFORME DE ESPORTE)
0312,MEIAO MASCULINO (UNIFORME DE ESPORTE)
0312,UNIFORME ESPORTIVO MASCULINO
0312,UNIFORME DE TRABALHO MASCULINO
0312,JALECO MASCULINO
0312,FARDAMENTO MILITAR MASCULINO
0312,CUECA
0312,SUNGA
0312,MEIA MASCULINA
0312,PIJAMA MASCULINO
0312,"AGASALHO MASCULINO (CASACO, JAQUETA, ETC.)"
0312,CASACO MASCULINO
0312,JAQUETA MASCULINA
0312,SUETER MASCULINO
0313,CACHECOL MASCULINO
0312,BLUSA DE LA MASCULINA
0312,ABRIGO MASCULINO
0312,TERNO MASCULINO
0312,PALETO OU BLAZER MASCULINO
0312,PALETO MASCULINO
0312,BLAZER MASCULINO
0313,GRAVATA MASCULINA
0314,ALUGUEL DE ROUPA MASCULINA
0312,CONJUNTO DE CALCA E JAQUETA MASCULINA
0312,MACACAO DE MOTOQUEIRO
0312,ROUPAO DE BANHO MASCULINO
0313,GORRO MASCULINO
0313,"LUVA DE COURO, MALHA OU TECIDO MASCULINA"
0313,LUVA DE COURO  MASCULINA
0313,LUVA DE MALHA MASCULINA
0313,LUVA DE TECIDO MASCULINA
0312,UNIFORME DE JUDO MASCULINO (QUIMONO)
0312,COLETE MASCULINO
0312,MACACAO MASCULINO (EXCETO DE MOTOQUEIRO)
0312,CONJUNTO DE MOLETON MASCULINO
0312,CEROULA
0312,"BLUSA, CAMISA OU CAMISETA FEMININA"
0312,BLUSA FEMININA
0312,CAMISA FEMININA
0312,CAMISETA FEMININA
0312,BABY LOOK FEMININO
0312,BATA (BLUSA FEMININA)
0312,CALCA COMPRIDA FEMININA
0312,CALCA TERMICA
0312,BERMUDA OU SHORT FEMININO
0312,BERMUDA FEMININA
0312,SHORT FEMININO
0312,SAIA
0312,VESTIDO
0312,MACACAO FEMININO (EXCETO DE MOTOQUEIRA)
0312,JARDINEIRA FEMININA
0312,CONJUNTO DE CALCA E BLUSA FEMININO
0312,CONJUNTO DE SHORT E BLUSA FEMININO
0312,CONJUNTO DE BERMUDA E BLUSA FEMININO
0312,CONJUNTO DE SAIA E BLUSA
0312,"ROUPA ESPORTIVA FEMININA (ACADEMIA, FUTEBOL, ETC.)"
0312,CALCAO FEMININO (UNIFORME DE ESPORTE)
0312,MEIAO FEMININO (UNIFORME DE ESPORTE)
0312,COLLANT FEMININO
0312,ROUPA DE GINASTICA FEMININA
0312,UNIFORME ESPORTIVO FEMININO
0312,UNIFORME DE TRABALHO FEMININO
0312,JALECO FEMININO
0312,CALCINHA
0312,CUECA FEMININA
0312,SUTIA
0312,CONJUNTO DE CALCINHA E SUTIA
0312,MAIO OU BIQUINI
0312,MAIO
0312,BIQUINI
0312,MEIA FEMININA
0312,MEIA-CALCA
0312,CAMISOLA
0312,PIJAMA FEMININO
0312,"AGASALHO FEMININO (CASACO, JAQUETA, ETC.)"
0312,CASACO FEMININO
0312,JAQUETA FEMININA
0312,SUETER FEMININO
0313,CACHECOL FEMININO
0312,BLUSA DE LA FEMININA
0312,CHALE FEMININO
0314,ALUGUEL DE ROUPA FEMININA
0312,MODELADOR
0312,TOP
0312,ROBE FEMININO
0312,BABY DOLL
0312,ROUPAO DE BANHO FEMININO
0313,GORRO FEMININO
0313,"LUVA DE COURO, MALHA OU TECIDO FEMININA"
0313,LUVA DE COURO FEMININA
0313,LUVA DE MALHA FEMININA
0313,LUVA DE TECIDO FEMININA
0312,TERNINHO FEMININO
0312,BLAZER FEMININO
0312,SAIDA DE PRAIA
0312,CANGA
0312,ANAGUA
0312,VESTIDO DE NOIVA
0312,SOBRETUDO FEMININ0
0313,CINTA FEMININA
0312,BUSTIE
0312,COLETE FEMININO
0312,UNIFORME DE JUDO FEMININO (QUIMONO)
0312,MACAQUITO FEMININO
0312,MACAQUINHO FEMININO
0312,CONJUNTO DE SAIA E BLAZER
0312,CONJUNTO DE CALCA E JAQUETA FEMININA
0312,CONJUNTO DE CASACO E BLUSA FEMININA
0312,BODY FEMININO
0313,ECHARPE
0312,"BLUSA, CAMISA OU CAMISETA INFANTIL"
0312,BLUSA INFANTIL
0312,CAMISA INFANTIL
0312,CAMISETA INFANTIL
0312,CALCA COMPRIDA INFANTIL
0312,CALCA LEGGING INFANTIL
0312,"BERMUDA, CALCAO OU SHORT INFANTIL"
0312,BERMUDA INFANTIL
0312,CALCAO INFANTIL
0312,SHORT INFANTIL
0312,SAIA INFANTIL
0312,VESTIDO INFANTIL
0312,MACACAO INFANTIL
0312,JARDINEIRA INFANTIL
0312,CONJUNTO DE CALCA E CAMISA INFANTIL
0312,CONJUNTO DE SHORT E CAMISA INFANTIL
0312,CONJUNTO DE SAIA E BLUSA INFANTIL
0312,"ROUPA ESPORTIVA INFANTIL (ACADEMIA, FUTEBOL, ETC.)"
0312,CAMISA INFANTIL (UNIFORME DE ESPORTE)
0312,MEIAO INFANTIL (UNIFORME DE ESPORTE)
0312,COLLANT INFANTIL
0312,CONJUNTO ESPORTIVO INFANTIL
0312,CUECA INFANTIL
0312,CALCINHA INFANTIL
0312,SUTIA INFANTIL
0312,CONJUNTO DE CALCINHA E SUTIA INFANTIL
0312,"SUNGA, MAIO OU BIQUINI INFANTIL"
0312,SUNGA INFANTIL
0312,MAIO INFANTIL
0312,BIQUINI INFANTIL
0312,MEIA INFANTIL
0312,MEIA-CALCA INFANTIL
0312,PIJAMA INFANTIL
0312,FRALDA DE TECIDO
0312,"AGASALHO INFANTIL (CASACO, JAQUETA, ETC.)"
0312,CASACO INFANTIL
0312,JAQUETA INFANTIL
0312,SUETER INFANTIL
0312,CACHECOL INFANTIL
0314,ALUGUEL DE ROUPA INFANTIL
0312,CONJUNTO DE BERMUDA E BLUSA INFANTIL
0312,CONJUNTO DE CALCA E JAQUETA INFANTIL
0312,BABY DOLL INFANTIL
0312,ROUPAO DE BANHO INFANTIL
0313,GORRO INFANTIL
0313,TOUCA INFANTIL
0313,"LUVA DE COURO, MALHA OU TECIDO INFANTIL"
0313,LUVA DE COURO INFANTIL
0313,LUVA DE MALHA INFANTIL
0313,LUVA DE TECIDO INFANTIL
0312,TERNO INFANTIL
0312,BLAZER INFANTIL
0312,SAIDA DE PRAIA INFANTIL
0312,BUSTIE INFANTIL
0312,COLETE INFANTIL
0313,GRAVATA INFANTIL
0312,UNIFORME DE JUDO INFANTIL (QUIMONO)
0312,VESTIDO DE DAMA DE HONRA INFANTIL
0312,CONJUNTO PARA PRIMEIRA COMUNHAO INFANTIL
0312,MACAQUITO INFANTIL
0312,CONJUNTO PAGAO
0312,CONJUNTINHO PAGAO
0312,MIJAOZINHO (CALCA DE MALHA PARA BEBE)
0312,CALCA ENXUTA PARA BEBE
0313,BABADOR DE BEBE
0312,SAPATINHO DE LA OU LINHA INFANTIL
0312,CAMISOLA INFANTIL
0312,CONJUNTO DE MOLETON INFANTIL
0312,BODY INFANTIL
0312,TOUCA PARA BEBE
0312,ENXOVAL DE BEBE
0312,CONJUNTO PARA BEBE
0313,SUSPENSORIO INFANTIL
0313,AVENTAL INFANTIL
0312,AGREGADO
0313,CUEIRO
0321,TENIS (CALCADO)
0321,SAPATO MASCULINO
0321,SAPATO FEMININO
0321,SAPATO INFANTIL
0321,BOTA MASCULINA
0321,BOTA FEMININA
0321,BOTA INFANTIL
0321,SAPATILHA
0321,SANDALIA
0321,RASTEIRINHA
0321,CHINELO
0321,PANTUFA
0313,CINTO
1329,CARTEIRA
1329,BOLSA
1329,MOCHILA
1329,PASTA EXECUTIVA
1329,MALETA
1329,MALA
1329,GUARDA-CHUVA OU SOMBRINHA
1329,GUARDA-CHUVA
1329,SOMBRINHA
0313,BONE
0313,CHAPEU
1329,CHAVEIRO (PRODUTO)
0314,"ALUGUEL (BOLSA, CALCADO, CINTO, CHAPEU, ETC.)"
1329,FRASQUEIRA
1329,POCHETE
0321,ALPARGATA
0321,SAPATENIS
0321,COTURNO
0321,LENCO
1312,ARRANJO DE CABELO
1312,ENFEITE DE CABELO
1312,ARCO PARA CABELO
1312,FAIXA DE CABECA
0313,VISEIRA
0321,BENGALA
0321,GALOCHA
0313,CAPA DE CHUVA
0321,TAMANCO
1329,BOLSA PARA BEBE
1329,BOLSA PARA MATERNIDADE
0313,BOINA
0321,CORREIA DE CHINELO
0321,CABESTRO DE CHINELO
1329,PORTA CARTAO
1329,MATEIRA
1321,BIJUTERIA
1321,BRINCO
1321,COLAR
1321,ANEL
1321,PINGENTE
1321,GARGANTILHA
1321,BOTTON
1321,PRENDEDOR DE GRAVATA
1322,TERCO RELIGIOSO
1321,"JOIAS (ALIANCA, ANEL, ETC.)"
1321,ALIANCA (JOIA)
1321,ANEL (JOIA)
1321,PULSEIRA (JOIA)
1321,CORDAO (JOIA)
1321,SEMIJOIA
1321,RELOGIO DE PULSO
1321,RELOGIO DE BOLSO
1321,CANETA DE OURO OU PRATA
1321,ISQUEIRO DE OURO OU PRATA
1321,CARTAO DE PRATA
0313,"ARTIGOS DE ARMARINHO (LINHA, AGULHA, BOTAO, ETC.)"
0313,LINHA
0313,AGULHA
0313,BOTAO
0313,ALFINETE
0313,RENDA
0313,NOVELO DE LA
0311,ELASTICO
0312,CADARCO
0311,BARBANTE
0313,CORDAO
0313,FITA DE TECIDO
0313,AGULHA DE CROCHE
0313,AGULHA DE MAQUINA DE COSTURA
0313,BICO PARA VESTIDO
0313,COLA PARA TECIDO
0313,FECHO (ZIPER)
0313,FIVELA
0921,"OLHOS (BONECA, ARTESANATO, ETC.)"
0313,OMBREIRAS PARA ROUPA
0313,MICANGA
0313,PEROLAS
0311,TECIDO PARA VESTUARIO
0521,TECIDO PARA ARTIGOS DO LAR E CORTINADO
0311,NAPA PARA VESTUARIO
0521,NAPA PARA ARTIGOS DO LAR E CORTINADO
0311,COURO PARA VESTUARIO
0521,COURO PARA ARTIGOS DO LAR E CORTINADO
0313,TINTA DE TECIDO
0521,LONA
0313,PLASTICO PARA ARTIGOS DO LAR E CORTINADO
0311,ENTRETELA
0313,LACO DE FITA
0732,ONIBUS URBANO
0732,ONIBUS INTERMUNICIPAL
0732,ONIBUS INTERESTADUAL
0732,"TRANSPORTE ALTERNATIVO (VAN, KOMBI, LOTADA, ETC.)"
0732,VAN
0732,KOMBI
0732,LOTADA
0732,CAMINHAO
0732,CAMIONETE
0732,CARONA EM AUTOMOVEL
0732,CARONA EM MOTO
0732,TAXI
0732,AUTOMOVEL DE ALUGUEL (TAXI)
0732,MOTO-TAXI
0732,TAXI-MOTO
0731,METRO
0731,TREM
0734,"TRANSPORTE AQUAVIARIO (BARCA, BALSA, NAVIO, ETC.)"
0734,BARCA
0734,BARCO
0734,BALSA
0734,FERRY-BOAT
0734,CATRAIA
0735,INTEGRACAO TREM-METRO
0735,INTEGRACAO TREM-ONIBUS
0735,INTEGRACAO METRO-ONIBUS
0731,VLT
0736,ELEVADOR
1390,"BANHEIRO PUBLICO EM RODOVIARIA, AEROPORTO, ESTACAO FERROVIARIA, ETC."
0735,INTEGRACAO BARCA-ONIBUS
0732,UBER
0732,CABIFY
0722,GASOLINA COMUM (COMBUSTIVEL DE VEICULO)
0722,GASOLINA ADITIVADA (COMBUSTIVEL DE VEICULO)
0722,GASOLINA ESPECIAL (COMBUSTIVEL DE VEICULO)
0722,ALCOOL (COMBUSTIVEL DE VEICULO)
0723,LAVAGEM (SEM LUBRIFICACAO)
0723,LAVA-JATO
0723,CONSERTO OU OUTROS SERVICOS DE BICICLETA (PECA+MAO-DE-OBRA)
0723,CONSERTO OU OUTROS SERVICOS DE BICICLETA (MAO-DE-OBRA)
0721,PECA OU ACESSORIOS DE BICICLETA
0721,PNEU DE BICICLETA
0721,EIXO DE BICICLETA
0721,CABO DE FREIO DE BICICLETA
0721,BORRACHA DE FREIO DE BICICLETA
0721,ARO DE BICICLETA
0721,CAMARA DE BICICLETA
0721,BOMBA PARA ENCHER PNEU DE BICICLETA
0723,CONSERTO DE VEICULO (PECA+MAO-DE-OBRA)
0723,REVISAO DE VEICULO (PECA+MAO-DE-OBRA)
0723,CONSERTO DE VEICULO (MAO-DE-OBRA)
0723,CONSERTO DE VIDRO DE VEICULO (MAO-DE-OBRA)
0723,REPARO DE ARRANHOES DE PINTURA DE VEICULO (MAO-DE-OBRA)
0723,MANUTENCAO DE VEICULO (MAO-DE-OBRA)
0723,PINTURA DE VEICULO
0723,ALINHAMENTO DE RODAS
0723,GEOMETRIA DE RODAS
0723,LUBRIFICACAO (COM OU SEM LAVAGEM)
0723,LUBRIFICACAO COM LAVAGEM
0723,REBOQUE
0723,GUINCHO (REBOQUE)
0721,PECA ELETRICA OU MECANICA DE VEICULO
0721,PECA ELETRICA DE VEICULO
0721,PECA MECANICA DE VEICULO
0721,CAMARA OU PNEU DE VEICULO
0721,CAMARA DE VEICULO
0721,PNEU DE VEICULO
0721,PNEU DE MOTOCICLETA
0721,FAROL DE VEICULO
0721,ARO DE FAROL
0721,RETROVISOR
0721,BATERIA DE VEICULO
0721,BATERIA DE AUTOMOVEL
0721,BATERIA DE MOTOCICLETA
0721,MOTOR DE VEICULO
0721,MOTOR DE MOTOCICLETA
0721,MOTOR DE LANCHA
0721,AR CONDICIONADO DE VEICULO
0814,"RADIO, CD, DVD, MP3, ETC. DE VEICULO"
0721,CAPACETE DE MOTOQUEIRO
0721,VISEIRA DE CAPACETE DE MOTOQUEIRO
0722,OLEO LUBRIFICANTE (COMPLEMENTACAO OU TROCA)
0722,COMPLEMENTACAO DE OLEO LUBRIFICANTE
0722,TROCA DE OLEO LUBRIFICANTE
0722,ADITIVOS
0722,AGUA DESTILADA DA BATERIA DE VEICULO
0723,BALANCEAMENTO DE RODAS
0723,CARGA DE BATERIA DE VEICULO
0723,RECARGA DE BATERIA DE VEICULO
0723,CONVERSAO DE MOTOR PARA GAS
0723,INSTALACAO DE SOM DE VEICULO
0723,TRANSPORTE DE VEICULOS
0721,GPS VEICULAR
0721,TAPETE DE VEICULO
0721,ALARME OU TRANCA
0721,ALARME
0721,PARA-CHOQUE
0722,FLUIDO DE FREIO
0722,OLEO DE FREIO
0721,ESTOFAMENTO
0721,SHAMPOO DE VEICULO
0721,CADEIRINHA INFANTIL PARA AUTOMOVEL
0721,LIMPA-PARA-BRISA
0721,POLIDOR DE VEICULO
0721,TINTA DE PINTURA DE VEICULO
0721,INSULFILM DE VEICULO
0721,PELICULA PARA VEICULO
0721,MASSA DE LANTERNAGEM DE VEICULO
0721,PASTILHA DE FREIO
0721,AMORTECEDOR DE VEICULO
0721,BUZINA
0721,ACESSORIO DE VEICULO NAO ESPECIFICADO
0721,PECA OU ACESSORIO NAO ESPECIFICADO
0721,VIDRO DE VEICULO
0721,BANCO DE VEICULO
0721,ESPELHO DE VEICULO
0721,PAINEL DE VEICULO
0721,VOLANTE DE VEICULO
0721,CAPA DE VOLANTE
0721,CAPA DE BANCO PARA VEICULO
0721,CAPA PARA COBRIR VEICULO
0723,MONTAGEM DE VEICULO
0721,ADAPTADOR PARA NANISMO
0721,ACESSORIO DE LANTERNAGEM
0721,BAULETO PARA MOTOCICLETA
0721,ENGATE PARA REBOQUE DE VEICULO
0721,TAMPA DE PORTA MALAS
0721,TAMPA NAO ESPECIFICADA DE VEICULO
0721,PROTETOR DE SOL PARA JANELA
0721,CERA AUTOMOTIVA
0721,GRAXA DE VEICULO
0721,GAS PARA AR CONDICIONADO DE VEICULO
0721,DESCARBONIZANTE SPRAY
0721,MACACO HIDRAULICO
0721,MASSA DE POLIMENTO
0721,KIT GAS GNV
0711,AUTOMOVEL DE PASSEIO NACIONAL
0711,AUTOMOVEL UTILITARIO NACIONAL
0711,AUTOMOVEL DE PASSEIO IMPORTADO
0711,AUTOMOVEL UTILITARIO IMPORTADO
0712,MOTOCICLETA
0713,BICICLETA
0714,VEICULO DE TRACAO ANIMAL
0714,ANIMAL DE TRACAO
0912,BARCO
0912,LANCHA
0912,JET SKI
0712,MOBILETE
0711,CAMINHAO
0912,CANOA
0912,CAIQUE
0713,TRICICLO
0712,BICICLETA ELETRICA
0713,QUADRICICLO
0732,ONIBUS INTERNACIONAL
0734,NAVIO
0733,AVIAO (VIAGEM NACIONAL)
0733,AVIAO (VIAGEM INTERNACIONAL)
0724,ALUGUEL DE VEICULO SEM CONDUTOR
0722,COMBUSTIVEL DE VEICULO
0724,PEDAGIO
0980,EXCURSAO (EXCETO ESCOLAR)
0980,"PACOTE TURISTICO NACIONAL (TRANSPORTE, HOSPEDAGEM, ALIMENTACAO E DIVERSAO)"
0980,"PACOTE TURISTICO NACIONAL (TRANSPORTE, HOSPEDAGEM E ALIMENTACAO)"
0980,"PACOTE TURISTICO NACIONAL (TRANSPORTE, HOSPEDAGEM E DIVERSAO)"
0980,PACOTE TURISTICO NACIONAL (TRANSPORTE E HOSPEDAGEM)
0980,"PACOTE TURISTICO NACIONAL (HOSPEDAGEM, ALIMENTACAO E DIVERSAO)"
0980,PACOTE TURISTICO NACIONAL (HOSPEDAGEM E ALIMENTACAO)
0980,PACOTE TURISTICO NACIONAL (HOSPEDAGEM E DIVERSAO)
0980,"PACOTE TURISTICO INTERNACIONAL (TRANSPORTE, HOSPEDAGEM, ALIMENTACAO E DIVERSAO)"
0980,"PACOTE TURISTICO INTERNACIONAL (TRANSPORTE, HOSPEDAGEM E ALIMENTACAO)"
0980,"PACOTE TURISTICO INTERNACIONAL (TRANSPORTE, HOSPEDAGEM E DIVERSAO)"
0980,PACOTE TURISTICO INTERNACIONAL (TRANSPORTE E HOSPEDAGEM)
0980,"PACOTE TURISTICO INTERNACIONAL (HOSPEDAGEM, ALIMENTACAO E DIVERSAO)"
0980,PACOTE TURISTICO INTERNACIONAL (HOSPEDAGEM E ALIMENTACAO)
0980,PACOTE TURISTICO INTERNACIONAL (HOSPEDAGEM E DIVERSAO)
0980,PACOTE TURISTICO NACIONAL
0980,PACOTE TURISTICO INTERNACIONAL
1120,DESPESAS OPCIONAIS COM AGENCIAS DE VIAGEM
0724,ESTACIONAMENTO
0736,DESPACHO DE BAGAGEM
0733,AVIAO
0722,OLEO DIESEL (COMBUSTIVEL DE VEICULO)
0722,GAS VEICULAR
0724,FLANELINHA
0722,QUEROSENE (COMBUSTIVEL DE VEICULO)
1214,SEGURO OBRIGATORIO DE VEICULO
1214,SEGURO VOLUNTARIO DE VEICULO
0724,TRANSFERENCIA DE CONSORCIO DE VEICULO
1214,ASSISTENCIA AUTOMOBILISTICA (MENSALIDADE OU TAXA)
1214,SERVICO DE SEGURANCA VIA SATELITE
0724,VAGA CATIVA DE ESTACIONAMENTO DE VEICULO
0724,VAGA DE ESTACIONAMENTO DE VEICULO
1312,PERFUME
1312,LAVANDA
1312,COLONIA
1312,AGUA DE COLONIA
1312,"SHAMPOO, CONDICIONADOR, CREME, GEL, TINTA, ETC. PARA CABELO"
1312,SHAMPOO
1312,XAMPU
1312,CONDICIONADOR PARA CABELO
1312,CREME PARA CABELO
1312,GEL FIXADOR PARA CABELO
1312,TINTA PARA CABELO
1312,SHAMPOO E CONDICIONADOR
1312,LOCAO PARA CABELO
1312,RESTAURADOR CAPILAR
1312,CREME DEFINIDOR DE CACHOS
1312,CREME HIDRATANTE PARA CABELO
1312,HIDRATANTE PARA CABELO
1312,RECONDICIONADOR PARA CABELO
1312,REPARADOR DE PONTAS
1312,OLEO CAPILAR
1312,ALISANTE DE CABELO
1312,CHAPINHA DE ALISAR CABELOS
1312,FIXADOR DE CABELO
1312,AGUA OXIGENADA PARA CABELO
1312,DESCOLORANTE PARA CABELO
1312,SABONETE
1312,SABONETE LIQUIDO
1312,SABONETE EM GEL
1312,SABONETE INTIMO
0540,"PRODUTOS PARA BEBE (CHUPETA, MAMADEIRA, ETC.)"
0540,MAMADEIRA
0540,BICO
0540,CHUCA
0540,MORDEDOR DE BEBE
1312,DESODORANTE
1312,DESODORANTE ANTITRANSPIRANTE
1312,DESODORANTE ANTISSEPTICO
1312,CREME ANTI-TRANSPIRANTE
1312,COTONETE
1312,TALCO
1312,PRODUTOS PARA HIDRATACAO OU LIMPEZA DE PELE
1312,CREME HIDRATANTE PARA PELE
1312,HIDRATANTE (CREME)
1312,CREME PARA MAOS
1312,CREME PARA OS PES
1312,CREME PARA O ROSTO
1312,CREME PARA AXILAS
1312,CREME ANTI-RUGAS
1312,LOCAO HIDRATANTE PARA PELE
1312,OLEO HIDRATANTE PARA PELE
1312,OLEO DE AMENDOA
1312,OLEO DE MASSAGEM
1312,LEITE DE ROSAS
1312,LEITE DE COLONIA
1312,MASCARA DE BELEZA
1312,PROTETOR LABIAL
1312,SABONETE DE LIMPEZA DE PELE
1312,SABONETE LIQUIDO DE LIMPEZA DE PELE
1312,ESFOLIANTE PARA O CORPO E PARA O ROSTO
1312,PROTETOR SOLAR OU BRONZEADOR
1312,PROTETOR SOLAR
1312,BRONZEADOR
1312,FILTRO SOLAR
1312,"PRODUTOS PARA BARBA (LAMINA, CREME, PINCEL, ETC.)"
1312,LAMINA DE BARBEAR
1312,CREME DE BARBEAR
1312,GEL PARA BARBA
1312,ESPUMA DE BARBEAR
1312,GILETE PARA BARBA
1312,PRESTOBARBA
1312,APARELHO DE BARBEAR DESCARTAVEL
1312,APARELHO DE BARBA DESCARTAVEL
1312,ESTOJO DE BARBEAR
1312,BARBEADOR DESCARTAVEL
1312,CARGA DE LAMINA DE BARBEAR
1312,APARELHO DE BARBEAR NAO ELETRICO DESCARTAVEL
1312,REFIL PARA APARELHO DE BARBEAR DESCARTAVEL
1312,APARELHO DE BARBEAR NAO-DESCARTAVEL
1312,CARTUCHO DE APARELHO DE BARBEAR
1312,BARBEADOR DE LAMINA
1312,LOCAO APOS BARBA
1312,PENTE OU ESCOVA PARA CABELO
1312,PENTE
1312,ESCOVA PARA CABELO
1312,"GRAMPO, PRENDEDOR DE CABELO, ETC."
1312,GRAMPO
1312,PRENDEDOR PARA CABELO
1312,PREGADOR PARA CABELO
1312,TOUCA PARA CABELO
1312,TIARA
1312,ESCOVA DE DENTE
1312,ESCOVA DENTAL
1312,PASTA DE DENTE
1312,CREME DENTAL
1312,PASTA DENTAL
1312,GEL DENTAL
1312,"ESMALTE, BASE, ACETONA, ETC."
1312,ESMALTE
1312,BASE
1312,ACETONA
1312,SERRINHA DE UNHA
1312,PAU DE LARANJEIRA
1312,REMOVEDOR DE CUTICULA
1312,LIXA
1312,LIXA DE PE
1312,RALADOR DE PE
1312,"ALICATE, CORTADOR DE UNHA, ETC."
1312,ALICATE DE UNHA
1312,CORTADOR DE UNHA
1312,PINCA
1312,"ARTIGOS DE MAQUIAGEM (BATOM, LAPIS PARA OLHOS, ETC.)"
1312,BATOM
1312,LAPIS PARA OLHOS
1312,PO COMPACTO
1312,PO DE ARROZ
1312,DELINEADOR
1312,UNHA POSTICA
1312,REMOVEDOR DE MAQUIAGEM
1312,FRALDA DESCARTAVEL INFANTIL
1312,ABSORVENTE FEMININO
1312,COLETOR MENSTRUAL
1312,LENCO DE PAPEL
1312,LENCO DE BEBE UMEDECIDO
1312,LENCO UMEDECIDO DE BEBE
1312,LENCO DESCARTAVEL
1312,FIO DENTAL
1312,FITA DENTAL
1312,"PRODUTO DE BANHO (ESPONJA, SAIS, ETC.)"
1312,ESPONJA DE BANHO
1312,BUCHA DE BANHO
1312,ESCOVA DE BANHO
1312,BUCHA VEGETAL
1312,ANTI-SEPTICO BUCAL
1312,DESODORANTE BUCAL
1312,DESODORANTE ESPECIAL PARA OS PES
1312,CERA DEPILATORIA
1312,CREME DEPILATORIO
1312,PAPEL PARA DEPILACAO
1312,ESPELHO DE BOLSO
1312,PORTA-MAQUIAGEM
1312,PERUCA
1312,"ESTOJO (TALCO, SABONETE, PERFUME, ETC.)"
1312,"ESTOJO (ESPELHO, ESCOVA, PENTE)"
1312,KIT DE COSMETICOS
1312,KIT DENTAL
1312,AGREGADO
1329,OCULOS SEM GRAU
1329,OCULOS DE SOL SEM GRAU
1329,LENTE DE CONTATO COLORIDA
1329,LEQUE (USO PESSOAL)
1329,PRENDEDOR DE CHUPETA
0814,FONE DE OUVIDO
0814,HEADFONE
0540,SQUEEZE
0540,CANTIL
1312,PAPEL HIGIENICO
0611,PARA DOR E FEBRE (ANALGESICO E ANTITERMICO)
0611,ANALGESICO E ANTITERMICO
0611,ANALGESICO
0611,ANTITERMICO
0611,PARA ENXAQUECA
0611,PARA TOSSE E RESFRIADO (ANTIGRIPAL E ANTITUSSIGENO)
0611,ANTIGRIPAL E ANTITUSSIGENO
0611,ANTIGRIPAL
0611,ANTITUSSIGENO
0611,ANTIGRIPAL HOMEOPATICO
0611,EXPECTORANTE (XAROPE)
0611,MEL MEDICINAL (QUALQUER TIPO)
0611,PARA PRESSAO ALTA (ANTI-HIPERTENSIVO)
0611,VASODILATADOR/PRESSAO ARTERIAL
0611,PARA PRESSAO ARTERIAL
0611,PARA DIABETE
0611,PARA REDUCAO DE COLESTEROL OU TRIGLICERIDEOS
0611,PARA COLESTEROL
0611,REDUTOR DE COLESTEROL
0611,PARA TRIGLICERIDEOS
0611,REDUTOR DE TRIGLICERIDEOS
0611,PARA ESTRESSE (CALMANTE)
0611,PARA ESTRESSE
0611,CALMANTE
0611,ANSIOLITICO
0611,CALMANTE NATURAL
0611,SONIFERO
0611,PARA PROBLEMA CARDIACO OU CIRCULATORIO
0611,PARA INSUFICIENCIA CARDIOVASCULAR
0611,PARA O CORACAO (INSUFICIENCIA CARDIOVASCULAR)
0611,PARA REUMATISMO (ANTI-REUMATICO)
0611,ANTI-REUMATICO
0611,PARA FIBROMIALGIA
0611,PARA INFECCAO
0611,ANTI-INFECCIOSO
0611,ANTIBIOTICO
0611,ANTIBACTERIANO
0611,ANTIVIROTICO
0611,PARA HERPES
0611,PARA ALERGIA (ANTIALERGICO)
0611,ANTIALERGICO HOMEOPATICO
0611,CREME ANTIALERGICO
0611,REMEDIO ANTIALERGICO
0611,PARA AZIA (ANTIACIDO)
0611,ANTI-REFLUXIVO GASTRICO
0611,PARA REFLUXO GASTRICO
0611,ANTIACIDO
0611,PARA DEPRESSAO (ANTIDEPRESSIVO)
0611,ANTIDEPRESSIVO
0611,PARA O SISTEMA NERVOSO
0611,ANTIEPILEPTICO
0611,ANTICONVULSIVO
0611,PARA CONVULSAO
0611,PARA EPILEPSIA
0611,ANTIPSICOTICO
0611,PARA ALZHEIMER
0611,PARA DERRAME CEREBRAL
0611,ANTIPARKSONIANO
0611,PARA O MAL DE PARKINSON
0611,REMEDIO NEUROLOGICO
0611,PARA MEMORIA
0611,PARA TONTURA
0611,PARA VERTIGEM
0611,PARA PSICOSE
0611,PARA ESQUIZOFRENIA
0611,PARA TRANSTORNO DEFICIT ATENCAO
0611,PARA TRANSTORNO BIPOLAR
0611,PARA PROBLEMAS NO CEREBRO
0611,PARA TIREOIDE
0611,ANTITIREOIDISMO
0611,PARA PROBLEMA GINECOLOGICO
0611,CREME VAGINAL
0611,REMEDIO GINECOLOGICO
0611,POMADA VAGINAL
0611,ANTIABORTIVO
0611,PARA VERMES (VERMIFUGO)
0611,PARA VERMES
0611,VERMIFUGO
0611,PARA PRISAO DE VENTRE (LAXANTE)
0611,LAXANTE E PURGATIVO
0611,LAXANTE
0611,PURGATIVO
0611,OLEO (LAXATIVO)
0611,PARA DIARREIA
0611,PARA PROBLEMAS DE PELE
0611,REMEDIO DERMATOLOGICO
0611,CREME DERMATOLOGICO
0611,OLEO DERMATOLOGICO
0611,LOCAO DERMATOLOGICA
0611,ANTIFUNGICO
0611,ANTIMICOTICO
0611,CREME ANTIMICOTICO
0611,PARA MICOSE (DERMATOLOGICO)
0611,CREME PARA QUEIMADURAS
0611,CREME CICATRIZANTE
0611,PARA LUPUS
0611,VASELINA
0611,OLEO PARA ASSADURA
0611,PARA ASSADURA
0611,CREME PARA ASSADURA
0611,"PARA PROBLEMA DE BOCA, OUVIDO, NARIZ OU GARGANTA"
0611,REMEDIOS OTOLOGICOS
0611,PASTILHA PARA GARGANTA
0611,PARA SINUSITE
0611,PARA LABIRINTITE
0611,PARA INFECCOES DA BOCA E GARGANTA
0611,PARA AFTA
0611,DESCONGESTIONANTE NASAL
0611,DESCONGESTIONANTE NASAL HOMEOPATICO
0611,PARA ENJOO E VOMITO (ANTIEMETICO)
0611,PARA ENJOO
0611,PARA VOMITO
0611,PARA PROBLEMA DE ESTOMAGO
0611,REMEDIO DIGESTIVO
0611,PARA GASTRITE
0611,PARA ESTOMAGO
0611,PARA PROBLEMA OCULAR (OFTALMOLOGICO)
0611,COLIRIOS
0611,SOLUCAO OFTALMICA (PARA A VISTA)
0611,ANTICONCEPCIONAL
0611,HORMONIO
0611,PARA MENOPAUSA
0611,VITAMINA
0611,VITAMINA B12
0611,VITAMINA COMPLEXO B
0611,COMPLEXO VITAMINICO
0611,VITAMINA C
0611,VITAMINA D
0611,PARA ASMA E BRONQUITE
0611,PARA ASMA
0611,PARA BRONQUITE
0611,PARA NEBULIZACAO
0611,BRONCODILATADORES
0611,PARA PROBLEMAS RESPIRATORIOS
0611,PARA PNEUMONIA
0611,PARA ANEMIA
0611,ANTIANEMICO
0611,PARA OS OSSOS E ARTICULACOES
0611,PARA OSTEOPOROSE
0611,ANTIOSTEOPOROSE
0611,CALCIO PARA OSTEOPOROSE
0611,CALCIO (CALCIFICANTE OSSEO)
0611,PARA OS OSSOS
0611,PARA AS ARTICULACOES
0611,MODERADOR DE APETITE
0611,CONTROLADOR DE APETITE
0611,EMAGRECEDOR
0611,PARA EMAGRECER
0611,"PARA O FIGADO, PANCREAS E VIAS BILIARES"
0611,PARA O FIGADO (HEPATICO)
0611,HEPATICO (PARA O FIGADO)
0611,PARA HEPATITE
0611,PARA O PANCREAS
0611,PARA VESICULA
0611,PARA OS RINS
0611,RENAL (PARA OS RINS)
0611,DIURETICO
0611,PARA GASES E COLICA
0611,ANTIESPASMODICO
0611,ANTICOLICA
0611,FORTIFICANTE E ESTIMULANTE DO APETITE
0611,FORTIFICANTE
0611,OLEO FORTIFICANTE
0611,ESTIMULANTE DO APETITE
0611,COMPLEMENTO ALIMENTAR
0611,AMINOACIDO
0611,ESTIMULANTE SEXUAL
0611,PARA VARIZES
0611,REMEDIO PARA VARIZES
0611,PARA HEMORROIDAS
0611,PARA AIDS
0611,TRATAMENTO DE AIDS
0611,COMBATE AO ALCOOLISMO E TABAGISMO
0611,ADESIVOS ANTITABAGISMO
0611,ANTITABAGISMO
0611,PARA TRATAMENTO DO ALCOOLISMO
0611,PARA DOENCAS INFECCIOSAS E ENDEMICAS
0611,PARA DOENCA DE CHAGAS
0611,PARA MALARIA
0611,PARA O PULMAO
0611,PARA TUBERCULOSE
0611,ANTI-HANSENIASE
0611,PARA PROBLEMAS DE COAGULACAO
0611,ANTICOAGULANTE
0611,COAGULANTE
0611,ANTI-HEMORRAGICO
0611,PARA PROBLEMAS MUSCULARES
0611,ANESTESICO
0611,PARA COLUNA
0611,PARA DORES MUSCULARES
0611,RELAXANTE MUSCULAR
0611,PARA CONTUSAO (ANALGESICO)
0611,"PARA SARNA, PIOLHO, ETC."
0611,PARA SARNA
0611,PARA PIOLHO
0611,PARA PROSTATA E VIAS URINARIAS
0611,PARA PROSTATA
0611,PARA VIAS URINARIAS
0611,PARA FIMOSE
0611,PARA CANCER
0611,ANTINEOPLASICO (TRATAMENTO DE CANCER)
0611,SEDATIVO (MORFINA)
0611,QUIMIOTERAPICO
0611,PARA QUIMIOTERAPIA
0611,VACINAS
0611,VACINA ANTITETANICA
0611,VACINA DE HEPATITE B
0611,VACINA ANTIPOLIO
0611,VACINA TRIPLICE
0611,VACINA PARA GRIPE
0611,MEDICAMENTO PARA GENGIVA DE BEBE
0611,SUPOSITORIO
0611,ADESIVOS
0611,DEPURATIVO SANGUINEO
0611,DEPURADOR SANGUINEO
0611,DEPURADOR DE SANGUE
0611,DEPURATIVO DE SANGUE
0611,REMEDIO ORTOMOLECULAR
0611,PARA INFLAMACAO
0611,ANTI-INFLAMATORIO
0611,POMADA NAO ESPECIFICADA
0611,PARA ARTROSE
0611,PARA ARTRITE
0611,OMEGA TRES
0611,COLAGENO
0611,PARA IMUNIDADE
0611,MEDICAMENTOS IMUNOSSUPRESSORES
0611,PARA ACIDO URICO
0611,PARA PROBLEMAS NO INTESTINO
0611,MEDICAMENTO NAO ESPECIFICADO
0611,SUPLEMENTO ALIMENTAR
0611,PARA AUTISMO
0611,PARA ESCLEROSE MULTIPLA
0611,PARA TRATAMENTO PARA FERTILIDADE
0611,PARA INTOLERANCIA A LACTOSE
0611,DST
0611,PARA ESTIMULAR O ALEITAMENTO
0611,AGREGADO
1212,PLANO DE ASSISTENCIA MEDICA (EMPRESA)
1212,PLANO SEGURO SAUDE (EMPRESA)
1212,PLANO DE ASSISTENCIA MEDICA (INDIVIDUAL)
1212,PLANO SEGURO SAUDE (INDIVIDUAL)
1212,PLANO EXCLUSIVAMENTE ODONTOLOGICO (EMPRESA)
1212,PLANO ODONTOLOGICO (EMPRESA)
1212,PLANO DE ASSISTENCIA ODONTOLOGICA (EMPRESA)
1212,PLANO EXCLUSIVAMENTE ODONTOLOGICO (INDIVIDUAL)
1212,PLANO ODONTOLOGICO (INDIVIDUAL)
1212,PLANO DE ASSISTENCIA ODONTOLOGICA (INDIVIDUAL)
1212,MENSALIDADE DE CLINICA
0622,CONSULTA E TRATAMENTO DENTARIO
0622,CONSULTA DENTARIA
0622,CONSULTA COM DENTISTA
0622,TRATAMENTO DENTARIO
0622,TRATAMENTO DE CANAL DENTARIO
0622,OBTURACAO DENTARIA
0622,EXTRACAO DENTARIA
0622,IMPLANTE DE DENTE
0622,MANUTENCAO DE APARELHO ORTODONTICO
0622,"PROTESE E APARELHO DENTARIO (PIVO, DENTADURA, ETC.)"
0622,DENTADURA
0622,APARELHO ORTODONTICO
0623,CONSULTA MEDICA COM CLINICO GERAL
0623,CONSULTA MEDICA GERAL
0623,CONSULTA MEDICA COM PEDIATRA
0623,CONSULTA MEDICA COM NEUROPEDIATRA
0623,CONSULTA MEDICA COM CARDIOLOGISTA
0623,CONSULTA MEDICA COM GINECOLOGISTA
0621,CONSULTA MEDICA COM OBSTETRA
0621,EXAME PRE-NATAL
0621,EXAME GINECOLOGICO
0623,CONSULTA MEDICA COM ORTOPEDISTA
0623,CONSULTA MEDICA COM OFTALMOLOGISTA
0621,EXAME OFTALMOLOGICO
0623,CONSULTA MEDICA COM NEUROLOGISTA
0623,CONSULTA MEDICA COM DERMATOLOGISTA
0623,CONSULTA MEDICA COM GASTROENTEROLOGISTA
0623,CONSULTA MEDICA COM GERIATRA
0623,CONSULTA MEDICA COM ONCOLOGISTA
0623,CONSULTA MEDICA COM NEFROLOGISTA (RENAIS)
0623,CONSULTA MEDICA COM ALERGISTA
0623,CONSULTA MEDICA COM PSIQUIATRA
0623,CONSULTA MEDICA COM HOMEOPATA
0623,CONSULTA MEDICA COM OTOLOGISTA
0623,CONSULTA MEDICA COM OTORRINOLARINGOLOGISTA
0623,EXAME DE VIDEOLARINGOSCOPIA
0623,CONSULTA MEDICA COM PNEUMOLOGISTA
0623,CONSULTA MEDICA COM REUMATOLOGISTA
0623,CONSULTA MEDICA COM ENDOCRINOLOGISTA
0623,CONSULTA MEDICA COM PROTOLOGISTA
0623,CONSULTA MEDICA COM PROCTOLOGISTA
0623,CONSULTA MEDICA COM UROLOGISTA
0623,EXAME DE PROSTATA
0623,CONSULTA MEDICA ANGIOLOGISTA
0623,CONSULTA MEDICA COM CIRURGIAO PLASTICO
0623,CONSULTA MEDICA COM HEMATOLOGISTA
0623,CONSULTA MEDICA COM MASTOLOGISTA
0623,CONSULTA MEDICA COM INFECTOLOGISTA
0623,CONSULTA MEDICA COM MEDICO DO TRABALHO
0623,CONSULTA COM CIRURGIAO
0623,CONSULTA COM CIRURGIAO GERAL
0623,CONSULTA COM NUTROLOGO
0623,CONSULTA MEDICA COM HEPATOLOGISTA
0623,CONSULTA COM MEDICO ORTOMOLECULAR
0623,CONSULTA COM TERAPEUTA OCUPACIONAL
0623,CONSULTA MEDICA COM GENETICISTA
0623,CONSULTA MEDICA COM IMUNOLOGISTA
0623,CONSULTA MEDICA COM PATOLOGISTA
0623,CONSULTA E TRATAMENTO COM PSICOLOGO
0623,CONSULTA COM PSICOLOGO
0623,TRATAMENTO COM PSICOLOGO
0623,CONSULTA E TRATAMENTO COM FISIOTERAPEUTA
0623,CONSULTA COM FISIOTERAPEUTA
0623,TRATAMENTO COM FISIOTERAPEUTA
0623,CONSULTA E TRATAMENTO COM NUTRICIONISTA
0623,CONSULTA COM NUTRICIONISTA
0623,TRATAMENTO COM NUTRICIONSTA
0623,CONSULTA E TRATAMENTO COM FONOAUDIOLOGO
0623,CONSULTA COM FONOAUDIOLOGO
0623,TRATAMENTO COM FONOAUDIOLOGO
0623,ATENDIMENTO EM PRONTO-SOCORRO/PRONTO-ATENDIMENTO
0612,CURATIVO
0623,TRATAMENTO AMBULATORIAL
0621,VACINACAO
0623,SERVICO DE HEMOTERAPIA (TRANSFUSAO)
0623,QUIMIOTERAPIA
0623,TRATAMENTO QUIMIOTERAPICO
0623,HEMODIALISE
0623,HIDROTERAPIA
0623,ACUPUNTURA
0623,PODOLOGO
0623,SERVICOS DE ENFERMAGEM
0623,TRATAMENTO PARA FERTILIZACAO
0623,"SERVICOS DE CIRURGIA, ANESTESIA E PARTO"
0623,CIRURGIA
0623,ANESTESIA
0623,OBSTETRICIA
0623,PROCEDIMENTO CIRURGICO
0623,INSTRUMENTADOR CIRURGICO
0623,RAIO LASER (APLICACAO)
0623,APLICACAO DE RAIO LASER
0631,HOSPITALIZACAO
0631,INTERNACAO EM MATERNIDADE
0631,INTERNACAO EM HOSPITAL
0641,"EXAME DE LABORATORIO (SANGUE, FEZES, URINA, ETC.)"
0641,EXAME DE SANGUE
0641,EXAME DE FEZES
0641,EXAME DE URINA
0641,EXAME DE BACILO
0641,ESPERMOGRAMA
0641,BIOPSIA
0641,RADIOGRAFIA
0641,EXAME RADIOLOGICO
0641,TOMOGRAFIA
0641,ULTRASSONOGRAFIA
0641,DOPPLER
0641,ENDOSCOPIA
0641,COLONOSCOPIA
0641,CITOSCOPIA
0641,RESSONANCIA MAGNETICA
0641,ELETROCARDIOGRAMA
0641,EXAME AUDIOMETRICO
0641,EXAME ERGOMETRICO
0641,EXAME DE CATETERISMO
0641,ELETROENCEFALOGRAMA
0641,ECOCARDIOGRAMA
0641,ECOCARDIOGRAFIA
0641,CARDIOTOCOGRAFIA
0641,ECOGRAFIA
0621,MAMOGRAFIA
0641,DENSITOMETRIA OSSEA
0641,EXAME DE PRESSAO ARTERIAL
0641,CINTILOGRAFIA OSSEA
0641,CINTILOGRAFIA
0621,EXAME PREVENTIVO DE CANCER
0641,ELETRONEUROMIOGRAFIA
0641,EXAME DO APARELHO RESPIRATORIO
0641,HOLTER
0641,MAPA
0612,"ANTI-SEPTICO (MERCURIO CROMO, MERTHIOLATHE, ETC.)"
0612,MERTHIOLATHE
0612,"DESINFETANTE TOPICO (AGUA OXIGENADA, ALCOOL IODADO, ETC.)"
0612,AGUA OXIGENADA
0612,ALCOOL (PARA DESINFECCAO)
0612,AGUA DESTILADA
0612,AGUA BORICADA
0612,"MATERIAL PARA CURATIVO (ALGODAO, ESPARADRAPO, ETC.)"
0612,ALGODAO
0612,ESPARADRAPO
0612,GAZE
0612,ATADURA
0612,FITA ADESIVA PARA CURATIVO
0612,LUVA CIRURGICA
0612,"MATERIAL PARA AUTODIAGNOSTICO (TERMOMETRO, TESTE DE GRAVIDEZ, ETC.)"
0612,TERMOMETRO
0612,TESTE DE GRAVIDEZ
0641,UTENSILIO PARA COLETAR FEZES E URINA
0641,RECIPIENTE PARA COLETAR FEZES E URINA
0612,FITA PARA MEDICAO DE GLICOSE
0612,APARELHO DE MEDIDOR DE GLICOSE
0612,APARELHO PARA MEDIR PRESSAO
0612,"MATERIAL PARA APOIO TERAPEUTICO (SONDA, BOMBA PARA INALACAO, ETC.)"
0612,SONDA (QUALQUER TIPO)
0612,BOLSA TERMICA PARA COMPRESSA
0612,BOMBA PARA INALACAO
0612,BOMBA PARA HIGIENE NASAL
0612,EQUIPAMENTO DE MASSAGEM
0612,"MATERIAL DE INJECAO (AGULHA, SERINGA, ETC.)"
0612,AGULHA DE INJECAO
0612,SERINGA DE INJECAO
1312,SHAMPOO E SABONETE MEDICINAL
1312,SHAMPOO MEDICINAL
1312,SABONETE MEDICINAL
1312,REMEDIO PARA CABELOS (SHAMPOO E OUTROS)
1312,"REMEDIO PARA QUEDA DE CABELOS (SHAMPOO, CREME E OUTROS)"
1312,SHAMPOO ANTI-CASPA
1312,CREME DENTAL MEDICINAL
0613,MATERIAL PARA HIGIENE DE LENTE DE CONTATO
0613,SOLUCAO PARA LENTE DE CONTATO
0613,SORO FISIOLOGICO PARA LENTE DE CONTATO
0613,LUBRIFICANTE PARA LENTE DE CONTATO
0613,LIQUIDO PARA LENTE DE CONTATO
1312,PRODUTOS PARA MASSAGEM E ESTETICA
1312,OLEO PARA MASSAGEM
1312,GEL REDUTOR DE GORDURA
1312,REDUTOR DE GORDURA (GEL)
1312,GEL MASSAGEADOR
1312,MANTEIGA DE CACAU
1312,BALA DE GENGIBRE
0611,FIXADOR DE DENTADURA
0611,SOLUCOES HIDRATANTES
0611,"REPOSITOR ELETROLITICO (CLORETO DE POTASSIO, SODIO, ETC.)"
0611,SORO FISIOLOGICO HIDRATANTE
0612,BOLSA DE COLOSTOMIA
0613,FRALDA GERIATRICA
0613,ABSORVENTE GERIATRICO
0613,OCULOS DE GRAU (ARMACAO E LENTE)
0613,ARMACAO DE OCULOS DE GRAU
0613,LENTE DE OCULOS DE GRAU
0613,"ARTIGO ORTOPEDICO (SAPATO, MULETA, CADEIRA DE RODAS, ETC.)"
0613,SAPATO ORTOPEDICO
0613,CADEIRA DE RODAS
0613,BOTA ORTOPEDICA
0613,PALMILHA ORTOPEDICA
0613,PROTETOR DE JOELHO
0613,CINTA TERMICA (CORRETIVA)
0613,CAMA HOSPITALAR
0613,APARELHO DE SURDEZ
0613,LENTE INTRAOCULAR
0612,MEIA ELASTICA PARA VARIZES
0613,LENTE DE CONTATO
0623,APLICACAO DE INJECAO
0612,PRESERVATIVO E LUBRIFICANTE INTIMO
0612,PRESERVATIVO MASCULINO
0611,LUBRIFICANTE INTIMO
0612,CAMISINHA (PRESERVATIVO MASCULINO)
0612,DIU
0642,AMBULANCIA E UTI MOVEL (REMOCAO)
0642,AMBULANCIA (REMOCAO)
0614,ALUGUEL E CONSERTO DE APARELHO MEDICO
0623,TRATAMENTO MASSAGISTICO
0623,CURANDEIRO
0632,CLINICA E RESIDENCIA PARA IDOSOS
0632,CLINICA PSIQUIATRICA OU PARA DEPENDENTES QUIMICOS
0631,ACOMPANHANTE DE QUARTO HOSPITALAR
1212,PLANO DE DESCONTOS EM SERVICOS DE SAUDE
1212,CARTAO DE TODOS
1010,CURSO PRE-ESCOLAR
1010,CURSO REGULAR DO ENSINO FUNDAMENTAL OU PRIMEIRO GRAU
1010,CURSO REGULAR DE PRIMEIRO GRAU
1010,CURSO REGULAR DE 1º GRAU
1020,CURSO REGULAR DO ENSINO MEDIO OU SEGUNDO GRAU
1020,CURSO REGULAR DE SEGUNDO GRAU
1040,CURSO DE GRADUACAO TECNOLOGICA
1040,CURSO SUPERIOR-GRADUACAO OU TERCEIRO GRAU
1010,CRECHE
1010,EDUCACAO DE JOVENS E ADULTOS DO ENSINO FUNDAMENTAL
1020,EDUCACAO DE JOVENS E ADULTOS DO ENSINO MEDIO
1020,SUPLETIVO DO ENSINO MEDIO
1030,CURSO PRE-VESTIBULAR
1040,CURSO DE ESPECIALIZACAO (POS GRADUACAO)
1040,CURSO DE ESPECIALIZACAO
1040,ESPECIALIZACAO
1040,CURSO DE MESTRADO (POS GRADUACAO)
1040,CURSO DE DOUTORADO (POS GRADUACAO)
1040,CURSO DE DOUTORADO
1050,CURSO PREPARATORIO PARA CONCURSO
1050,CURSO DE INFORMATICA
1050,CURSO DE IDIOMA
1050,CURSO DE INGLES
1050,CURSO DE ESPANHOL
1050,CURSO DE FRANCES
1050,CURSO DE ITALIANO
0969,CURSO DE MUSICA
0969,AULA DE MUSICA
0969,CURSO DE DANCA
0969,AULA DE DANCA
0969,CURSO DE PINTURA
1050,CURSO TECNICO DE CABELEIREIRO
1040,CURSO TECNICO DE ENFERMAGEM
1040,CURSO TECNICO DE SECRETARIADO
1050,AULA PARTICULAR
1050,AUTO ESCOLA
0724,CURSO DE DIRECAO DE CARRO
0724,CURSO DE DIRECAO DE ONIBUS
0724,CURSO DE DIRECAO DE CAMINHAO
0946,ACADEMIA
0946,ACADEMIA DE GINASTICA
0946,ACADEMIA DE MUSCULACAO
0946,AULA DE GINASTICA
0946,AULA DE NATACAO
0946,AULA DE FUTEBOL
0969,AULA DE BALE
0969,CURSO DE BALE
0946,CURSO TECNICO DE MASSAGEM
0969,CURSO DE ARTES
1050,CURSO DE PRIMEIROS SOCORROS
1050,CURSO TECNICO DE ESTETICISTA
0946,CURSO DE BORDADO
0946,CURSO RELIGIOSO
1040,CURSO TECNICO DE MECANICA DE VEICULOS
1050,CURSO TECNICO DE DEPILACAO
1040,CURSO TECNICO DE MONTAGEM E MANUTENCAO DE COMPUTADORES
1040,CURSO TECNICO DE ELETRICISTA
1040,CURSO TECNICO DE MECANICA EM REFRIGERACAO
1050,CURSO DE PROMOTOR DE VENDAS
1050,CURSO PREPARATORIO PARA OAB
1050,CURSO PREPARATORIO PARA ESCOLA MILITAR
1050,CURSO TECNICO DE PRATICO
1050,CURSO TECNICO DE CORTE E COSTURA
1050,CURSO TECNICO DE DESENHO
1050,CURSO TECNICO DE CULINARIA
0969,CURSO DE TEATRO
1050,CURSO TECNICO DE VIGILANTE
1050,CURSO DE ARTESANATO
1050,CURSO TECNICO DE TELEMARKETING
1050,CURSO TECNICO DE MANICURE E PEDICURE
0946,AULA DE VOLEIBOL
0946,AULA DE BASQUETEBOL
0946,AULA DE TENIS
0946,AULA DE HANDEBOL
0946,AULA DE JUDO
0946,AULA DE BOXE
0946,AULA DE KARATE
0946,AULA DE HIDROGINASTICA
0946,AULA DE CAPOEIRA
0946,AULA DE IOGA
1020,CURSO A DISTANCIA (ENSINO MEDIO)
1040,EDUCACAO A DISTANCIA (SUPERIOR - GRADUACAO)
1040,CURSO A DISTANCIA (SUPERIOR - GRADUACAO)
1040,EDUCACAO A DISTANCIA (POS GRADUACAO)
0971,"CD, DVD OU BLUE-RAY PRE-GRAVADO DE CURSOS"
1040,CURSO TECNICO DE ADMINISTRACAO
1050,CURSO DE CULINARIA
1050,CURSO DE MAQUIAGEM
0946,AULA DE PILATES
1050,REFORCO ESCOLAR
1050,CURSO TECNICO NAO ESPECIFICADO
0946,AULA DE JIU JITSU
0946,AULA DE MUAY THAI
0946,AULA DE TAEKWONDO
0946,AULA DE LUTA NAO ESPECIFICADA
0946,AULA DE ATIVIDADE ESPORTIVA NAO ESPECIFICADA
0946,AULA DE LIBRAS
1050,CURSO DE MODA
1020,CURSO PROFISSIONALIZANTE DE BOMBEIRO CIVIL
1040,CURSO PREPARATORIO PARA RESIDENCIA MEDICA
1020,CURSO PROFISSIONALIZANTE DE CUIDADOR
1050,CURSO DE FOTOGRAFIA
1050,CURSO TECNICO DE SEGURANCA NO TRABALHO
1050,CURSO DE COACHING
1050,CURSO DE ARTES GRAFICAS
1050,CURSO DE AGENTE DE PORTARIA
1050,CURSO DE EMPREENDEDORISMO
1040,CURSO TECNICO DE ATENDENTE E AUXILIAR DE FARMACIA
1040,CURSO TECNICO DE CONTABILIDADE
1040,CURSO TECNICO DE EDIFICACOES
1040,CURSO TECNICO DE ANALISES CLINICAS
1040,CURSO TECNICO DE RADIOLOGIA
1040,CURSO TECNICO EM AGROPECUARIA
1050,CURSO DE ASSISTENTE ADMINISTRATIVO
1040,CURSO TECNICO DE GESTAO EMPRESARIAL
1040,CURSO TECNICO DE AUXILIAR DE SAUDE BUCAL
1050,CURSO DE PROTESE DENTARIA
1050,CURSO ON LINE NAO ESPECIFICADO
1050,CURSO DE EXTENSAO
1050,CURSO A DISTANCIA (EXTENSAO)
1040,CURSO TECNICO DE OPERADOR DE MAQUINAS
1040,CURSO TECNICO DE ELETRONICA OU MECATRONICA
1050,CURSO TECNICO DE AGENTE DE SAUDE
1050,CURSO TECNICO DE DESING
1050,CURSO TECNICO EM TRANSACOES IMOBILIARIAS
1020,CURSO PROFISSIONALIZANTE NAO ESPECIFICADO
1050,CURSO DE TERAPIA ALTERNATIVA
0971,LIVRO ESCOLAR DE PRIMEIRO OU SEGUNDO GRAU IMPRESSO
0971,LIVRO ESCOLAR DE 1º OU 2º GRAU IMPRESSO
0971,LIVRO ESCOLAR DE PRIMEIRO OU SEGUNDO GRAU DIGITAL
0971,"LIVRO TECNICO, REVISTA TECNICA OU OUTRO LIVRO DIDATICO IMPRESSO"
0971,LIVRO TECNICO IMPRESSO
0971,REVISTA TECNICA IMPRESSA
0971,OUTRO LIVRO DIDATICO IMPRESSO
0971,DICIONARIO IMPRESSO
0974,APOSTILA IMPRESSA
0971,LIVRO PARADIDATICO IMPRESSO
0971,"LIVRO TECNICO, REVISTA TECNICA OU OUTRO LIVRO DIDATICO DIGITAL"
0972,ASSINATURA DE PERIODICO TECNICO
0974,CANETA
0974,CARGA DE CANETA
0974,LAPIS COMUM
0974,LAPISEIRA
0974,GRAFITE (ARTIGO DE PAPELARIA)
0974,LAPIS ESPECIAL PARA DESENHO
0974,LAPIS DE COR
0974,GIZ DE CERA
0974,BORRACHA
0974,REGUA
0974,TESOURA (ARTIGO DE PAPELARIA)
0974,COLA (ARTIGO DE PAPELARIA)
0974,ESTOJO (ARTIGO DE PAPELARIA)
0974,TINTA (ARTIGO DE PAPELARIA)
0974,CADERNO
0974,PAPEL (ARTIGO DE PAPELARIA)
0974,PAPEL CREPOM
0974,PAPEL CELOFANE
0974,PAPEL CARBONO
0974,PAPEL SEDA
0974,PAPEL CARTAO
0974,PAPEL EMBORRACHADO
0974,CARTOLINA
0974,PASTA (ARTIGO DE PAPELARIA)
0974,PASTA DE PAPELAO
0974,PASTA SUSPENSA
0974,PORTIFOLIO
0974,APONTADOR
0974,ENVELOPE
0974,ENVELOPE PAPEL PARDO
0974,FICHARIO
0974,FOLHA PARA FICHARIO
0974,AGENDA (ARTIGO DE PAPELARIA)
0974,COMPASSO
0974,ESQUADRO
0974,TRANSFERIDOR
0974,GRAMPEADOR
0974,GRAMPO DE GRAMPEADOR
0974,CLIPS
0974,TACHINHA
0974,GIZ
0974,CORRETIVO (ARTIGO DE PAPELARIA)
0974,BLOCO DE PAPEL (ARTIGO DE PAPELARIA)
0974,BLOCO ADESIVO (POST IT)
0974,FITA ADESIVA
0974,PRANCHETA
0974,FOLHA DE EVA
0974,EMBORRACHADO
0974,MOLDE DE LETRAS
0974,MARCADOR DE TEXTO
0974,APAGADOR
0313,AVENTAL ESCOLAR
0974,ISOPOR (ARTIGO PAPELARIA)
0974,BOLA DE ISOPOR
0974,FOLHA DE ISOPOR
0974,PISTOLA DE COLA QUENTE
0974,REFIL DE COLA QUENTE
0974,CANETA PERMANENTE
0974,CANETA DE RETROPROJETOR
0974,PINCEL ATOMICO
0974,CANETA PARA QUADRO BRANCO
0974,CAPA DE CADERNO
0974,HIDROCOR
0974,FOLHA DE PAPEL
0974,FOLHA DE PAPEL A4
0974,FOLHA PAUTADA
0974,FOLHA DE PAPEL OFICIO
0974,RESMA DE PAPEL A4
0972,DIARIO
0974,TECIDO TNT
0974,NAO TECIDO
0974,ESTILETE
0974,ESCALIMETRO
0974,PERFURADOR DE PAPEL
0974,QUADRO BRANCO
0974,"SACO (PLASTICO, CELOFONE, CREPON, OUTROS)"
0974,PRENDEDOR
0974,MARCADOR DE PAGINA
0974,AGREGADO
1329,LANCHEIRA ESCOLAR
0974,CADERNETA ESCOLAR
0732,TRANSPORTE ESCOLAR
0312,UNIFORME ESCOLAR
1390,"FORMATURA (CARNE, CONVITE, BECA, ETC.)"
1030,CARNE DE FORMATURA
0312,BECA OU CHAPEU DE FORMATURA
1040,TAXA DE INSCRICAO DE VESTIBULAR
1040,INSCRICAO DE VESTIBULAR
1040,TAXA DE INSCRICAO DO ENEM
1390,TAXA DE INSCRICAO PARA CONCURSO
1020,CERTIFICADO DE CONCLUSAO ESCOLAR
1020,TAXA DE DIPLOMA ESCOLAR
1390,FESTA ESCOLAR
1050,"REVISAO DE TESES, DISSERTACOES E TRABALHOS ESCOLARES"
0974,TAXA DE MATERIAL ESCOLAR
1050,"TAXA DE INSCRICAO DE CONGRESSO, SEMINARIO, ETC."
1050,TAXA DE INSCRICAO DE CONGRESSO
1050,TAXA DE INSCRICAO DE SEMINARIO
1050,TAXA DE INSCRICAO DE PALESTRA EDUCATIVA
0974,MATERIAL ESCOLAR
0921,"CD, DVD OU CARTUCHO DE JOGOS"
0921,CD DE JOGOS
0921,DVD DE JOGOS
0921,"BRINQUEDOS OU JOGOS (BONECA, BOLA DE CRIANCA, BARALHO, ETC.)"
0921,BONECA
0921,BOLA DE CRIANCA
0921,CARRO DE BRINQUEDO
0921,CARRINHO DE BRINQUEDO
0921,MOTO DE BRINQUEDO
0921,URSO DE PELUCIA
0921,BICHO DE PELUCIA
0921,CADEIRA INFANTIL
0921,BARRACA DE BRINQUEDO
0921,BALDINHO DE PRAIA
0921,QUADRO NEGRO
0921,MAQUIAGEM DE BRINQUEDO
0921,BOLA DE SOPRAR
0921,BALAO
0921,PIPA
0921,DAMA
0921,BARALHO
0921,QUEBRA-CABECA
0921,JOGO DE MONTAR
0921,JOGO EDUCATIVO
0921,PETECA
0921,MINIGAME
0921,HAND SPINNER
0921,ACESSORIOS DE VIDEO GAME
0812,APARELHO DE TELEFONE CELULAR
0921,"APLICATIVOS PARA TELEFONE CELULAR (UTILITARIOS, JOGOS, NOTICIAS, ETC.)"
0819,"ACESSORIOS DE TELEFONE CELULAR (CAPA, BATERIA, CARREGADOR, ETC.)"
0819,CAPA DE TELEFONE CELULAR
0819,BATERIA DE TELEFONE CELULAR
0819,CARREGADOR DE ENERGIA PARA TELEFONE CELULAR
0819,CHIP DE TELEFONE CELULAR
0819,ANTENA PARA TELEFONE CELULAR
0819,CABO PARA TELEFONE CELULAR
0819,PELICULA PARA CELULAR
0814,FONE DE OUVIDO PARA CELULAR
0819,TELA PARA TELEFONE CELULAR
1219,SEGURO PARA TELEFONE CELULAR
0814,SNAP PROJETOR
0972,JORNAL
0972,"REVISTA DE ENTRETENIMENTO, TV E CELEBRIDADES"
0972,REVISTA INFANTIL
0972,REVISTA ESPORTIVA
0972,REVISTA DE MODA
0972,"REVISTA DE GENERALIDADES (BELEZA, MODA, DIETA, AMOR, SEXO, ETC.)"
0972,REVISTA DE CONTEUDO ADULTO
0972,"REVISTA DE CARROS, MOTOS E AUTOMOBILISMO"
0972,REVISTA DE CASA E DECORACAO
0972,REVISTA DE ATUALIDADES
0972,"PASSATEMPOS (PALAVRA CRUZADAS, QUEBRA-CABECA, GIBI, ETC.)"
0972,PALAVRA CRUZADA
0972,GIBI
0972,ASSINATURA DE JORNAL OU REVISTA NAO TECNICA IMPRESSA
0972,ASSINATURA DE JORNAL OU REVISTA NAO TECNICA ON LINE
0972,REVISTA DE ANIMAIS
0972,REVISTA DE SAUDE
0972,REVISTA DE ARTESANATO
0972,REVISTA RELIGIOSA E ESOTERICA
0972,"REVISTA DE INFORMATICA, GAMES E JOGOS"
0972,REVISTA DE CULINARIA E GASTRONOMIA
0972,REVISTA DE VIAGENS E TURISMO
0972,"REVISTA DE ARTES, CULTURA E FOTOGRAFIA"
0972,REVISTA DE ECONOMIA E NEGOCIOS
0972,REVISTA DE AGROPECUARIA
0972,AGREGADO
0971,LIVRO NAO DIDATICO IMPRESSO
0971,BIBLIA IMPRESSA
0971,LIVRO DE CATECISMO IMPRESSO
0971,LIVRO NAO DIDATICO DIGITAL
0971,LIVRO PARA COLORIR
0961,CINEMA (INGRESSO)
0961,TEATRO (INGRESSO)
0962,MUSEU (INGRESSO)
0962,FEIRA OU EXPOSICAO (INGRESSO)
0961,CIRCO (INGRESSO)
0946,PARQUE DE DIVERSAO (INGRESSO)
0961,SHOW (INGRESSO)
0961,FORRO (INGRESSO)
0946,BAR (COUVERT ARTISTICO)
0946,BAILE OU FESTA (INGRESSO)
0946,"DANCETERIA, BOATE OU CASA NOTURNA (INGRESSO)"
0946,DANCETERIA (INGRESSO)
0946,BOATE (INGRESSO)
0946,FUTEBOL DE CAMPO (INGRESSO)
0946,VOLEIBOL (INGRESSO)
0946,AUTOMOBILISMO (INGRESSO)
0921,JOGOS ELETRONICOS (FICHA)
0921,VIDEOGAME (FICHA)
0921,JOGOS ELETRONICOS (INTERNET)
0946,SINUCA (FICHA)
0944,ALUGUEL DE BICICLETA
0944,ALUGUEL DE CADEIRA DE PRAIA
0946,ALUGUEL DE QUADRA OU CAMPO
0946,ALUGUEL DE QUADRA
0946,ALUGUEL DE CAMPO
0946,CLUBE (MENSALIDADE OU TAXA)
0946,ASSOCIACAO RECREATIVA (MENSALIDADE OU TAXA)
0946,MENSALIDADE DE CLUBE
0946,TAXA DE CLUBE
0946,"PISCINA EM PARQUE, RESERVA, ETC."
0946,PIQUENIQUE (TAXA)
0946,BASQUETEBOL (INGRESSO)
0946,FUTEBOL DE SALAO (INGRESSO)
0946,RODEIO (INGRESSO)
0946,PESQUE-PAGUE (INGRESSO)
0946,PESCA PAGA
0962,JARDIM ZOOLOGICO (INGRESSO)
0962,PONTO TURISTICO (INGRESSO)
0961,DANCA CLASSICA (INGRESSO)
0946,PISTA DE KART (INGRESSO)
0946,BOLICHE (INGRESSO)
0946,PEBOLIM (FICHA)
0943,ALUGUEL DE BRINQUEDO (EXCETO PARA FESTAS)
0943,ALUGUEL DE BOLA DE FUTEBOL
0946,BOCHA
0943,ALUGUEL DE PEDALINHO
0944,ALUGUEL DE PRANCHAS DE STAND UP
0944,ALUGUEL DE HOVERBOARD
0946,BALNEARIO (INGRESSO)
0946,INSCRICAO PARA EVENTOS ESPORTIVOS
0946,LUTA (INGRESSO)
0946,MOTOCICLISMO (INGRESSO)
0946,PASSEIO DE BUGUE (INGRESSO)
0946,PATINACAO (INGRESSO)
0946,RAPEL (INGRESSO)
0946,VAQUEJADA (INGRESSO)
0946,CLUBE (INGRESSO)
0946,PAINTBALL (INGRESSO)
0946,RETIRO (INGRESSO)
0921,FANTASIA MASCULINA
0921,FANTASIA FEMININA
0921,FANTASIA DE CARNAVAL FEMININA
0921,FANTASIA INFANTIL
0921,FANTASIA DE CARNAVAL INFANTIL
0921,MASCARA DE CARNAVAL
0946,SHOW (INGRESSO)
0946,"DANCETERIA, BOATE OU CASA NOTURNA"
0946,BOLICHE
0947,BINGO
0921,FLIPERAMA E SIMILARES
1120,COLONIA DE FERIAS
0962,EXPOSICAO (INGRESSO)
0962,PARQUES NATURAIS E BALNEARIOS
0946,PASSEIO TURISTICO
1390,EVENTOS RELIGIOSOS
0946,TRIATLO (INGRESSO)
0946,HOQUEI (INGRESSO)
0946,FESTA JUNINA (BRINCADEIRAS)
0946,FESTA COMUNITARIA (INGRESSO)
0946,ABADA
0922,FOGAO PARA ACAMPAMENTO
0971,ALBUM E FIGURINHAS
0971,FIGURINHAS DE ALBUM
0973,FOLHETO
1120,MOTEL (EXCETO VIAGEM ESPORADICA)
0921,FOGOS E ARTEFATOS JUNINOS
0815,PEN-DRIVE
0813,CARTUCHO OU FITA PARA IMPRESSORA
0813,TONNER PARA IMPRESSORA
0911,"ACESSORIOS DE MAQUINA FOTOGRAFICA (CARTAO DE MEMORIA, FILME, ETC.)"
0911,CARTAO DE MEMORIA DE MAQUINA FOTOGRAFICA
0911,"AQUISICAO, REVELACAO, COPIA OU AMPLIACAO DE FOTOGRAFIAS"
0911,AQUISICAO DE FOTOGRAFIAS
0911,REVELACAO DE FOTOGRAFIAS
0815,"CD, DVD OU BLU-RAY VIRGEM"
0952,"AQUISICAO DE MUSICAS OU FILMES (CD, DVD, BLU-RAY OU SOB DEMANDA)"
0952,AQUISICAO DE CD DE MUSICAS OU FILMES
0952,AQUISICAO DE DVD DE MUSICAS OU FILMES
0952,AQUISICAO DE MUSICAS OU FILMES SOB-DEMANDA
0839,"ALUGUEL DE MUSICAS OU FILMES (CD, DVD, BLU-RAY, SOB-DEMANDA OU ON-LINE)"
0943,"ALUGUEL DE CD, DVD OU CARTUCHO DE JOGOS"
0952,DISCO DE VINIL
1120,HOTEL (EXCETO VIAGEM ESPORADICA)
0839,ARQUIVOS DE MUSICA
0819,ADAPTADOR DE CARTAO DE MEMORIA
0815,HD EXTERNO
0921,DOWNLOAD DE JOGOS
0833,ESPACO DE DADOS NA NUVEM
0969,GRAVACAO DE MUSICAS
0969,GRAVACAO EM MIDIAS
0969,ALUGUEL DE ESTUDIO PARA ENSAIO E GRAVACAO
0111,MASSA PARA BISCUIT
0974,COLA PARA ARTESANATO EM GERAL
0974,FELTRO PARA ARTESANATO EM GERAL
0974,EVA (ESPUMA VINILICA ACETINADA)
0974,FRISADOR PARA ARTESANATO EM GERAL
0974,TINTA PARA ARTESANATO EM GERAL
1120,"HOSPEDAGEM (HOTEL, POUSADA OU OUTRO TIPO DE ALOJAMENTO)"
1120,HOTEL
1120,POUSADA
1120,MOTEL
1120,PENSAO
0946,GUIA TURISTICO
0814,"TOCADOR DE MP3, MP4 OU MP5 PLAYER"
0911,MAQUINA FOTOGRAFICA
0911,CAMERA FOTOGRAFICA
0911,EQUIPAMENTO FOTOGRAFICO
0911,FILMADORA
0922,"EQUIPAMENTOS ESPORTIVOS (BOLA, CHUTEIRA, TORNOZELEIRA, ETC.)"
0922,BOLA DE FUTEBOL
0922,BOLA DE VOLEIBOL
0922,REDE DE VOLEIBOL
0922,RAQUETE DE TENIS
0912,MESA DE PINGUE-PONGUE
0912,MESA DE SINUCA
0321,CHUTEIRA
0922,CANELEIRA
0922,TORNOZELEIRA
0922,OCULOS DE NATACAO
0922,TOUCA DE NATACAO
0922,LUVA DE COURO (PARA GOLEIRO)
0922,LUVA DE BOXE
0922,PRANCHA DE SURFE
0922,SKATE
0922,PATIM
0922,PATINETE
0713,VELOCIPEDE
0912,CELA DE CAVALO (RECREACAO)
0912,REDEA DE CAVALO
0922,ACESSORIOS PARA SKATE
0922,BOIA DE BRACO
0922,"EQUIPAMENTOS DE GINASTICA (BICICLETA, ESTEIRA, HALTERES, ETC.)"
0922,BICICLETA ERGOMETRICA
0922,ESTEIRA DE GINASTICA
0922,ESTEIRA DE CAMINHAR (GINASTICA)
0922,APARELHO DE MUSCULACAO
0922,HALTERES
1329,BARRACA OU GUARDA-SOL DE PRAIA
1329,BARRACA DE PRAIA
1329,GUARDA-SOL DE PRAIA
1329,CADEIRA DE PRAIA
0922,ARTIGOS DE LONA OU PLASTICO PARA ACAMPAMENTO
0922,LONA PARA ACAMPAMENTO
0922,BARRACA PARA ACAMPAMENTO
0922,COLCHAO PARA ACAMPAMENTO
0922,ARMAS DE FOGO (EXCETO DE CACA)
0922,ESPINGARDA (EXCETO DE CACA)
0922,PISTOLA (EXCETO DE CACA)
0922,MUNICAO DE ARMA DE FOGO (EXCETO DE CACA)
0922,"MATERIAL DE CACA OU PESCA (ESPINGARDA, ANZOL, ETC.)"
0922,ESPINGARDA DE CACA
0922,MUNICAO DE ARMA DE FOGO DE CACA
0922,ANZOL
0922,VARA DE PESCA
0922,LINHA DE PESCA
0922,CHUMBO DE PESCA
0922,PESO DE CHUMBO DE PESCA
0922,REDE DE PESCA
0922,CORDA DE REDE DE PESCA
0922,TARRAFA
0951,VIOLAO
0951,GUITARRA
0951,FLAUTA
0951,TECLADO
0951,BATERIA MUSICAL
0951,PANDEIRO
0951,"ACESSORIOS DE INSTRUMENTOS MUSICAIS (CORDAS, PELES, ETC.)"
0951,VIOLA
0951,CAVAQUINHO
0951,BANJO
0951,VIOLINO
0951,CONTRABAIXO
0951,BERIMBAU
0951,GAITA (SOPRO)
0951,SAXOFONE
0951,CLARINETE
0951,TROMBONE
0951,TROMPETE
0951,ORGAO
0951,PIANO
0951,SANFONA
0951,ACORDEAO
0951,GAITA PONTO
0951,TAMBORIM
0951,TAMBOR
0951,SURDO
0951,CAIXA
0951,TAM-TAM
0951,ATABAQUE
0951,CHOCALHO
0922,ESTEIRA DE PRAIA
0911,BINOCULO
1311,VIBRADOR EROTICO
1311,ALGEMA EROTICA
0951,UKULELE
0951,VIOLONCELO
0911,DRONE
0230,CIGARRO
0230,CHARUTO
0230,CIGARRILHA
0230,FUMO DESFIADO
0230,TABACO
0230,FUMO DE ROLO
0230,PALHA PARA CIGARRO
0230,PAPEL DE CIGARRO
0561,FOSFORO (FUMANTE)
1329,ISQUEIRO DESCARTAVEL
1329,FLUIDO DE ISQUEIRO
1329,GAS DE ISQUEIRO
1329,PEDRA DE ISQUEIRO
1329,PITEIRA
1329,RAPE
0230,CIGARRO DE PALHA
0240,MACONHA
0240,ENTORPECENTE NAO ESPECIFICADO
1329,"NARGUILE E UTENSILIOS (QUEMADOR, ALUMINIO, ESSENCIA, ETC.)"
1329,ISQUEIRO NAO-DESCARTAVEL (USO PESSOAL)
1313,CORTE DE CABELO
1313,CORTE DE CABELO FEMININO
1313,CORTE DE CABELO MASCULINO
1313,"LAVAGEM DE CABELO, TINGIMENTO, ALISAMENTO, ETC."
1313,TINGIMENTO (CABELEIREIRO)
1313,ALISAMENTO (CABELEIREIRO)
1313,ESCOVA (CABELEIREIRO)
1313,PENTEADO (CABELEIREIRO)
1313,HIDRATACAO (CABELEIREIRO)
1313,LUZES (CABELEIREIRO)
1313,INTERLACE (CABELEIREIRO)
1313,RELAXAMENTO (CABELEIREIRO)
1313,SOBRANCELHA
1313,BARBA
1313,MANICURE E PEDICURE
1313,MANICURE
1313,PEDICURE
0322,SAPATEIRO
0322,CONSERTO DE SAPATO
1329,CONSERTO DE BOLSA
1321,CONSERTO DE RELOGIO
0835,CONSERTO DE TELEFONE CELULAR
0835,CONSERTO DE CARREGADOR DE CELULAR
0553,"AMOLAGEM DE FACA, TESOURA, ALICATE, ETC."
1321,CONSERTO DE JOIAS
0614,CONSERTO DE OCULOS
0835,CONSERTO DE CALCULADORA
0944,CONSERTO DE GUARDA CHUVA
0961,CONSERTO DE VIOLAO
1390,PROSTITUTA
1313,DEPILACAO
1313,LIMPEZA DE PELE
1313,MASSAGEM
1313,TATUAGEM OU COLOCACAO DE PIERCING
1313,FURO DE ORELHA
0314,COSTUREIRA
0314,ALFAIATE
0314,BORDADEIRA
1313,TINTURARIA E LAVANDERIA
1313,TINTURARIA
0314,LAVANDERIA
0322,ENGRAXATE
0432,CHAVEIRO (SERVICO)
0432,COPIA DE CHAVE
0963,FOTOGRAFO (EXCETO DE CERIMONIAS FAMILIARES)
0963,FOTOGRAFIA 3X4
1312,MAQUIAGEM
1313,BRONZEAMENTO ARTIFICIAL
1313,"SERVICOS DE SALAO DE BELEZA (CORTE, BARBA, MANICURE, ETC.)"
1313,SAUNA
1313,ESTETICISTA
0946,PERSONAL TRAINER
0512,TAPECEIRO
0314,PINTURA EM CAMISA
0314,IMPRESSAO EM CAMISA
1390,DIGITACAO E IMPRESSAO
1313,SPA
0947,MEGA-SENA
0947,LOTOMANIA
0947,LOTOFACIL
0947,QUINA
0947,LOTECA
0947,LOTERIA ESPORTIVA
0947,LOTERIA FEDERAL
0947,RASPADINHA
0947,TELE SENA
0947,RIFA
0947,JOGO DO BICHO
0947,DUPLA SENA
0947,LOTOGOL
0947,LOTERIA ESTADUAL
0947,LOTERIA INSTANTANEA
0947,TIMEMANIA
0947,CARUARU DA SORTE
0947,RIO DE PREMIOS
0947,TOTOLEC
0947,TRIMANIA
0947,MAQUINA DE CACA NIQUEL
0947,JOGO DE CARTAS (APOSTA)
0947,JOGO DE DOMINO (APOSTA)
0947,JOGO DE SINUCA (APOSTA)
0947,JOGO DE FUTEBOL (APOSTA)
0947,BOLAO (APOSTA)
0947,APOSTA ONLINE
0947,CERTIFICADOS DE CONTRIBUICAO PREMIAVEIS (CAP)
0947,ROLETA (APOSTA)
0946,CORRIDA DE CACHORROS
0741,"CORREIO (CARTA, SELO, TELEGRAMA COMUM OU FONADO, ETC.)"
0741,CARTA
0741,SELO
0741,SEDEX
0741,ENCOMENDA
0741,PAC
0741,CAIXA POSTAL
0831,CARTAO TELEFONICO (EXCETO CELULAR)
0741,TELEMENSAGEM
0833,"ACESSO A INTERNET (EM LAN-HOUSE, SALA DE INTERNET, ETC.)"
0833,LAN-HOUSE
1390,"CONTRATACAO DE BUFFET PARA CASAMENTO, ANIVERSARIO, ETC."
1390,CONTRATACAO DE BUFFET PARA CASAMENTO
1390,CONTRATACAO DE BUFFET PARA FESTA DE ANIVERSARIO
1390,CONTRATACAO DE BUFFET PARA FESTA DE NATAL
1390,CONTRATACAO DE BUFFET PARA FESTA DE ANO NOVO
1390,"ALUGUEL DE ESPACO PARA CASAMENTO, ANIVERSARIO, ETC."
1390,ALUGUEL DE ESPACO PARA FESTA DE ANIVERSARIO
0512,"ALUGUEL DE MESAS E CADEIRAS PARA CASAMENTO, ANIVERSARIO, ETC."
0512,ALUGUEL DE MESAS E CADEIRAS PARA FESTA DE ANIVERSARIO
0512,ALUGUEL DE MESAS E CADEIRAS PARA FESTA DE ANO NOVO
0973,"CONFECCAO DE CONVITE PARA CASAMENTO, ANIVERSARIO, ETC."
0973,CONFECCAO DE CONVITE PARA CASAMENTO
0963,"FOTOGRAFIA DE CASAMENTO, ANIVERSARIO, ETC."
0963,FOTOGRAFIA DE CASAMENTO
0963,FOTOGRAFIA DE ANIVERSARIO
0963,"FILMAGEM DE CASAMENTO, ANIVERSARIO, ETC."
0942,ALUGUEL DE BRINQUEDOS PARA FESTA
0961,ANIMADOR DE FESTA/PERSONAGEM VIVO PARA FESTA
0961,ANIMADOR DE FESTA
0961,PERSONAGEM VIVO PARA FESTA
0961,DJ/ARTISTAS MUSICAIS
0921,"DECORACAO PARA CASAMENTO, ANIVERSARIO, ETC."
1111,"CONTRATACAO DE DOCES, BOLOS, ETC."
0732,"ALUGUEL DE VEICULO PARA CASAMENTO, ANIVERSARIO, ETC."
1390,"TAXA DE CERIMONIA RELIGIOSA (CASAMENTO, BATISMO, ETC.)"
1390,"TAXA E CASAMENTO EM IGREJA, TEMPLO RELIGIOSO, ETC."
1390,TAXA DE BATIZADO
1390,TAXA DE COMUNHAO
1390,TAXA DE MISSA
1390,TAXA DE REUNIAO RELIGIOSA
1390,TAXA DE OFERENDA RELIGIOSA
1390,FUNERAL (SERVICOS E ARTIGOS RELACIONADOS)
1329,CAIXAO
0931,COROA DE FLORES
1390,CREMACAO
1329,URNA FUNERARIA
1390,TAXA DE FUNERARIA
1329,GAVETA DE JAZIGO
1390,TAXA DE MANUTENCAO DE JAZIGO
1390,TAXA DE CONDOMINIO DE JAZIGO
1390,TAXA DE CEMITERIO (MANUNTENCAO)
1390,"PACOTE DE CASAMENTO (BUFFET, DECORACAO, ETC.)"
1390,"PACOTE DE FESTA DE 15 ANOS (BUFFET, DECORACAO, ETC.)"
1390,"PACOTE DE FESTA INFANTIL (BUFFET, DECORACAO, ETC.)"
1390,"PACOTE DE OUTRAS FESTAS E CERIMONIAS (BUFFET, DECORACAO, ETC.)"
1390,CURSO DE NOIVOS
1111,ALIMENTACAO E BEBIDAS PARA FESTAS
0562,CONTRATACAO DE GARCOM PARA FESTAS
0562,CONTRATACAO DE CHURRASQUEIRO PARA FESTAS
0562,CONTRATACAO DE CERIMONIALISTA
1390,CARTORIO
1390,REGISTRO DE IMOVEL
1390,CERTIDAO DE CASAMENTO
1390,INVENTARIO
1390,CERTIDAO DE NASCIMENTO
1390,ESCRITURA
1390,AUTENTICACAO DE DOCUMENTO
1390,COMISSAO IMOBILIARIA
1390,ADVOGADO
1390,DESPACHANTE
1390,CONTADOR
1390,CORRETOR IMOBILIARIO
1390,ENGENHEIRO
1390,TOPOGRAFO
1390,AGRIMENSOR
1390,ARQUITETO
1390,TRADUTOR
1390,CLASSIFICADOS (ANUNCIO)
1390,AGRONOMO
1390,CONSULTOR
1390,INSTITUTO DE IDENTIFICACAO CIVIL
1390,CARTORIO ELEITORAL
0412,ALUGUEL DE IMOVEIS POR TEMPORADA
0451,ENERGIA ELETRICA DE OUTROS IMOVEIS
0811,TELEFONE FIXO DE OUTROS IMOVEIS
0833,ACESSO A INTERNET DE OUTROS IMOVEIS
0839,TV POR ASSINATURA DE OUTROS IMOVEIS
0834,PACOTE (CONTENDO INTERNET E/OU TV POR ASSINATURA E/OU TELEFONE) DE OUTROS IMOVEIS
0749,MUDANCA DE OUTROS IMOVEIS
1213,TAXA DE SEGURANCA DE OUTROS IMOVEIS
1213,"SEGURO DE OUTROS IMOVEIS (INCENDIO, ROUBO, ETC.)"
1390,"LOCACAO DE OUTROS IMOVEIS (CONTRATO, DEPOSITOS DE LOCACAO E CONSERVACAO, SEGURO FIANCA, ETC.)"
0835,ALUGUEL DE APARELHO DE DVD OU BLU RAY
0553,ALUGUEL DE FILTRO DE AGUA ELETRICO
0749,MUDANCA
0932,COMPRA DE ANIMAL DOMESTICO
0945,CERTIFICADO DE RACA DE ANIMAL DOMESTICO
0945,"TRATAMENTO DE SAUDE DE ANIMAL DOMESTICO (VETERINARIO, VACINA, MEDICAMENTO, ETC.)"
0945,VETERINARIO
0945,VACINA PARA ANIMAL DOMESTICO
0932,MEDICAMENTO PARA ANIMAL DOMESTICO
0945,INJECAO PARA ANIMAL DOMESTICO
0932,REMEDIO PARA ANIMAL DOMESTICO
0945,PLANO DE SAUDE PARA ANIMAL DOMESTICO
0945,"SERVICO DE HIGIENE DE ANIMAL DOMESTICO (BANHO, TOSA, ETC.)"
0945,BANHO DE ANIMAL DOMESTICO
0932,TOSA DE PELOS DE ANIMAL DOMESTICO
0945,TRANSPORTE DE ANIMAL DOMESTICO
0945,ADESTRAMENTO DE ANIMAL DOMESTICO
0932,TOSADEIRA DE ANIMAL DOMESTICO
0932,"UTENSILIOS PARA ANIMAL DOMESTICO (COLEIRA, GAIOLA, ETC.)"
0932,COLEIRA PARA ANIMAL DOMESTICO
0932,GAIOLA PARA ANIMAL DOMESTICO
0932,CORRENTE PARA ANIMAL DOMESTICO
0932,CASA PARA ANIMAL DOMESTICO
0932,AGASALHO PARA ANIMAL DOMESTICO
0945,SERVIÇO DE HOSPEDAGEM PARA ANIMAL DOMESTICO
0945,FUNERAL DE ANIMAL DOMESTICO
0531,COFRE
0741,FRETE DE PRODUTO (COMPRA PELA INTERNET)
1390,DIGITACAO
1390,IMPRESSAO
0741,TRANSPORTE DE MERCADORIAS
0974,PINCEL (ARTIGO DE PAPELARIA)
0973,CALENDARIO
0974,ALBUM DE FOTOGRAFIAS (ARTIGO DE PAPELARIA)
1390,FOTOCOPIA
1390,COPIA XEROX
0969,PLASTIFICACAO
0969,ENCADERNACAO
0921,MASSA DE MODELAR
0973,"CARTAO DE NATAL, ANIVERSARIO, ETC."
0973,CARTAO DE ANIVERSARIO
0973,CARTAO POSTAL
0973,CARTAO DE VISITA
1390,CURRICULUM VITAE
0974,ADESIVO PLASTICO
0974,ETIQUETA (ARTIGO DE PAPELARIA)
0974,CONTACT
0921,CONFETE OU SERPENTINA PARA CARNAVAL
0921,BIGODE PARA CARNAVAL
0921,LANTEJOULA
0921,GLITER
0921,ENFEITES DE PAREDE DE FESTA
0921,BANDEIRINHAS DE FESTA
0974,TELA PARA PINTURA
0974,CAIXA DE PRESENTE
0974,PAPEL DE PRESENTE
0741,CARIMBO
0973,CARNE DO INSS
0973,BLOCO RECIBO DE PAGAMENTO
0973,TALAO DE NOTA PROMISSORIA
0974,EMBALAGEM PARA PRESENTE
0911,PAPEL FOTOGRAFICO
0973,BANNER
0974,CRACHA
0612,MASCARA PROTETORA (PROTECAO PROFISSIONAL)
1329,PORTA-OCULOS
0912,LACO DE BOIADEIRO
1329,CANIVETE
0552,"BATERIA DE RELOGIO, BRINQUEDO, APARELHO AUDITIVO, ETC."
0552,BATERIA DE RELOGIO
0552,BATERIA DE BRINQUEDO
0552,BATERIA APARELHO AUDITIVO
0749,GUARDA-VOLUMES
0820,"CD OU DVD DE SISTEMA OPERACIONAL/APLICATIVOS (TEXTO, PLANILHA, ETC.)"
0820,"LICENCA DE SISTEMA OPERACIONAL / APLICATIVOS (TEXTO, PLANILHA, ETC.)"
0932,ALIMENTO DE CAO
0932,RACAO DE CAO
0932,ALIMENTO PARA CAO
0932,RACAO PARA CAO
0932,BISCOITO CANINO
0932,OSSO PARA CAO
0932,BISCOITO PARA CAO
0932,ALIMENTO DE GATO
0932,RACAO DE GATO
0932,ALIMENTO PARA GATO
0932,RACAO PARA GATO
0932,RACAO DE PEIXE
0932,RACAO PARA PEIXE
0932,ALIMENTO DE BOVINO
0932,RACAO DE BOVINO
0932,ALIMENTO PARA BOVINO
0932,RACAO PARA BOVINO
0932,FARELO DE TRIGO PARA BOVINO
0932,RACAO DE EQUINO
0932,RACAO PARA EQUINO
0932,RACAO PARA CAPRINO
0932,ALIMENTO PARA GALINHA
0932,RACAO DE GALINHA
0932,RACAO PARA GALINHA
0932,MILHO PARA GALINHA
0932,RACAO DE FRANGO
0932,RACAO PARA FRANGO
0932,MILHO PARA FRANGO
0932,RACAO DE PINTO
0932,ALIMENTO DE PASSARINHO
0932,RACAO DE PASSARINHO
0932,ALIMENTO PARA PASSARINHO
0932,RACAO PARA PASSARINHO
0932,SEMENTE DE GIRASSOL
0932,ALPISTE
0932,GIRASSOL (SEMENTE)
0932,PAINCO
0932,RACAO DE COELHO
0932,ALIMENTO PARA COELHO
0932,RACAO PARA COELHO
0932,RACAO PARA SUINO
0932,RACAO DE PORCO
0932,ALIMENTO PARA ANIMAL NAO-ESPECIFICADO
0932,FARELO DE SOJA PARA ANIMAL NAO-ESPECIFICADO
0932,FARELO DE ARROZ PARA ANIMAL NAO-ESPECIFICADO
0932,FARELO DE MILHO PARA OUTRO ANIMAL NAO-ESPECIFICADO
0932,RACAO PARA ANIMAL NAO-ESPECIFICADO
0932,FARELO DE TRIGO PARA ANIMAL NAO ESPECIFICADO
0932,ARROZ PARA ANIMAL NAO ESPECIFICADO
0932,AREIA PARA GATO
0932,FORRAGEM PARA ROEDORES
0932,PRODUTO DE LIMPEZA E HIGIENE DE ANIMAL
0932,SABONETE PARA ANIMAL
0932,SHAMPU PARA ANIMAL
0932,RACAO PARA CODORNA
0932,RACAO PARA TARTARUGA
0932,RACAO PARA ROEDORES
0932,RACAO PARA HAMSTER
0932,RACAO PARA PAPAGAIO
0932,RACAO PARA AVE
0931,FLOR NATURAL
0931,ROSA
0931,MARGARIDA (PLANTA)
0931,ORQUIDEA
0931,PALMA
0931,CRISANTEMO
0931,ARRANJO DE FLORES NATURAIS
0931,KALANCHOE
0931,VIOLETA
0931,MUDAS EM GERAL
0724,EMPLACAMENTO DE AUTOMOVEL
0724,LICENCA DE AUTOMOVEL
0724,EMPLACAMENTO DE CAMINHAO
0724,LICENCA DE CAMINHAO
0724,EMPLACAMENTO DE MOTO
0724,LICENCA DE MOTO
0724,"TAXAS DO DETRAN (TRANSFERENCIA DE VEICULO, CARTEIRA DE HABILITACAO, ETC.)"
0724,TAXA DE TRANSFERENCIA DE VEICULO
0724,TAXA DE CARTEIRA DE HABILITACAO
0724,TAXA DE TRANSFERENCIA DE PLACA DE VEICULO
0724,TAXA DE VISTORIA DE VEICULO
0724,TAXA DE DESALIENACAO DE VEICULO
0724,TAXA DE EXPEDIENTE (DETRAN)
0724,TAXAS INCLUIDAS NO LICENCIAMENTO ANUAL DE VEICULO
0724,TAXA DE BOMBEIRO (DETRAN)
0724,TAXA DE CORREIO (DETRAN)
1390,DOCUMENTO UNICO DE TRANSITO
1390,DUT (DOCUMENTO UNICO DE TRANSITO)
0724,EXAME PARA RENOVACAO DE CARTEIRA DE MOTORISTA
0724,EXAME PSICOTECNICO DE CARTEIRA DE MOTORISTA
0724,EMPLACAMENTO DE EMBARCACAO
1221,JUROS DE CHEQUE ESPECIAL
1221,JUROS DE CARTAO DE CREDITO
1221,ANUIDADE DE CARTAO DE CREDITO
1221,SEGURO DE CARTAO DE CREDITO
1221,TARIFA DE CONTA BANCARIA
1221,MANUTENCAO DE CONTA BANCARIA
1221,MANUTENCAO DE CHEQUE ESPECIAL
1221,PACOTE DE SERVICO DE CONTA BANCARIA
1222,TAXA DE SAQUE ELETRONICO
1222,TAXA DE EXTRATO BANCARIO
1222,TAXA DE CARTAO ESPECIAL
1222,TRANSFERENCIA INTERBANCARIA (DOC OU TED)
1222,TALAO DE CHEQUES
1222,CADASTRO BANCARIO (ABERTURA OU RENOVACAO)
1222,RENOVACAO DE CHEQUE ESPECIAL
1222,TAXA DE DEVOLUCAO DE CHEQUE
1222,MENSAGEM AUTOMATICA CARTAO DE CREDITO
1222,SEGUNDA VIA CARTAO
1390,CERTIFICADO DE CADASTRO DE IMOVEL RURAL - CCIR
1211,SEGURO DE VIDA
1211,SEGURO DE ACIDENTES PESSOAIS
1219,SEGURO COLETIVO DE TRABALHO
1213,SEGURO DE BENS MOVEIS (EXCETO DE VEICULOS)
1390,TAXA PARA DOCUMENTOS PESSOAIS
1390,TAXA DE CADASTRAMENTO DO CPF
1390,TAXA DE CARTAO DE PRODUTOR RURAL
1390,EMISSAO DE IDENTIDADE (RG)
1390,PASSAPORTE
1390,ASSOCIACAO FUNERARIA
1390,CONSORCIO FUNERARIO
1390,PLANO DE FUNERAL
0111,BONETE O PAN CENA SALADO (PAN BAGEL)
0111,CROTONES
0111,ESPIGA DE PAN CON QUESO
0111,PAN BASE PARA PIZZA
0111,"PAN BAGUETTE CON QUESO, AJONJOLI, ETC."
0111,PAN BAGUETTE CORRIENTE O PAN ITALIANO
0111,"PAN BLANCO, MANITA O PIÑA (PAN FRANCES)"
0111,"PAN CHAPATA, PAN ESPAÑOL Y PAN DE NEGRO"
0111,PAN CUADRADO CORRIENTE (BLANCO)
0111,"PAN CUADRADO DE ANIS, LINAZA, ZANAHORIA"
0111,PAN INTEGRAL DE PANADERIA
0111,PAN CUADRADO INTEGRAL (THINS INTEGRAL EMPACADO)
0111,"PAN CUADRADO LIGHT O 0% GRASA, (THINS EMPACADO)"
0111,"PAN CUADRADO MULTIGRANO, DOBLE FIBRA O CENTENO"
0111,"PAN DE ESPECIES (AJO, CEBOLLA, ETC)"
0111,PAN MOLIDO
0111,PAN PARA HAMBURGUESA
0111,PAN PARA HOT DOG (PERRO CALIENTE) O PAN EUROPEO EMPACADO
0111,PAN PITA O ARABE
0111,"PAN RELLENO SALADO (PAN RELLENO DE QUESO CREMA, ETC.)"
0111,TOSTADAS EMPACADAS O DE PANADERIA
0111,OTROS PANES SALADOS
0111,BOLLO DE PAN DULCE
0111,BONETE DE PAN DULCE O PAN CASERO
0111,PAN CON FRUTAS (PAN BON)
0111,"PAN RELLENO DULCE (PAN RELLENO CON DULCE DE LECHE, CREMA PASTELERA, ETC.)"
0111,TRENZA O PAN DE CANELA (ROLLO DE CANELA)
0111,OTROS PANES DULCES
0111,TORTILLA DE HARINA
0111,TORTILLA DE MAIZ PAQUETE
0111,TORTILLA DE HARINA INTEGRAL
0111,PAN PIZZA
0111,OTRAS TORTILLAS
0111,ALMOJABANA
0111,"BIZCOCHOS, ROSQUILLAS, MANTECADOS, PALITOS SALADOS DE HARINA O QUESO"
0111,BIZCOCHO DE NATILLA Y QUESO
0111,CANGREJO O CROISSANT SALADO
0111,"ENCHILADA, PASTELILLO O EMPANADA DE HOJALDRE, ARGENTINAS Y CHILENAS"
0111,PASTEL CONGELADO LISTO PARA HORNEAR
0119,PIZZA CONGELADA LISTA PARA HORNEAR
0111,REPOSTERIA MACROBIOTICA (PALITOS DE AJONJOLI)
0111,TRENZA O ARROLLADO DE QUESO
0111,OTROS TIPOS DE REPOSTERIA SALADA
0111,ALFAJORES
0111,"ARROLLADO DULCE, GATO, BORRACHO, MERENDINA, ETC."
0111,BUDIN
0111,"CACHO, PAÑUELO O PRUSIANO RELLENOS CON LUSTRE, CREMA PASTELERA O DULCE DE LECHE"
0111,CREMITA O E-CLIAR RELLENO CON CREMA PASTELERA
0111,COSTILLA Y TOSTEL
0111,"DONA, CHURRO O BUÑUELO SIMPLE"
0111,"DONA, CHURRO O BUÑUELO RELLENO"
0111,"EMPANADA DE PIÑA, GUAYABA O JALEA"
0111,MUFFIN CON LUSTRE O RELLENO (CUP CAKE)
0111,"OREJAS, PALMERAS, PRESTIÑOS"
0111,QUEQUE CON LUSTRE O RELLENO Y CARLOTA
0111,"QUEQUE NAVIDEÑO, QUEQUE CON FRUTOS SECOS (PASAS) O SEMILLAS"
0111,QUEQUE SECO O DE ZANAHORIA
0111,"QUESADILLA DULCE, PUPUSA DE QUESO Y AZUCAR"
0111,"ROSQUILLAS DULCES, ILUSTRADOS"
0111,"STRUDEL, PASTELILLO, TARTALETA O FLAUTA DE FRUTAS"
0111,"TAMAL DE MAIZ, MAICENA, ASADO, PAN DE ELOTE"
0111,TARTARA O COCADAS
0111,TORTA CHILENA
0111,WAFFLES EMPACADOS
0111,OTROS TIPOS DE REPOSTERIA DULCE
0111,BARQUILLOS DE CHOCOLATE O RELLENOS
0111,BARQUILLOS DE VAINILLA O COMBINADOS
0111,CONOS CORRIENTES
0111,CONOS O CANASTAS AZUCARADAS
0111,GALLETAS DE ARROZ
0111,GALLETAS DE AVENA
0111,GALLETAS DULCES CON RELLENO
0111,GALLETAS DULCES INTEGRALES Y EXTRA FIBRA (FIBRA MIEL)
0111,"GALLETAS DULCES SIMPLES SIN RELLENO (DEDOS DE SEÑORA O BIZCOTELAS, MARIA Y GALLETAS DE PANADERIA)"
0111,GALLETAS LIBRES DE AZUCAR O LIGH
0111,GALLETA SALADAS
0111,GALLETAS SALADAS INTEGRALES Y EXTRA FIBRA
0111,GALLETAS SALADAS RELLENAS
0111,SORBETOS
0111,OTRAS GALLETAS
0111,MEZCLA PARA PANCAKES
0111,MEZCLA PASTA PARA PIZZA
0111,MEZCLA PARA QUEQUE DE CHOCOLATE O BROWNIES
0111,MEZCLA PARA QUEQUES DE VAINILLA O TRES LECHES
0111,OTRAS MEZCLAS PARA REPOSTERIA
0111,AFRECHO O SALVADO
0117,ALMIDON DE YUCA
0111,AVENA INTEGRAL
0111,BARRAS DE CEREAL
0111,BARRAS DE GRANOLA
0111,CEREAL DE AVENA
0111,CEREAL AZUCARADO
0111,CEREAL DE CHOCOLATE
0111,CEREAL DE GALLETAS
0111,"CEREAL EN HOJUELAS DE MAIZ, CORRIENTE"
0111,CEREAL INTEGRAL
0111,CEREAL KOMPLETE
0111,CEREAL LIGHT
0111,CEREAL PARA BEBES
0111,FECULA DE MAIZ
0111,MAICENA SABOR A FRUTAS O VAINILLA
0111,"ARROZ CRUDO PREPARADO (C/ MARISCOS, CON POLLO O VERDE)"
0111,ARROZ DE JAZMIN
0111,ARROZ GRANO ENTERO
0111,ARROZ PARA RISOTTO
0111,ARROZ PARA SUSHI
0111,ARROZ PRECOCIDO
0111,PUNTILLAS DE ARROZ
0111,HARINA DE MAIZ (MASA) Y MASA PREPARADA PARA CHORREADAS
0117,HARINA DE SOYA
0111,HARINA DE TRIGO (CORRIENTE)
0111,HARINA INTEGRAL
0111,OTROS TIPOS DE HARINA
0111,"PASTA CARACOLITOS, CABELLO DE ANGEL, LENGUA, CANELONES, CHOP SUEY, ESPAGUETIS, LASAÑA, ETC."
0111,PASTA CON ESPINACAS SIN PREPARAR
0111,"PASTA CON SALSA BLANCA, ALFREDO O A LA CARBONARA SIN PREPARAR"
0111,PASTA CON SALSA DE QUESO
0111,PASTA DE ARROZ
0111,RAVIOLES
0111,OTRAS PASTAS
0119,"ENSALADAS CON ATUN ENVASADAS (CARACOLITOS, RUSA, ETC.)"
0111,MAIZ CASCADO
0111,MAIZ DESGRANADO
0111,MAIZ PARA PALOMITAS DE MICROONDAS
0111,SNACKS DULCES A BASE DE MAIZ
0111,PALOMITAS DE MAIZ PREPARADAS
0111,SNACKS DE MAIZ SABOR A QUESO
0111,"TORTILLAS TOSTADAS (PARA CHALUPAS, TACOS SIN CARNE)"
0111,TOSTADAS DE MAIZ CONDIMENTADAS
0111,OTROS BOCADILLOS O SNACKS
0111,AVENA
0111,CEBADA
0112,BISTEC O CARNE DE RES PARA ASAR
0112,CARNE DE TERNERO
0112,CARNE MOLIDA DE RES
0112,"CECINA, QUITITEÑA, GALLINITA O PARA DESMECHAR DE RES"
0112,COLA DE LOMO DE RES
0112,COSTILLA DE RES
0112,HIGADO DE RES
0112,"JARRETE, HUESO DE PESCUEZO, OSOBUCO, POSTA CON HUESO"
0112,LENGUA DE RES
0112,LOMITO DE AGUJA DE RES
0112,"LOMO DE RES, VUELTA DE LOMO DE RES"
0112,MANO DE PIEDRA DE RES
0112,MILANESA DE RES
0112,MONDONGO DE RES
0112,POSTA O TROCITOS DE RES
0112,TORTAS DE RES PARA HAMBURGUESA
0112,"VISCERAS DE RES (BOFE, CORAZON, MORCILLA, RIÑONES, ETC.)"
0112,OTRAS CARNES DE RES
0112,"BISTEC, POSTA DE CERDO O TROCITOS DE CERDO"
0112,CHULETA DE CERDO CORRIENTE
0112,"CHULETA DE CERDO AHUMADA, CARNE DE CERDO PRENSADA"
0112,COSTILLA DE CERDO
0112,LECHON Y FALDA DE CERDO
0112,LOMO O LOMITO DE CERDO
0112,MOLIDA DE CERDO
0112,MORCILLA O MORONGA
0112,PANZADA DE CERDO
0112,PELLEJO DE CERDO
0112,"PEZUÑA DE CERDO, RABO, CABEZA Y OREJAS"
0112,PIERNA DE CERDO O CARNE PARA CHICHARRONES
0112,TOCINO
0112,"VISCERAS DE CERDO (SESOS, HIGADO, CORAZON, ETC.)"
0112,OTRAS CARNES DE CERDO
0112,ALAS DE POLLO
0112,"FILETE DE PECHUGA DESHUESADA, FAJITAS DE PECHUGA DE POLLO"
0112,GALLINA ENTERA O GALLO ENTERO
0112,MENUDOS O VISCERAS DE POLLO
0112,MOLIDA DE POLLO
0112,MUSLITO DE ALA DE POLLO
0112,MUSLITOS O NUGGETS DE POLLO CRUDOS
0112,MUSLO DE POLLO CON PIEL
0112,MUSLO DE POLLO DESHUESADO
0112,MUSLO DE POLLO SIN PIEL
0112,PECHUGA DE POLLO CON PIEL Y HUESO
0112,POLLO ENTERO
0112,TORTAS DE POLLO
0112,TROCITOS DE POLLO
0112,CARNE DE CONEJO
0117,CARNE DE SOYA
0112,PAVO ENTERO
0112,PECHUGA DE PAVO
0112,OTRAS CARNES
0112,"CANTONES, PREPARADO PARA ARROZ"
0112,"CARNE PRENSADA DE RES, AHUMADA"
0112,CHORIZO DE CERDO
0117,CHORIZO DE SOYA
0112,CHORIZO PRECOCIDO
0112,JAMON DE PAVO
0112,JAMON DE PAVO LIGHT
0112,JAMON DE POLLO LIGHT
0112,JAMON DE POLLO O CONEJO
0112,JAMON DE RES O CERDO
0117,JAMON DE SOYA
0112,MORTADELA BOLOGNA (RES Y CERDO)
0112,MORTADELA DE POLLO
0112,MORTADELA JAMONADA (RES Y CERDO)
0112,MORTADELA LIHGT
0113,PATE DE ATUN
0112,PATE DE CERDO O RES
0112,PATE DE POLLO
0112,PEPERONI (RES Y CERDO)
0112,SALAMI
0112,SALCHICHA DE PAVO
0112,SALCHICHA DE POLLO
0112,SALCHICHA DE RES O CERDO
0112,SALCHICHA RELLENA DE QUESO
0112,SALCHICHON DE POLLO
0112,SALCHICHON DE RES O CERDO
0112,TOCINETA
0112,CHORIZO DE POLLO
0112,OTROS EMBUTIDOS
0112,CHICHARRONES TOSTADOS
0113,ALMEJA FRESCA O BERBERECHOS
0113,"ATUN CON VEGETALES (CON MAIZ, CON JALAPEÑOS, ETC.)"
0113,ATUN EN ACEITE
0113,ATUN EN AGUA O LIGHT
0113,ATUN TROZO O FILETE
0113,BACALAO
0113,CABEZAS DE PESCADO (RECORTES)
0113,CALAMARES ENLATADOS
0113,CALAMARES FRESCOS
0113,CAMARONES EMPANIZADOS CONGELADOS
0113,CAMARONES FRESCOS
0113,CAMARONES SECOS
0113,CANGREJO
0113,CHUCHECA
0113,CHULETA DE PESCADO
0113,CORVINA O CORVINETA FILETE
0113,DORADO FILETE
0113,FILETE DE PESCADO
0113,MACARELA O VELA
0113,MARISCADA PARA PAELLA
0113,MARLINES
0113,MEJILLONES EN ACEITE ENLATADOS
0113,MEJILLONES EN ESCABECHE ENLATADOS
0113,MEJILLONES FRESCOS
0113,PARGO FILETE
0113,PESCADO ENTERO
0113,PULPO EN ACEITE ENLATADO
0113,SALMON ENLATADO
0113,SALMON FILETE
0113,SARDINAS EN ACEITE ENLATADAS (ARENQUE)
0113,SARDINAS EN SALSA DE TOMATE O ESCABECHE ENLATADAS
0113,SURIME
0113,TIBURON FILETE
0113,TILAPIA EMPANIZADA CONGELADA
0113,TILAPIA ENTERA
0113,TILAPIA FILETE
0113,"TORTAS CONGELADAS DE PESCADO, DEDOS DE PESCADO EMPANIZADOS"
0113,TRUCHA FILETE
0113,OTROS PESCADOS Y MARISCOS
0114,LECHE AGRIA
0114,CREMA DULCE
0114,DULCE DE LECHE
0114,LECHE CON CEREALES (ARROZ O MAIZ)
0114,LECHE CONDENSADA
0114,LECHE CONDENSADA LIGHT
0114,LECHE DE CABRA (FLUIDA)
0114,LECHE DE SOYA EN POLVO
0114,LECHE DE SOYA FLUIDA
0114,LECHE DESCREMADA BLANCA LIQUIDA (0% GRASA)
0114,LECHE DESCREMADA EN POLVO
0114,LECHE ENTERA FORTIFICADA
0114,LECHE EVAPORADA
0114,LECHE EVAPORADA 0% GRASA O LIGHT
0114,LECHE FRESCA O INTEGRA LIQUIDA
0114,LECHE INLINE 1% O DELACTOMY INLINE LIQUIDA
0114,LECHE INTEGRA EN POLVO
0114,LECHE O CREMA DE COCO
0114,LECHE SEMIDESCREMADA EN POLVO
0114,LECHE SEMIDESCREMADA LIQUIDA
0114,ROMPOPE EN POLVO
0114,ROMPOPE SIN LICOR
0114,LECHE DE ALMENDRA FLUIDA
0114,CHANTILLY PREPARADA SABOR CHOCOLATE O FRESA
0114,CHANTILLY PREPARADA SABOR VAINILLA
0114,CREMA PARA CHANTILLY EN POLVO
0119,"DIPS (DE CEBOLLA, ESPARRAGOS, TOCINETA, CHIPOTLE, VEGETALES, ETC.)"
0114,NATILLA
0114,NATILLA LIGHT
0114,YOGURT CON AZUCAR SABOR A FRUTAS
0114,YOGURT CON TOPPING
0114,YOGURT LIGHT
0114,YOGURT NATURAL
0114,CUAJADA
0114,QUESILLO REQUESON
0114,QUESO AHUMADO
0114,QUESO AZUL O FETA
0114,QUESO CHEDDAR
0114,QUESO COTTAGE
0114,QUESO CREMA (QUESO PARA UNTAR)
0114,QUESO CREMA LIGHT
0114,QUESO DE SOYA (TOFU)
0114,"QUESO DURO O SEMIDURO (PARA FREIR, DADOS DE QUESO)"
0114,QUESO ENMENTAL
0114,QUESO GOUDA
0114,QUESO MADURO (EDAM)
0114,QUESO MANCHEGO
0114,QUESO MOZARELLA
0114,QUESO PALMITO
0114,QUESO PARA NACHOS (DE UNTAR)
0114,QUESO PARMESANO
0114,QUESO PIZZERO
0114,QUESO PROCESADO (AMARILLO)
0114,QUESO PROCESADO AMARILLO LIGHT O MOZARELA LIGHT
0114,QUESO PROVOLONE
0114,QUESO RICOTA
0114,QUESO SECO RAYADO (QUESO MOLIDO)
0114,"QUESO TIERNO, BLANCO (TURRIALBA)"
0114,OTRAS VARIEDADES DE QUESO
0114,HUEVOS DE CODORNIZ FRESCOS O EN CONSERVA
0114,HUEVOS DE GALLINA (BLANCOS O ROJOS)
0114,LECHE SABORIZADA CORRIENTE O DELACTOSADA
0115,ACEITE DE AJONJOLI
0115,ACEITE DE CANOLA
0115,ACEITE DE GIRASOL
0115,ACEITE DE MAIZ
0115,ACEITE DE OLIVA
0115,ACEITE DE PALMA AFRICANA
0115,ACEITE DE SOYA
0115,AJO EN ACEITE
0115,ACEITES EN AEROSOL
0115,ACEITE DE COCO
0115,LACTOCREMA
0115,MANTECA DE CERDO
0115,MANTECA VEGETAL
0115,MANTEQUILLA
0115,MANTEQUILLA DE AJO
0118,MANTEQUILLA DE MANI
0115,MANTEQUILLA LIVIANA Y SIN SAL
0115,MARGARINA CON MIEL
0115,MARGARINA DIETETICA O LIGHT
0115,MARGARINA NORMAL O SUAVE CON SAL
0119,ACHIOTE (EN PASTA)
0119,AJO EN PASTA
0116,AGUACATE HASS O CRIOLLO
0116,ANONA
0116,ARANDANOS
0117,BANANOS MADURO
0117,BANANOS VERDE
0118,CACAO FRUTO
0116,CAIMITO
0118,CAÑA DE AZUCAR (BOLSA)
0116,CAS
0116,CEREZA
0116,CIRUELA ROJA O AMARILLA
0116,COCO RAYADO
0116,COCO TIERNO
0116,COCOS SECOS
0117,CUADRADO MADURO
0117,CUADRADO VERDE
0116,DURAZNO
0116,FRAMBUESA O FRUTILLA
0116,FRESA (CAJA)
0116,FRUTA DE PAN
0116,GRANADILLA
0116,GUABA
0116,GUANABANA
0116,GUAYABA
0116,HIGOS
0116,JOCOTE
0116,KIWIS
0116,LIMON ACIDO CRIOLLO O MESINO
0116,LIMON DULCE
0116,LIMON MANDARINA
0116,MAMON CHINO
0116,MAMON CRIOLLO
0116,MANDARINA
0116,MANGA MADURA
0116,MANGA VERDE
0116,MANGO MADURO
0116,MANGO VERDE
0116,MANZANA
0116,MANZANA DE AGUA
0116,MARACUYA
0116,MARAÑON
0116,MELOCOTON
0116,MELON
0116,MORA O ZARZAMORA (BOLSA)
0116,NANCE (BOLSA)
0116,NARANJA AGRIA
0116,NARANJA DULCE
0116,NARANJILLA
0116,NISPEROS
0116,PAPAYA
0116,PEJIBAYE
0116,PIÑA
0116,PIPA
0116,PITAHAYA
0116,SANDIA
0116,TORONJA
0116,UCHUVA
0116,YUPLON
0116,ZAPOTE
0116,PULPAS O CONCENTRADOS DE FRUTAS
0116,OTRAS FRUTAS FRESCAS
0116,CEREZAS EN CONSERVA
0116,COCTEL DE FRUTAS EN ALMIBAR
0116,MANGO EN CONSERVA
0116,MELOCOTONES EN CONSERVA
0116,PEJIBAYE EN CONSERVA
0119,AJONJOLI
0116,ALMENDRAS O AVELLANAS
0119,CHAN
0119,LINAZA
0116,"MANI A LA BARBACOA, SALADO O PICANTE"
0116,MANI CON CASCARA
0116,"MANI GARAPIÑADO, HONNEY ROST"
0116,MANI SIMPLE SIN CASCARA
0116,NUECES
0116,PASAS
0116,PASAS CON SEMILLAS
0116,PISTACHO
0119,SEMILLAS DE GIRASOL
0119,SEMILLAS DE MARAÑON
0119,SEMILLAS MIXTAS
0119,MORINGA (SEMILLA O MOLIDA)
0119,CHIA (SEMILLA O MOLIDA)
0119,OTRAS SEMILLAS
0117,BANANO DESHIDRATADO (PASADOS)
0116,CIRUELA PASA
0118,FRUTA CONFITADA O CRISTALIZADA
0116,"OTRAS FRUTAS DESHIDRATADAS (MIXTAS, MANGO, PIÑA, KIWI)"
0117,HARINA DE YUCA O PEJIBAYE
0117,GUINEO VERDE
0117,PLATANO MADURO
0117,PLATANO VERDE
0117,AJO
0117,ALCACHOFA
0117,ALCAPARRAS
0117,ALFALFA
0117,APIO FRESCO
0117,ARUGULA O RUGULA
0117,AYOTE SAZON Y CALABAZA
0117,AYOTE TIERNO
0117,BERENJENA
0117,BERROS
0117,BROCOLI
0117,CEBOLLIN
0117,CHAYOTE
0117,CHAYOTE COCORO
0117,CHAYOTE SAZON
0117,CHILE DULCE O PIMIENTO
0117,CHILE PICANTE O JALAPEÑO
0116,CHIVERRE
0117,COL DE BRUSELAS
0117,COLIFLOR CRUDA
0119,CULANTRO CASTILLA
0119,CULANTRO COYOTE
0111,ELOTE BLANCO Y AMARILLO
0117,ESPARRAGOS FRESCOS
0117,ESPINACAS
0117,FLOR DE ITABO
0119,HIERBA BUENA FRESCA
0117,HONGOS FRESCOS
0117,"LECHUGA AMERICANA, VERONICA"
0117,LECHUGA CRIOLLA
0117,MINIVEGETALES
0117,MOSTAZA EN HOJAS
0117,PALMITO (BOLSA)
0117,PIPIAN
0117,PUERRO
0117,REPOLLO MORADO
0117,REPOLLO VERDE
0129,SABILA
0117,TACACO
0117,TOMATES CHERRIES
0117,VAINICA
0117,ZAPALLO O ZUQUINI
0117,"VERDURAS PICADAS (ZANAHORIAS, VAINICAS, ETC.)"
0117,CHILE PANAMEÑO
0117,OTROS VEGETALES Y HORTALIZAS FRESCOS
0117,"ARVEJA, PETIT POIS O CHICHAROS FRESCOS"
0117,CUBACES
0117,FRIJOL DE SOYA
0117,FRIJOLES BLANCOS
0117,FRIJOLES NEGROS
0117,FRIJOLES ROJOS
0117,FRIJOLES TIERNOS O NACIDOS
0117,GARBANZOS
0117,LENTEJAS
0117,ARRACACHE
0117,CAMOTE
0117,CEBOLLA (BLANCA O MORADA)
0117,MALANGA
0117,ÑAME
0117,ÑAMPI
0117,PAPA
0117,RABANO LARGO
0117,RABANO REDONDO
0117,RAIZ DE CHAYOTE
0117,REMOLACHA
0117,TIQUISQUE
0117,YUCA
0117,ZANAHORIA
0119,AROS DE CEBOLLA CONGELADOS
0119,PAPAS CONGELADAS LISTAS PARA FREIR
0117,"PREPARADO PARA PURE DE PAPA, YUCA Y CAMOTE"
0119,PURES O COLADOS DE VERDURA Y CARNES
0117,VERDURAS PARA OLLA CARNE CRUDAS
0117,ACEITUNAS EN CONSERVA
0117,ACEITUNAS RELLENAS EN CONSERVA
0117,"ARVEJAS, GUISANTES O PETIT POIS EN CONSERVA"
0117,CEBOLLITAS EN CONSERVA
0117,CHILE CHIPOTLE EN CONSERVA
0117,CHILERO DE VEGETALES
0117,CHILES JALAPEÑOS EN CONSERVA
0117,ELOTES EN CONSERVA
0117,ENCURTIDOS DE VEGETALES EN MOSTAZA
0117,ENCURTIDOS DE VEGETALES EN VINAGRE
0117,ESPARRAGOS EN CONSERVA
0117,FRIJOLES MOLIDOS EN CONSERVA
0117,FRIJOLES PREPARADOS EMPACADOS
0117,GARBANZOS EN CONSERVA
0117,HONGOS EN CONSERVA
0117,MAIZ DULCE EN CONSERVA
0117,PALMITO EN CONSERVA
0117,PEPINILLOS EN CONSERVA
0117,TOMATES EN CONSERVA
0117,VEGETALES MIXTOS EN CONSERVA
0117,PAPAS TOSTADAS
0117,PLATANITOS Y YUQUITAS TOSTADAS
0118,POLEN
0118,APRETADOS
0118,BOLIS
0118,HELADOS A BASE DE AGUA (PALETA O PALITO)
0118,"HELADOS A BASE DE LECHE (PALETA, PALITO, CAJITA O GALON)"
0118,HELADOS DE YOGURT O LIGHT
0118,QUEQUE HELADO O HELADO CON GALLETA
0118,PURES O COLADOS DE FRUTAS
0118,AZUCAR MORENO
0118,AZUCAR REFINADA (EN POLVO)
0118,AZUCAR REGULAR
0118,DULCE EN POLVO
0118,TAPA DE DULCE
0118,EDULCORANTES
0118,"SACARINA, CRISTALOSA Y OTROS SUSTITUTOS DEL AZUCAR"
0118,JALEA O MERMELADA DE FRUTAS
0118,JALEA O MERMELADA DE FRUTAS DIETETICA
0118,"MELAZA O MIEL DE CHIVERRE, MIEL DE AYOTE"
0118,MIEL DE ABEJA
0118,MIEL O SIROPE DE MAPLE
0118,MIEL DE TAPA DULCE LIQUIDA
0118,"SIROPES DE CHOCOLATE, FRESA O CARAMELO PARA POSTRES"
0118,"SIROPES DE SABORES (ROJO, VERDE, NARANJA, MORADO, AMARETTO, ETC.)"
0118,SIROPES DE SABORES O MAPLE LIGH
0118,OTRAS MIELES O MERMELADAS
0118,BOMBONES DE CHOCOLATE Y BOTONETAS
0118,CAJETAS (TORONJA RELLENA)
0118,"CARAMELOS, TURRONES SIN AZUCAR"
0118,"CARAMELOS, TURRONES Y MELCOCHAS"
0118,CHCLES SIN AZUCAR
0118,CHICLES (GOMA DE MASCAR)
0118,CHOCOLATES EN BARRA PARA DIABETICOS
0118,CHOCOLATES EN BARRA U OTRAS PRESENTACIONES
0118,"CONFITES, CHUPAS O POPIS, GOMITAS"
0118,CONFITILLOS PARA DECORAR
0118,FLAN DE CAJITA
0118,GELATINA EN POLVO
0118,GELATINA LIGHT EN POLVO
0118,GELATINA SIN SABOR (POLVO O LAMINA)
0118,LUSTRE DE CHOCOLATE
0118,MARSHMALLOWS
0118,NUTELLA
0118,"PUDIN DE VAINILLA, LIMON O CHOCOLATE EN POLVO"
0118,SUSPIROS
0118,OTRAS GOLOSINAS O PREPARADOS PARA POSTRES
0114,CREMA PARA FRESCO
0119,MEZCLAS PARA BEBIDAS ARTIFICIALES SIN AZUCAR
0119,MEZCLA PARA BEBIDAS
0118,HIELO
0118,GELATINA PREPARADA
0118,PUDIN O TAPIOCA PREPARADO
0119,FORMULA NUTRITIVA
0119,"LECHE FORMULA MATERNIZADA, EN POLVO"
0119,SUPLEMENTOS LACTEOS PARA BEBES
0119,SUPLEMENTOS PARA DEPORTISTAS
0119,SUSTITUTOS DE COMIDAS
0119,OTROS SUCEDANEOS LACTEOS
0119,MAYONESA CORRIENTE
0119,MAYONESA DE SOYA
0119,MAYONESA LIGHT
0119,MAYONESA Y SALSA TARTARA
0119,ALBAHACA FRESCA
0119,"HOJAS DE RABANO, REMOLACHA, QUELITES Y MALVA"
0119,MANZANILLA FRESCA
0119,OREGANO FRESCO
0119,PEREJIL FRESCO
0119,ROMERO FRESCO
0119,TOMILLO FRESCO
0119,"ENSALADAS DE VEGETALES EMPACADAS (CESAR, ETC.)"
0119,ENYUCADOS CON CARNE O QUESO CONGELADOS
0119,GUACAMOLE EMPACADO
0119,PICO DE GALLO EMPACADO O SERVIDO
0119,AJINO MOTO
0119,AJO EN POLVO
0119,ALBAHACA PROCESADA
0119,ANIS DE ESTRELLA
0119,APIO EN SEMILLAS
0119,AZAFRAN
0119,CANELA
0119,CEBOLLA EN POLVO
0119,"CHILE EN POLVO, PAPRIKA O PIMENTON"
0119,CLAVO DE OLOR
0119,"COLORANTE (AMARILLO, ROJO, VERDE VEGETAL)"
0119,COMINO
0119,CONDIMENTO MIXTO O BOMBA
0119,CONSOME O CUBITOS
0119,CREMOR TARTARO
0119,CULANTRO MOLIDO
0119,CURCUMA
0119,CURRY EN POLVO
0119,EMPANIZADOR DE PESCADO
0119,EMPANIZADOR DE POLLO
0119,EMPANIZADOR PARA TEMPURA
0119,ESENCIAS CULINARIAS
0119,"ESPIRITU DE ANIS, MENTA, CANELA, ETC."
0119,JAMAICA EN SEMILLAS O MOLIDA
0119,JENGIBRE
0119,LAUREL
0119,LEVADURA
0119,NUEZ MOSCADA
0119,OREGANO PROCESADO
0119,PEREJIL EN POLVO
0119,PIMIENTA BLANCA
0119,PIMIENTA NEGRA (ENTERA Y EN POLVO)
0119,PIMIENTA ROJA O CAYENA
0119,POLVOS PARA HORNEAR
0119,ROMERO PROCESADO
0119,ROSA DE JAMAICA
0119,SAL FINA O GRUESA
0119,SAL MARINA
0119,SAZONADOR COMPLETO
0119,TOMILLO PROCESADO
0119,VAINILLA
0119,PASTILLA. LIQUIDO O CUAJO PARA CORTAR EL QUESO
0119,OTROS CONDIMENTOS Y SIMILARES
0119,ADEREZO FRANCES
0119,ADEREZO ITALIANO
0119,ADEREZO MOSTAZA MIEL
0119,ADEREZO PARA SANDWICH CON PEPINILLOS
0119,"ADEREZO RANCH, CESAR, MIL ISLAS"
0119,ADEREZO PARA ENSALADA LIGHT
0119,MOSTAZA COMERCIAL
0119,"PASTAS DE TOMATE, TOMATINAS, NATURAS, SOFRITOS, RANCHERAS, ITALIANAS"
0119,SALSA A LA BARBACOA
0119,SALSA AL PESTO
0119,SALSA BLANCA
0119,SALSA CON TROZOS DE TOMATE
0119,SALSA DE OSTION
0119,SALSA CHINA O DE SOYA
0119,SALSA DE TOMATE
0119,"SALSA INGLESA, SALSA DE VEGETALES"
0119,SALSA INGLESA LIGH O REDUCIDA EN SAL
0119,SALSA PICANTE Y TABASCO
0119,SALSA ROSADA
0119,SALSA TERIYAKI
0119,SALSAS PARA CARNES
0119,"VINAGRE BLANCO U OSCURO (DE ARROZ, SINTETICO)"
0119,VINAGRES FRUTALES
0119,OTROS ADEREZOS O SALSAS
0114,CREMAS DESHIDRATADAS
0114,CREMAS PREPARADAS ENVASADAS
0119,SOPA DE POLLO O PESCADO DESHIDRATADA
0119,SOPA DE RES O FRIJOLES DESHIDRATADA
0119,SOPAS DE MICROONDAS (CON FIDEOS)
0119,SOPAS PREPARADAS ENVASADAS
0119,OTRAS SOPAS O CREMAS
0119,BURRITOS CONGELADOS
0119,TACOS Y FLAUTAS LISTOS PARA FREIR
0114,CREMA PARA CAFE
0114,CREMA PARA CAFE LIGHT
0122,CAFE EN GRANO
0122,CAFE INSTANTANEO O SOLUBLE
0122,CAFE MOLIDO
0122,CAFE MOLIDO SABORIZADO
0124,COCOA
0123,TE DE HIERBAS (MANZANILLA) Y DE FRUTAS EN BOLSITAS
0123,TE NEGRO EN BOLSITAS
0123,HORCHATA O PINOLILLO
0123,OTROS TIPOS DE PRODUCTOS PARA BEBIDAS
0125,"AGUA CARBONATADA (QUINADA, SODA) O SABORIZADA"
0129,AGUA DE PIPA
0125,AGUA ENVASADA
0121,BATIDOS DE FRUTAS Y VEGETALES
0126,BEBIDAS GASEOSAS DIETETICAS ENVASADAS
0126,BEBIDAS GASEOSAS REGULARES ENVASADAS
0129,BEBIDAS ENERGETICAS DIETETICAS
0129,BEBIDAS ENERGETICAS
0129,BEBIDAS DE MALTA
0129,BEBIDAS HIDRATANTES
0121,JUGO DE VEGETALES (TOMATE)
0129,OTRAS BEBIDAS NO ALCOHOLICAS
0219,COCTELES ENVASADOS
0219,CREMAS DE LICOR ENVASADAS
0211,GUARO O AGUA ARDIENTE ENVASADO
0211,RON CORRIENTE O DE COCO ENVASADO
0211,TEQUILA ENVASADO
0211,VODKA ENVASADO
0211,WHISKY ENVASADO
0211,"OTROS LICORES O AGUA ARDIENTES (JEREZ, BRANDI, GINEBRA, COGNAC)"
0212,VINO ENVASADO
0212,SIDRA
0213,CERVEZA LIGHT O DIETETICA ENVASADA
0213,CERVEZA REGULAR ENVASADA
0213,CERVEZA SIN ALCOHOL ENVASADA
0230,CIGARRILLOS
0230,OTROS PRODUCTOS DE TABACO U ESTUPEFACIENTES
0240,COCAINA Y SU DERIVADOS
0240,MARIHUANA
0311,TELAS PARA CONFECCIONAR PRENDAS DE VESTIR
0312,ABRIGO PARA BEBE
0312,BLUSA O CAMISA PARA BEBE
0312,CALZON O CALZONCILLO PARA BEBE
0312,CAMISETA PARA BEBE
0312,ESCARPINES PARA BEBE
0312,FAJERO PARA BEBE
0312,"JUEGO (PANTALON, SHORT, ENAGUA Y CAMISA, CAMISETA, BLUSA ETC.) PARA BEBE"
0312,JUEGO DE ROPA INTERIOR PARA BEBE
0312,LICRA PARA BEBE
0312,MAMELUCO PARA BEBE
0312,MANTILLAS PARA BEBE
0312,MEDIAS O CALCETAS PARA BEBE
0312,OVEROL PARA BEBE
0312,PANTALON PARA BEBE
0312,PANTALONETA DE BAÑO PARA BEBE
0312,PANTIMEDIA O LEGGING PARA BEBE
0312,PIJAMA PARA BEBE
0312,SHORT DE BEBE O PANTALONETA DE VESTIR PARA BEBE
0312,TRAJE DE BAÑO
0312,UNIFORME ESCOLAR PARA BEBE
0312,VESTIDO PARA BEBE
0312,ABRIGO PARA NIÑA O NIÑO
0312,BATA DE BAÑO PARA NIÑA O NIÑO
0312,BUZO PARA NIÑA O NIÑO
0312,"BOXER, CALZON O CALZONCILLO PARA NIÑA O NIÑO"
0312,BLUSA O CAMISA PARA NIÑA O NIÑO
0312,CAMISETA PARA NIÑA O NIÑO
0312,ENAGUA PARA NIÑA
0312,ENTERIZO PARA NIÑA
0312,JUEGO DE ROPA INTERIOR PARA NIÑA O NIÑO
0312,GABACHA PARA NIÑA O NIÑO
0312,JACKET O CHAQUETA PARA NIÑA O NIÑO
0312,"JUEGO (PANTALON, SHORT, ENAGUA Y CAMISA, CAMISETA, BLUSA ETC.) PARA NIÑA O NIÑO"
0312,LICRA PARA NIÑA
0312,MANGANO Y PESCADOR PARA NIÑA MENOR DE 12 AÑOS
0312,MEDIAS O CALCETAS PARA NIÑA O NIÑO
0312,OVEROL PARA NIÑA O NIÑO
0312,PANTALON PARA NIÑA O NIÑO
0312,PANTALONETA DE BAÑO PARA NIÑO
0312,SHORT DE NIÑA O PANTALONETA DE VESTIR PARA NIÑO
0312,PANTIMEDIA O LEGGING PARA NIÑA
0312,PIJAMA PARA NIÑA O NIÑO
0312,TOP PARA NIÑA
0312,UNIFORME DEPORTIVO PARA NIÑA O NIÑO
0312,UNIFORME ESCOLAR PARA NIÑA O NIÑO
0312,VESTIDO PARA NIÑA
0312,OTRAS PRENDAS DE VESTIR PARA NIÑA O NIÑO
0312,ABRIGO PARA HOMBRE
0312,BERMUDA PARA HOMBRE
0312,BUZO PARA HOMBRE
0312,CALZONCILLO O BOXER PARA HOMBRE
0312,CAMISA PARA HOMBRE
0312,CAMISETA PARA HOMBRE
0312,CHALECO PARA HOMBRE
0312,GABACHA PARA HOMBRE
0312,JACKET O CHAQUETA PARA HOMBRE
0312,MEDIAS O CALCETAS PARA HOMBRE
0312,PANTALON PARA HOMBRE
0312,PANTALONETA DE BAÑO PARA HOMBRE
0312,PANTALONETA DE VESTIR PARA HOMBRE
0312,PIJAMA PARA HOMBRE
0312,SACO PARA HOMBRE
0312,TRAJE ENTERO PARA HOMBRE
0312,UNIFORME DEPORTIVO PARA HOMBRE
0312,UNIFORME ESCOLAR O COLEGIAL PARA HOMBRE
0312,OTRAS PRENDAS DE VESTIR PARA HOMBRES
0312,ABRIGO O SUETER PARA MUJER
0312,BATA PARA MUJER
0312,BLUSA PARA MUJER
0312,BOXER PARA MUJER
0312,BRASSIER PARA MUJER
0312,"CALZON, TANGA, HILO PARA MUJER"
0312,CAMISETA PARA MUJER
0312,CHALECO PARA MUJER
0312,"CONJUNTO (ENAGUA Y SACO, PANTALON Y SACO, ETC.) PARA MUJER"
0312,ENAGUA O FALDA PARA MUJER
0312,ENTERIZO PARA MUJER
0312,FUSTAN (CHINGO) PARA MUJER
0312,GABACHA PARA MUJER
0312,JACKET O CHAQUETA PARA MUJER
0312,JUEGO DE ROPA INTERIOR PARA MUJER
0312,LICRA PARA MUJER
0312,LIGAS O LIGUEROS PARA MUJER
0312,MANGANO Y PESCADOR PARA MUJER
0312,MEDIAS O CALCETAS PARA MUJER
0312,OVEROL PARA MUJER
0312,PANTALON PARA MUJER
0312,PANTIMEDIA O LEGGING PARA MUJER
0312,PIJAMA PARA MUJER
0312,SACO PARA MUJER
0312,SHORT PARA MUJER
0312,TOP PARA MUJER
0312,UNIFORME DEPORTIVO PARA MUJER
0312,UNIFORME ESCOLAR Y COLEGIAL PARA MUJER
0312,UNIFORME PARA TRABAJO PARA MUJER
0312,VESTIDO DE BAÑO Y BIKINI PARA MUJER
0312,VESTIDO DE NOVIA Y VELO PARA MUJER
0312,VESTIDO PARA MUJER
0312,PANTALONETA PARA MUJER
0312,OTRAS PRENDAS DE VESTIR PARA MUJERES
0313,BOTONES
0313,BROCHES DE PRESION Y DE CABEZA
0313,"CINTA DE RUEDO, VIVO, CABALLITO, CORDON, ETC."
0313,ELASTICO
0313,HILO (DE COSER Y DE TEJER)
0313,LANA
0313,ZIPPER
0313,"OTROS ARTICULOS DE PASAMANERIA, BAZAR O BISUTERIA"
0313,INSIGNIAS ESCOLARES Y COLEGIALES
0313,BABERO PARA BEBE
0313,BUFANDA
0721,CASCOS PROTECTORES PARA MOTOCICLISTAS (QUE UTILICEN MOTOCICLETA COMO MEDIO DE TRANSPORTE)
0313,CORBATA O CORBATIN
0313,DELANTAL
0313,FAJA
0313,"GORRA, GORRO, BOINA Y SIMILARES"
0313,"GUANTES (PARA VESTIR, JARDINERIA, TRABAJO Y OTROS DISTINTOS A LOS DE LATEX O LIMPIEZA)"
0313,MANGAS PROTECTORAS DEL SOL
0313,PAÑOLETA O PASHMINA
0313,PAÑUELO DE TELA
0313,SOMBRERO
0313,OTROS ACCESORIOS DE VESTIR
0314,LAVADO O LIMPIEZA DE PRENDAS DE VESTIR
0314,TINTE DE PRENDAS DE VESTIR
0314,ALQUILER DE TRAJE ENTERO
0314,ALQUILER DE VESTIDO DE MUJER
0314,CONFECCION DE PRENDAS DE VESTIR
0314,REPARACION Y MODIFICACION DE PRENDAS DE VESTIR
0321,BOTAS DE HULE
0321,"BOTAS, BOTINES"
0321,PANTUFLAS
0321,SANDALIA DE GAMUZA
0321,SANDALIAS DE CUERO
0321,SANDALIAS DE HULE
0321,SANDALIAS DE TELA
0321,SANDALIAS DE VINIL
0321,TENIS DE CUERO
0321,TENIS DE LONA U OTROS MATERIALES SIMILARES
0321,TENIS DE VINIL
0321,ZAPATOS DE CUERINA
0321,ZAPATOS DE CUERO
0321,ZAPATOS DE GAMUZA
0321,ZAPATOS DE HULE
0321,ZAPATOS DE TELA DE LONA
0321,ZAPATOS DE VINIL
0321,OTROS TIPOS DE ZAPATOS
0322,PLANTILLAS PARA CALZADO (NO ORTOPEDICAS)
0322,REPARACION DE CALZADO (MANO DE OBRA Y MATERIALES)
0411,ALQUILER DE O PENSION UTILIZADOS COMO RESIDENCIA PRINCIPAL
0411,ALQUILER DE LA VIVIENDA QUE OCUPA EL HOGAR
0411,ALQUILER DE LA VIVIENDA QUE OCUPA EL HOGAR (INCLUYE UN SERVICIO)
0412,ALQUILER DE OTRA VIVIENDA PARA VACACIONAR O PARA RECREACION (SEGUNDAS RESIDENCIAS)
0412,OTRO TIPO DE ALQUILER
0431,"ADITIVOS PARA PEGAR PISOS (BONDER, FRAGUA)"
0431,ALAMBRE
0431,ANGULAR DE ACERO O LAMINADO EN CALIENTE
0431,ARENA
0431,AZULEJO
0431,BALDOSA HORIZONTAL
0431,BARNIZ
0431,BLOCK
0431,BROCHAS
0431,CANOAS
0431,CEDAZO
0431,CEMENTO PORTLAND
0431,CEPILLO DE ACERO Y SIMILARES
0431,CERAMICA PARA PISO
0431,COLAS (PEGAMENTO) PARA EMPAPELAR
0431,DILUYENTES (AGUARRAS U OTROS)
0431,ENCHAPES O LISTELOS PARA PAREDES
0531,FREGADERO
0431,INODORO
0431,LAMINA DE GYPSUM
0431,LAMINA DE MELAMINA
0431,LAMINA DE PLYWOOD
0431,LAMINA DE ZINC
0431,LAMINA FIBROCEMENTO
0431,LAMINA TRANSPARENTE
0511,LAVATORIO
0431,MADERA
0431,MALLA
0431,"MASILLA, MATERIALES PARA GRIETAS Y PEGAMENTO PARA TUBOS"
0431,"MATERIALES PEQUEÑOS DE FONTANERIA (UNION, TE, CODO, TUBOS, ETC.)"
0431,MORTERO CON LATEX PARA PEGAR CERAMICA
0431,MORTERO PARA PRIMERA CAPA DE REPELLO (REPELLO GRUESO)
0431,OCRE
0431,PAPEL TAPIZ
0431,"PERLING, ANGULARES Y SIMILARES"
0431,PIEDRA QUEBRADA
0431,PILA CEMENTO
0431,PINTURA
0431,PORCELANATO
0431,PUERTA DE MADERA
0431,PUERTA DE METAL O PORTONES
0431,REVESTIMIENTO
0431,RODAPIE
0431,SELLADOR
0431,TABLA FORMALETA
0431,TABLILLA
0561,"TORNILLOS, TUERCAS Y ARANDELAS"
0431,TUBOS DE METAL
0431,VARILLA
0431,VIDRIOS Y CELOSIAS
0431,DETENEDOR DE PUERTAS
0431,OTRAS TIPOS DE LAMINAS
0431,TUBERÍA DE CONCRETO
0431,"OTROS MATERIALES PARA LA REPARACION, CONSERVACION O REMODELACION DE LA VIVIENDA"
0431,LLAVES DE BAÑO
0431,LLAVINES Y CERRADURAS
0431,PLATONES / SOCKETS
0431,"REPUESTOS PARA SERVICIO SANITARIO (BOMBA, TAPA)"
0431,RODILLO PARA PINTAR
0431,TEFLON
0431,OTROS ACCESORIOS PARA LA VIVIENDA
0431,COMPRA DE MATERIALES PARA REPARACIONES HECHAS POR EL PROPIO HOGAR
0443,LIMPIEZA O REPACACION DE TANQUES SEPTICOS
0562,SERVICIO DE FUMIGACION Y EXTERMINACION DE PLAGAS
0432,SERVICIOS DE ALBAÑILERIA
0432,SERVICIOS DE ELECTRICIDAD
0432,SERVICIOS DE FONTANERIA
0432,SERVICIOS DE PINTURA Y EMBARNIZADO
0432,"SERVICIOS VARIOS DE MANO DE OBRA PARA RAPARACION, MANTENIMIENTO O REMODELACION"
0432,"SERVICIO DE INSTALACIÓN DE PORTONES (INCLUYE MANO DE OBRA, REPARACIÓN Y MANTENIMIENTO)"
0432,OTROS SERVICIOS CONTRATADOS
0441,INSTALACION O RECONEXION DE MEDIDOR DE AGUA
0441,SUMINISTRO DE AGUA DE POZO 
0444,CUOTAS PARA LIMPIEZA DE ZONAS VERDES Y JARDINES DE AREAS COMUNES
0444,CUOTAS PARA MANTENIMIENTO DE CONDOMINIOS
0432,"SERVICIO DE VIGILANCIA (GUARDAS, ADT, ETC.)"
0442,SERVICIO PRIVADO DE RECOLECCION DE BASURA
0444,OTROS GASTOS O CUOTAS PARA LA VIVIENDA
0451,INSTALACION O RECONEXION DEL MEDIDOR DE ELECTRICIDAD
0451,ELECTRICIDAD
0452,CILINDROS PARA GAS LICUADO
0452,RECARGA DE GAS LICUADO (DE COCINA)
0453,CANFIN
0454,CARBON
0454,LEÑA
0455,OTROS COMBUSTIBLES
0511,ACCESORIOS PARA BAÑO
0511,ALACENA
0512,ALQUILER DE MUEBLES
0511,BANCO (SILLA SIN RESPALDAR)
0511,BIBLIOTECA
0511,BOTIQUIN
0511,CAMA INDIVIDUAL (CATRE)
0511,CAMA MATRIMONIAL
0511,CAMAROTE
0511,CANDELABROS
0511,CLOSET ARMABLE
0511,COLCHON INDIVIDUAL
0511,COLCHON MATRIMONIAL
0521,COLCHONETA O ESPUMA
0511,COMODA
0511,CUADROS NO CONSIDERADOS OBRAS DE ARTE VALIOSAS
0511,CUNA
0511,DESAYUNADOR
0511,ENCIERRO DE BEBE
0511,ESCRITORIO
0511,ESCULTURAS NO CONSIDERADOS OBRAS DE ARTE VALIOSAS
0511,ESPEJO
0511,ESQUINERO
0511,GABINETE PARA BAÑO
0511,JUEGO DE COMEDOR
0511,JUEGO DE SALA
0511,LAMPARAS (TODO TIPO DE EQUIPO PARA ILUMINACION)
0511,MECEDORA
0511,MESA DE COMEDOR
0511,MESA DE NOCHE
0511,MESA DE SALA
0511,MUEBLE DE TV O EQUIPO DE SONIDO
0511,MUEBLE EMPOTRADO PARA APLANCHAR (APLANCHADOR)
0511,"MUEBLES DE BAMBU, CAÑA, ETC."
0511,MUEBLES DE COCINA
0511,"MUEBLES DE HIERRO (TERRAZA, ETC.)"
0511,MUEBLES PARA COMPUTADORA
0511,MUEBLES PARA JARDIN
0511,PORTALIMENTOS
0511,PORTARRETRATO
0511,RELOJ DE MESA O PARED
0511,ROPERO (ARMARIO)
0511,SILLA
0511,SILLA PARA COMER DE BEBE
0511,SILLON O SOFA
0511,SOFA CAMA
0511,TRASTERO O TRINCHANTE
0561,"VELAS, INCIENSO Y ACEITES AROMATICOS"
0511,ZAPATERA
0511,OTROS ACCESORIOS PARA EL HOGAR
0511,OTROS MUEBLES PARA EL HOGAR
0511,ALFOMBRAS A LA MEDIDA DE MATERIAL TEXTIL
0511,ALFOMBRAS DE CAUCHO
0511,ALFOMBRAS SUELTAS DE MATERIAL TEXTIL
0432,COLOCACION DE MATERIALES PARA PISOS
0431,OTRAS ALFOMBRAS Y CUBIERTAS PARA PISO
0512,REPARACION Y MANTENIMIENTO DE OTROS MUEBLES ACCESORIOS Y MATERIALES PARA PISOS
0512,"REPARACION, MANTENIMIENTO Y RESTAURACION DE MUEBLES"
0511,ALFOMBRA DE BAÑO
0521,ALMOHADA O ALMOHADON
0521,BANDERA
0521,BOLSA PARA GUARDAR ROPA
0561,BOLSA Y FILTROS DE TELA PARA CHORREAR CAFE
0521,BOLSOS O SACOS PARA COMPRAS
0521,COBIJA
0521,CORTINA DE TELA
0521,CUBRECOLCHON
0521,CUBREMUEBLE
0521,ESTERAS O PETATES
0521,FELPUDOS
0521,FRANELA O COBIJA PARA NIÑOS O PARA VIAJE
0521,FUNDAS
0521,HAMACA
0522,INSTALACION DE CORTINAS
0521,JUEGO DE BAÑO
0521,"JUEGO DE CAMA (SABANA, COBERTOR, FUNDAS)"
0521,MANTEL DE TELA
0521,PAÑO O TOALLA PARA BAÑO
0521,SABANAS
0511,TAPETE
0521,TELA PARA CORTINA
0521,TELA PARA MANTEL
0521,TELA PARA MUEBLES
0521,TELA PARA SABANAS
0521,TOLDO PARA CAMAS
0511,TOLDO PARA ESPACIOS AL AIRE LIBRE
0521,OTROS TEJIDOS Y ACCESORIOS PARA EL HOGAR
0531,HUMIDIFICADOR O DESHUMIFICADOR AMBIENTALES NO ELECTRICOS
0533,REPUESTOS PARA ELECTRODOMESTICOS
0531,COMPRA DE AIRE ACONDICIONADO
0531,COMPRA DE ASPIRADORA O SOPLADORA
0551,COMPRA DE BOMBA PARA AGUA
0531,"COMPRA DE CALENTADOR DE AGUA, ELECTRICO"
0531,COMPRA DE CEPILLO PARA PISO ELECTRICO
0531,COMPRA DE COCINA DE GAS O ELECTRICA
0531,COMPRA DE CONGELADORES
0531,COMPRA DE EXTRACTOR DE GRASA
0531,COMPRA DE FILTROS DE AGUA
0531,COMPRA DE HORNO DE MICROONDAS
0531,COMPRA DE HORNO ELECTRICO O DE GAS
0532,COMPRA DE HORNO TOSTADOR
0531,COMPRA DE HUMIDIFICADOR O DESHUMIFICADOR AMBIENTAL ELECTRICO
0531,COMPRA DE LAVADORA DE PLATOS
0531,COMPRA DE LAVADORA DE ROPA
0531,COMPRA DE MAQUINA PARA COSER
0531,COMPRA DE PARRILLA Y ASADOR
0531,COMPRA DE PLANTILLA DE GAS O ELECTRICA
0531,COMPRA DE REFRIGERADORA
0531,COMPRA DE SECADORA DE ROPA
0511,REPISAS PARA EL HOGAR
0532,OLLA MULTIUSO
0532,ABANICO ELECTRICO
0532,BATIDORA
0532,CAFETERA ELÉCTRICA O COFFEE MAKER
0532,DUCHA PARA AGUA CALIENTE
0532,EXTRACTOR DE JUGO ELECTRICO
0532,LICUADORA
0532,MOLINOS DE CAFE U OTROS GRANOS ELECTRICOS
0532,OLLA ARROCERA ELECTRICA
0532,OLLA DE COCIMIENTO LENTO
0532,OLLA DE VAPOR
0532,OLLA FREIDORA ELECTRICA
0532,PERCOLADOR
0532,PLANCHA ELECTRICA DE ROPA
0532,PLANCHA ELECTRICA PARA COCINAR
0532,PROCESADOR DE ALIMENTOS
0532,SANDWICHERA O WAFLERA
0540,SARTEN ELECTRICO
0532,TOSTADOR DE PAN
0532,OTROS ARTEFACTOS ELECTRICOS PEQUEÑOS PARA EL HOGAR
0532,TETERA ELECTRICA
0533,REPARACION Y MANTENIMIENTO DE ARTEFACTOS ELECTRICOS PEQUEÑOS PARA EL HOGAR
0533,REPARACION Y MANTENIMIENTO DE ARTEFACTOS GRANDES PARA EL HOGAR ELECTRICOS O NO
0532,ABRELATAS Y SACACORCHOS NO ELECTRICOS
0532,AFILADOR DE CUCHILLOS
0540,ARTICULOS DECORATIVOS EN MADERA
0540,ARTICULOS USADOS COMO DECORACION
0540,AZUCARERA
0532,BALANZA DE ALIMENTOS
0540,BALDE DE PLASTICO
0540,BANDEJA DE HIELO
0540,BASURERO
0532,BATIDOR MANUAL
0540,BEBERITO
0540,CAFETERA NO ELECTRICA
0532,CANASTAS PARA ROPA
0540,CHORREADOR
1329,CHUPETA
1329,CHUPON
0540,COBERTOR DE DISCO DE COCINA
0540,COLADOR
0540,COLGADOR DE PAÑO
0540,COMAL
0540,COPA DE VIDRIO
0540,CORTADOR MULTIPLE
0540,"CUCHARON, CUCHARA CON RANURAS O HELADOS"
0540,CUCHARA O CUCHARITA
0540,CUCHILLO DE COCINA
0540,DISPENSADOR (TODO TIPO)
0540,EMBUDO
0540,ENSALADERA
0540,ESCURRIDOR (TODO TIPO)
0540,ESPATULA
0540,ESTERILIZADOR
0532,EXPRIMIDOR DE JUGO NO ELECTRICO
0540,"FLOREROS DE BARRO, LOZA, CERAMICA O PORCELANA"
0540,FLOREROS DE VIDRIO
0511,GAVETERO ARMABLE DE PLASTICO
0540,HIELERA
0540,HISOPO DE COCINA
0540,JABONERA
0540,JARRON
0540,JUEGO DE CUBIERTOS
0540,JUEGO DE DULCERAS
0540,JUEGO DE VASOS
0540,"MANTEQUILLERA DE LOZA, CERAMICA O PORCELANA"
0532,MAQUINA PARA HACER TORTILLAS
0540,"MOLDES PARA PAN, QUEQUES Y GALLETAS"
0532,"MOLINOS NO ELECTRICOS (PARA MAIZ, CAFE, ETC.)"
0540,OLLA DE METAL
0540,OLLA DE PRESION
0540,PALANGANA O TINA
0540,PALETA CALADA
0540,PALILLERO
0543,PAPELERA DE COCINA
1322,PASITOS O PASOS DEL NIÑO
0540,PELADOR DE PAPAS O SACABOCADOS DE VERDURAS O FRUTAS
0540,PICHEL
0540,PLATO
0540,PORTA CUBIERTOS
0540,PORTA TOALLAS
0540,POTE HERMETICO
0540,PRENSA BOLSAS
0540,PYREX
0540,RALLADOR
0540,RECIPIENTES PARA AGUA
0540,RECIPIENTES PARA ESPECIES
0540,RECIPIENTES PLASTICOS PARA ALIMENTOS O PARA MICROONDAS
0540,RODILLO
1322,ROSARIO Y OTROS ARTICULOS RELIGIOSOS
1329,SACA DIENTES
0540,SALERO
0540,SARTEN
0540,TENAZA (TODO TIPO) O SERVIDOR DE ESPAGUETTI O TALLARINES
0540,SERVILLETERO
0540,SET DE OLLAS
0540,SET DE TE O CAFE
0540,SOPERAS
0540,TABLA PARA PICAR
0540,TAZA DE MEDIR O JARRA
0540,TAZON (TODO TIPO)
0540,TENDEDERO
0540,TENEDOR
0540,TERMO
0540,TIJERA PARA CORTAR POLLO U OTROS ALIMENTOS
1329,TINA PARA BEBE
0540,VAJILLA
0540,VASO
0540,"REPARACION Y MANTENIMIENTO DE UTENSILIOS DE COCINA, VAJILLA Y ARTICULOS PARA EL HOGAR"
0540,"OTROS UTENSILIOS DE COCINA, VAJILLA Y ARTICULOS PARA EL HOGAR"
0551,BOMBAS DE AGUA DE MOTOR
0551,COMPRESOR
0551,CORTADORA ELECTRICA DE METAL
0551,"HIDROLAVADORA (PARA LAVAR CARROS, PAREDES Y OTROS)"
0551,LIJADORAS ELECTRICAS
0551,MAQUINA SOLDADORA
0551,MOTOSIERRAS DE MOTOR
0551,PULIDORAS ELECTRICAS
0553,REPARACION Y MANTENIMIENTO DE ESTOS ARTICULOS
0551,SIERRA CALADORA O ROUTER
0551,SIERRAS ELECTRICAS
0551,TALADRO ELECTRICO
0551,OTRAS HERRAMIENTAS ELECTRICAS Y EQUIPOS GRANDES
0552,BATERIAS (PILAS)
0552,"BOMBILLA, REPUESTO PARA FOCO"
0552,BOMBILLO ELECTRICO CORRIENTE
0552,BOMBILLO FLUORESCENTE EN ESPIRAL
0552,AZADON
0552,BATERIA REGULADORA DE VOLTAJE U OTRO APARATO ELECTRICO DISTINTO A TELEFONO CELULAR
0552,BOMBA PARA ATOMIZAR
0552,BROCA
0552,CADENA
0552,CAJA PARA HERRAMIENTAS
0552,CANDADO
0552,CARGADOR DE APARATO ELECTRICO DISTINTO A TELEFONO CELULAR
0552,CARRETILLA
0552,CEPILLADOR
0552,CINTA METRICA
0552,CORTADORA DE CERAMICA MANUAL
0552,CUCHARA DE ALBAÑIL
0552,CUTER Y REPUESTOS PARA CUTER
0552,DESTORNILLADOR
0552,DESTORNILLADOR ELECTRICO
0552,DISCOS PARA SIERRAS
0552,ESCALERA
0552,ESCUADRA
0551,ESMERIL ELECTRICO
0552,ESPATULA DE ALBAÑILERIA
0552,FOCO O LINTERNA
0552,FORMON
0552,HACHA
0552,HOJAS DE SEGUETA
0552,JUEGO DE CUBOS
0552,JUEGO DE HERRAMIENTAS
0552,"LLAVE FRANCESA, LLAVES PARA TUBERIAS Y VALVULA REGULADORA DE CILINDRO DE GAS"
0552,LLAVES DE TUERCAS
0552,MACANA
0552,MACHETE
0552,MANGUERA
0552,MARTILLO
0552,MASCARILLA PROTECTORA
0552,MAZO
0551,MOTOGUADAÑA
0552,PALA
0552,PICO Y ZACHO
0552,PISTOLAS PARA MANGUERA
0552,PISTOLAS PARA SILICON
0552,RASTRILLO
0552,REGADERA
0553,REPARACION Y MANTENIMIENTO DE HERRAMIENTAS MANUALES
0552,SEGUETA
0552,SERRUCHO
0551,TALADRO
0552,TENAZA
0552,TIJERA PARA JARDIN
0552,OTRAS HERRAMIENTAS
0431,ADAPTADORES PARA ENCHUFES
0431,ADOQUINES
0431,ALARMAS DE CASA
0431,BASES DE HULE
0431,BISAGRAS
0431,BRAKES DE ELECTRICIDAD
0431,CABLE DE ELECTRICIDAD
0431,CABLE DE TELEFONO
0561,"CLAVOS, TACHUELAS Y GRAPAS"
0431,ENCHUFES
0431,EXTENSION ELECTRICA
0431,FUSIBLES O TAPONES DE ELECTRICIDAD
0431,INTERRUPTORES ELECTRICOS
0431,LIJA
0431,MANIJAS
0431,PICAPORTES
0552,PROBADORES DE CORRIENTE
0431,REGLETA ELECTRICA
0552,RODINES
0431,TANQUE DE AGUA
0431,TOMACORRIENTES
0431,MOTOR PARA PORTÓN ELÉCTRICO
0561,HOJAS DE PLATANO
0561,ABRILLANTADOR
0561,"ACEITE TIPO 3 EN 1 (PARA PUERTAS Y MAQUINAS DE COSER, ETC.)"
0561,ALAMBRINA
0561,ARRANCAGRASA
0561,BETUN
0561,BLANQUEADOR PARA ROPA
0561,BOLSAS PLASTICAS
0561,BRILLO
0561,CANDELAS
0540,CAPSULAS PARA QUEQUES O MUFFINS
0561,CARBOLINA
0561,CEPILLO PARA RESTREGAR
0561,CEPILLO PARA ZAPATOS
0561,CERA
0561,CLORO
0561,CORTINA PARA BAÑO DE PLASTICO
0561,DESATORADOR PARA FREGADEROS
0561,DESINFECTANTE
0561,DESODORANTE AMBIENTAL (AROMATICO)
0561,DETERGENTE EN POLVO O LIQUIDO
0561,ESCOBA
0561,ESCOBITA PARA SACUDIR
0561,ESCOBON
0561,ESPIRAL CONTRA ZANCUDOS
0561,ESPONJA PARA LIMPIEZA DEL HOGAR
0431,EXTINTOR DE FUEGO
0561,FILTROS DE PAPEL PARA CAFE
0561,FUNGICIDA E INSECTICIDA
0561,GANCHOS PARA COLGAR CUADROS U OTROS OBJETOS
0561,GANCHOS PARA COLGAR ROPA
0561,GUANTES PARA LIMPIEZA
0561,HISOPO
0561,INCIENSOS
0561,INDIVIDUALES DE PLASTICO
0561,INSECTICIDAS
0561,JABON PARA PLATOS
0561,JABON PARA ROPA
0561,LIMPIADOR MULTIUSO
0561,LIMPION Y PAÑO DE COCINA
0561,MANTEL DE PLASTICO
0561,MATAMOSCAS
0561,MECATE PARA TENDER
0561,CUERDA DE NYLON
0561,MECHAS Y PAÑO O TRAPO PARA LIMPIAR PISOS
0561,PAJILLAS
0561,PALA PARA BASURA
0561,PALO O GANCHO PARA LIMPIAR PISOS
0561,PAPEL ALUMINIO
0561,PAPEL ENCERADO
0561,PAPEL PLASTICO
0561,PLAQUITAS ELECTRICAS
0561,POTASA Y OTROS DESTAQUE ADORES
0561,PRENSAS PARA ROPA
0561,"QUITAMANCHAS (LIQUIDO, POLVO, GEL)"
0561,RATONERA
0561,SACOS
0561,SERVILLETA DE PAPEL
0561,SUAVIZANTE PARA ROPA
0561,TINTE PARA ROPA Y TEJIDOS DEL HOGAR
0561,TOALLAS DE PAPEL
0561,VAJILLA DESECHABLE
0561,OTROS BIENES PARA EL CUIDADO DEL HOGAR
0561,AGUJAS DE COSER (DE MANO Y DE MAQUINA)
0561,CINTA ADHESIVA
0561,GOMA DE SILICON FRIO
0561,LAZOS O CINTA PARA LAZOS PARA REGALOS
0561,CHISPA (PARA PARRILLADAS)
0561,PALILLO DE DIENTES Y PINCHOS
0431,CACHERA PARA LAVATORIO
0561,"TORNILLOS, TUERCAS, PERNOS, ARANDELAS, ETC."
1390,"ALQUILER DE CARRITOS O TRENES PARA NIÑA O NIÑO (MALL, SUPERMERCADO, ETC.)"
0562,CUIDADO DE NIÑOS (AS) U OTROS MIEMBROS DEL HOGAR
0562,EMPLEADA (O) DOMESTICA (O)
0562,LABORES DE JARDINERIA (JARDINERO)
0562,"LABORES VARIAS DEL HOGAR (LAVAR, PLANCHAR, COCINAR, LIMPIAR, ETC.)"
0562,SOLO LAVAR ROPA (LAVANDERA (O))
0562,SOLO PLANCHAR (PLANCHADOR (A))
0562,OTROS SERVICIOS DOMESTICOS
0562,"LAVADO O LIMPIEZA DE TEJIDOS DEL HOGAR (COBIJAS, CORTINAS, MANTELES, SABANAS, ETC.)"
0562,OTROS SERVICIOS PARA LOS MIEMBROS DEL HOGAR
1050,CLASES O TUTORIAS PARTICULARES PARA UNIVERSIDAD Y PARAUNIVERSIDAD
0611,ANALGESICO COMUN
0611,ANTIACIDO COMUN
0611,ANTIGRIPAL/ANTIHISTAMINICO COMUN
0611,ANTISOMNIFERO
0611,"GOTAS OTICAS, OFTALMICAS Y OTRAS SIMILARES DE VENTA SIN PRESCRIPCION MEDICA"
0611,LAXANTE COMUN
0611,PASTILLA CONTRA EL VOMITO
0611,PLANTA MEDICINAL
0611,"ACEITE DE BACALAO, HIGADO DE MERO U OTROS SIMILARES"
0611,"ANTICONCEPTIVOS ORALES, INYECTABLES Y PARCHES PARA HUMANOS"
0611,ESTROGENOS (HORMONAS) PARA HUMANOS
0613,LIMPIADOR DE LENTES DE CONTACTO
0611,MEDICAMENTOS CONTRA ALERGIAS
0611,MEDICAMENTOS CONTRA ANEMIA
0611,MEDICAMENTOS CONTRA ARTRITIS
0611,"MEDICAMENTOS CONTRA ASMA (JARABES, PASTILLAS, INHALADORES)"
0611,MEDICAMENTOS CONTRA CANCER
0611,MEDICAMENTOS CONTRA COLESTEROL
0611,MEDICAMENTOS CONTRA COLICOS
0611,MEDICAMENTOS CONTRA COLITIS
0611,MEDICAMENTOS CONTRA CONGESTION NASAL
0611,MEDICAMENTOS CONTRA DIABETES
0611,MEDICAMENTOS CONTRA DIARREA
0611,MEDICAMENTOS CONTRA DOLOR (ANALGESICOS)
0611,MEDICAMENTOS CONTRA ESTREÑIMIENTO
0611,MEDICAMENTOS CONTRA FIEBRE
0611,MEDICAMENTOS CONTRA GASTRITIS
0611,MEDICAMENTOS CONTRA GRIPE
0611,MEDICAMENTOS CONTRA INFECCION (ANTIBIOTICOS)
0611,MEDICAMENTOS CONTRA INFLAMACION
0611,MEDICAMENTOS CONTRA MIGRAÑA
0611,"MEDICAMENTOS CONTRA NERVIOS, ANSIEDAD, ESTRES O DEPRESION"
0611,MEDICAMENTOS CONTRA OSTEOPOROSIS
0611,MEDICAMENTOS CONTRA PADECIMIENTO EN LA PROSTATA
0611,MEDICAMENTOS CONTRA PADECIMIENTO EN LA VEJIGA
0611,MEDICAMENTOS CONTRA PARASITOS
0611,MEDICAMENTOS CONTRA PRESION ARTERIAL ALTA
0611,MEDICAMENTOS CONTRA PROBLEMAS CEREBRALES
0611,MEDICAMENTOS CONTRA PROBLEMAS CIRCULATORIOS
0611,MEDICAMENTOS CONTRA PROBLEMAS DE ESPALDA
0611,MEDICAMENTOS CONTRA PROBLEMAS DE PIEL
0611,MEDICAMENTOS CONTRA PROBLEMAS OCULARES
0611,MEDICAMENTOS CONTRA REUMATISMOS
0611,MEDICAMENTOS CONTRA SINUSITIS
0611,MEDICAMENTOS CONTRA TIROIDES
0611,MEDICAMENTOS CONTRA TOS
0611,MEDICAMENTOS CONTRA ULCERAS
0611,MEDICAMENTOS MACROBIOTICOS VARIOS
0611,MEDICAMENTOS NO COMUNES CONTRA PROBLEMAS CARDIACOS
0611,PRODUCTOS HOMEOPATICOS
0611,PRODUCTOS MACROBIOTICOS
0611,SUERO PARA HUMANOS
0611,VACUNAS (TODO TIPO)
0611,VITAMINAS Y MINERALES PARA HUMANOS
0611,MEDICAMENTOS CONTRA OTRAS ENFERMEDADES
0611,DESPARASITANTE PARA HUMANOS
0611,MEDICAMENTO ANTIMICÓTICO 
0611,MEDICAMENTO PARA EL COLON 
0612,OTROS PRODUCTOS FARMACEUTICOS
0612,OTROS TRATAMIENTOS
0612,ALCOHOL
0612,ALGODON
0612,"ANTICONCEPTIVOS MECANICOS PARA HUMANOS (PRESERVATIVOS MASCULINOS Y FEMENINO, DIU Y DIAFRAGMA)"
0612,COMPRESA DE GEL
0612,CURITA
0612,GASAS ESTERILES
0612,GUANTES ESTERILES DE LATEX U OTROS MATERIALES
0612,JERINGA Y AGUJA
0612,PRUEBA DE EMBARAZO
0611,UNGÜENTO
0612,VENDAS ADHESIVAS O NO ADHESIVAS (PARCHES O CALLICIDAS ADHESIVOS)
0612,YODO
0612,OTROS PRODUCTOS MEDICOS
0613,ANTEOJOS GRADUADOS (INCLUYE LENTES Y ARO)
0613,AROS PARA ANTEOJOS GRADUADOS
0613,AUDIFONOS PARA PERSONAS CON PROBLEMAS DE AUDICION
0613,CAMA ORTOPEDICA
0613,CUELLO ORTOPEDICO
0612,EQUIPO PARA NEBULIZACION
0613,FERULA PARA MUÑECAS O TOBILLOS
0622,FRENILLOS
0612,GLUCOMETRO
0613,LENTES DE CONTACTO GRADUADOS
0613,LENTES GRADUADOS
0612,MEDIDORES DE PRESION ARTERIAL
0613,MULETAS
0613,PLANTILLA ORTOPEDICA
0622,"PROTESIS DENTALES (CORONAS, PUENTES, PLACAS)"
0613,RODILLERA ORTOPEDICA
0613,SILLA DE RUEDAS
0612,TIRAS REACTIVAS PARA GLUCOMETRO
0613,ZAPATOS ORTOPEDICOS
0613,BASTON
0612,TERMÓMETRO (CUALQUIER TIPO)
0613,ANDADERA ORTOPÉDICA
0613,OTROS APARATOS Y EQUIPOS TERAPEUTICOS
0623,CARDIOLOGO
0623,CIRUGIA AMBULATORIA 
0623,CIRUJANO GENERAL
0623,DERMATOLOGO
0623,ENDOCRINOLOGO
0623,GASTROENTEROLOGO
0623,GERIATRA Y GERONTOLOGO
0623,GINECOLOGO
0623,HOMEOPATA
0623,INTERNISTA
0623,MEDICO GENERAL
0623,NEUMOLOGO
0623,NEUROLOGO
0623,OFTALMOLOGO
0623,ONCOLOGO
0622,ORTODONCISTA
0623,OTORRINOLARINGOLOGO
0623,PATOLOGO
0623,PEDIATRA O NEONATOLOGO
0623,PSIQUIATRA
0623,REUMATOLOGO
0623,UROLOGO
0623,VASCULAR PERIFERICO
0623,ORTOPEDIA 
0623,CIRUGÍA ESTÉTICA SIN INTERNAMIENTO
0623,OTROS SERVICIOS MEDICOS
0621,CONSULTA CON NUTRICIONISTA
0623,CONSULTA CON PSICOLOGO
0623,CONSULTA CON PSICOPEDAGOGO
0622,ODONTOLOGO
0623,ENFERMEROS PARA CUIDADO DE PACIENTES EN EL HOGAR
0623,TRAUMATOLOGO U ORTOPEDISTA
0641,DENSITOMETRIA
0623,DICTAMEN MEDICO
0641,EXAMEN DE HECES
0641,EXAMEN DE NIVEL DE AZUCAR EN LA SANGRE
0641,EXAMEN DE ORINA
0641,EXAMEN DE SANGRE
0621,EXAMEN DE VISTA
0623,SERVICIO DE ACUPUNTURISTA INDEPENDIENTE
0623,SERVICIO DE FISIOTERAPEUTA INDEPENDIENTE (MASAJES)
0623,SERVICIO DE QUIROPRACTICO
0623,TERAPIA DE GIMNASIA CORRECTIVA
0621,PAPANICOLAOU
0623,OTROS SERVICIOS PARAMEDICOS
0641,OTROS ANALISIS DE LABORATORIO
0621,EXAMEN DE PROSTATA
0641,GASTROSCOPIA
0621,MAMOGRAFIA O MASTOGRAFIA
0641,RADIOGRAFIAS
0641,ULTRASONIDO (A FETO EN PACIENTES EMBARAZADAS)
0641,ULTRASONIDO DE FISIOTERAPIA
0641,"ULTRASONIDO GENERAL (CORAZON, HIGADO, PANCREAS, RIÑONES, OJOS U OTROS)"
0641,OTROS ESTUDIOS RADIOLOGICOS DISTINTOS DE ULTRASONIDOS
0623,TERAPIA FISICA
0623,TERAPIA DEL LENGUAJE
0623,OTROS TRATAMIENTOS ESPECIALIZADOS
0614,ALQUILER DE APARATOS Y EQUIPOS TERAPEUTICOS
0631,CIRUGÍA MÉDICA CON INTERNAMIENTO
0711,COMPRA DE AUTOMOVIL
0711,COMPRA DE BUSETA
0711,COMPRA DE CAMION
0712,COMPRA DE CUADRACICLOS
0712,COMPRA DE MOTOCICLETAS
0714,COMPRA DE OTRO TIPO DE VEHICULOS
0721,ALARMA PARA AUTO
0721,ALFOMBRAS PARA AUTO
0721,ALTERNADOR
0721,AMORTIGUADORES
0721,"AROS PARA AUTO, BICICLETA O MOTOCICLETA"
0721,"ASIENTOS PARA AUTOS, MOTOS O BICICLETAS"
0721,BATERIA PARA AUTOS O MOTOS
0721,BOMBAS DE AGUA
0721,BOMBAS DE COMBUSTIBLE
0721,BOMBAS DE FRENOS (AUXILIAR Y PRINCIPAL)
0721,BUJIAS
0721,BUSHING
0721,"CABLE PARA FRENOS, CLUTCH Y BUJIAS"
0721,"CADENA Y PIÑON PARA BICICLETA, MOTO Y CARRO"
0721,CARBURADOR
0721,CATALIZADOR
0721,CERA Y ABRILLANTADOR PARA AUTOS
0721,CHAMPU PARA AUTOS
0721,CINTURON DE SEGURIDAD
0721,COBERTORES PARA VOLANTES Y ASIENTOS PARA VEHICULOS
0721,COMPENSADORES
0721,DISCO DE CLUTCH
0721,EJE DE TIJERETAS
0721,EMPAQUES
0721,ESCOBILLAS
0721,ESPEJOS PARA VEHICULO
0721,FIBRAS DE FRENOS
0721,FILTROS DE AIRE
0721,FILTRO DE ACEITE
0721,FILTROS PARA COMBUSTIBLE
0721,FOCOS Y HALOGENOS PARA VEHICULO
0721,GATA PARA AUTOS
0721,GRASAS
0721,INFLADOR PARA LLANTAS
0721,LIMPIADOR DE VIDRIOS PARA AUTOMOVIL
0721,"LLANTA PARA AUTOS, BICICLETA Y MOTOCICLETA (NUEVA, USADA, REENCAUCHADA)"
0721,LLAVINES PARA VEHICULO
0721,MANILLA DE FRENOS
0721,"MANIVELA PARA AUTO, BICICLETA Y MOTO"
0721,MOTOR
0721,MUFLA
0721,"NEUMATICOS PARA AUTOS, BICICLETA Y MOTOCICLETA (NUEVOS, USADOS, RECAUCHUTADOS)"
0721,PEDALES PARA BICICLETA
0721,"PINTURA PARA AUTOS, MOTO Y BICICLETA"
0721,PITO O PITORETA
0721,PLATOS DE CLUTCH
0721,RADIADORES
0722,REFRIGERANTES
0721,RETENEDORES
0721,ROLES
0721,ROTULAS
0721,SELLADOR
0721,SOPORTES DE MOTOR
0721,SUSPENSION PARA CARROS
0721,TACOS PARA FRENOS DE BICICLETA
0721,TRIANGULO O CONOS REFLECTORES
0721,OTRAS PIEZAS DE REPUESTO Y ACCESORIOS PARA BICICLETA
0721,OTRAS PIEZAS DE REPUESTO Y ACCESORIOS PARA MOTOCICLETA
0721,OTRAS PIEZAS Y ACCESORIOS PARA AUTO
0722,DIESEL
0722,GASOLINA REGULAR
0722,GASOLINA SUPER
0722,GASOLINA PLUS
0722,ACEITE DE TRANSMISION
0722,ACEITE PARA MEZCLA
0722,ACEITE PARA MOTOR
0722,ADITIVOS PARA COMBUSTIBLE
0722,AGUA PARA BATERIA DE CARRO
0722,ANTICONGELANTE
0722,LIQUIDO DE FRENOS O DE TRANSMISION
0722,LIQUIDOS REFRIGERANTES (COOLANT) Y ADITIVOS
0722,OTROS COMBUSTIBLES Y LUBRICANTES PARA EQUIPO DE TRANSPORTE PERSONAL
0723,AFINAMIENTO
0723,ALINEAMIENTO DE DIRECCION
0723,BALANCEO DE LLANTAS
0723,CALIBRACION DE VALVULAS
0723,"CAMBIO DE ACEITE, FILTRO Y ENGRASE"
0723,CAMBIO DE CLUTCH
0723,"CAMBIO DE EMPAQUES, RETENEDORES"
0723,CAMBIO DE FAJA DE DISTRIBUCION (EXCEPTO SI TIENE SISTEMA DE CADENA)
0723,CAMBIO DE FIBRAS
0723,ENDEREZADO Y PINTADO DE VEHICULOS
0723,FUGAS DE AGUA EN MANGUERAS O RADIADOR
0723,INSTALACION DE PARTES Y ACCESORIOS
0723,PULIMENTO DE PINTURA A VEHICULOS
0723,REPARACION DE PROBLEMAS DE GENERACION
0723,REPARACION Y MANTENIMIENTO DE BICICLETAS
0723,REPARACION Y MANTENIMIENTO DE CAJA DE CAMBIOS
0723,REPARACION Y MANTENIMIENTO DE CARROCERIA DE VEHICULOS
0723,REPARACION Y MANTENIMIENTO DE MOTOCICLETAS
0723,REPARACION Y MANTENIMIENTO DE NEUMATICOS DE VEHICULOS
0723,REPARACION Y MANTENIMIENTO DE PROBLEMAS ELECTRONICOS (SENSORES VARIOS)
0723,REPARACION Y MANTENIMIENTO DE RADIADOR
0723,REPARACION Y MANTENIMIENTO DE SISTEMA ELECTRICO EN VEHICULOS
0723,REPARACION Y MANTENIMIENTO O REVISION DEL AIRE ACONDICIONADO PARA VEHICULO
0723,REPARACION Y MANTENIMIENTO Y AJUSTE DE FRENOS
0723,"REVISION, REPARACION Y MANTENIMIENTO DE MOTOR"
0723,SOLDADURAS
0723,TAPIZADO DE ASIENTOS
0723,TRAMADO DE VEHICULOS
0723,TUNE-UP
0723,"OTROS SERVICIOS DE REPARACION, MANTENIMIENTO Y CONSERVACION DE VEHICULOS (HONORARIOS PAGADO A UN MECANICO)"
0723,LAVADO DE VEHICULOS
0723,LAVADO DE MOTOR Y CHASIS
0723,REVISION TECNICA DE VEHICULOS (INCLUYE REINSPECCION)
0724,BOLETAS DE ESTACIONAMIENTO (PARQUIMETROS)
0724,PAGO DE PARQUEO PUBLICO Y CUIDADORES DE CARROS
0724,PEAJE
0412,ALQUILER DE COCHERA
0724,ALQUILER PARQUEOS MENSUALES
0724,CLASES DE MANEJO
0724,INSCRIPCION DE VEHICULO
0721,RASTREO DE VEHICULO
0724,SERVICIO DE GRUAS
0724,TRASPASO DE VEHICULO
0724,ALQUILER DE AUTO
0724,"ALQUILER DE OTROS VEHICULOS (CUADRACICLOS, MOTOCICLETAS, BICICLETAS, ETC.)"
0724,PAGO POR EMISION Y RENOVACION DE LICENCIA PARA CONDUCIR
0724,PAGO POR EXAMEN TEORICO O PRACTICO DE MANEJO
0731,TRANSPORTE REGULAR EN TREN
0732,TRANSPORTE REGULAR COLECTIVO (TAXIS O CARROS PRIVADOS Y TAXI PIRATA)
0732,TRANSPORTE REGULAR BUS O MICROBUS ENTRE PROVINCIAS
0732,TRANSPORTE REGULAR PRIVADO EN TAXI
0732,TRANSPORTE REGULAR EN BUS DENTRO DE LA MISMA PROVINCIA
0732,TRANSPORTE REGULAR EN BUS DEL EXTERIOR
0732,SERVICIO EXPRESS (EXCLUSIVO TRANSPORTE)
0732,OTROS GASTOS DE TRANSPORTE REGULAR
0732,TRANSPORTE INTERURBANO EN BUS O MICROBUS (DENTRO DEL PAIS)
0732,TRANSPORTE TERRESTRE EN BUS FUERA DEL PAIS
0732,TRANSPORTE TERRESTRE EN TAXI DENTRO DEL PAIS
0732,TRANSPORTE TERRESTRE EN TAXI FUERA DEL PAIS
0732,OTROS SERVICIOS DE TRANSPORTE DE PASAJEROS POR CARRETERA
0733,TRANSPORTE INTERNACIONAL EN AVION O AVIONETA
0733,TRANSPORTE NACIONAL EN AVION O AVIONETA
0734,TRANSPORTE REGULAR EN FERRY
0734,TRANSPORTE REGULAR EN LANCHA
0734,TRANSPORTE AL EXTERIOR DEL PAIS POR VIA MARITIMA
0734,TRANSPORTE AL INTERIOR DEL PAIS POR VIA MARITIMA
0734,OTROS SERVICIOS DE TRANSPORTE DE PASAJEROS POR MAR O CURSOS INTERNOS
0749,FLETES
0749,SERVICIOS DE MUDANZAS TERRESTRE
0736,OTROS SERVICIOS DE TRANSPORTE
1390,PAGO O RENOVACION DE CEDULA DE RESIDENCIA
0741,ENVIO DE CARTAS Y POSTALES
0741,ENVIO DE PAQUETES O ENCOMIENDAS
0749,PAGO POR ACARREO DE MERCADERIA (RECEPCION DE PAQUETES O DOCUMENTOS)
0741,PAGOS POR AFILIACION A BUZON DE CORREO Y PAQUETERIA
0819,BATERIA PARA CELULAR
0819,CARGADOR DE TELEFONO CELULAR
0835,REPARACION Y MANTENIMIENTO DE EQUIPO TELEFONICO Y DE FACSIMIL
0811,TELEFAX
0812,TELEFONO CELULAR SIN PLAN (SOLO APARATO)
0811,TELEFONO FIJO (INALAMBRICO O NO)
0832,TELEFONO CELULAR CON PLAN
0832,COMPRA DE TARJETA DE TELEFONO O CHIP PREPAGO INICIAL
0831,"LLAMADA EN TELEFONOS PUBLICOS, HOTELES, CAFES, RESTAURANTES Y OTROS"
0833,PAGO POR USO DEL SERVICIO DE INTERNET EN CAFE INTERNET O SIMILARES
0832,"RECARGA CELULAR (PARA TELEFONIA, INTERNET O SERVICIO BLACKBERRY)"
0833,DATA CARD PREPAGO (SERVICIO)
0833,INSTALACION O RECONEXION A INTERNET
0831,INSTALACION O RECONEXION DE LINEA TELEFONICA RESIDENCIAL
0833,SERVICIO DE INTERNET RESIDENCIAL
0831,SERVICIO TELEFONICO RESIDENCIAL DEL HOGAR
0834,TARIFA TRIPLE PLAY
0833,DATA CARD CON PLAN
0832,INSTALACION O RECONEXION DE LINEA TELEFONICA CELULAR
0832,SERVICIO TELEFONICO CELULAR POSPAGO CON PLAN
0832,SERVICIO TELEFONICO CELULAR POSPAGO SIN PLAN
0832,SERVICIO TELEF CELULAR POSPAGO CON PLAN (NO INCLUYE TELEFONO)
0834,SERVICIO INTERNET Y CABLE (DOBLE PLAY)
0834,SERVICIO INTERNET Y TELEFONO (DOBLE PLAY)
0814,"COMPRA DE ACCESORIOS Y REPUESTOS (RADIO, TV, ETC.)"
0814,COMPRA DE AMPLIFICADORES DE SONIDO
0819,COMPRA DE CONTROL REMOTO
0814,COMPRA DE EQUIPO DE SONIDO
0814,COMPRA DE MICROFONO
0814,COMPRA DE PARLANTES DE EQUIPOS AUDIOVISUALES (EQUIPO DE SONIDO)
0814,COMPRA DE RADIO AM/FM
0814,COMPRA DE RADIO PARA AUTOMOVIL
0814,"COMPRA DE REPRODUCTOR DE DVD, MP3 O BLU RAY"
0814,"COMPRA DE TELEVISOR, LCD, PLASMA, LED"
0814,COMPRA DE TEATRO CASERO (HOME THEATHER)
0814,COMPRA DE WALKIE TALKIE
0814,AUDIFONO O AURICULARES
0814,"COMPRA DE OTROS EQUIPOS PARA LA RECEPCION, GRABACION Y REPRODUCCION DE SONIDOS E IMAGENES"
0911,COMPRA DE CAMARA DE VIDEO
0911,COMPRA DE CAMARA FOTOGRAFICA
0911,COMPRA DE LENTES PARA CAMARAS
0911,COMPRA DE TELESCOPIO
0911,COMPRA DE FLASH PARA CAMARA
0911,COMPRA DE OTROS EQUIPOS FOTOGRAFICOS Y CINEMATOGRAFICOS
0721,DASH CAM
0813,COMPRA DE CALCULADORA CIENTIFICA
0813,COMPRA DE CALCULADORA DE BOLSILLO
0813,"COMPRA DE COMPUTADORAS PORTATILES (LAPTOP, NOTEBOOK)"
0815,COMPRA DE DISCO DURO DE COMPUTADORA (INTERNO Y EXTERNO)
0813,"COMPRA DE COMPUTADORA DE ESCRITORIO (INCLUYE: CPU, TECLADO, MOUSE, MONITOR, IMPRESORA)"
0813,COMPRA DE IMPRESORAS
0814,COMPRA DE PARLANTES DE EQUIPO DE PROCESAMIENTO DE INFORMACION (COMPUTADORA)
0813,COMPRA DE MOUSE
0820,COMPRA DE SOFTWARE
0813,COMPRA DE TABLETA
0813,COMPRA DE TECLADO PARA COMPUTADORA
0820,"APLICACIONES (JUEGOS, FOTOGRAFIA, COMPLEMENTOS)"
0813,ROUTER O ENRUTADOR
0813,COMPRA DE OTROS ACCESORIOS PARA COMPUTADORA
0952,"BLU RAY DE PELICULAS, NOVELAS U OTROS SIMILARES GRABADO"
0952,CD DE MUSICA
0952,"CD DE PELICULAS, NOVELAS U OTROS SIMILARES GRABADO"
0952,DVD DE VIDEO GRABADO
0952,"DVD DE PELICULAS, NOVELAS U OTROS SIMILARES GRABADO"
0815,LLAVE MAYA
0815,TARJETA DE MEMORIA PARA TELEFONOS O CAMARAS
0815,CD EN BLANCO (PARA GRABAR)
0815,DVD EN BLANCO (PARA GRABAR)
0815,OTROS MEDIOS PARA GRABACION
0835,REPARACION Y MANTENIMIENTO DE TELEVISOR
0835,"REPARACION Y MANTENIMIENTO DE COMPUTADORAS DE ESCRITORIO O PORTATIL (CPU, MONITOR, TECLADO, IMPRESORA)"
0835,REPARACION Y MANTENIMIENTO DE RADIO - GRABADORA
0912,ANIMALES PARA ENTRETENIMIENTO (CABALLOS Y PONIS)
0912,MONTURAS Y MANTILLONES PARA CABALLOS O PONIS
0912,OTROS EQUIPOS CONEXOS DE ANIMALES PARA ENTRETENIMIENTO (CABALLOS Y PONIS)
0912,EQUIPO DE BUCEO
0912,TABLA PARA BUGUI
0912,TABLAS DE SURF
0912,OTROS ARTEFACTOS DURADEROS IMPORTANTES PARA LA RECREACION EN EXTERIORES (P.E. LANCHA ENTRE OTROS)
0912,OTROS ARTEFACTOS GRANDES PARA LA RECREACION
0912,FUTBOLIN
0951,"COMPRA DE ACCESORIOS PARA INSTRUMENTOS MUSICALES (BOLILLOS, FAJA DE TAMBOR, LENGÜETA, ETC.)"
0951,COMPRA DE ARMONICAS
0951,COMPRA DE BATERIAS
0951,COMPRA DE FLAUTA DULCE
0951,COMPRA DE GUITARRA ACUSTICA
0951,COMPRA DE GUITARRA ELECTRICA
0951,COMPRA DE LIRA
0951,COMPRA DE ORGANETA
0951,COMPRA DE PIANO
0951,COMPRA DE TAMBORES Y TIMBALES
0951,COMPRA DE TROMPETA
0951,COMPRA DE SAXOFON
0951,COMPRA DE VIOLINES Y VIOLONCHELOS
0969,"REPARACION, MANTENIMIENTOY AFINACION DE INSTRUMENTOS MUSICALES"
0951,BAJO
0951,COMPRA DE OTROS INSTRUMENTOS MUSICALES
0921,ACCESORIOS PARA CONSOLAS
0921,ALBUMES PARA ESTAMPILLAS
0921,ARMAS DE JUGUETE
0921,"ARTICULOS PARA FIESTAS INFANTILES (ANTIFACES, PIÑATA, CONFETI, ETC.)"
0921,"AVIONES, COHETES Y HELICOPTEROS"
0921,BICICLETAS DE JUGUETE
0921,BOLA Y JUGUETES INFLABLES
0921,BOLINCHAS
0921,CABALLOS Y OTROS ANIMALES DE MADERA
0921,"CARROS, TRENES Y MOTOS DE JUGUETE"
0921,"CASA, COCHES Y SIMILARES PARA MUÑECAS"
0921,COLUMPIO PARA BEBE
0921,COMPUTADORAS DE JUGUETE
0921,CONSOLAS DE VIDEOJUEGOS
0921,DECORACIONES PARA ARBOLES DE NAVIDAD
0921,"DISFRACES, MASCARAS Y COMPLEMENTOS"
0921,DISFRAZ Y COMPLEMENTOS
0921,DVD O CD CON VIDEOJUEGOS
0921,"ESTAMPILLAS DE COLECCIÓN, POSTALES, STICKERS"
0921,"FIGURAS (SOLDADOS, ANIMALES Y SIMILARES)"
0921,GUIRNALDAS DE DECORACION PARA NAVIDAD
0921,"JUEGO DE AJEDREZ, DAMAS, COMBATE NAVAL O TABLERO"
0921,JUEGO DE DOMINO
0921,JUEGO DE NAIPE
0921,JUEGO DEPORTIVO DE JUGUETE
0921,"JUEGOS DE COCINA, BELLEZA, DOCTOR Y SIMILARES PARA NIÑOS Y NIÑAS"
0921,JUEGOS DE MESA
0921,JUEGOS EDUCATIVOS
0921,JUEGOS ELECTRONICOS
0921,JUEGOS PARA DS Y PSP
0921,"JUGUETES MUSICALES (TAMBORES, CORNETAS, GUITARRAS, ETC.)"
0921,LEGOS
0921,LUCES PARA ARBOLES DE NAVIDAD
0921,MUEBLES DE JUGUETE
0921,MUÑECAS
0921,MUÑECOS (ROBOTS) QUE NO USEN BATERIAS
0921,MUÑECOS Y OTROS DE BATERIAS
0921,PELUCHES
0921,PISTAS PARA CARROS Y TRENES
0921,ROMPECABEZAS
0921,SONAJERO Y CHILINDRIN
0921,TRICICLO DE JUGUETE
0921,"TROMPOS, YOYOS Y SIMILARES"
0921,"ARTICULOS DECORATIVOS PARA FIESTAS PATRIAS (ESCUDOS, BANDERAS, FAROLES, GRIUNALDAS ENTRE OTROS)"
0921,JUEGOS DESCARGADOS Y ACCESORIOS (DIGITALES)
0814,DRONE
0921,"OTROS JUEGOS, JUGUETES Y AFICIONES"
0922,ANZUELOS
0922,BATE DE BEISBOL
0922,BICICLETA ESTACIONARIA
0922,BOLA DE BALONCESTO
0922,BOLA DE BEISBOL
0922,BOLA DE FUTBOL
0922,BOLA DE PIN PONG
0922,CAÑA DE PESCAR
0922,CASCOS PROTECTORES PARA ACTIVIDADES DEPORTIVAS Y RECREATIVAS
0922,COCINAS Y PARRILLAS PARA CAMPAMENTO
0922,COLCHONES DE AIRE
0922,CUERDA PARA CAÑA DE PESCAR
0922,ESPINILLERAS
0922,FLOTADORES Y CHALECOS SALVAVIDAS
0922,GUANTES PARA PORTERO
0922,INFLADORES
0922,LENTES PARA NATACION
0922,MAQUINA PARA EJERCICIOS
0922,MARCOS PARA FUTBOL
0922,MUÑEQUERAS
0912,PATINES
0912,PATINETA
0922,PESAS Y DISCOS
0922,PISCINAS INFLABLES
0922,RAQUETA PARA TENIS
0944,"REPARACIONES DE EQUIPO DE DEPORTES, CAMPAMENTO Y RECREACION AL AIRE LIBRE"
0922,RODILLERAS O CODERAS
0922,SACOS DE DORMIR (SLEEPING)
0712,SCOOTER
0922,SEÑUELOS O ENGAÑADORES PARA PESCA
0922,TACOS PARA FUTBOL
0922,TIENDAS DE ACAMPAR
0922,TOBILLERAS
0922,ZAPATILLAS Y ZAPATOS DE BAILE
0922,GUANTES PARA OTROS DEPORTES
0922,CALZADO PARA DEPORTE
0922,"OTROS ACCESORIOS Y EQUIPOS DE CAMPAMENTO, CAZA Y PESCA"
0922,OTROS ARTICULOS Y ACCESORIOS PARA DEPORTES
0931,RAMO DE FLORES Y ARREGLOS FLORALES ( CON EL SERVICIO DE ENVIO)
0931,ABONOS PARA EL SUELO
0931,ALMACIGO
0921,ARBOL DE NAVIDAD ARTIFICIAL
0931,ARBOL DE NAVIDAD NATURAL
0931,ARBOLES DE VIVERO
0931,BULBOS
0931,CESPED PARA PATIOS
0931,FERTILIZANTES PARA EL SUELO
0931,FLORES ARTIFICIALES
0931,FLORES NATURALES (SEMBRADAS)
0931,FUNGICIDAS PARA PLANTAS
0931,GRAVILLA
0931,HERBICIDAS PARA PLANTAS
0931,INSECTICIDAS PARA PLANTAS
0931,LANA Y MUSGO
0931,MACETAS
0931,MACETERAS (PORTAMACETAS)
0931,PLANTAS ORNAMENTALES ARTIFICIALES
0931,PLANTAS ORNAMENTALES NATURALES
0931,"SEMILLAS (FLORES, FRUTOS, HORTALIZAS, ETC.)"
0931,SUSTRATOS PARA HIDROPONIA U OTROS CULTIVOS
0931,TIERRA ABONADA O EMPAQUETADA PARA JARDIN
0931,OTROS TIPOS DE PLANTAS Y FLORES NATURALES Y ARTIFICIALES
0932,"ALIMENTO, GALLETAS, HUESO COMESTIBLE Y OTROS, PARA ANIMALES"
0932,ACCESORIOS PARA PECERAS
0932,"ANIMALES DOMESTICOS ACUATICOS Y REPTILES (PECES, TORTUGAS, RANAS, SERPIENTES, IGUANAS Y OTROS)"
0932,"ANIMALES DOMESTICOS MAMIFEROS (GATOS, PERROS, CONEJOS Y OTROS)"
0932,"ANIMALES DOMESTICOS VOLADORES (PERICO, PAJARO Y OTROS)"
0932,"ANTIPULGAS, BACTERICIDAS Y OTROS INSECTICIDAS PARA ANIMALES DOMESTICOS"
0932,CASA PARA ANIMALES DOMESTICOS
0932,"CEPILLOS, PEINES Y OTROS ACCESORIOS PARA LA LIMPIEZA DE ANIMALES DOMESTICOS"
0932,CHAMPU Y JABON PARA HIGIENE DE ANIMALES DOMESTICOS
0932,COLLARES PARA ANIMALES DOMESTICOS
0932,CORREAS Y CADENAS PARA ANIMALES DOMESTICOS
0932,DESPARASITANTES PARA ANIMALES DOMESTICOS
0932,JAULAS
0932,"JUGUETES, BOLAS Y OTROS ACCESORIOS PARA ANIMALES DOMESTICOS"
0932,PECERAS
0932,PECHERAS
0932,PLATOS Y SIMILARES PARA ALIMENTACION DE ANIMALES DOMESTICOS
0932,TALCO Y PERFUME PARA ANIMALES DOMESTICOS
0932,TOALLAS O PAÑOS PARA HIGIENE O PROTECCION DE ANIMALES DOMESTICOS
0932,VACUNAS U OTROS PRODUCTOS VETERINARIOS
0932,VITAMINAS PARA ANIMALES DOMESTICOS
0932,OTROS PRODUCTOS CONEXOS PARA ANIMALES DOMESTICOS
0945,PASEADORES DE PERROS O ANIMALES DOMESTICOS
0945,SERVICIOS DE CORTE DE PELO PARA ANIMALES DOMESTICOS
0945,SERVICIOS DE VETERINARIA CONTRATADOS PARA ANIMALES DOMESTICOS
0945,OTROS SERVICIOS CONTRATADOS PARA ANIMALES DOMESTICOS
0946,ENTRADA A CENTROS DE RECREO
0946,ENTRADA A PISCINAS
0946,ENTRADA A PISTAS DE PATINAJE
0946,"PAGO POR USO DE INSTALACIONES DEPORTIVAS (BOLICHE, GOLF, TENIS, SQUASH), CANCHAS SINTETICAS Y SIMILARES"
0946,"PAGO POR USO DE MESA DE BILLAR, POOL, FUTBOLIN"
0942,"ALQUILER DE EQUIPO GRANDE PARA DEPORTE Y RECREACION (CABALLO, BOTE, ETC.)"
0946,CUOTA DEL GIMNASIO
0946,ENTRADA A REDONDEL DE TOROS
0946,ENTRADA A PARQUE DE DIVERSIONES
0946,"ENTRADA A DISCOTECAS, CLUBES NOCTURNOS, BAILES, ESPECTACULOS DE LUZ Y SONIDO Y OTROS"
0946,INSCRICION Y ENTRADA A COMPETENCIAS DE NATACION
0946,INSCRICION Y ENTRADA A TOPES Y CARRERAS DE CINTAS U OTRAS DE CABALLOS
0946,MENSUALIDAD E INSCRIPCION DE CLUBES RECREATIVOS
0946,"ENTRADA A OTRAS ACTIVIDADES DEPORTIVAS (GIMNASIA, BASKETBALL, OTROS)"
0946,ENTRADAS POR PARTICIPAR EN OTROS PASATIEMPOS
0969,LECCIONES DE BAILE Y DANZA
0969,LECCIONES DE CANTO
0946,"LECCIONES DE DEPORTE (FUTBOL, NATACION, ETC.)"
0969,LECCIONES DE MUSICA
0969,MATRICULA Y MENSUALIDAD POR CURSOS DE PINTURA O DIBUJO
0952,ALQUILER DE PELICULAS
0943,"PAGO POR USO DEL VIDEOJUEGOS, JUEGOS ELECTRONICOS Y SIMILARES"
0839,TARIFAS DE TELEVISION POR CABLE
0839,TARIFAS DE TELEVISION POR SATELITE
0839,"SUBSCRIPCIONES POR INTERNET (PELICULAS, MUSICA, ETC)"
0834,SERVICIO DE CABLE Y TELEFONO (DOBLE PLAY)
0952,"PELICULAS, SERIES, NOVELAS, VIDEOS EN FORMATO DIGITAL (DESCARGA)"
0961,ENTRADA A CIRCOS
0961,ENTRADA A CONCIERTO
0961,ENTRADA A GALERIAS DE ARTE Y EXPOSICIONES
0962,"ENTRADA A PARQUES NACIONALES, MUSEOS, RESERVAS BIOLOGICAS, ETC."
0961,"ENTRADA A TEATRO, TEATRO DE OPERA"
0962,"ENTRADA A ZOOLOGICOS Y JARDINES BOTANICOS, ACUARIOS, SERPENTARIOS, Y SIMILARES"
0961,ENTRADA AL CINE
0946,"ENTRADA POR PARTCIPAR EN MARATONES, CARRERAS, CAMINATAS Y TRIATLON"
0969,OTROS GASTOS EN SERVICIOS CULTURALES
0963,SERVICIO DE FOTOGRAFO
0963,"SERVICIO DE REVELADO DE PELICULAS, AMPLIACION Y RESTAURACION DE FOTOGRAFIAS U OTROS SIMILARES"
0961,SERVICIOS DE MUSICOS O DISCOMOVIL O SONIDO
0961,SERVICIOS DE PAYASO Y ACTORES PARA LA DIVERSION
0947,APUESTA (PROPORCION CONSUMO)
0947,BINGO (PROPORCION CONSUMO)
0947,CHANCES (PROPORCION CONSUMO)
0947,LOTERÍA (PROPORCION CONSUMO)
0947,RASPA (PROPORCION CONSUMO)
0947,RIFA (PROPORCION CONSUMO)
0947,TIEMPOS (PROPORCION CONSUMO)
0947,LOTTO (PROPORCION CONSUMO)
0971,LIBRO DE TEXTO PARA PREPARATORIA
0971,LIBRO DE TEXTO PARA PRIMARIA
0971,LIBRO DE TEXTO PARA SECUNDARIA
0971,LIBRO DE TEXTO PARA UNIVERSIDAD Y PARAUNIVIERSIDAD
0971,ALBUM DE FOTOS
0971,DICCIONARIO
0971,ENCICLOPEDIA
0971,LA BIBLIA
0971,"LIBROS NO ACADEMICOS (NOVELAS, LIBROS DE OFICIOS, CUENTOS, POESIA, ETC.)"
0971,LIBROS DE PINTAR
0971,OTROS LIBROS
0971,LIBROS DE TEXTO PARA ENSEÑANZA NO FORMAL (INCLUYE PARTITURAS)
0972,PERIODICOS SIN SUSCRIPCION
0972,"REVISTA SIN SUSCRIPCION (DEPORTES, ECOLOGICAS, ESPECTACULOS, MANUALIDADES, ANIME, ETC.)"
0972,SEMANARIO SIN SUSCRIPCION
0972,SUSCRIPCION A PERIODICO
0972,SUSCRIPCION A REVISTA
0973,AFICHES Y POSTERS
0973,CALENDARIOS
0973,"CATALOGOS DE PRENDAS, CUIDADO PERSONAL, ETC."
0973,MAPAS
0973,TARJETAS (TODA OCASION)
0973,OTROS MATERIALES IMPRESOS
0974,BARRAS DE SILICON
0974,BOLSA DE REGALO
0974,FOAM
0974,PAPEL DE REGALO
0974,CUOTA PARA MATERIALES PARA PRIMARIA Y SECUNDARIA
0974,CUOTA PARA MATERIALES PARA UNIVERSIDAD Y PARAUNIVERSIDAD
0974,AGENDA
0974,"BLOCK DE HOJAS BLANCAS, RAYADAS O DE COLORES"
0974,BORRADOR
0974,CARTUCHERAS O CAJAS PARA GUARDAR LAPICES
0974,CARTULINA
0974,COMPAS
0974,CORRECTOR LIQUIDO Y DE CINTA
0974,CRAYOLA
0974,CUADERNO (CUALQUIER TIPO)
0974,ESTEREOFON
0974,"ETIQUETAS Y CARATULAS PARA PEGAR EN PAPEL, BLU RAY, CD, DVD U OTROS"
0974,FICHAS DE CARTULINA
0974,FOLDER Y CARPETAS
0974,GOMA EN BARRA
0974,GOMA LIQUIDA
0974,GRAPADORA
0974,GRAPAS
0974,GUILLOTINA
0974,"HOJAS BLANCAS, RAYADAS Y DE COLORES"
0974,JUEGO DE GEOMETRIA
0974,LAMINAS EDUCATIVAS
0974,LAPICERO
0974,LAPICES DE COLOR
0974,LAPIZ DE ESCRIBIR
0974,LIBRETA
0974,LIBROS DE EJERCICIOS
0974,LIENZOS
0974,MARCADOR FOSFORESCENTE
0974,MARCADORES PERMANENTES Y PARA PIZARRA (PILOTS)
0974,MINAS PARA LAPICES
0974,PAPEL CARBON
0974,PAPEL CONSTRUCCION
0974,PAPEL CREPE
0911,PAPEL DE IMPRIMIR FOTOGRAFIAS
0974,PAPEL PERIODICO
0974,PAPEL SATINADO
0974,PAPELES AUTOADHESIVOS (POST IT)
0974,PAQUETES ESCOLARES
0974,PERFORADORAS DE PAPEL (SACABOCADOS)
0974,PINCELES
0974,"PINTURAS (ACRILICAS, TELA, ACEITE)"
0974,PIZARRA
0974,PLANIFICADOR MENSUAL
0974,PLASTICO PARA FORRAR
0974,PLASTICINA
0974,PLUMAS Y ESTILOGRAFICOS
0974,PORTAFOLIOS Y ROTAFOLIOS
0974,PORTAMINAS
0974,PRENSA PARA FOLDER
0974,REGLA
0974,SELLO
0974,SOBRES
0974,TAJADOR O MAQUINILLA
0974,TEMPERAS Y ACUARELAS
0974,TIJERA PARA CORTAR PAPEL
0974,TINTA CHINA
0974,TIZA
0974,MASKING-TAPE
0974,SEPARADORES DE PAGINAS (MARCADORES PARA LIBROS DE LECTURA)
0974,PORTA TARJETAS
0974,SOPLADOR PARA COMPUTADORA
0974,OTROS MATERIALES ESCOLARES Y DE OFICINA
0813,CARTUCHOS DE TINTA O TONER PARA IMPRESORA
0974,OTROS ARTICULOS PARA IMPRIMIR
0974,CUOTA PARA MATERIALES DE EDUCACION NO FORMAL
0980,CLUBES DE VIAJE
0980,PAQUETES TURISTICOS PARA EL EXTERIOR DEL PAIS
0980,PAQUETES TURISTICOS PARA EL INTERIOR DEL PAIS
1010,MENSUALIDAD EDUCACION PRIMARIA
1010,MENSUALIDAD MATERNAL
1010,"MENSUALIDAD PREKINDER, KINDER Y PREPARATORIA"
1010,MATRICULA DE EDUCACION PRIMARIA
1010,MATRICULA DE MATERNAL
1010,"MATRICULA DE PREKINDER, KINDER Y PREPARATORIA"
1020,MENSUALIDAD EDUCACION SECUNDARIA
1020,MATRICULA DE EDUCACION SECUNDARIA
1050,CLASES O TUTORIAS PARTICULARES PARA PRIMARIA Y SECUNDARIA
1040,MATRICULA DE EDUCACION PARAUNIVERSITARIA O TECNICA
1040,CURSOS PARAUNIVERSITARIOS O TECNICOS
1040,MATRICULA DE EDUCACION UNIVERSITARIA DE GRADO
1040,MATRICULA DE EDUCACION UNIVERSITARIA DE POSGRADO
1040,CURSOS UNIVERSITARIOS
1040,CURSOS DE POSGRADO
1040,PAGO POR DERECHOS DE EXAMEN
1040,OTROS PAGOS DE MATRICULAS DE UNIVERSIDAD Y PARAUNIVERSIDAD
1040,OTROS PAGOS DE CURSOS DE UNIVERSIDAD Y PARAUNIVERSIDAD
1040,OTROS GASTOS EN EDUCACION UNIVERSITARIA Y PARAUNIVERSITARIA
1050,MATRICULA Y MENSUALIDAD PARA CURSO DE COSTURA
1050,MATRICULA Y MENSUALIDAD PARA CURSOS MEDICOS
1050,MATRICULA Y MENSUALIDAD POR CURSOS DE BELLEZA
1050,MATRICULA Y MENSUALIDAD POR CURSOS DE CERAMICA
1050,MATRICULA Y MENSUALIDAD POR CURSOS DE CONTABILIDAD
1050,MATRICULA Y MENSUALIDAD POR CURSOS DE ELECTRONICA Y ELECTROMECANICA
1050,MATRICULA Y MENSUALIDAD POR CURSOS DE IDIOMAS
1050,MATRICULA Y MENSUALIDAD POR CURSOS DE INFORMATICA
1050,MATRICULA Y MENSUALIDAD POR CURSOS DE MANTENIMIENTO Y REPARACION DE EQUIPO
1050,"MATRICULA Y MENSUALIDAD POR CURSOS DE MANUALIDADES (COUNTRY, FOAM, FIELTRO, ENTRE OTROS)"
1050,MATRICULA Y MENSUALIDAD POR CURSOS DE MASAJES
1050,MATRICULA Y MENSUALIDAD POR CURSOS DE MECANICA AUTOMOTRIZ
1050,MATRICULA Y MENSUALIDAD POR CURSOS DE SOLDADURA
1050,MATRICULA Y MENSUALIDAD POR CURSOS DE YOGA
1050,MATRICULA Y MENSUALIDAD POR CURSOS GASTRONOMICOS
1050,MATRICULA Y MENSUALIDAD POR OTROS CURSOS
1050,"SEMINARIOS, TALLERES, CONFERENCIAS U OTRAS"
1050,OTRAS LECCIONES
1111,BAGEL
1111,"BIZCOCHOS, ROSQUILLAS, MANTECADOS, PALITOS SALADOS DE HARINA O QUESO"
1111,CANGREJO O CROISSANT SALADO
1111,"ENCHILADA, PASTELILLO O EMPANADA DE HOJALDRE, ARGENTINAS Y CHILENAS"
1111,REPOSTERIA MACROBIOTICA (PALITOS DE AJONJOLI)
1111,TRENZA O ARROLLADO DE QUESO
1111,OTROS TIPOS DE REPOSTERIA SALADA
1111,"ARROLLADO DULCE, GATO, BORRACHO, MERENDINA, ETC."
1111,BROWNIE
1111,BUDIN
1111,"CACHO, PAÑUELO O PRUSIANO RELLENOS CON LUSTRE, CREMA PASTELERA O DULCE DE LECHE"
1111,COSTILLA Y TOSTEL
1111,"DONA, CHURRO O BUÑUELO SIMPLE"
1111,"DONA, CHURRO O BUÑUELO RELLENO"
1111,"EMPANADA DE PIÑA, GUAYABA O JALEA"
1111,MUFFIN CON LUSTRE O RELLENO (CUP CAKE)
1111,"OREJAS, PALMERAS, PRESTIÑOS"
1111,QUEQUE CON LUSTRE O RELLENO Y CARLOTA
1111,"QUEQUE NAVIDEÑO, QUEQUE CON FRUTOS SECOS (PASAS) O SEMILLAS"
1111,QUEQUE SECO O DE ZANAHORIA
1111,"QUESADILLA DULCE, PUPUSA DE QUESO Y AZUCAR"
1111,"STRUDEL, PASTELILLO, TARTALETA O FLAUTA DE FRUTAS"
1111,"TAMAL DE MAIZ, MAICENA, ASADO, PAN DE ELOTE"
1111,TORTA CHILENA
1111,GALLETAS DE AVENA
1111,GALLETAS DULCES CON RELLENO
1111,GALLETAS DULCES INTEGRALES Y EXTRA FIBRA (FIBRA MIEL)
1111,CEREAL AZUCARADO
1111,CEREAL DE CHOCOLATE
1111,"CEREAL EN HOJUELAS DE MAIZ, CORRIENTE"
1111,LECHE SEMIDESCREMADA LIQUIDA
1111,ROMPOPE SIN LICOR
1111,APRETADOS
1111,BOLIS
1111,CONO CON HELADO
1111,"ENSALADAS DE FRUTAS CON HELADOS (BANANA SPLIT, PARFAIT DE FRUTAS)"
1111,GELATINA CON HELADOS
1111,GRANIZADOS CON HELADOS O CHURCHIL
1111,GRANIZADOS CON UNA O DOS LECHES
1111,HELADOS A BASE DE AGUA (PALETA O PALITO)
1111,HELADOS DE YOGURT O LIGHT
1111,NIEVES
1111,QUEQUE HELADO O HELADO CON GALLETA
1111,SUNDAE
1111,OTROS POSTRES CON HELADOS
1111,NATILLA
1111,"QUESO TIERNO, BLANCO (TURRIALBA)"
1111,CHICHARRON DE CERDO (COCIDO)
1111,CHICHARRON DE CONCHA DE CERDO
1111,MELON
1111,PAPAYA
1111,PIÑA
1111,SANDIA
1111,ALGODON DE AZUCAR
1111,BOMBONES DE CHOCOLATE Y BOTONETAS
1111,CAJETAS (TORONJA RELLENA)
1111,PALOMITAS DE MAIZ PREPARADAS
1111,"AGUA CARBONATADA (QUINADA, SODA) O SABORIZADA"
1111,AGUA DE PIPA
1111,AGUA DULCE
1111,AGUA ENVASADA
1111,BATIDOS CON HELADO O MILK SHAKES
1111,BATIDOS DE FRUTAS Y VEGETALES
1111,BEBIDAS GASEOSAS DIETETICAS ENVASADAS
1111,BEBIDAS GASEOSAS DIETETICAS SERVIDAS
1111,BEBIDAS GASEOSAS REGULARES ENVASADAS
1111,BEBIDAS GASEOSAS REGULARES SERVIDAS
1111,BEBIDAS ENERGETICAS
1111,BEBIDAS DE MALTA
1111,BEBIDAS HIDRATANTES
1111,CAFE EXPRESO
1111,CAFES FRIOS GOURMET
1111,CAFE O TE CON LECHE Y CAPUCHINO
1111,CAFE O TE NEGRO
1111,CHOCOLATE LIQUIDO CALIENTE
1111,FRESCO EN AGUA CON AZUCAR SERVIDO
1111,FRESCO EN AGUA SIN AZUCAR O CON EDULCORANTE SERVIDOS
1111,"FRESCO EN LECHE SERVIDO (PINOLILLO, HORCHATA, CREMA RESBALADERA)"
1111,JUGOS DE FRUTAS SERVIDOS
1111,LECHE SABORIZADA CORRIENTE O DELACTOSADA
1111,"NECTAR, TE O JUGOS DE FRUTAS EMPACADOS"
1111,"NECTAR, TE O JUGOS DE FRUTAS LIGHT EMPACADOS"
1111,LECHE SERVIDA (VASO DE LECHE)
1111,OTRAS BEBIDAS NO ALCOHOLICAS
1111,ENSALADAS CON POLLO O CARNE
1111,"ENSALADAS HARINOSAS (PAPA, RUSA, CARACOLITOS, CEVICHE DE PLATANO)"
1111,ENSALADA VERDE O DE PALMITO
1111,OTRAS ENSALADAS
1111,ARREGLADOS Y EMPANADAS ARREGLADAS
1111,EMPAREDADOS CON CARNE (MANO DE PIEDRA)
1111,EMPAREDADOS DE JAMON Y QUESO
1111,EMPAREDADOS CON POLLO O ATUN
1111,TOSTADAS O PAN CON JALEA
1111,TOSTADAS O PAN CON MANTEQUILLA
1111,OTROS EMPAREDADOS
1111,AREPAS Y PANCAKES CON MIEL
1111,GALLO DE TORTILLAS CON QUESO
1111,GALLO PINTO CON CARNE
1111,GALLO PINTO CON HUEVO
1111,GALLO PINTO CON NATILLA
1111,GALLO PINTO CON QUESO
1111,GALLO PINTO SOLO
1111,HUEVO FRITO
1111,"HUEVOS REVUELTOS, TORTA DE HUEVO"
1111,OMELETTE CON JAMON Y QUESO
1111,PAN CON NATILLA O QUESO CREMA
1111,PAN CON QUESO
1111,TORTILLAS CON NATILLA O QUESO CREMA
1111,TORTILLAS DE QUESO PALMEADAS
1111,OTROS TIPOS DE DESAYUNOS
1111,ALAS DE POLLO A LA BBQ O FRITAS
1111,ARROZ CON POLLO
1111,"ARROZ PREPARADO (CANTONES, CON CAMARONES, ETC.)"
1111,"CASADO CON CARNE DE RES: BISTEC, CARNE MECHADA, HIGADO ETC. (PLATO EJECUTIVO)"
1111,CASADO CON CHULETA O DE CERDO (PLATO EJECUTIVO)
1111,CASADO CON PESCADO (PLATO EJECUTIVO)
1111,CASADO CON POLLO (PLATO EJECUTIVO)
1111,CEVICHE DE PESCADO O MARISCOS
1111,CHILES RELLENOS
1111,CHOP SUEY O CHOW MEIN
1111,COSTILLAS Y CHICHARRONES SERVIDOS
1111,"CREPAS SALADAS (POLLO, JAMON, ETC.)"
1111,CORTES DE CARNE ARGENTINOS
1111,ELOTE COCINADO CON MARGARINA
1111,ENYUCADOS
1111,ESCABECHE - VINAGRETA
1111,ESPAGUETIS PREPARADOS
1111,FRITO
1111,"GALLOS DE CARNE, PINCHOS DE RES, FAJITAS DE RES (TORTAS DE CARNE), BISTEC, CARNE EN SALSA, TORTAS DE CARNE"
1111,"GALLOS DE POLLO, PINCHOS DE POLLO, FAJITAS DE POLLO, FILET A LA PLANCLA, POLLO EN SALSA"
1111,GALLOS DE SALCHICHON O CHORIZO
1111,"GALLOS O PLATOS DE PICADILLO (ARRACACHE, PLATANO, PAPAYA, CHAYOTE, PAPA, ETC.)"
1111,"GARBANZOS, FRIJOLES O LENTEJAS CON CARNE"
1111,"LASAÑA, CANELONES O RAVIOLES SERVIDOS"
1111,OLLA DE CARNE
1111,ORDEN DE ARROZ
1111,ORDEN DE FRIJOLES ENTEROS
1111,ORDEN DE FRIJOLES MOLIDOS
1111,ORDEN DE GUACAMOLE
1111,ORDEN DE VERDURAS
1111,ORDEN DE YUCAS FRITAS
1111,PAPAS RELLENAS
1111,"PASTELES CON POLLO, CARNE, PALMITO, ETC. (PLATO FUERTE)"
1111,PLATANOS MADUROS COCINADOS
1111,PLATILLOS VEGETARIANOS
1111,PLATO SURTIDO (CARNE Y VEGETALES)
1111,POZOL Y ARROZ DE MAIZ
1111,PURE DE PAPA
1111,RICE AND BEANS CON RONDON DE POLLO
1111,SOPA AZTECA
1111,SOPA NEGRA O CALDO DE FRIJOL CON HUEVO
1111,"SOPAS DE MARISCOS, POLLO, ALBONDIGAS, ETC."
1111,SUSHI
1111,"TAMALES (CERDO, POLLO, FRIJOLES)"
1111,VIGORON
1111,MARISCADA
1111,OTROS TIPOS DE ALMUERZOS O CENAS
1111,AROS DE CEBOLLA
1111,BURRITOS
1111,CALZONE
1111,CHALUPAS
1111,CHIFRIJO
1111,CHORREADAS
1111,DADOS O BUÑUELOS DE QUESO
1111,DORADITAS
1111,"EMPANADAS DE MASA, DE CARNE, POLLO, QUESO, FRIJOLES O PAPA"
1111,FOCACCIA
1111,HAMBURGUESA
1111,NACHOS
1111,NUGGETS DE POLLO
1111,PAPAS FRITAS A LA FRANCESA Y PAPA RAYADA (HASH BROWNS)
1111,PATACONES (PLATANOS VERDES FRITOS)
1111,PATTI
1111,PERRO CALIENTE
1111,POLLO ASADO
1111,POLLO FRITO
1111,PRENSADAS
1111,"PUPUSAS DE QUESO, FRIJOL, ETC."
1111,"QUESADILLA O GRINGAS DE POLLO, CON CARNE O QUESO"
1111,SALCHIPAPAS
1111,TACOS O FLAUTAS
1111,WANTAG PREPARADO
1111,WRAPS
1111,OTRAS MERIENDAS O REFRIGERIOS
1111,OTRAS COMIDAS RAPIDAS
1111,ARROZ CON LECHE
1111,ATOL
1111,CHEESE CAKE
1111,CREPAS DULCES
1111,ENSALADA DE FRUTAS
1111,FLAN Y MOUSSE PREPARADOS
1111,GELATINA PREPARADA
1111,PIE DE LIMON PREPARADO
1111,PUDIN O TAPIOCA PREPARADO
1111,TRES LECHES
1111,BREADSTICKS
1111,"DEDOS DE PESCADO, FILET DE PESCADO, PESCADO ENTERO"
1111,CAMARONES AL AJILLO
1111,OTROS TIPOS DE POSTRES
1112,"CATERING, SOLO ALIMENT. P. EVENTOS (BAUTIZO, CUMPLEAÑOS, FUNERAL, MATRIMONIO, TE CANASTILLA, PRIMERA COMUNION, OTROS)"
1111,CERVEZA DE BARRIL O CRUDA SERVIDA
1111,CERVEZA LIGHT O DIETETICA ENVASADA
1111,CERVEZA REGULAR ENVASADA
1111,CERVEZA SIN ALCOHOL ENVASADA
1111,COCTELES ENVASADOS
1111,"COCTELES SERVIDOS (PIÑA COLADA, ETC.)"
1111,"CREMAS DE LICOR SERVIDAS (BAILEYS , AMARULA, CREMA DE CAFE, SHERIDANS)"
1111,GUARO O AGUA ARDIENTE ENVASADO
1111,GUARO O AGUA ARDIENTE SERVIDO
1111,LICORES DIGESTIVOS Y OTROS LICORES DE SABORES SERVIDOS
1111,RON CORRIENTE O DE COCO SERVIDO
1111,TEQUILA SERVIDO
1111,VINO ENVASADO
1111,VINO SERVIDO
1111,VODKA SERVIDO
1111,WHISKY ENVASADO
1111,WHISKY SERVIDO
1120,SERVICIO DE ALOJAMIENTO EN CABINAS Y CABAÑAS
1120,SERVICIO DE ALOJAMIENTO EN HOTELES
1120,SERVICIO DE ALOJAMIENTO EN MOTELES
1120,SERVICIO DE ALOJAMIENTO PARA ACAMPAR
1120,SERVICIO DE ALOJAMIENTO EN OTROS SITIOS
1313,ALISET O TRATAMIENTO DE QUERATINA
1313,BLOWER PARA EL CABELLO
1313,CORTE DE CABELLO DE HOMBRE
1313,CORTE DE CABELLO DE MUJER
1313,DEPILACION
1313,LIMPIEZA FACIAL
1313,MAQUILLAJE
1313,MASAJE NO TERAPEUTICO
1313,MECHAS
1313,PEINADO
1313,PLANCHADO DE CABELLO
1313,TATUADO DE CEJAS
1313,TEÑIDO DE CABELLO
1313,TATUAJE (TODO TIPO)
1313,CORTE DE BARBA
1313,CORTE DE CABELLO Y BARBA
1313,OTROS SERVICIOS PARA EL CUIDADO PERSONAL
1311,CEPILLO PARA PEINAR ELECTRICOS
1311,MAQUINAS DE AFEITAR ELECTRICAS (RASURADORA)
1311,MAQUINAS O SILLAS MASAJEADORAS
1311,MAQUINAS ELECTRICAS PARA CORTAR EL CABELLO
1311,MASAJEADOR ELECTRICO
1311,PLANCHAS PARA ALISAR EL CABELLO
1311,REPARACION Y MANTENIMIENTO DE ESTOS APARATOS ELÉCTRICOS DE CUIDADO PERSONAL
1311,RIZADOR DE CABELLO
1311,SECADORA DE CABELLO
1312,ALCOHOL EN GEL
1312,APLICADORES
1312,CEPILLO DE DIENTES
1312,CHAMPU
1312,CHAMPU 2 EN 1
1312,DESODORANTE PERSONAL
1312,ENJUAGUE BUCAL
1312,ESPONJA DE BAÑO
1312,"ESPUMA, CREMA Y JABON PARA AFEITAR"
1312,GEL DE BAÑO
1312,HILO DENTAL
1312,JABON DE BAÑO
1312,JABON LIQUIDO PARA MANOS
1312,PAÑAL DESECHABLE
1312,PAÑUELOS HIGIENICOS
1312,PAÑUELOS O TOALLITAS FACIALES
1312,PASTA DE DIENTES
1312,PROTECTORES DIARIOS
1312,RINSE (ACONDICIONADOR)
1312,TAMPONES
1312,TOALLAS SANITARIAS Y TAMPONES
1312,TOALLITAS HUMEDAS
1312,PROTECTOR PARA PEZONES
1312,PIEDRA POMES
1312,RASURADORA DESECHABLE O PRESTOBARBA NO ELECTRICA
1312,NAVAJILLA Y REPUESTOS DE MAQUINAS NO ELECTRICAS PARA AFEITAR
1312,OTROS ARTICULOS PARA EL CUIDADO PERSONAL
1312,"ACCESORIOS PARA EL CABELLO (PRENSAS, COLAS, DIADEMAS, BINCHAS)"
1312,TIJERA PARA CORTAR TELA
1312,ACEITE PARA NIÑO
1312,BASE DE MAQUILLAJE
1312,BROCHAS Y CEPILLOS PARA MAQUILLAR
1312,BLOQUEADOR Y BRONCEADOR SOLAR
1312,CEPILLO PARA PEINAR EL CABELLO
1312,COLONIA PARA BEBE Y NIÑOS (AS)
1312,CORRECTORES DE IMPERFECCIONES E ILUMINADORES FACIALES
1312,CREMA DE TRATAMIENTO FACIAL
1312,CREMA PARA BEBE
1312,CREMA PARA EL CABELLO
1312,CREMA PARA MANOS Y CUERPO
1312,"DEPILACION, PRODUCTOS DE (CERA, CREMA, GEL , LOCION O PAPEL)"
1312,"DESMAQUILLANTE (EN CREMA, GEL U OTRA PRESENTACION)"
1312,ENCRESPADOR DE PESTAÑAS (RIMEL)
1312,ESMALTE PARA UÑAS
1312,ESTUCHE DE COSMETICOS
1312,EXFOLIANTE PARA LA PIEL
1312,"FIJADOR PARA CABELLO (GEL, ACEITE, LACA, ETC.)"
1312,GEL O CREMA TONIFICANTE CORPORAL
1312,"LAPIZ , BRILLO O PROTECTOR LABIAL"
1312,LENTES DE CONTACTO COSMETICOS (DE COLOR)
1312,LIMA PARA UÑAS
1312,LOCION PARA ANTES O DESPUES DE AFEITAR
1312,MASCARILLAS PARA EL CUTIS O GORRAS PARA EL CABELLO
1312,PEINE
1312,PERFUME O COLONIA
1312,PERMANENTE
1312,PINZA
1312,POLVOS FACIALES
1312,PROTECTOR LABIAL (CHAPSTICK O MANTECA DE CACAO)
1312,QUITA ESMALTE O ACETONA
1312,REMOVEDOR DE MAQUILLAJE
1312,REPELENTE
1312,RUBOR
1312,ROMANAS PERSONALES O PESABEBES
1312,SOMBRAS
1312,"TINTE PARA CABELLO (CHAMPU, CREMA, GEL, TINTE NATURAL, ETC.)"
1312,TIJERITAS PARA CORTAR UÑAS
1312,TONALIZANTE PARA EL CABELLO
1312,PRODUCTOS DE TRATAMIENTO FACIAL
1312,PRODUCTOS DE TRATAMIENTO PARA EL CABELLO
1312,PRODUCTOS DE TRATAMIENTO PARA UÑAS
1312,"UÑAS POSTIZAS (ACRILICAS O DE GEL, PORCELANA, GELATINA O RESINA ORGANICA)"
1312,VASELINA
1312,PESTAÑAS POSTIZAS
1312,OTROS PRODUCTOS PARA EL CUIDADO PERSONAL
1321,ANILLO DE FANTASIA Y OTROS MATERIALES
1321,ARETES DE FANTASIA Y OTROS MATERIALES
1321,BRAZALETE DE FANTASIA Y OTROS MATERIALES
1321,CADENA DE FANTASIA Y OTROS MATERIALES
1321,DIJE DE FANTASIA Y OTROS MATERIALES
1321,ESCLAVA O PULSERA DE FANTASIA Y OTROS MATERIALES
1321,GARGANTILLA DE FANTASIA Y OTROS MATERIALES
1321,JUEGO DE BISUTERIA O FANTASIA PARA MUJER
1321,"RELOJ DE ORO, PLATA O METALES SIMILARES"
0612,COMPRA DE EQUIPO PARA ESTUDIANTES DE CARRERAS DE CIENCIAS DE LA SALUD
0974,COMPRA DE MATERIALES PARA ESTUDIANTES DE CARRERAS DE INGENIERIA Y ARQUITECTURA
1329,OTROS ACCESORIOS PEQUEÑOS PARA BEBE
1329,ABANICO DE ACCESORIO O MANUAL
1329,ANTEOJOS PARA SOL
1329,BILLETERA DE CUERO
1329,BILLETERA DE TELA
1329,BOLSO DE CUERO
1329,BOLSO DE PLASTICO O VINIL
1329,BOLSO DE TELA O NYLON
1329,BOLSO TEJIDO
1329,CANGUROS DE TELA O NYLON
1329,CANTINFLORA O CARAMAÑOLA
1329,CAPAS PARA LA LLUVIA
1329,CARTERA DE CUERO
1329,CARTERA DE PLASTICO O VINIL
1329,CARTERA DE TELA
1329,CUCHILLAS
1329,ENCENDEDORES
1329,"ESTUCHE Y OTROS ACCESORIOS PARA CELULAR, CAMARAS O TABLETAS"
1329,JOYERO DE MADERA
1321,"JOYAS (CADENAS, PULSERAS, ARETES U OTROS) DE ORO PLATA O METALES SIMILARES"
1329,LLAVERO Y LLAVES
1329,LONCHERA
1329,MALETAS PARA VIAJES (VALIJA O MALETIN)
1329,MALETIN EJECUTIVO Y PARA COMPUTADORAS DE TELA O NYLON
1329,MONEDERO
1329,PARAGUAS
1329,"PIPAS, FILTROS, CORTAPUROS, PITILLERAS"
1329,REPARACION DE ARTICULOS PERSONALES
1329,SALVEQUE (BULTO) DE CUERO O CUERINA
1329,SALVEQUE (BULTO) DE TELA O NYLON
1329,SALVEQUE DE PLASTICO O VINIL
1329,SOMBRILLA
1329,BOLSO DE CUERINA
1329,OTROS ARTICULOS PERSONALES
1329,ANDADERAS
1329,COCHE PARA BEBE
1329,MOISES
1329,PAÑALERA
1329,REPARACION Y MANTENIMIENTO DE ARTICULOS DE BEBE
1329,SILLITAS DE NIÑO (NO PARA COMER)
1329,OTROS ARTICULOS PARA BEBES
1330,ALBERGUE DE ANCIANOS CON ALOJAMIENTO
1330,ALBERGUE DE ANCIANOS SIN ALOJAMIENTO
1330,"CASA CUNA, HOGAR DE RECREO U OTRAS INSTALACIONES PARA EL CUIDADO DE LOS NIÑOS"
1330,CUIDADO DE NIÑOS EN OTRO HOGAR
1330,GUARDERIA Y CENTROS INFANTILES
1211,SEGURO DE ESTUDIANTE (PROPORCION CONSUMO)
1213,DEDUCIBLE POR SEGUROS CONTRA ROBO O INCENDIO DE VIVIENDAS
1213,SEGURO CONTRA ROBO E INCENDIO EN VIVIENDA (PROPORCION CONSUMO)
1213,OTROS SEGUROS RELACIONADOS CON LA VIVIENDA (PROPORCION CONSUMO)
1212,DEDUCIBLE POR SEGUROS DE SALUD
1212,SEGURO DE EMERGENCIAS MEDICAS (PROPORCION CONSUMO)
1211,SEGURO POR ACCIDENTES (PROPORCION CONSUMO)
1212,SEGURO POR GASTOS MEDICOS (PROPORCION CONSUMO)
1211,SEGURO POR RIESGOS DEL TRABAJO (PROPORCION CONSUMO)
1212,OTROS SEGUROS RELACIONADOS CON LA SALUD (PROPORCION CONSUMO)
1214,DEDUCIBLE POR SEGURO OBLIGATORIO DE VEHICULOS
1214,DEDUCIBLE POR SEGUROS DE VEHICULOS CONTRA ROBO O DAÑOS A TERCEROS
1214,SEGURO CONTRA ROBO O DAÑOS A TERCEROS DE VEHICULO (PROPORCION CONSUMO)
1214,SEGURO DE VIAJERO (PROPORCION CONSUMO)
1214,SEGURO OBLIGATORIO DEL VEHICULO (PROPORCION CONSUMO)
1211,POLIZA DE VIDA (PROPORCION CONSUMO)
1219,SEGURO DE TARJETA DEBITO O CREDITO (PROPORCION CONSUMO)
1219,OTROS SEGUROS NO RELACIONADOS CON SALUD (PROPORCION CONSUMO)
1390,PAGO POR FOTOCOPIAS Y REPRODUCCIONES DE DOCUMENTOS
1390,"OTROS PAGOS (USO DE SERVICIO SANITARIO, ETC.)"
1390,MEMBRESÍA DE TARJETAS NO FINANCIERAS (PRICESMART U OTROS CLUBES)
1390,"CUOTA PARA ACTIVIDADES (GRADUACION, FIESTAS, ETC.) PARA PRIMARIA Y SECUNDARIA"
1112,CUOTA PARA COMEDOR ESCOLAR
1390,PATRONATO ESCOLAR
1390,ANTOLOGIAS PARA UNIVERSIDAD Y PARAUNIVERSIDAD (FOTOCOPIAS)
1390,"CUOTAS PARA BAUTIZO, PRIMERA COMUNION, CONFIRMA O BODA"
1050,OTROS GASTOS PARA ENSEÑANZA NO FORMAL (ACTIVIDADES)
1390,FILOLOGO
1390,HONORARIOS PAGADOS A ABOGADOS
1390,HONORARIOS PAGADOS A ARQUITECTOS
1390,HONORARIOS PAGADOS A CONTADORES
1390,HONORARIOS PAGADOS A INGENIEROS
1390,HONORARIOS PAGADOS A TOPOGRAFOS
1390,OTROS HONORARIOS PAGADOS
1390,"OTROS SERVICIOS PROFESIONALES, TECNICOS, CULTURALES"
1390,PAQUETE PARA CUMPLEAÑOS
1390,PAQUETE PARA FUNERAL Y ENTIERRO
1390,PAQUETE PARA MATRIMONIO
1390,PAQUETE PARA PRIMERA COMUNION
1390,PAQUETE PARA TE DE CANASTILLA
1390,OTROS GASTOS POR PAQUETES
1390,PAGO POR CERTIFICACIONES Y CONSTANCIAS
1390,PAGO POR EMISION O RENOVACION DE PASAPORTE
1390,PAGO POR EMISION O RENOVACION DE VISA
1390,PAGO POR EMISION Y RENOVACION DE LICENCIA PARA PORTAR ARMAS
1390,PAGO POR TIMBRES DE COLEGIOS PROFESIONALES
1390,TIMBRES PARA TRAMITES LEGALES
1390,CANON (DERECHO DE VIVIR EN ZONA MARITIMA)
1390,OTROS PAGOS O TASAS CUYO PAGO ES PROPORCIONAL AL SERVICIO RECIBIDO
0421,VALOR LOCATIVO IMPUTADO
0111,Pan de agua
0111,Pan sobado
0111,Pan de leche
0111,Pan de mantequilla
0111,Pan baguette blanco
0111,Pan baguette integral
0111,Pan camarón
0111,Pan integral
0111,Pan telera
0111,Pan de pita
0111,Pan de sándwich rebanado blanco
0111,Pan de sándwich rebanado integral
0111,Pan de hot dog
0111,Pan de avena
0111,Pan de hamburguer
0111,Pan de cereal
0111,Pan de papa
0111,Pan dulce
0111,Pan de linaza
0111,Pan quimbo (rizo)
0111,Pan de ajonjolí
0111,Pan de puerro y cebolla
0111,Pan de anís
0111,Galletas con ajonjolí
0111,Galletas de harina / Galleta de manteca
0111,Galletas de soda
0111,Galletas dulces
0111,Galletas integrales
0111,Galletas María
0111,Galletas saladas
0111,Galletas de Avena / Granola
0111,Galletas de huevo
0111,Galletas de ajo
0111,Galletas rellenas de queso
0111,Pan de maíz entero
0111,Polvorones
0111,Palomitas de maíz para microondas
0111,Violados
0111,Dulces de harina rellenos
0111,Arepitas fritas
0111,Bienmesabe
0111,Lengüita
0111,Mantecados
0111,Masitas
0111,Conconete
0111,Cazabe
0111,Churros sin relleno
0111,Tortilla de maíz (para tacos)
0111,Pan de batata
0111,Pudín de pan
0119,Catibía de pollo
0119,Catibía de queso
0111,Croissant
0119,Quipe de pollo
0119,Quipe de queso
0119,Quipe de res
0119,Yaniqueques
0111,Pan de yautía
0111,Bizcocho envasado sin huevo
0111,Bizcocho envasado de chocolate
0111,Bizcocho envasado de limón
0111,Bizcocho envasado de vainilla
0111,Bizcocho envasado de zanahoria
0119,Pastelito de pollo
0119,Pastelito de res
0119,Pastelito de queso amarillo
0119,Pastelito de jamón y queso
0119,"Pastelito de queso, pollo y maíz"
0119,Quipes de camarón
0112,Croquetas de pollo y jamón
0112,Croquetas de chorizo
0111,Donas de pastel
0119,Bollitos en hojaldre de queso
0119,Bollitos en scone de queso
0119,Catibia de res
0111,Macarons
0111,Brownies
0111,Churros con dulce de leche
0111,Donas de azucar
0111,Arepa dulce
0111,Arepa salada
0112,Croquetas de pollo
0119,Pastelito de pollo y vegetales
0119,Palitos de ajo
0119,Empanada de carne de cerdo (tapao de cerdo)
0111,Dona de chocolate
0111,Bizcocho envasado de maíz
0111,Tortilla de trigo
0111,Pastelito de huevo
0111,Roquetas
0111,Pan de licor
0119,Pastelito de pollo y maíz
0119,Pastelito de pepperoni y queso
0119,Quipe precocido de res
0119,Croqueta precocida de queso
0111,Bizcocho envasado con mermelada
0111,Bizcocho entero de chocolate
0111,Bizcocho entero de vainilla
0111,Bizcocho entero con relleno
0111,Bizcocho tres leche entero
0119,Cazabe con ajo
0119,Catibía de jamón y queso
0111,Bollo de maíz con coco crudo
0111,"Masapan (Dulce) de leche condensada, leche en polvo, azucar pulverizada"
0111,Dona rellena de crema
0119,Catibía de cerdo
0111,Bollito de harina de maíz crudo
0111,Harinas de maíz
0111,Maicena (fécula de maíz) /Maicera (harina de maíz procesada)
0111,Harina de negrito (fécula de trigo)
0111,Harina de panqueques
0117,Harina de plátano
0111,Sémola de maíz
0111,Masa de pastelitos
0111,Masa para empanada de harina
0111,Harina integral
0111,Masa para pizza
0111,Masa para empanada de yuca
0111,Arroz súper-selecto o premium
0111,Arroz selecto
0111,Arroz corriente
0111,Gofio
0111,Avena en hojuela o entera
0111,Avena molida saborizada (Frescavena y otras)
0111,Cereales de arroz
0111,Cereales con frutas
0111,Cereales de trigo
0111,"Corn Flakes (incluye rice flakes, cereales de chocolates, frutas y demás)"
0111,Granola
0111,"Cereales integrales (corn flakes integral, bran flakes y demás)"
0111,Barra de cereales (de granola y otros)
0111,Trigo
0111,Germen de trigo
0111,Maíz en mazorca seco
0111,Maíz en grano
0111,Maíz para hacer rositas (palomitas)
0111,"Maíz triturado (para chaca, chenchén, etc.)"
0111,Maíz molido
0111,Avena integral
0111,Avena molida no saborizada
0111,Quínoa
0111,Coditos
0111,Fideos
0111,Spaghetti
0111,Tallarines
0111,Pastas integrales
0111,Lasagña
0111,Macarrones
0111,Macarroni & Cheese
0111,Espirales
0111,Mostachones
0111,Linguinis
0112,Bola de lomo
0112,Boliche limpio
0112,Cadera limpia
0112,Carne molida de res
0112,Carne no. 7
0112,Carne preparada para bistec
0112,Rotí
0112,Pecho
0112,Filete
0112,Bistec de palomilla
0112,Pata de res
0112,Carne corriente de res
0112,Cabeza de res
0112,Hueso de vaca
0112,Costillas de res
0112,Carne molida de ternera
0112,Albondiga de res
0112,Pollo fresco
0112,Pollo congelado
0112,Pechuga de pollo
0112,Filete de pechuga (deshuesada) de pollo
0112,Muslos de pollo
0112,Alitas de pollo
0112,Carne molida de pollo
0112,Carne de gallina
0112,Carne de guinea
0112,Carne de pato
0112,Carne de pavo
0112,Pico y pala de pollo
0112,Asadura de pollo
0112,Escalopines de pollo
0112,Muslo de pavo
0112,Alas de pollo
0112,Pechuga de pavo (Cruda)
0112,Alas de pavo
0112,Lomo de Cerdo
0112,Masa de cerdo
0112,Pierna de cerdo
0112,Carne corriente de cerdo
0112,Carne de cabeza decerdo
0112,Capa de carne cerdo
0112,Chuleta de cerdo fresca
0112,Costillas-pecho de cerdo
0112,Carne molida de cerdo
0112,Patica de cerdo
0112,Filete de cerdo
0112,Escalopines de cerdo
0112,Carne de chivo
0112,Costillas de chivo
0112,Carne ahumada de pollo
0112,Carne de Chimichurri
0112,Hamburguesas para cocinar de carne
0112,Chuleta ahumada
0112,Lacón ahumado
0112,Tocineta
0112,Tocino
0112,Carne de cerdo sazonada
0112,Carne de res sazonada
0112,Carne salada
0112,Costillita ahumada
0112,Nuggets de pollo crudo
0112,Chorizos
0112,Jamón ahumado
0112,Jamón bolo
0112,Jamón de pavo
0112,Jamón de pollo
0112,Jamón picnic
0112,Jamón serrano
0112,Jamoneta
0112,Longaniza
0112,Morcillas
0112,Salami corriente
0112,Salami súper especial
0117,Salami vegetal
0112,"Salchichas alemanas, suizas"
0112,Salchichas de carne de cerdo
0112,Salchichas de hot-dog
0112,Salchichas de freír
0112,Salchichas tipo Viena
0112,Salchichas de carne de pavo
0112,Salchicha italiana
0112,Pepperoni
0112,Salchicha de pollo
0112,Salami de pavo
0112,Salami de pollo
0112,Jamón Corriente
0112,Salami guisado en lata
0112,Pollo enlatado
0112,Pollos vivos
0112,Gallinas vivas
0112,Patos vivos
0112,Guineas vivas
0112,Cerdo vivo
0112,Rabo de res
0112,Bofe de res
0112,Corazón de res
0112,Lengua de res
0112,Hígado de res
0112,Mondongo de res
0112,Riñón de res
0112,Mondongo de res sancochado o cocido
0112,Hígado de pollo
0112,Molleja de pollo
0112,Rabo de cerdo
0112,Lengua de cerdo
0112,Mondongo de cerdo
0112,Entresijo de cerdo
0112,Patica de cerdo hervida
0112,Pipián
0112,Hígado de cerdo
0113,Bocayate
0113,Bonito
0113,Carite
0113,Chillo
0113,Cojinúa
0113,Colirubia
0113,Colorado
0113,Dorado
0113,Mero
0113,Picúa
0113,Róbalo
0113,Salmón
0113,Sardinas frescas
0113,Tilapia
0113,Banano
0113,Atún
0113,Camarones
0113,Cangrejo de mar
0113,Cangrejo de agua dulce (jaiba)
0113,Langosta y langostino
0113,Lambí
0113,Pulpo
0113,Pescado trucha
0113,Pescado lisa o anguila
0113,Pescado sable
0113,Pescado loro
0113,Cabeza de pescado
0113,Pescado puerco
0113,Pescado machuelo
0113,Arenque
0113,Filete de arenque
0113,Bacalao
0113,Filete de bacalao
0113,Sardinas en aceite
0113,Sardinas en agua y sal
0113,Sardinas en salsa de tomate
0113,Salmón ahumado enlatado
0113,Atún en trozo en aceite
0113,Atún en trozo en agua
0113,Atún desmenuzado en aceite
0113,Atún desmenuzado en agua
0113,Masa de cangrejo
0113,Albóndigas de pescado
0113,Filete de basa (pescado)
0113,Sardinas en salsa de coco
0114,Leche fresca o cruda de vaca
0114,Leche entera liquida con UHT
0114,Leche semidescremada liquida con UHT
0114,Leche descremada liquida con UHT
0114,Leche líquida con chocolate
0114,Leche líquida con vainilla
0114,Leche con avena envasado
0114,Leche entera liquida sin lactosa
0114,Leche descremada liquida sin lactosa
0114,Leche líquida saborizada sin lactosa
0114,Leche liquida pasteurizada (no UHT)
0114,Leche en polvo entera
0114,Leche en polvo semidescremada
0114,Leche en polvo descremada
0114,Leche evaporada
0114,Leche condensada
0114,"Leches reforzadas con hierro y minerales (fórmula infantil),"
0119,"Leche maternizada (sustituto de lactancia materna, hasta 1 año)"
0119,Suplementos alimenticios (Ensure y similares)
0114,Leche evaporada con sabor a queso
0114,Leche en polvo entera sin lactosa
0114,Queso cheddar amarillo
0114,Queso danés
0114,Queso blanco corriente
0114,Queso blanco de freír
0114,Queso crema
0114,Queso de hoja
0114,Queso de soya
0114,"Queso holandés (Geo, gouda y similares)"
0114,Queso mozzarella
0114,Queso picantino parmesano rallado
0114,Queso manchego
0114,Queso Azul
0114,Queso cheddar blanco
0114,Queso amarillo de freir
0114,Yogurt bebible saborizado
0114,Yogurt con trozos de frutas
0114,Yogurt bebible natural
0114,Boruga
0114,Yogurt batido
0114,Yogurt orgánico
0114,Leche de soya
0114,Leche de coco
0114,Leche de almendra
0114,Flan enlatado
0114,Flan entero
0114,Flan de leche en cajita
0114,Huevos criollos (gallina)
0114,Huevos de granja (gallina)
0114,Huevos de codorniz
0114,Huevos de pato
0114,Huevo de guinea
0115,Aceite de soya
0115,Aceite de coco
0115,Aceite de maní
0115,Aceite de canola
0115,Aceite de ajonjolí
0115,Margarina dietética
0118,Mantequilla de maní
0115,Mantequilla
0115,Manteca de cerdo
0115,Manteca vegetal
0116,Aguacate
0116,Mango
0117,Plátano maduro
0117,Plátano verde
0117,Rulo
0116,Cereza
0116,Chinola
0116,Coco de agua
0116,Fresa
0116,Granadillo
0116,Guanábana
0116,Guayaba
0117,Guineo maduro (banano)
0117,Guineo verde (guineíto)
0116,Jagua
0116,Lechosa
0116,Zapote
0116,Limón agrio
0116,Limón dulce
0116,Limoncillo
0116,Manzana de oro
0116,Melón cantaloupe redondo
0116,Melón liso
0116,Naranja agria
0116,Naranja/china
0116,Toronja
0116,Piña
0116,Uvas rojas
0116,Uvas verdes
0116,Níspero
0116,Pan de fruta
0116,Sandía (patilla)
0116,Tamarindo
0116,Cajuil
0116,Carambola
0116,Buen pan o castaña
0116,Trozos de caña
0116,Cranberry (fruta)
0116,Manzana roja
0116,Manzana verde
0116,Manzana amarilla
0116,Mamón
0116,Kiwi
0116,Granada (fruta)
0116,Ciruela (fruta)
0116,Caimito
0116,Jobo
0116,Maní tostado
0116,Nueces y semillas surtidas
0116,Cocos secos
0116,Coctel de Frutas en almíbar
0119,Ajonjolí
0116,Ciruela deshidratada
0116,Pasa deshidratada
0116,Almendras
0116,Pistacho
0116,Manzana en conservas enlatadas
0116,Semillas de cajuil
0117,Habichuelas blancas secas
0117,Habichuelas negras secas
0117,Habichuelas pintas secas
0117,Habichuelas rojas secas
0117,Habichuelas verdes
0117,Habichuelas blanditas
0117,Frijolitos
0117,Garbanzos
0117,Guandules verdes en cáscara
0117,Guandules secos
0117,Guandules verdes desgranados
0117,Habas
0117,Arvejas
0117,Lentejas
0116,"Maní con o sin cáscara, sin procesar"
0117,Guandules blanditos
0117,Habichuela Yacomelo
0117,Yautía amarilla
0117,Yautía blanca
0117,Yautía coco o pipiota
0117,Yuca
0117,Papas
0117,Mapuey
0117,Batata
0117,Cepa de apio
0117,Ñame diablón
0117,Ñame blanco
0117,Ñame amarillo
0117,Ají grande (cubanela)
0117,Ají gustoso o cachucha
0117,Ají picante
0117,Ají morrón
0117,"Apio planta, apio gusto"
0117,Rábano
0117,Remolacha
0117,Auyama
0117,Zanahoria
0117,Tomates de ensalada
0117,Berenjena china
0117,Berenjena corriente
0117,Berro
0117,Brócolis
0117,Brócolis y coliflores congelados
0117,Cebolla blanca
0117,Cebolla roja
0117,Cebollín
0117,Coliflor
0117,Espinaca
0117,Pepino
0117,Puerro
0117,Repollo chino
0117,Repollo corriente
0117,Repollo morado
0117,Tayota
0117,Tomate Barceló o Bugalú
0117,Tomates chinos (cherry)
0117,Vainitas chinas
0117,Lechuga romana
0117,Lechuga repollada
0117,Zucchini
0117,Molondrones
0111,Maíz en mazorca tierno
0117,Ensalada cruda (Varias hortalizas)
0117,Remolacha hervida
0117,Vegetales mixtos empacados
0117,Aceitunas verdes con semillas
0117,Aceitunas verdes rellenas
0117,Alcaparrado (aceitunas y alcaparras)
0117,Alcaparras
0117,Garbanzos enlatados
0117,Guandules secos en lata
0117,Guandules verdes en lata
0117,Guisantes enlatados (petit-pois)
0117,Habichuelas blancas enlatadas (alubias)
0117,Habichuelas negras enlatadas
0117,Habichuelas rojas enlatadas
0117,Hongos y champiñones enlatados
0117,Maíz en mazorca envasado
0117,Maíz enlatado
0117,Pepinillos encurtidos
0117,Tomates en conserva o enlatados
0117,Vegetales mixtos enlatados
0117,Pimientos encurtidos
0117,Guandules con coco
0117,Habichuela negra con coco en lata
0117,Habichuela roja con coco en lata
0117,Apio en conserva
0117,Puré de papa deshidratado o instantáneo
0117,Papa pre cocida congelada
0117,Papas fritas (snack y picaderas)
0118,Azúcar blanca refinada
0118,Azúcar morena
0118,Azúcar dietética y sucedáneos del azúcar (Splenda y otros similares)
0118,Edulcorantes naturales (Fructosa y similares)
0118,Canquiña
0118,Melaza
0114,Dulce de coco
0118,"Mermeladas, dietéticas o no, jarabe de fructuosa"
0118,"Miel, polen y propóleo, jalea real"
0118,Habichuelas con dulce
0118,Majarete
0118,Dulce de maní
0118,Dulce de ajonjolí
0118,Suspiros
0118,Dulces de navidad surtidos
0118,Palitos de coco
0118,Dulce frío entero
0118,Pulpa de frutas
0118,Dulce de almendra
0118,Dulce de naranja agria
0118,Sirup para panques
0118,Dulce de coco con leche
0118,Dulce de cereza
0118,Gelatina preparada
0118,Mashmellow
0118,Majarete en polvo
0118,Soufflé de chinola
0118,Dulce de guayaba
0118,Jalao (dulce)
0118,Gomitas dulces
0118,Jalea de batata
0118,Dulce de piña
0118,Dulce de jagua
0111,Dulce de tres leche
0118,Esquimalito
0118,Frío frío
0118,Helados de fruta a base de leche
0118,Malteada (helados)
0118,Helados de sabores artificiales
0118,Helados caseros de todo tipo
0118,Hielo industrializado
0118,Hielo casero
0118,Helado en paleta en sabores artificiales
0118,Helado en paleta a base de leche
0118,Frappé de frutas
0118,Helado a base de yogurt (yogen fruz)
0118,Bombones y chocolates dulces
0118,"Caramelos, chicles"
0118,Chocolate amargo
0118,"Paletas, mentas"
0118,Sirope de chocolate
0118,Turrones
0118,Bombón relleno de nuez (pirulín)
0119,Sal molida refinada
0119,Sal marina
0119,Sal en grano
0119,Pimientos maduros en polvo
0119,Jengibre
0119,Perejil
0119,Albahaca
0119,Cilantro
0119,Cilantrico o verdura
0119,Hojas de Menta
0119,Romero
0119,Hierbabuena
0119,Ajinomoto
0119,Anís
0119,Canela en astilla
0119,Canelilla
0119,Clavo dulce
0119,Malagueta
0119,Nuez moscada
0119,Manzanilla
0119,Flor de tilo
0119,Pimienta en polvo
0119,Orégano en polvo
0119,Ajo en pasta
0119,Ajo en polvo
0119,Bija en polvo
0119,Bija entera en granos
0119,Canela en polvo
0119,Pimienta en granos
0119,Azafrán
0119,Agrio de naranja
0119,Alhucema
0119,Cilantro molido
0119,Diten o tomillo
0119,Hoja de ruda
0119,Hoja de sen
0119,Perejil seco el polvo
0119,Cilantro en grano
0119,Chía (semilla)
0119,Cúrcuma
0119,Linaza
0119,Semillas de girasol
0119,Kétchup
0119,Aderezos para sándwich
0119,Salsa BBQ
0119,Pasta de tomate(**)
0119,Salsa china
0119,"Salsa Alfredo, de queso y similares"
0119,Preparado líquido de Salsa de tomate (Ragú y similares)
0119,Salsa francesa
0119,Salsa picante
0119,Sazón en polvo
0119,Sazón líquido
0119,Vinagre dorado
0119,Vinagre blanco
0119,Vinagre balsámico
0119,Extracto de vainilla
0119,Pimentón rojo
0119,Vainilla blanca
0119,Vainilla negra
0119,Colorante vegetal
0119,Sobre de naranja agria en polvo
0119,Extracto de almendra
0119,Vinagre de manzana
0119,Caldo de pollo (Sopita Concentrada)
0119,Sopa instantánea (sopa china)
0118,Compota
0119,Cremas de vegetales
0114,Cremora
0118,Gelatina en polvo
0119,Snacks y picaderas de todo tipo (excepto papitas fritas)
0119,Suplementos alimenticios balanceados en polvo (proteínas)
0119,Caldo de pollo en polvo
0118,Fresalina
0119,Royal (levadura)
0119,"Sopa crema (Maggie, Knorr y similares)"
0119,"Sopa con fideo (Maggie, Knorr y similares)"
0122,Café molido
0122,Café soluble instantáneo
0122,Café en grano
0123,Té frio en polvo
0123,Té frio envasado
0118,Chocolate en barra
0124,Cocoa y chocolate en polvo
0118,Chocolate en bola
0118,Cacao en bola
0126,Refrescos
0126,Refrescos de dieta
0126,Soda amarga
0129,"Bebidas energizantes (911, Vive100 y similares)"
0129,"Bebidas hidratantes (Gatorade, Powerade y similares)"
0125,"Agua purificada (Dasani, Planeta Azul y similares)"
0125,Agua mineral (Perrier y similares)
0129,Agua saborizada
0129,Agua de coco envasada (coco rico)
0121,Jugo concentrado de chinola
0121,Jugo concentrado de fruit-punch
0121,Jugo concentrado de guayaba
0121,Jugo concentrado de naranja
0121,Jugo concentrado de piña
0121,Jugo concentrado de tamarindo
0121,Jugo concentrado de uva
0121,Jugo envasado de albaricoque
0121,Jugo envasado de chinola
0121,Jugo envasado de manzana
0121,Jugo envasado de melocotón
0121,Jugo envasado de naranja
0121,Jugo envasado de pera
0121,Jugo envasado de piña
0121,Jugo envasado de tamarindo
0121,Jugo envasado de toronja
0121,Jugo envasado de uvas
0121,Jugo envasado de coctel de frutas (fruit punch)
0129,Jugo envasado de Aloe
0129,Jugo envasado de Cranberry
0129,Jugo de frutas en polvo
0121,Jugo envasado de cereza
0121,Jugo envasado de mango
0121,Jugo envasado de guayaba
0121,Jugo de fresa envasado
0121,Jugo envasado de limón
0121,Jugo envasado de guineo
0129,Mabí de limón
0129,Mabí de Naranja
0129,Mabí de bejuco
0129,Mabí de chinola
0129,Mabí de cereza
0129,Mabi de naranja con avena envasado
0121,Jugo de sandía con limón envasado
0121,Jugo envasado de pera-piña
0121,Jugo envasado de kiwi
0129,Mabí de leche con guayaba envasado
0129,Jugo envasado de guineo-fresa
0211,Ron extra añejo (extra viejo y similares)
0211,Ron añejo
0211,Ron blanco
0211,Ron dorado
0211,Rones saborizados
0211,Vodka
0211,Aguardiente
0219,Clerén
0212,Ponches
0219,Triculí
0211,Amaretto
0211,Licor saborizado
0212,Vino tinto
0212,Vino blanco
0212,Vino moscatel (La Fuerza y similares)
0212,Vino rosado
0212,Sangría
0212,Champagne
0213,Cerveza clara
0213,Cerveza con niveles bajos de alcohol
0213,Cerveza oscura
0213,Cervezas con sabores
0213,Malta
0213,Extracto de malta
0230,Cigarrillos con filtro
0230,Cigarrillos sin filtro
0230,"Cigarros, habanos"
0230,Tabaco en andullo
0230,Tabaco para masticar
0230,Tabaco para pipa
0230,Picadura de tabaco
0230,Papel para tabaco
0240,"Estupefacientes: marihuana, opio, cocaína y sus derivados"
0311,Tela de algodón
0311,Tela de casimir
0311,Tela de dacrón
0311,Tela de gabardina
0311,Tela de lino
0311,Tela de lycra
0311,Tela de poliéster
0311,Tela de rayón
0311,Tela de Satín
0311,Tela de seda
0311,Tela de hilo
0311,Hilo de lana
0312,Sacos (chaquetas) para hombre
0312,Trajes para hombres
0312,Sacos (chaquetas) para mujer
0312,Conjunto de jeans para mujer
0312,Trajes o conjunto para mujeres
0312,Pantalón corto (shorts) o bermuda para hombre
0312,Pantalón en jeans para hombre
0312,Pantalón de vestir para hombre
0312,Pantalón sport o casual para hombre
0312,Pantalón corto (shorts) o bermuda para mujer
0312,Pantalón jeans para mujer
0312,Overol para mujer
0312,Pantalón de vestir para mujer
0312,Pantalón sport o casual para mujer
0312,Pantalón corto (shorts) o bermuda para niño y niña
0312,Pantalón jeans para niño y niña
0312,Overol para niño y niña
0312,Pantalón de vestir para niño y niña
0312,Pantalón sport o casual para niño y niña
0312,Chacabana de lino para hombre
0312,Camisa para hombre
0312,Camisa para mujer
0312,Blusa para mujer
0312,Blusa para niña
0312,Camisa para niño y niña
0312,T-shirt para hombre
0312,T-shirt para mujer
0312,T-shirt para niño y niña
0312,Poloshirt para hombre
0312,Poloshirt para mujer
0312,Poloshirt para niño y niña
0312,"T-shirt, franela para hombre"
0312,"T-shirt, franela para mujer"
0312,"T-shirt, franela para niño y niña"
0312,Sweater para hombre
0312,Sweater para mujer
0312,Sweater para niño y niña
0312,Conjunto para bebé
0312,Camisa para bebé
0312,Franela para bebé
0312,Jumsuit para bebé
0312,Jaquecitos para bebé
0312,Poloshirt para bebé
0312,Pantaloncitos para bebé
0312,Pantis para bebé
0312,Pijama para bebés
0312,Monos de dormir para bebé
0312,Medias para bebé
0312,Pañales de tela para bebé
0312,Pantalones para bebé
0312,Abrigo para bebé
0312,Gorrito o cachucha para bebé
0312,Baticas para bebé
0312,Guantes para bebé
0312,Blusa para bebé
0312,Vestido para bebé
0312,Pantaloncillo para hombre
0312,Pantaloncillo para niño
0312,Bata de salir del baño para niño
0312,Camiseta de dormir para hombre
0312,Camiseta de dormir para niño
0312,Pantaloncillo tipo short (bóxer) para hombre
0312,Pantaloncillo tipo short (bóxer) para niño
0312,Pijama para hombre
0312,Pijama para niño
0312,Franela para hombre
0312,Franela para niño
0312,Faja entera para mujer
0312,Medio fondo para mujer
0312,Baby Doll/Negligee para mujer
0312,Body para mujer
0312,Body para niña
0312,Brasier para mujer
0312,Brasier de niña
0312,Bata para mujer
0312,Pantis para mujer
0312,Pantis para niña
0312,Pijama para mujer
0312,Pijama para niña
0312,Faja pantis para mujer
0312,Faja pantis para niña
0312,Medias largas de nylon para mujer
0312,Medias de nylon para mujer
0312,Medias pantis (Pantyhose) para mujer
0312,Medias pantis (Pantyhose) para niña
0312,Medias deportiva para mujer
0312,Medias deportiva para niña
0312,Medias de vestir para niñas
0312,Medias deportiva para hombre
0312,Medias deportiva para niño
0312,Medias de vestir para hombre
0312,Medias de vestir para niño
0312,Falda de mujer (no jeans)
0312,Falda de niña (no jeans)
0312,Falda jeans mujer
0312,Falda jeans de niña
0312,Uniforme escolar
0312,Vestido para niñas
0312,Conjunto de Jeans para niño y niña
0312,Ropa deportiva para hombre
0312,Ropa deportiva para mujer
0312,Ropa deportiva para niño y niña
0312,Conjunto para niño y niña
0312,Sello o distintivo escolar
0312,Traje de baño para hombre
0312,Traje de baño para mujer
0312,Traje de baño para niño y niña
0312,Uniforme de deporte (ropa deportiva escolar)
0312,Jumper (yompa) para mujer
0312,Jumper (yompa) para niña
0312,Jackets para hombre
0312,Vestido para mujer
0312,Enterizo jeans para mujer
0312,Enterizo jeans para niña
0312,Abrigo para mujer
0312,Abrigo para hombre
0312,Abrigo para niño y niña
0312,Enterizo de vestir para mujer
0312,Traje de niño
0313,Delantales
0313,Baberos
0313,Corbatas
0313,Gorro y cachucha
0313,Gorro y cachucha para niño y niña
0313,Pañuelos de mano
0313,Sombrero y boinas
0313,Correa de cuero
0313,Correa de material sintético
0313,Pañoletas
0313,Guantes de jardinería y trabajo (no de goma)
0313,Casco de motocicleta
0313,Bata de laboratorio
0313,Bufanda
0313,Correa de tela
0313,Cintas o centímetro
0313,Conito de hilo para coser
0313,Elásticos
0313,Encajes
0313,Zipper
0313,Hilo de tejer
0314,Confección de pantalones
0314,Confección de camisas
0314,Confección de faldas
0314,Confección de blusas
0314,Confección de vestido
0314,Confección de traje sastre
0314,"Zurcido, arreglo, reparación, modificación de prendas de ves"
0314,Reparación de correas
0314,Recorte de tela o retazo
0314,Lavado o limpieza de ropa de vestir
0314,Planchado de prendas de vestir
0314,Lavado y Planchado en lavandería
0321,Botas para hombre
0321,Zapatos con cordones de piel para hombre
0321,Sandalias de piel para hombre
0321,Mocasines de piel para hombre
0321,Zapatillas de piel para hombre
0321,Zapatos de piel sintética para hombre
0321,Zapatos de charol para hombre
0321,Botas para mujer
0321,Zapatos de piel para mujer
0321,Zapatillas de piel para mujer
0321,Sandalias de piel para mujer
0321,Zapatos de charol para mujer
0321,Zapatilla de piel sintética para mujer
0321,Zapatillas sintéticas para niñas
0321,Zapatos de piel sintética para mujer
0321,Zapatos de piel para bebé
0321,Zapato de piel sintética para bebé
0321,Zapatos de charol para bebé
0321,Zapatos de piel sintética para niño y niña
0321,Zapato de charol para niño y niña
0321,Zapatilla de piel sintética para niño/a
0321,Bota para niño y niña
0321,Zapatos con cordones de piel para niño
0321,Zapato de piel para niña
0321,Sandalias de piel para niño y niña
0321,Mocasines de piel para niño y niña
0321,Zapatillas de piel para niño y niña
0321,Calzado deportivo de mujer
0321,Calzado deportivo de hombre
0321,Calzado deportivo de niños y niñas
0321,Calzado deportivo para bebe
0321,Alpargatas para hombre
0321,Pantuflas para mujer
0321,Zapatillas de plástico para mujer
0321,Sandalias de plástico para mujer
0321,Chancletas o calipsos para mujer
0321,Alpargatas para mujer
0321,Ballerinas para mujer
0321,Sandalias de plástico para niño y niña
0321,Chancletas o calipsos para niño y niña
0321,Zapatos de gamuza para mujer
0321,Zapatos de pana para mujer
0321,Botas de plástico para hombre
0321,Sandalias de plástico para hombre
0321,Chancletas o calipsos para hombre
0321,Zapato de pana para hombre
0321,Zapatos de gamuza para bebé
0321,Zapatos de pana para bebé
0321,Alpargatas para niño y niña
0321,Zapatos de tela para bebé
0321,Zapatillas de tela jeans para mujer
0321,Zapatillas de pajilla para mujer
0321,Zapatillas de pajilla para niña
0321,Botas de gamuza para niño y niña
0321,Zapatos de goma para hombre
0321,Zapatos de goma para niño y niña
0321,Zapatos de goma para mujer
0321,Zapatos de pana para niño y niña
0322,Plantilla de calzado
0322,Servicio de limpieza (lustrado) de calzados
0411,"Alquiler de vivienda principal (sin muebles, linea blanca ni servicios básicos agregados)"
0411,Alquiler de vivienda principal con muebles
0412,Alquiler de garaje o estacionamiento relacionado con la vivienda
0412,Alquiler de vivienda secundaria sin muebles
0412,Alquiler de vivienda secundaria con muebles
0431,Brochas
0431,Ventana de Cristal
0431,Cerámica (para revestimiento)
0431,Thinner
0431,Barniz para maderas
0431,Rolos para pintar
0431,Zinc
0431,Planchas de plywood
0431,Barras de metal
0431,Hidrófugos impermeabilizantes
0431,Puertas de madera (solo de pino y plywood)
0431,Puertas de alumetal
0511,Sanitario (inodoro)
0431,Madera o plancha de madera
0431,Arena tipo Itabo para leves reparaciones
0431,Arena pañete para leves reparaciones
0431,Ventanas metálicas
0431,Pegamento (PVC y similares)
0431,Cemento Gris
0431,Varilla
0431,Block
0431,Pintura semigloss
0431,Pintura gloss
0431,Pintura acrilica
0431,Pintura para techo
0431,Grava y gravilla
0431,Papel de pared (para empapelar)
0431,Tubos de PVC
0431,Llave para el baño
0431,Válvula flotadora
0431,Pintura para madera
0431,Ventana de caoba
0431,Bandeja para pintar
0511,Bañeras para baño
0431,Aros de varilla para construcción
0431,Estopa
0431,Llave mezcladora para cocina
0431,Pintura anti óxido
0431,Silicón
0431,Aluzinc
0431,Pintura para pisos
0431,Puerta corrediza de cristal
0431,Separador de cerámica
0431,Pegamento para cerámica (pegatodo)
0531,Fregadero
0431,Balaustre (pilotillo)
0431,Tope de granito
0431,Cemento blanco
0431,Cascajo
0431,Válvula anti-retorno de agua (Cheque)
0432,Servicio de mantenimiento y reparación de instalación sanita
0432,Reparación de puertas
0432,Reparación de ventanas
0432,Reparación de mesetas de la cocina
0432,Servicio de pintura
0432,Reparación y mantenimiento de paredes de block
0432,Reparación de techo
0432,Reparación de piso
0432,Servicio de albañiles
0432,Remodelación de cocina
0432,Remodelación de baño
0432,Reparación de plomería
0432,Reparación de electricidad
0432,Mantenimiento de hierros o herrajes de seguridad
0432,Servicio de brillado de piso
0432,Colocación de cerámicas
0432,Cambios e instalación de puertas y ventanas
0432,Servicio de decoración
0432,Reparación de casas de madera
0432,Construcción de enramada
0432,Reparación de cisterna
0432,Instalación y cambio de plafón
0432,Servicio de colocación de cornisas y techo en yeso
0432,Cambio de piso
0432,Reparación de escalera de cemento
0432,Servicio de empañete
0432,Cambio de zinc en techo
0432,Construcción de garaje
0432,Construcción de pozo séptico
0432,Construcción de terraza
0432,Construcción de clóset o armario
0432,Remodelación de clóset
0432,Ampliación de marquesina
0432,Construcción de cercas y empalizadas
0432,Servicio de instalación de meseta
0432,Servicio de instalación de inodoro
0432,Servicio de empapelado de pared
0432,Reparación menor de cocina
0432,Instalación de toldo
0441,"Agua corriente (CAASD, CORAASAN, CORAAMOCA, CORAAPPLATA, CORAAVEGA, COAAROM,CORAABO, etc.)"
0441,Pago de factura de agua privada
0441,Servicio de llenado de cisterna/tinaco por camiones
0441,Instalación de agua del acueducto
0441,Reconexión de agua del acueducto
0442,Pago de recogida y eliminación de basura
0443,"Alcantarillado (CAASD, INAPA, corporación acueducto pública)"
0443,Servicio de limpieza de cloacas
0444,Gastos comunes (en copropiedad de área común) en vivienda principal
0432,Servicios de vigilancia y seguridad en vivienda principal
0441,"Limpieza de tanques de agua, tinacos y cisternas"
0443,Servicio de limpieza de séptico
0444,Gastos comunes (en copropiedad de área común) en vivienda secundaria
0444,Gastos comunes (en copropiedad de área común) en vivienda vacacional o de veraneo
0451,Pago de contrato de electricidad
0451,Pago de factura de energía eléctrica
0451,Pago de re-conexión
0451,Pre-pago de electricidad
0452,Compra de tanques de gas (solo el recipiente)
0452,Adquisición de gas licuado en tanques de 100 libras o menos
0452,Regulador de gas
0453,Kerosén
0453,Trementina
0454,Carbón vegetal de leña
0454,Leña
0454,Cuaba
0511,Juego de comedor de caoba
0511,Juego de comedor de andiroba
0511,Juego de comedor de pino
0511,Juego de comedor madera prensada
0511,Juego de comedor de mimbre
0511,Juego de comedor de hierro
0511,Juego de sala no tapizado
0511,Juego de sala tapizado
0511,Juego de muebles de caoba
0511,Juego de muebles de pino
0511,Mesa de sala de caoba
0511,Mesa de sala de pino
0511,Mesita de pino
0511,Repisas
0511,Estantes
0511,Sillas
0511,Sillones
0511,Juego de mecedoras
0511,Mesa de televisión
0511,Juego de comedor de cedro
0511,Juego de comedor de plástico
0511,Vinera en caoba
0511,Juego de comedor en acacia
0511,Mesa de cristal
0511,Vitrina
0511,Mesa infantil
0511,Juego de muebles en madera prensada
0511,Camas
0511,Cama camarote
0511,Cama sándwich
0511,Colchón
0511,Armarios
0511,Gaveteros
0511,Juego de dormitorio o aposento
0521,Colchonetas
0511,Base de cama
0511,Gabinete
0511,Escritorio de caoba
0511,Librero con pino
0511,Corral
0511,Cuna
0511,Moisés
0511,Cama cuna
0511,Sillas de comer de bebé
0511,Cuadros (obras de arte en pintura)
0511,Espejos
0511,Candelabros
0511,Objetos de arte y decoración
0511,Lámparas de techo
0511,Portaretrato
0511,Lámparas decorativas sencilla
0511,Tarro decorativo en barro
0511,Juego de frutas decorativas (centro de mesa)
0521,Tela de visillo (para muebles y cortinas)
0431,Linóleo para pisos
0511,Alfombras de sala
0512,"Reparación de camas, colchones y colchonetas"
0512,Reparación de muebles
0512,Reparación de comedor
0512,Reparación de juego habitación
0512,Reparación de estante
0512,Reparación de gabinete
0521,Colchas
0521,Cubre colchón
0521,Forro protector para colchón
0521,Almohadas
0521,Juego de sábana
0521,Sábanas
0521,Fundas de almohadas
0521,Forro protector para almohada
0521,Cubrecamas
0521,Mosquiteros
0522,Reparación de colchas
0521,Frieze (frisa)
0521,Confección de juego de sábana
0521,Juego de colcha
0521,Confección de colcha
0521,Tela para colcha
0511,Alfombras de baño
0521,Cojines
0521,Cortinas de tela
0521,Toallas
0521,Juego de baño
0522,Reparación de cortinas de tela para el hogar
0521,Servilletas de tela
0521,Telas para muebles
0521,Tela para cortina
0522,Confección de cortinas
0521,Mantel de tela
0561,Mantel de plástico
0521,Cortina para baño plástica
0521,Cortina para baño de tela
0521,Toallitas pequeñas para bebe
0974,Fieltro (Tela para manualidades)
0531,Estufa con horno de gas
0531,Estufa de mesa de gas
0531,Estufa con horno eléctrica
0531,Horno microondas
0531,Quemadores de estufa
0531,Estufa de mesa eléctrica
0531,Estufa empotrable de gas
0531,Manguera para estufa de gas
0531,Nevera con freezer
0531,Nevera sin freezer
0531,Nevera ejecutiva
0531,Bebedero
0531,Motor de nevera
0531,Inversor
0531,Abanico de techo
0531,Abanico de pared
0531,Equipos de aire acondicionado
0531,Calentadores de agua
0531,Extractor de grasa
0431,Equipo de cámaras de seguridad
0531,Aspiradora
0552,Baterías para inversor
0531,Motor de lavadora
0531,Máquina de lavar ropa
0531,Máquina de secar ropa
0531,Máquina de coser
0533,Instalación de lavadoras y secadoras
0531,Máquina de lavar y secar ropa
0532,Abanico de pedestal
0532,Abanico de mesa
0532,Cafetera eléctrica
0532,Licuadora
0532,Procesador de alimentos
0532,Extractor de jugo
0532,Olla arrocera eléctrica
0532,Plancha eléctrica
0532,Tostadoras
0532,Raqueta exterminadora de insectos
0532,Vaso de licuadora
0532,Batidora eléctrica
0553,Reparación de plantas eléctricas e inversores
0533,Reparación y mantenimiento de aire acondicionado
0533,Reparación de neveras y freezer
0533,Reparación de abanicos
0533,Reparación de lavadora y secadora de ropa
0533,Reparación de estufas
0533,Reparación y mantenimiento de inversor
0533,Alquiler de lavadora
0533,Reparación de olla arrocera eléctrica
0533,Reparación de maquina de hacer uñas
0533,Reparación de maquina de coser
0533,Reparación de horno eléctrico
0533,Reparación de licuadora
0532,Anafe
0532,Abrelatas (no eléctrico)
0532,Caldero
0532,Colador de metal
0532,Destapador de botellas
0532,Exprimidor de limones de metal (no eléctrico)
0532,Majador de frito de metal
0532,Pilón de metal
0532,Rayador de alimentos de metal
0532,Sacacorchos
0540,Sartén
0532,Termo de metal
0540,Juego de cubiertos de metal (acero inoxidable)
0540,Juego de cuchillos de cocina de metal
0540,Bandejas de metal
0540,Jarras de metal
0540,Cuchillo de cocina (acero inoxidable)
0540,Tenedores de metal (Acero inoxidable)
0540,Cucharas de metal (acero inoxidable)
0540,Set de vasos y jarra de aluminio
0540,Cucharón de servir de metal
0540,Vaso de aluminio
0540,Vaso cromado
0540,Ollas de aluminio
0540,Ollas esmaltadas
0540,Ollas cromadas
0532,Grecas
0540,Plato de metal
0540,Olla de presión
0540,Escurridor de acero inoxidable
0540,Juego de calderos
0540,Cuchillo de mesa de metal (acero inoxidable)
0540,Olla a vapor (no eléctrica)
0540,Copas de cristal
0540,Vasos de cristal
0540,Vasos de cerámica
0540,Plato de porcelana
0540,Plato de vidrio
0540,Plato de cerámica
0540,Plato de loza
0540,Taza de cerámica
0540,Taza de porcelana
0540,Taza de vidrio
0540,Sopera
0540,"Juego de tazas de café, chocolate y té"
0540,Platones de servir
0540,Fuentes de servir
0540,Juego de vajilla de cristal
0540,Fuente de servir (paires)
0540,Fuente de horno (paires de horno)
0540,Jarra de cristal
0540,Vasijas de cristal decorativas
0540,Juego de vasos de cristal
0540,Florero de porcelana
0540,Taza de loza
0540,Juego de vasijas de porcelana
1329,Bañera de bebé
0540,Biberón
0540,Copas de plástico
0540,Cucharón plástico
0540,Envases plásticos para guardar alimentos
0540,Espátula de plástico para cocinar
0540,Plato de plástico (no desechable)
0561,Plato de plástico desechable
0540,Vaso de plástico (no desechable)
0561,Vaso de plástico desechable
0540,Jarras y jarrones plásticos
0540,Botellón de plástico
0540,Cubos y cubetas
0540,Poncheras
0532,Canastas para ropa
0540,Escurridor de platos plástico
0540,Zafacones de plástico
0540,Termo de plástico
0540,Juego de vajillas de plástico
0540,Tazas de plásticos
0561,Cucharas desechables
0540,Colador de plástico
0531,Tinaco
0540,Porta cubierto y cucharas de plastico
0553,Reparación de bombas de agua
0551,Taladro eléctrico
0551,Bombas de agua
0551,Destornillador eléctrico
0551,Pulidora de madera
0431,Llavines y Cerraduras
0431,Pestillos
0552,Segueta
0432,Servicios de cerrajería en la vivienda
0552,Sierra (no eléctrica)
0552,Martillos
0552,Manguera
0431,Bisagras
0552,Destornilladores
0552,Escaleras
0552,Limas
0552,Llaves
0552,Pinzas
0552,Serrucho
0552,Machete
0552,Alicate
0552,Carretilla
0552,Cinta métrica
0552,Azadas
0552,Palas
0552,Rastrillos
0552,Pico
0552,Baqueta de machete
0431,Porta candado
0552,Caja de herramientas de trabajo
0552,Soldador de estaño
0552,Pata de cabra
0552,Cincel
0552,Hacha
0552,Tijeras de jardín
0552,Guillotina
0552,Disco de sierra
0552,Grapadora de tapicería
0552,Candado
0552,Palo de cortinas
0552,Cuchilla de corte
0552,Plana para empañetar
0552,Mango para segueta
0552,Nivel de medir
0552,Juego llaves de cubo
0552,Bomba de fumigar
0552,Bombillas de luz amarilla
0552,Bombillas de bajo consumo (bombillas de luz blanca)
0552,Bombilla led
0552,Bombillo recargables
0432,Servicio instalación de alarmas para la vivienda
0431,Extensiones eléctricas
0552,Pilas no recargables
0553,Reparación de artefactos eléctricos para el hogar
0552,Zócalo eléctrico
0431,Enchufes
0431,Interruptores
0552,Focos o linternas
0552,Lámparas de mano
0431,Cable eléctrico
0561,"Jabones en barra, bola y rayado"
0561,Jabones en polvo
0561,Jabones líquidos de fregar
0561,Jabones en pasta para fregar
0561,Detergentes en polvo
0561,Detergentes líquido
0561,Lejías
0561,Cloro
0561,Cloro para cisterna
0561,Desinfectantes líquidos
0561,Limpiador de inodoros
0561,Limpiadores de horno y estufas
0561,Insecticida
0561,Velas repelentes de mosquitos
0561,Fungicidas
0561,Suavizante de ropa
0561,Desgrasantes
0561,Ambientadores
0561,"Resaltadores de ropa (azulito, rayito etc.)"
0561,Liquido para limpiar vidrios
0561,Agua destilada para batería
0561,Crema de limpiar zapato (betún)
0561,Cera preparada para brillar piso
0561,Liquido para limpiar zapatos
0561,Cepillos para la ropa
0561,Cepillos para biberones
0561,Escobas y escobillones
0561,Suaper
0561,Brillos y esponjas de limpieza
0561,Fundas plásticas
0561,Recogedor de basura
0561,Palo de escoba
0561,Limpia vidrio (herramienta)
0561,Clavos
0561,Tornillos
0561,Vela para alumbrar
0561,Palillo de dientes
0561,Servilletas de papel
0561,Guantes plásticos
0561,Mechas para lámparas
0431,Alambre dulce
0431,Extintor o extinguidor para el hogar
0561,Agujas de coser
0561,Trampa de ratones
0561,Papel aluminio
0561,Funda de regalo
0562,Chofer
0562,Cocinero/a
1330,Cuidado de ancianos
0562,Jardinero
0562,Niñera
0562,Servicios de doméstica con dormida
0562,Servicios de doméstica sin dormida
0562,Servicio doméstico ocasional
0562,Lavandera
1330,Cuidado de otro familiar en el hogar
0562,Servicio doméstico en vivienda vacacional o veraneo
0562,Lavado o limpieza de tejidos del hogar
0562,Lavado o limpieza de alfombra
0562,Servicio de fumigación
0611,"Analgésicos no narcóticos, antifebriles, antipirético"
0611,Antiartrósicos o antirreumáticos
0611,Antiinflamatorios no esteroides (AINE)
0611,Analgésicos oftálmicos (gotas para los ojos)
0611,Antiinflamatorios esteroides
0611,"Analgésicos - Antiinflamatorios tópicos (ungüento, gel )"
0611,Antimigrañosos
0611,Analgésicos narcóticos
0611,Antileprosos
0611,Antimicóticos vía oral
0611,Antivirales
0611,Medicamento oncológico
0611,"Antiparasitarios (Antichagásicos, antihelmínticos, antipalúdico )"
0611,Antiinfecciosos y antisépticos urinarios
0611,Antimicóticos oftálmicos
0611,Antibióticos tópicos
0611,Antimicóticos tópicos
0611,Antiinfecciosos vaginales
0611,Antibióticos
0611,Antiácidos
0611,Antidiarréicos
0611,Antidispéptico
0611,Antieméticos
0611,Antiespasmódicos
0611,Antiespasmódicos con analgésicos (ELIXIR)
0611,Antiflatulentos
0611,Antihemorroidales
0611,Antiinfecciosos gastrointestinales
0611,Antisépticos - Astringentes intestinales
0611,Antiulcerosos y antisecretores
0611,Laxantes/purgantes
0611,Enzimas pancreáticas
0611,Gastrocinéticos
0611,Restauradores de la flora intestinal
0611,Medicamento Digestivo
0611,Antiasmáticos
0611,Antigripales
0611,"Antitusivos,broncodilatadores, expectorantes y mucolíticos"
0611,Descongestivos para las vías respiratorias
0611,Humectantes de la mucosa nasal
0611,Oxigenadores
0611,Medicamentos para dejar el tabaquismo
0611,Corticosteroides
0611,Antialérgicos nasales
0611,Antialérgicos tópicos
0611,Antialérgicos y antihistamínicos
0611,Aminoácidos
0611,Complejo B
0611,Vitamina A
0611,Vitamina C
0611,Vitamina E
0611,Complejo B más vitamina C
0611,Complejo oseínico mineral
0611,Compuestos de calcio
0611,Emulsión de lípidos
0611,Oligometales endovenosos
0611,Suplementos de hierro
0611,Multivitamínicos
0611,Omega 3
0611,Vitamina B9 (ácido fólico)
0611,Vitamina D
0611,Vitamina K
0611,Aceite de bacalao
0611,Vitamina B12
0611,Fibra dietética
0611,"Antihipertensivos, hipotensores y vasodilatadores (medicamentos para la presión arterial)"
0611,"Antiarrítmicos, cardiotónicos, antianginosos, beta-adrenérgicos y betabloqueadores"
0611,"Antivaricosos - Capilaroprotectores, vasoprotectores"
0611,Diuréticos y antidiuréticos
0611,"Medicamento para el colesterol (estatina, lípidos, triglicéridos, grasa)"
0611,Rehidratantes orales (suero)
0611,Estimulantes de granulocitos y macrófagos
0611,Hormonas y antagonistas hormonales
0611,Anticonceptivos y anovulatorios
0611,Inductores de la ovulación
0611,Lubricantes vaginales
0611,Soluc. p/diálisis peritoneal y hemodiálisis
0611,Terapia de reemplazo hormonal (TRH)
0611,Antioxidantes
0611,Medicamento para tiroides
0611,Insulinas
0611,Prostaglandinas
0611,Estimulantes Sexuales
0611,Sueros e inmunoglobulinas
0611,Toxoides tetánicos
0611,Vacunas
0611,"Ansiolíticos, hipnóticos y sedantes"
0611,Anticonvulsivos
0611,Antidepresivos
0611,Antiepilépticos
0611,Antineuríticos
0611,Antiparkinsonianos
0611,Antipsicóticos
0611,Antivertiginosos - Anticinetósicos
0611,Neurolépticos
0611,Tratamiento del Alzheimer
0611,Anestésicos odontológicos
0611,Gotas lubricantes oculares
0611,Antiacneicos
0611,Antiseborreicos
0611,Cicatrizantes
0611,Sangre lista para trasfundir
0611,Anticoagulantes
0611,Antihemofílicos
0611,Antitrombóticos
0611,Estimulante de la eritropoyesis
0611,Aceite de higuereta
0611,Medicamento para la diabetes (no insulina)
0611,Medicamento para la próstata
0611,Medicamento para Osteoporosis
0611,Productos Homeopáticos
0611,Gotas de oídos
0611,Medicamento para el higado
0611,Medicamento para oxigenar el cerebro
0611,Medicamento para los riñones
0611,Medicamentos para la artritis
0611,Medicamentos para las nauseas
0611,Retrovirales (VIH) tratamiento
0611,Gotas oftálmicas para el glaucoma
0611,Medicamentos para adenoides
0611,Medicamentos para el lupus
0611,Medicamento para la alopecia
0611,Medicamentos para adelgazar
0611,Medicamento para incontinencia urinaria
0612,Ácido bórico
0612,Agua oxigenada
0612,Alcanfor
0612,Alcohol isopropílico
0612,Bálsamo o ungüento
0612,Bay rum
0612,Bicarbonato de sodio
0612,Desinfectantes de heridas
0612,Mentol
0612,Prueba de embarazo (comprada en farmacia **)
0613,Medias ortopédicas
0613,Soportes para rodilla
0612,Algodón para usos varios
0612,Jeringas
0612,Botiquín
0613,Plantillas ortopédicas
0612,"Botella de raíces (curanderos, brujos, etc.)"
0612,Gasa
0612,"Vendas adhesivas o no adhesivas (parches adhesivos, vendas deportivas)"
0612,Curitas
0613,Tobillera ortopédica
0613,Muletas
0613,Soportes ortopédicos
0613,Calzado ortopédico
0622,"Dentaduras postizas, prótesis y piezas dentales (sin incluir"
0613,Marcapasos
0612,Aparato para medir la glucemia (Medidor personal)
0612,Aparato para medir presión arterial
0613,Audífonos para personas con problemas de audición
0613,Anteojos de corrección sin prescripción médica (lentillas)
0613,Lentes de contacto sin prescripción médica
0613,Silla de rueda
0613,Placa metálica para pierna
0613,Placa metálica para cadera
0613,Anteojos de corrección con prescripción médica
0613,Lentes de contacto con prescripción médico
0613,Andador de adultos
0613,Férula ortopédica
1312,Tapones (anti ruidos)
0613,Yeso removible ortopédico
0612,Catéter
0613,Silla baño portátil para enfermos
0612,Nebulizador (aparato)
0613,Prótesis ortopédica
0623,Consulta médico general
0623,Consulta médico pediatra
0623,Consulta médico ginecólogo/obstetra
0623,"Consulta médico nariz, garganta y oído (Otorrinolaringólogo)"
0623,Consulta médico gastroenterólogo
0623,Consulta médico cardiólogo
0623,Consulta médico oftalmólogo
0623,Consulta médico neumólogo
0623,Consulta médico psiquiatra
0623,Consulta general
0623,Servicios de traumatólogo
0623,Consulta psicológica
0623,Consulta médica urología
0623,Consulta médica Ortopeda
0623,Consulta médica nefrólogo
0623,Consulta oncológica
0623,Consulta endocrinólogo (diabetes)
0623,Consulta médica neurólogo
0623,Consulta médico dermatólogo
0623,Consulta médico alergista
0623,Consulta médico vascular
0623,Consulta médica peri-natólogos
0623,Consulta con médico internista
0623,Consulta infectólogo
0623,Consulta hematólogo
0623,Consulta maxilofacial
0623,Consulta de traumatológico
0623,Consulta medica reumatólogo
0623,Consulta de cirujano
0623,Consulta anestesiólogo
0623,Consulta de neurocirujano
0623,Consulta de Geriatría
0622,Consulta odontológica
0622,Empastes
0622,Extracciones de piezas dentales
0622,Profilaxis (Limpieza)
0622,Tratamiento de canal
0622,Tratamiento de flúor
0622,"Servicios de especialistas en ortodoncia (Consultas, etc.)"
0622,"Posturas de aparatos de ortodoncia (Brackets, etc.)"
0622,Posturas/instalación de piezas y prótesis dentales
0621,Análisis de próstata
0642,Servicios médicos en emergencia
0641,Examen hemograma (análisis de sangre)
0641,Tipificación sanguínea
0641,Análisis coprológico
0641,Análisis de orina
0641,Análisis de glicemia
0641,Análisis de falcemia
0641,Análisis de Acido úrico
0621,Examen HIV (SIDA)
0621,Examen VDRL
0641,Antígenos febriles
0641,Prueba de embarazo en laboratorio
0641,Prueba de testosterona
0641,Análisis de factor reumatoide
0641,Análisis de biopsia
0641,Análisis de hepatitis
0641,Análisis de cultivo de semen
0641,Análisis de Albumina
0641,Análisis de toxoplasmosis
0621,Papanicolaou
0641,Endoscopía
0641,Centellogramas
0641,Urografía
0641,Gastrocopía
0641,Sonografía
0621,Electrocardiograma
0641,Radiografías
0641,Tomografías
0621,Mamografía
0621,Sonomamografía
0641,Ecocardiograma
0641,Ecografía o ultrasonido
0641,Colonoscopía
0621,Prueba de esfuerzo
0641,Encefalograma
0641,Holter/mapa
0623,Quimioterapia
0623,Terapias físicas y rehabilitación
0623,Postura de yeso
0623,Servicios de fisioterapista
0623,Tratamientos de acupuntura
0623,Consulta medicina natural
0621,Aplicación de vacunas
0642,Servicio de ambulancia y paramédico (pago periódico)
0623,Cirugía menor (ambulatoria)
0641,Resonancia magnética
0623,Radioterapia
0641,Análisis para ver la vitamina D
0614,Alquiler de aparatos y equipos terapéuticos
0641,Densitometría (estudio de los huesos)
0641,Espirometría (Prueba pulmonar)
0641,Análisis de esteroides
0621,Consulta médica nutricionista
0641,Examen de Triglicéridos
0641,Perfil bio-físico
0641,Dopler (análisis vascular)
0641,Análisis de coagulación
0623,Consulta fisiatra
0641,Estudios de imágenes con medio de contraste
0641,Análisis de creatinina
0641,Estudio de gammagrafía
0641,Análisis Alfa Feto Proteína
0641,Análisis amilasa / Lipasa
0641,Análisis de amonio
0641,Análisis de anti-TG
0641,Análisis de anti-TPO
0641,Análisis de ASO
0641,Análisis de AST
0641,Análisis de ALT
0641,Análisis de Bilirrubina (total / fracciones)
0641,Análisis de B-hcg
0641,Análisis de Calcio
0641,Análisis de clamidia (IgG/IgM)
0641,Análisis de colesterol total
0641,Análisis de colesterol (HDL/LDL)
0641,Análisis de CA
0641,Análisis de digestión en heces
0641,Análisis de electroforesis
0641,Análisis de eritrosedimentación
0641,Análisis de ferritina
0641,Análisis de fosfatasa alcalina
0641,Análisis de fosfatasa acida
0641,Análisis de FTA-Abs
0641,Análisis de GTP
0641,Análisis de hemocultivo
0641,Análisis de herpes I y II (IgG/IgM)
0641,Análisis de hemoglobina glucosilada (HbA1c)
0641,Análisis de inmunoglobulinas(IgA-IgG-IgM)
0641,Análisis de LDH
0641,Análisis de magnesio
0641,Análisis de microambumina cuantitativa (24h)
0641,Análisis de monotest
0641,Análisis de progesterona
0641,Análisis de prolactina
0641,Análisis de proteínas (totales/fraccionada)
0641,Análisis de PCR
0641,Análisis de potasio (k)
0641,Análisis de PSA (total/%)
0641,Análisis de TS
0641,Análisis de TC
0641,Análisis de TP
0641,Análisis de TTP
0641,Análisis de Toxo (igG/IgM)
0641,Análisis de T3
0641,Análisis de T4
0641,Análisis de T4 libre
0641,Análisis de TSH
0641,Análisis de nitrógeno ureico (BUN)
0641,Análisis de urocultivo
0641,Placa panorámica
0641,Electromiografía
0641,Análisis osteoporosis
0641,Cultivo de Secreción vaginal
0641,Análisis de SGP3
0641,Análisis de Transaminasa glutámico (SGOT)
0641,Radiograma de cráneo
0641,Examén de tina (piel)
0641,Examen de Alergia
0641,Cultivo de faringe
0641,Análisis (Helicobacter Pylori)
0641,Análisis PSA libre
0641,Análisis de glucosa
0641,Análisis de trombofilia
0641,Análisis de Protrombina
0623,Diálisis (tratamiento)
0641,Curva de lactosa (análisis)
0641,Cultivo nasal
0641,Topografía craneal
0641,Baciloscopia
0641,Calcio por colorimetría
0641,Deshidrogenasa láctica
0641,Examen de campo visual
0641,Análisis de fósforo
0641,Examén de refracción ocular
0641,Análisis de doping (droga)
0641,Prueba IGRA (análisis de tuberculosis)
0641,Prueba widal (fiebre tifoidea)
0641,Análisis leucodistrofia metacromática (LDM)
0641,Análisis de plomo
0641,Análisis de fertilidad
0641,Prueba de paternidad o de A.D.N.
0641,Cultivo de secreción del oído
0641,Prueba de cloruro
0641,Prueba de sodio
0641,Análisis de hormona paratiroidea (PTH) 
0631,Cirugía mayor
0631,Servicios médicos (honorarios)
0631,Servicio de internamiento en clínica u hospital
0631,Parto normal sin cesárea (incluye pago al ginecólogo)
0631,Parto con cesárea (incluye pago al ginecólogo)
0632,Servicio de internación por tratamiento de adicciones
0623,"Cirugías plásticas, liposucción, lipoescultura, tratamientos con láser, de belleza"
0623,Legrados y curetajes hospitalario
0711,Compra de automóvil
0711,"Compra de guagua, minivan"
0711,"Compra de jeep, jeepeta"
0711,Compra de camioneta
0712,Compra motocicletas de 125 cc o menos
0712,Compra de motocicletas de más de 125 cc
0713,Bicicleta para transporte o deportiva
0721,Filtros
0721,Baterías para automóvil y motocicleta
0721,Motor completo de automóvil
0721,Bujías de automovil y motocicleta
0721,Radiador
0721,Discos de frenos
0721,Correas de automovil y motocicleta
0721,Válvula de motocicleta
0721,Transmisión
0721,Amortiguadores
0721,Anillas de motor
0721,Pistones
0721,Carburador
0721,Tubo para neumático de vehículo
0721,Cadena para motocicleta
0721,Catalina de motocicleta
0721,Pintura para vehículos
0721,Equipo de gas para vehículos
0721,Platos de fricción
0721,Discos de clutch
0721,Bombas de Frenos
0721,Puntas de eje
0721,Aros de vehículo
0721,Cristales de vehículo
0721,Rayos de motocicleta
0721,Tambor de freno
0721,Bandas de freno
0721,Parrilla de motocicleta
0721,Asientos de motocicleta
0721,Retrovisor
0721,Manecilla de clutch
0721,Válvula solenoide para el gas
0721,Sistema de pateo para vehículos automotor
0721,Pata de estacionamiento (Burro)
0721,Puños para timón
0721,Micas
0721,Bombilla led para vehículo
0721,Muffler
0721,Tanque de motocicleta
0721,Aros de motocicleta
0721,Tubo (bicicleta)
0721,Gomas o neumáticos de bicicleta
0721,Caja de bola (Bicicleta)
0721,Motor de arranque
0721,Sello del motor de vehículo
0721,Juego de retenedoras para vehículo
0721,Palanca de cambio
0721,Gomas o neumáticos de Automóvil o carro
0721,Gomas o neumáticos de motocicleta
0721,Cubre polvo de carro
0721,Cable de acelerador
0721,Cable de freno
0721,Bola esférica de carro
0721,Piña de motor
0721,Estribos de motocicleta
0721,Junta de motor
0721,Pitón del motor
0721,Gato hidráulico
0721,Bushing (busin)
0721,Pantallas delanteras y traseras (micas y faroles) de motocicleta o pasola
0721,Esprines de cloche de motocicleta o pasola
0721,Cloche de motocicleta o pasola
0721,Rolito de motocicleta o pasola
0721,Bobina de vehículo
0721,Crucetas de vehículo
0721,Tapa de ignición de vehículo
0721,Cable de ignición de vehículo
0721,Sistema de encendido de pasola
0721,Cadena para motor de vehículo
0721,Silenciador de muffler
0721,Puerta de vehículo
0721,Millero de vehículo
0721,Switch de encender vehículo
0721,Bomba de agua de vehículos
0721,Cable de Bateria
0721,Cilindro de motor
0721,Cigueñal de motor
0721,Plásticos para vehículo
0721,Esprines de automóvil
0721,Ignición de la corriente de vehículo
0721,Motor para motocicleta (Máquina)
0721,Forro de asientos de vehículos
0721,Termostato para motor de vehículo
0721,Junta de cilindro de automóvil
0721,Cable de Bujía
0721,Pantallas delanteras y traseras (micas y faroles) de automóvil
0721,Cables de luces para vehículo
0721,Guarda lodo
0721,Catre de goma
0721,Bomba hidráulica
0721,Abanico para vehículo
0721,Evaporador del vehículo
0721,Cable de cloche
0721,Retenedora de motor
0721,Tapabocina de vehíiculo (cubre gomas)
0721,Caja de la maquina de motocicleta
0721,Caja de bola (motocicleta)
0721,Sensor de temperatura (vehículo)
0721,Culata para motocicleta
0721,Barra estabilizadora para vehículo
0721,Bomba de gasoil
0721,Centro de cloché
0721,Extintor o extinguidor para equipo de transporte
0721,Falda de pasola
0721,Gas refrigerante de aire acondicionado
0721,Plásticos para motocicleta o pasola
0721,Frentil de automóvil
0721,Eje de cambio de motocicleta
0721,Junta de cilindro de motocicleta o pasola
0721,Terminales o links de vehículo
0721,Manubios de cristal de automovil
0721,Tren delantero
0721,Asientos de automóvil
0721,Selenio para motocicleta
0721,Manguera para vehículo de motor
0721,Tapa de tanque de combustible para motocicleta
0721,Palanca de freno (motocicleta)
0721,Goma de reposapiés para motocicleta
0721,Tuerca de vehículo
0721,Escobillas limpiavidrio para vehículo
0721,Regulador de combustible para motocicleta
0721,Silicón para vehículo
0721,Bomba para el aceite del motor
0722,Gasolina regular
0722,Gasolina premium
0722,Gas licuado (GLP)
0722,Gasoil regular
0722,Gasoil premium
0722,Aditivo para combustible
0722,Gas natural
0722,Aceite lubricante para motor de vehículo
0722,Líquido de freno
0722,Coolant
0722,Aditivo para motor
0722,Aceite hidráulico
0723,Brillado de pintura de vehículo
0723,Lavado del vehículo
0723,"Reparación de la carrocería completa y piezas, desabolladura y pintura"
0723,Alineación y balanceo
0723,Reparación de bicicletas para transporte o deportiva
0723,"Servicio de reparación motor de vehiculos (anillado, reparar pistones, cadena de tiempo y poleas de la correa)"
0723,"Servicio de reparación de gomas (pinches, cambio de válvulas de aire)"
0723,Servicio de lavado a presión de motor
0723,Servicio de engrase y sopleteo
0723,"Servicio de mantenimiento de vehículos (cambio de aceite, líquido de frenos, bujías, filtros, etc.)"
0723,"Instalación de accesorios del vehículos (Jalón de remolque, defensas, estribos, etc.)"
0723,Instalación de alarmas de vehículos
0723,Tapicería de asientos de vehículos
0723,Servicio de reparación de cerradura de autos
0723,Reparación de aire acondicionado de vehículo
0723,Reparación de radiador
0723,Reparación de transmisión
0723,Reparación de tren delantero
0723,Servicio de electricidad de vehículo
0723,Reparación de freno
0723,Reparación de mufflers
0723,Reparación de rodamiento
0723,Reparación de cremalleras
0723,Reparación de tanque de motocicleta
0723,Servicio de reparación de motor de motocicleta o pasola
0723,Reparación de bomba de combustible
0723,Servicio de Instalación de bandas de freno
0723,Reparación de chasis
0723,Instalación de sistema de gas
0723,Reparación de batería de vehículo
0723,Reparación de bomba hidráulica
0723,Instalación de rayos
0723,Cambio de inyectores de vehículo
0723,Reparación de cama de vehículo
0723,Servicio de reparación de convertidor de gas
0723,Cambio de válvula solenoide para el gas
0723,"Chequeo del vehículo (Diagnóstico mecánico, eléctrico, escáner)"
0724,Alquiler de automóviles sin chofer (Rent a Car y similares)
0724,Alquiler de motores y bicicletas
0724,Servicio ocasional de garaje o estacionamiento
0724,Peajes
0724,Trámite de la licencia de conducir (incluye renovación)
0724,Pago por traspaso de vehículo
0724,Pago por lecciones de conducir
0731,Metro
0732,Carro público (de concho)
0732,Autobús (guagua) OMSA
0732,Autobús urbano y suburbano (incluye guagua y minibus)
0732,Motoconcho (en motocicleta)
0732,Taxi urbano y suburbano
0732,Transporte de pasajero urbano y suburbano en camioneta
0732,Transporte en vehículos de la empresa
0732,Pasajes por viajes en guaguas sindicalizadas (no expreso) / guaguas voladoras
0732,Pasajes por viajes en guaguas sindicalizadas de expreso
0732,"Pasajes viajes por guaguas de empresas privadas (Metro, Caribe Tours y similares)"
0732,Transporte de pasajero interurbano en camioneta
0732,Transporte de pasajero interurbano en motocicleta
0732,Taxi interurbano
0732,Transporte en vehículos alquilado con chofer
0732,Servicio de transporte escolar
0732,Transporte universitario
0733,Pasaje de avión
0735,Transporte combinado de metro y teleférico
0735,"Transporte de turismo, pagado por separado (trenes, lanchas, barcos)"
0749,"Mudanzas, acarreo y otros servicios de traslado de muebles y enseres etc."
0732,Servicio de transporte en animal
0736,Teleférico
0741,"Servicio de correo privado y envío de paquetes (Federal Express, UPS, Business Mail y similares etc"
0811,Aparato telefónico fijo
0812,Aparato telefónico celular
0819,Baterías de teléfonos celulares
0835,Reparación de equipo telefónico y de facsímil
0819,Cargador de celular
0819,Pantalla de celular
0831,Subscripción e instalación de teléfono residencial
0831,Renta del uso del servicio telefónico fijo
0833,Subscripción e instalación de servicio de internet fijo
0833,Servicio Internet residencial desde línea fija
0831,Servicios telefónicos residenciales prepagados desde teléfono fijo
0839,"Servicio pagado de descarga multimedia (audio y video) por red de internet (Netflix, Claro Video, I"
0834,"Servicio combinado de cable, teléfono e internet"
0834,Servicio combinado de cable y teléfono
0834,Servicio combinado de cable e internet
0834,Servicio combinado de teléfono e internet
0832,Servicio de telefonía portátil o móvil en vivienda
0833,Reconexión de servicio de internet fijo
0833,Internet portátil (router movil)
0831,Reconexión de servicio telefónico en la vivienda
0832,Minutos adicionales (Post pago)
0832,Tarjetas y recargas pre-pago de teléfonos celulares (líneas móviles)
0832,Plan de celulares (número telefónico + mensajes)
0832,Plan de celulares (número telefónico + internet + mensajes)
0832,Desbloqueado de celular (servicio)
0831,Llamadas desde centros de llamadas al interior
0814,Radiograbadora portátil
0814,Equipo de sonido completo
0814,"Equipo de audio, minicomponente"
0814,Amplificador para equipo de música
0814,Ecualizador para equipo de música
0814,Radio portátil
0814,"Radio para el auto, auto-radio"
0814,Bocinas no amplificada
0814,Audífonos
0819,Bocina para computador personal (PC)
0814,Amplificador para vehículo (planta de música)
0814,Micrófonos
0814,Cajón de Bocina
0814,Bocina recargable (bluetooth)
0814,Bocinas amplificada
0814,Bocinas inalámbricas (Bluetooth)
0819,Control para televisión
0814,Televisor tradicional
0814,"Televisor pantalla plana (plasma, LCD, LED)"
0814,"Televisor smart (HD, 3K, 4K)"
0819,Base de pared para TV
0814,Antena parabólica
0814,Reproductor de DVD
0814,Reproductor de Blue-Ray
0814,Dispositivo de reproducción multimedia (cajita convertidora a Smart)
0911,Cámara fotográfica
0911,Videocámaras
0813,Computadora de escritorio
0813,Computador portátil (Laptop)
0813,"Tablet (IPAD, Samsung Tab y similares)"
0819,Disco duro interno
0819,Procesadores (parte interna del computador)
0814,Lectoras de BLU-RAY/DVD/CD
0813,Impresora
0813,Monitor LED/LCD
0820,"Software (Programas de computadora: paquetes operativos, aplicaciones)"
0813,"Calculadoras, incluye de bolsillo y de mano"
0813,Cable USB
0813,Teclado
0813,Mouse
0819,Tarjeta de sonido
0819,Cargador de laptop
0819,Unidad central de procesamiento (CPU)
0819,Memoria RAM
0819,Router
0952,Discos compactos (audio) pregrabados
0952,Discos DVD y Blue Ray (audio y video) pregrabados
0815,Disco duro externo
0815,Memoria USB
0815,Memoria micro sd
0815,Discos compactos (audio) en blanco (sin grabar)
0815,Discos DVD y Blue Ray (audio y video) en blanco (sin grabar)
0835,Reparación de televisión
0835,Reparación de equipos de sonidos
0835,Reparación de computadoras y otros equipos de procesamiento
0912,Silla para montar caballo
0912,Compra de motores fuera de borda
0912,Artículos para juegos de billar
0951,Cuerdas de guitarra
0951,Uñas de guitarra
0951,Cable de instrumento Musical
0951,Maraca
0951,Batería
0951,Tambora
0951,Piano
0951,Saxofón
0951,Flauta
0951,Guitarra acústica
0921,Aparatos de videojuegos portátil
0921,"Consola de videojuegos (Play station, Xbox y similares)"
0921,"Juegos de mesa (Monopolio, de cartas, caja, dados, ajedrez, parcheesi, c"
0921,Juegos para armar
0921,"Juguetes para bebé (sonajero, móviles)"
0921,Carros de juguetes
0921,Camiones de juguetes
0921,"Juguete a control remoto (Carros, aviones y otros similares)"
0921,Cochecitos para muñecas
0921,"Juguetes de montar con ruedas (Patines, patinetas, skateboards y similares)"
0921,Peluches
0921,Pistas de carro para armar
0921,Juegos de construcción
0921,Rompecabezas
0921,Trompos y yoyos de juguete
0921,Pelotas de juguete
0912,Ping-Pong de mano
0921,Radios de juguete
0921,Pitos e instrumentos musicales de juguete
0921,"Pistolas, rifles y otras armas de juguetes"
0921,Equipos de comunicación de juguete
0921,Juego de cocina para niñas
0921,"Bicicleta infantil, velocípedo, triciclo, (y otros juguetes a"
0921,Cintas o discos para videojuegos
0921,"Disfraces, máscaras, (no incluir alquiler de disfraces)"
0921,Caja de herramientas de juguetes
0921,Muñeca/muñecos de plástico
0921,Muñeca/Muñeco de madera
0921,Aro de plástico
0921,Figura de animales de juguetes
0921,Canasto de básquet de juguete
0921,Casa de juguete
0921,Columpio
0921,Bates de juguetes
0921,Adornos navideños
0921,Juego de maquillaje (juguete)
0921,Guante de juguete
0921,Bombillos de navidad
0922,Pelotas de Béisbol y Sóftbol
0922,Bates de Béisbol y Sóftbol
0922,Raquetas de tenis
0922,Pelotas de Baloncesto (Basketball)
0922,Pelotas de Voleyball
0922,Balón de fútbol (Soccer)
0922,"Cañas, hilo de pescar y otros artículos de pesca"
0922,Equipos de pesa
0922,Zapatos de béisbol
0922,Rodillera
0922,Muñequera
0922,Guantillas
0922,Guantes de Béisbol y Sóftbol
0922,Piscinas inflables
0922,Cama y colchón inflable
0922,Bicicleta estacionaria
0922,Armas de fuego para deporte y protección
0922,Municiones de armas de fuego  para deporte y protección
0922,Saco de boxeo
0922,Mango de béisbol
0922,Guante de boxeo
0931,Plantas de jardín e interior naturales
0931,Flores y ramo de flores naturales
0921,Árbol de Navidad
0932,Alimentos para animales
0932,"Collares, huesos de goma"
0932,Shampoo para animales
0932,Polvo para pulgas (animales)
0932,Casa de perro
0932,Pecera
0932,Jaula
0932,Deparasitante para mascota
0932,Cadena de perro
0932,Vacuna para animales
0932,Spray acondicionador para animales
0932,Vitamina y minerales para animales
0932,Antibiótico para animales
0932,Antimicótico en crema para animales
0932,Arena para animales domésticos
0945,Servicio de paseo y cuidados de animales domésticos
0945,"Servicios de acicalamiento, alojamiento, tatuaje y entrenamientos"
0945,Cirugía quirúrgica para animales domésticos (mascotas)
0945,Servicio de veterinaria (consulta)
0945,Aplicación de vacuna para animales
0946,Entrada a partidos de béisbol
0946,Entrada a partidos de baloncesto (basketball)
0946,Entrada a evento deportivo motocross
0946,Cuota por membresía en clubes sociales y deportivos
0946,Entrenador físico
0946,Entradas a bares y Discotecas
0946,Inscripción de gimnasio
0946,Inscripciones de clubes
0946,"Servicio de entrenamiento físico (samba, crossfit, baile del tubo, yoga, etc.)"
0946,Pago mensual entrenamiento béisbol
0946,Cuota de cursos de artes marciales
0946,Curso de natación
0946,Servicio de juego de billar
0946,Inscripción a cursos de béisbol
0946,Entrada a piscina privada
0946,Cuota de curso de ajedrez
0969,Inscripción de cursos de baile
0969,Inscripción de curso de música
0969,Cuota de clases de baile
0946,Cuota de curso de futbol
0943,Pago servicio de videojuego
0946,Entrada a Gallera
0961,Entradas a cine
0961,Entradas a teatro
0961,Entradas a conciertos
0961,Espectáculos
0961,Entrada a eventos patronales
0962,"Entrada a eventos, exposiciones y seminarios"
0962,Entrada al museo
0962,Entrada a parque zoológico
0962,Entrada a Jardines botánicos
0962,Entrada a parque acuático
0962,Entrada a parques naturales
0952,Alquiler de Blue Ray/DVD
0839,"Servicio de televisión pagada (por cable, antena, parábola u otro medio)"
0963,"Revelado e impresión o copiado de fotos, rollos, foto carnet, etc."
0963,"Servicios de fotógrafo profesional, filmación en video, ampliación, etc."
0839,Instalación de servicio de telecable en la vivienda
0839,Reconexión de servicio de telecable en la vivienda
0962,Alquiler de libros
0835,Alquiler de equipos de sonidos
0961,Contratación de músico
0961,Contratación de Disc Jockey
0947,Bingo
0947,"Casino, maquinitas, tragamonedas, slots"
0947,Fracatán (Tarjetas de raspado)
0947,Loterías diarias (Nacional y LEIDSA) quinielas y palés
0947,Juegos de Gallos
0947,Carreras de caballos
0947,"Apuestas deportivas (MLB, NBA, NFL, NHL y similares)"
0947,"Gastos en apuestas de juegos a azar (Dados, cartas, etc.)"
0971,Libros de poesía
0971,Libros religiosos
0971,Libros culturales
0971,Libros de crecimiento personal
0971,"Novelas, ensayos, cuentos"
0971,Libro electrónico
0971,Libro técnico
0971,Mata tiempo
0971,Libro de inglés
0971,Biblia
0971,Libros de colorear
0971,Libros de enseñanza primaria
0971,Libros de enseñanza secundaria
0971,Diccionarios
0971,Enciclopedias
0971,Caligrafía
0971,Libros de preescolar
0972,Diarios/periódicos
0972,Revistas de moda
0972,Revistas misceláneas
0972,Revistas científicas
0972,Revista cristiana
0969,Encuadernación
0973,Folleto
0973,Tabla periódica
0969,Impresión y encuadernación
0973,Mapas educativos
0974,"Pegamento de uso escolar (UHU, etc.)"
0974,Papel crepé
0974,Papel de escribir con líneas
0974,Pago de materiales de preescolar
0974,Pagos de materiales escolares de primaria
0974,Cartulina
0974,Saca puntas
0974,Corrector liquido (liquid paper)
0974,Cuadernos
0974,Lapiceros
0974,Lápices
0974,Minas
0974,Portaminas
0974,Regla
0974,Cartabón
0974,Estuches para lápices
0974,Porta-lápices
0974,Tempera
0974,Acuarela
0974,Lápices de color
0974,Crayones
0974,Marcadores
0974,Pizarra
0974,Tiza
0974,Tijera para papel
0974,Grapadora
0974,Masilla
0974,Hojas de papel en blanco
0974,Papel de construcción
0813,Cartuchos para impresoras
0813,Toner para impresora
0974,Sobre manila
0974,Folders
0974,Juego de reglas
0974,Plástico para encuadernación
0974,Chinógrafo
0974,Libreta cuadriculada
0974,Carpetas (Porta papeles)
0974,Papelógrafo
0974,Papel Foami
0974,Hojas de rayas perforadas
0974,Felpas
0974,Escarcha
0974,Papel fabriano
0974,Pago de materiales de secundaria
0974,Mesa de dibujo
0974,Ábaco
0980,"Paquetes turísticos al exterior todo incluido (pasaje aéreo, alojamiento, desayuno, comida y servic"
0980,"Paquetes turísticos al interior todo incluido (alojamiento hotel, comidas, show artístico y otras a"
0980,"Excursiones turísticas al interior tours (parques naturales, museos, montañas, playas, carnaval, etc.)"
0980,Pasadía
1010,Cuota mensual enseñanza preescolar
1010,Matriculación enseñanza preescolar
1010,Servicio estancia infantil pública
1010,Pago por derecho a exámenes de educación preescolar
1010,Cuota mensual enseñanza primaria
1010,Matriculación en enseñanza primaria
1010,Pago por derecho a examen enseñanza primaria
1010,Inscripción de educación especial
1010,Cuota de educación especial
1020,Matriculación en enseñanza secundaria
1020,Cuota mensual enseñanza secundaria
1020,Matriculación en enseñanza técnica de nivel medio
1020,Cuota mensual enseñanza técnica de nivel medio
1020,Pago derecho a examen enseñanza secundaria
1020,Pagos por derecho a examen de secundaria técnica
1040,Formación docente
1040,Inscripción de educación técnico superior
1040,Cuota de técnico superior
1040,Pago por derecho a exámenes
1050,Inscripción de diplomado (desglose)
1040,Pagos por derecho a examen de educación terciaria o universitaria
1040,Inscripción de grado en la universidad
1040,Inscripción de maestría en la universidad
1040,Inscripción de especialidad en la universidad
1040,Inscripción de doctorado en la universidad
1040,Cuota de grado en la universidad
1040,Cuota de maestría en la universidad
1040,Cuota de especialidad en la universidad
1040,Cuota de doctorado en la universidad
1040,Pago monográfico
1040,Revisión de grado
1040,Derecho a graduación
1040,Derecho a tesis
1050,Cuota de diplomado
1040,Reinscripción o reactivación de matrícula en la universidad
1040,Pago de record de notas
0946,Clases de repostería
0946,Clases de belleza
0946,Clases de modelaje y refinamiento personal
1050,"Cursos técnicos de computadoras (sistema operativo Windows, paquete de Office, diseño página web)"
1050,"Cursos técnicos de todo tipo (técnico aduanal, visitador a médicos y similares)"
1050,"Cuota en cursos de educación no formal: cocina, corte, peluquería"
1040,Secretariado ejecutivo y comercial
1050,"Cursos comerciales (auxiliar de contabilidad, cajero bancario)"
1050,"Cursos de formación en oficios o similares (tapicería, mecánica, decoración, electrónica)"
1050,Cuota de sala de tareas
1050,Inscripción en curso por internet
1050,Cuotas en curso por internet
1050,Inscripción curso de inglés
1050,Cuota curso de inglés
1050,Inscripción curso de francés
1050,Cuota curso de francés
1050,Cuota curso de italiano
1050,Inscripción curso de farmacia
0969,Cuota de curso de música
1050,Inscripción en curso de desarrollo de redes
1050,Inscripción de curso de hotelería
1050,Cuota de curso de hotelería
0969,Cuota para estudio de la biblia
1050,Curso de manualidades
0974,Pago de materiales (curso de manualidades)
1050,"Simposio (conferencia, reunión profesionales)"
1050,Curso de ingeniería electromecánica
1050,Cuota de curso de ingeniería electromecánica
1050,Inscripción de curso de contabilidad
0946,Inscripción de cursos de oratoria
1050,Cuota de curso de secretaria recepcionista
1050,Inscripción en curso de electrónica digital
1050,Cuota de curso de electrónica digital
1050,Cuota de curso de caja (cajera bancaria)
1050,Cuota de curso de enfermería
1050,Inscripción de cursos de maquillaje profesional
1050,Terapia ocupacional (niños especiales)
1050,Pago de materiales (curso de belleza)
1050,Inscripción de curso de refrigeración
1050,Cuota de curso de mercadeo y ventas
1050,Inscripción en sala de tarea
1050,Servicio de clase o tutoría particular
0946,"Inscripción en cursos de educación no formal: cocina, corte, peluquería"
1050,Pago de materiales (curso operador de electrocardiograma)
1050,Cuota de curso de español
1050,Cuota de curso de electricidad
0946,Cuota de curso de etiqueta y protocolo
0946,Inscripción en curso de costura
0946,Cuota de curso de costura
1050,Cuota de curso de soldadura
1111,Friquitaqui
1111,Sándwich de jamón y queso
1111,Sándwich de queso
1111,Hamburguesas de carne de res
1111,"Hot dogs (pan, salchichas, repollo, maíz, etc.)"
1111,Sándwich de pollo
1111,"Club sándwich (pan rebanado, pollo, jamón, queso y papas fritas)"
1111,Hamburguesas de carne de pollo
1111,Hamburguesas de pescado
1111,Sándwich de jamón y queso (pan integral)
1111,Sándwich de pierna
1111,Sándwich vegetariano
1111,Sándwich de atún
1111,Sándwich completo
1111,Chimichurri
1111,Combo sándwich de jamón y queso
1111,Combo sándwich de pierna
1111,Combo sándwich de pollo
1111,Hamburguesas de carne de pollo en combo
1111,Hamburguesas de carne de res en combo
1111,Hot dogs en combo
1111,Pechurina 12 pedazos con papas fritas
1111,Pechurina 8 pedazos con papas fritas
1111,Pechurina con papas/plátano frito
1111,"Pescado al vapor, con papas/plátano fritos"
1111,Pescado frito con papas/plátano frito
1111,"Pescado guisado con coco, papas/plátano frito"
1111,Pica Pollo de 2 piezas con plátano/papas fritas
1111,Pica Pollo de 3 piezas con plátano/papas fritas
1111,Pica Pollo de 4 piezas con plátano/papas fritas
1111,Pica Pollo de 5 piezas con plátano/papas fritas
1111,"Pizza 8 pedazos contiene salchicha italiana, carne molida, hongos, pimientos jamón"
1111,Pizza de 12 pedazos vegetales y carnes
1111,"Pizza de 12 pedazos peperoni, queso, jamón, maíz"
1111,Pizza de 8 pedazos de peperoni con queso
1111,Pizza personal de jamón con breadstick
1111,"Plátano verde hervido, huevo frito"
1111,Plátano en trozos con jamón
1111,Burritos
1111,Cachapas
1111,Calzone
1111,Chimichanga
1111,Pollo asado
1111,Tacos
1111,Pinchos de salchicha de hot dog
1111,Sushi
1111,"Parrillada (cortes de carnes variadas: res, cerdo y pollo)"
1111,"Tostones de plátano verde, chicharrón de pollo"
1111,"Papa fritas, chicharrón de pollo"
1111,"Combo de tostones de plátano verde, pollo frito, refresco"
1111,"Combo de papa frita, pollo frito, refresco"
1111,Arroz blanco con bacalao y ensalada verde
1111,Arroz blanco con berenjena guisada
1111,Arroz blanco con guandules guisados con pollo guisado
1111,Arroz blanco con huevo frito
1111,Arroz blanco con jamón guisado
1111,Arroz blanco con pescado frito
1111,Arroz blanco con pollo guisado
1111,Arroz blanco con pollo guisado y aguacate
1111,Arroz blanco con tayota guisada con salami
1111,"Arroz blanco, espaguetis en salsa roja"
1111,"Arroz blanco, guandules guisados, cerdo guisado, ensalada verde"
1111,"Arroz blanco, con cocido de pata de vaca"
1111,"Arroz blanco, con habichuelas guisadas, espagueti con albóndiga y ensalada verde"
1111,"Arroz blanco, guandules, pescado guisado, ensalada verde"
1111,"Arroz blanco, habichuela guisadas, pollo frito ensalada verde"
1111,"Arroz blanco, habichuelas guisadas, chuleta guisada, ensalada verde"
1111,"Arroz blanco, habichuelas guisadas, modongo guisado, ensalada verde"
1111,"Arroz blanco, habichuelas guisadas, berenjena"
1111,"Arroz blanco, habichuelas guisadas, con huevo revuelto"
1111,"Arroz blanco, habichuelas guisadas, pollo horneado, ensalada verde"
1111,"Arroz blanco, habichuelas, chivo guisado y ensalada verde"
1111,"Arroz blanco, Lambí guisado, ensalada verde"
1111,"Arroz blanco, habichuela guisadas, lasaña, ensalada verde"
1111,"Arroz blanco, habichuelas rojas , res guisada, ensalada verde"
1111,"Arroz blanco, habichuelas rojas, cerdo guisado, ensalada verde"
1111,"Arroz blanco, habichuelas rojas, pollo guisado, ensalada verde"
1111,Arroz con leche
1111,"Arroz con maíz, cerdo guisado, ensalada de pastas"
1111,"Arroz con maíz, pollo horneado, ensalada verde"
1111,"Arroz con maíz, res guisada, ensalada de pastas"
1111,Asopao de pollo con aguacate
1111,Asopao de pollo y chuleta con aguacate
1111,Auyama hervida con salami
1111,Avena y guineo maduro
1111,Batata frita con huevos fritos
1111,Batata frita con longaniza frita
1111,"Batata frita, espaguetis rojos"
1111,Bofe de res frito con yaniquecas
1111,"Tostones de plátano verde, bofe de res frito"
1111,Bola de yuca rellena de pollo
1111,Bola de yuca rellena de queso
1111,Bollito de maíz y carne de res guisada
1111,Bollitos de yuca sin relleno
1111,Bollo de harina de maíz con coco y sardinas
1111,Bollo de harina de maíz con huevo frito entero
1111,Bollo de harina de trigo con bacalao
1111,"Tostones de plátano verde, carne de cerdo salada"
1111,Chenchen con habichuelas guisada pollo guisado
1111,Chenchen con habichuelas guisadas y chivo guisado
1111,Chenchen con habichuelas y carne de res guisada
1111,"Tostones de plátano verde, chicharrón de cerdo"
1111,"Chimis de jamón, queso y huevo con vegetales"
1111,Chimis de pollo con vegetales y queso
1111,Chimis de res con vegetales y queso
1111,Chocolate con pan
1111,Chow fan mixto
1111,Chow Fan
1111,Chop Suey
1111,Chow fan con pollo frito
1111,"Chow fan, con cerdo"
1111,"Chow fan, con res"
1111,Chuleta con plátano fritos
1111,"Club sándwich de jamón, queso, pollo, vegetales, con papas fritas"
1111,Club sándwich de pollo con papas fritas
1111,"Arroz blanco, cocido de cerdo"
1111,Cocido de pata de vaca
1111,"Arroz blanco, cocido de pata de vaca, coca cola"
1111,Cocido de vaca con plátano frito
1111,"Concón, guandules guisaos, pollo guisado"
1111,Costilla a la parrilla con papas fritas/plátano frito y ensalada verde
1111,Domplines con paco fish (sardina)
1111,Domplines con salami guisado
1111,"Empanadas completas (pollo, queso, jamón, vegetales)"
1111,Empanadas con queso y pollo
1111,Empanadas de huevos
1111,Empanadas de jamón y queso
1111,Empanadas de peperoni
1111,Empanadas de pollo
1111,Empanadas de salsa de pizza
1111,Ensalada César
1111,"Ensalada con carne (ensalada con pollo, con tocineta)"
1111,"Ensalada de fruta con melón, lechosa, piña, sandia, mango y guineo"
1111,"Ensalada de frutas: Guineo maduro, piña y mango"
1111,"Ensalada de frutas: Guineo maduro, piña y melón"
1111,Ensalada de pastas
1111,Ensalada de vegetales hervidos
1111,Ensalada rusa
1111,Ensalada verde
1111,Espaguetis con camarones
1111,Espaguetis rojos con fritos
1111,Espaguetis con plátano frito
1111,Guineo con bacalao
1111,Guineo con cuerito de puerco
1111,Guineo con huevo frito
1111,Guineo con huevo hervido
1111,Guineo con queso frito
1111,Guineo con salami frito
1111,"Hamburguesa de bacon y queso, con papas fritas"
1111,Hamburguesa de pollo con papas fritas
1111,"Hamburguesa de res, con papas fritas"
1111,Hot dog hervido tradicional con papas
1111,Hot dog hervido tradicional sin papas
1111,Lasaña de carne molida
1111,Lasaña de tres queso
1111,Locrio de arenque con ensalada verde
1111,"Locrio de cerdo, habichuelas rojas guisadas ensalada rusa"
1111,Locrio de chuleta con ensalada verde
1111,"Locrio de pollo, ensalada verde"
1111,Locrio de sardinas con plátano frito maduro
1111,Longanizas con fritos verdes
1111,Mangú con hígado de pollo
1111,Mangú con salami y cebolla frita
1111,Mangú con salami y huevo frito
1111,Mangú de plátano con bacalao guisado
1111,Mangú de plátano con huevo frito
1111,Mangú de plátano con pollo frito
1111,Mangú de plátano con queso frito
1111,Mofongo con salami y queso
1111,Mofongo de carne salada cerdo acompañado con sopa con carne
1111,Mofongo de plátano verde con chicharrón
1111,"Arroz blanco, Mondongo"
1111,Mondongo con plátano frito
1111,Moro de guandules con coco y pollo frito
1111,"Moro de guandules con coco, pescado, ensalada verde"
1111,"Moro de guandules, carne cerdo, ensalada mixta"
1111,"Moro de guandules, carne de res, ensalada mixta"
1111,"Moro de guandules, pollo guisado, ensalada verde"
1111,"Moro de guandules, pollo horneado, ensalada verde"
1111,"Moro de habichuela , con cerdo guisado, ensalada mixta"
1111,"Moro de habichuela , con pollo al horno, ensalada mixta"
1111,"Moro de habichuela , con pollo frito, ensalada mixta"
1111,"Moro de habichuela , con pollo guisado, ensalada mixta"
1111,"Moro de habichuela , con res guisado, ensalada mixta"
1111,Moro de habichuelas con espaguetis y ensalada verde
1111,Paellas
1111,Papas con jamón
1111,Papas con queso
1111,"Papas, salami frito"
1111,Pasteles en hoja de plátano de pollo
1111,Pasteles en hoja de plátano de res
1111,Pasteles en hoja de yuca de res
1111,Pata de vaca guisada con tostones
1111,Pechuga a la plancha con vegetales
1111,"Pechuga al grill, puré de papas"
1111,Pechuga de pollo a la plancha y ensalada verde
1111,Pechuga de pollo rellena de jamón y queso con frito verde
1111,Plátano en trozos con otro acompañamiento
1111,Plátano en trozos con queso
1111,Plátano en trozos con salami frito
1111,Plátano frito con carne
1111,Plátano frito con carne y ensalada
1111,Plátano frito con otro acompañamiento
1111,Plátano frito con queso frito
1111,Plátano frito con salami
1111,Pollo teriyaki con arroz frito
1111,Pollo teriyaki con papa/plátanos fritos
1111,Puré de papa con chuleta
1111,Puré de papa con huevo frito
1111,Puré de papa con huevo hervido
1111,Puré de papa con queso frito
1111,Puré de yuca con huevo frito
1111,Pedazo de quesillo
1111,"Sancocho de gallina, pollo y res"
1111,"Arroz blanco, sancocho de gallina, pollo y res"
1111,"Sándwich de pan de agua con queso y jamón , tomate"
1111,"Sándwich completo pollo, queso, jamón, tomate y lechuga"
1111,"Sándwich de pierna de cerdo, queso, mayonesa, kétchup, tomate"
1111,"Sándwich peperoni, salami genoa, ensalada verde, bebida soda"
1111,Sopa de fideo
1111,Sopa de nervio de vaca
1111,Sopa de pata de vaca
1111,Sopa de pescado
1111,Sopa de pollo
1111,Sopa de res
1111,Sopa vegetariana
1111,Tortilla española
1111,"Sándwich completa de jamón, queso y vegetales"
1111,Wrap de pollo con papas fritas
1111,Yaniquecas con espagueti
1111,Yaniqueque con pico y pala frito
1111,Yaniqueque huevo hervido
1111,"Yaro: de plátano maduro, queso , mayonesa, pollo, cerdo, res"
1111,"Yaroa: papa en tira, queso, pollo molido, salsa de tomate"
1111,"Yuca hervida, huevo frito"
1111,Yuca con jamón
1111,Yuca con queso
1111,Yuca con salami
1111,Fritos
1111,Carne de res frita
1111,Moro de guandules
1111,Pollo frito
1111,Plátano frito
1111,Hígado de res y yuca
1111,Moro de habichuela
1111,Pancake
1111,Servicio de Locrio de Sardina
1111,Picalonga
1111,Arroz amarillo con pescado al vapor
1111,"Arroz blanco pechuga a la crema, pastelón de plátano maduro y ensalada verde"
1111,Arroz blanco y ensalada
1111,"Arroz blanco, cerdo guisado"
1111,"Arroz blanco, guandules"
1111,"Arroz blanco, habichuelas guisadas"
1111,"Arroz blanco, con sardina/atún/paco fish"
1111,"Arroz blanco, pescado guisado"
1111,"Arroz blanco, res guisado"
1111,Arroz con bacalao
1111,"Arroz blanco, habichuelas guisadas, carne de cerdo guisado"
1111,Arroz con salami
1111,"Arroz con vegetales y bistec, (con habichuela / sin) y lechuga"
1111,"Arroz blanco, guandules guisados, cerdo guisado"
1111,"Arroz blanco, habichuela guisada, carne de res guisada"
1111,Arroz habichuela y costilla
1111,Arroz habichuela y guineo
1111,Arroz habichuela y pollo frito
1111,Arroz habichuela y pollo guisado
1111,Carne de cerdo guisado con ensaladas
1111,Carne de cerdo asada
1111,Carne de res con ensalada
1111,Carne horneada de cerdo
1111,Concón con guandules con o sin salsa de carnes
1111,Concón con habichuelas con o sin salsa de carnes
1111,Domplines con arenque
1111,Empanada de carne de res
1111,Empanada de salchichas
1111,Fécula de maíz (Maicena)
1111,Frituras
1111,"Guineo hervido, cerdo guisado"
1111,Guineo con leche
1111,Guineo con pollo frito
1111,Guineo frito con carne de pollo frita
1111,Guineos con sardina
1111,Habichuelas guisadas
1111,Harina de maíz con sal
1111,Harina de maíz dulce
1111,Locrio de embutidos mixtos con habichuelas
1111,Locrio de pollo con frito
1111,Locrio de salami
1111,Locrio de tocino
1111,Mangú de plátano con leche
1111,Mangú de plátano con salami
1111,Moro de guandules con berenjenas y salami guisado
1111,Moro de guandules con coco
1111,Moro de guandules con espaguetis
1111,"Moro de guandules, pollo guisado"
1111,Moro de guandules con pollo frito
1111,Moro de guandules y pescado con coco
1111,Moro de habichuela con bacalao
1111,Moro de habichuela con berenjena
1111,Moro de habichuela con coco
1111,Moro de habichuela con ensalada de tomate sin carne
1111,Moro de habichuela con molondrón
1111,Moro de habichuela con paco fish
1111,Moro de habichuela y pescado
1111,Moro de habichuelas con berenjena y salami
1111,"Moro de habichuelas con coco, pollo guisado"
1111,Moro de habichuelas con espaguetis
1111,Mostachones guisados
1111,Pan con aguacate
1111,Pan con ajo
1111,Pasta en salsa blanca
1111,Patas de pollo (fritas y guisadas)
1111,"Arroz blanco, patica de cerdo"
1111,Pechuga de pollo a la plancha
1111,Sopa de fideos con carne de pollo y arroz blanco
1111,Sopa de pollo con arroz
1111,Sopa de vegetales y salami
1111,Trigo dulce preparado
1111,Yaniqueques con salami
1111,Yuca hervida sola
1111,"Arroz blanco, sancocho de guandules y albóndigas"
1111,Moro de habichuela roja con huevo revolteado
1111,Moro de habichuela roja con chuleta guisada y ensalada de coditos
1111,"Arroz, habichuela roja, berenjena, arepitas"
1111,Arroz con longaniza
1111,Yuca con arenque
1111,"Moro de guandules, con berenjena, pollo guisado"
1111,Coditos guisados con frito
1111,Costilla guisada
1111,Chuleta guisada
1111,Locrio de costilla con frito maduro
1111,"Arroz blanco, guandules, chuleta y plátano maduro frito"
1111,Moro de guandules con albóndigas
1111,Arroz con pollo frito y ensaladas hervidas
1111,Locrio de pollo con habichuela
1111,Pastelón de papa con pollo
1111,"Arroz con vegetales, carne de res"
1111,"Arroz con maíz, pescado frito"
1111,"Arroz blanco, guandules, bacalao"
1111,Huevos hervidos
1111,"Arroz blanco, habichuela, pescado frito"
1111,Moro de habichuela con salami
1111,Locrio de costillas y ensalada
1111,"Arroz, guandules y espagueti"
1111,"Arroz blanco, guandules verdes guisados y carne de res guisada"
1111,"Arroz blanco, guandules y paco fish"
1111,Moro de habichuela con tayota
1111,"Arroz blanco, habichuela guisada, espaguetis en salsa roja"
1111,"Moro de guandules, huevo frito"
1111,"Arroz con maíz, pollo guisado y ensalada verde"
1111,"Arroz blanco, guandules verde y molondrones"
1111,Moro de guandules con paco fish
1111,Arepitas de maíz con pollo guisado
1111,"Arroz blanco, habichuelas negras, salami frito"
1111,Guineos con tocino
1111,Pollo horneado
1111,Mofongo con pollo
1111,Moro de habichuela y huevo frito
1111,Moro de trigo
1111,"Arroz, habichuela con tayota"
1111,Rulo con codito
1111,Bollo de harina de maíz con hígado de res
1111,"Arroz, guandules y tuna"
1111,Locrio de cerdo
1111,Moro de habichuela con chuleta
1111,Cerdo horneado con víveres
1111,Cerdo horneado con casabe
1111,Bollo de harina de maíz con salami guisado
1111,Bollo de harina trigo (domplin) con salami guisado
1111,Arroz blanco con salami frito
1111,Arroz amarillo con hígado de res
1111,Arroz con coco y pollo guisado
1111,Moro de guandules con bacalao
1111,Locrio de fideo con maíz
1111,Moro de guandules con hígado
1111,Puré de papa con albóndiga
1111,Guineítos con longaniza
1111,Moro de guandules con chuleta
1111,"Arroz blanco, habichuela y tuna"
1111,Empanada de vegetales
1111,"Arroz con vegetales, pechuga a la plancha y ensalada verde"
1111,"Arroz blanco, guandules guisados y pollo horneado"
1111,"Pechuga a la plancha, papas fritas y ensalada verde"
1111,Locrio de molondrón
1111,Batata asada
1111,"Arroz blanco, guandules, carne de res y ensalada mixta"
1111,Salami frito
1111,Guineo frito
1111,Frito de guineíto verde con hígado de pollo guisado
1111,"Batata hervida, arenque guisado"
1111,"Batata hervida, salami guisado"
1111,"Arroz blanco, albóndiga y ensalada verde"
1111,Moro de habichuela con costilla de cerdo
1111,"Arroz blanco, guandules, pavo, frito y ensaladas"
1111,Moro de habichuela con chivo
1111,Sancocho de cabeza de cerdo
1111,Mangú de plátano con molleja guisada
1111,Bolita de queso
1111,Puré de papa con pollo guisado y ensalada rusa
1111,Moro de guandules con salami
1111,Arroz con maíz y carne de res
1111,Mangú con pollo guisado
1111,Pechuga a la plancha con fritos
1111,Puré de papa con salami
1111,Sancocho de guandules
1111,Pedazo de pan de maíz
1111,Arroz con coditos y plátanos fritos o tostones
1111,"Arroz, habichuela y bacalao"
1111,Moro de guandules con molondrones con coco
1111,Arroz blanco con mondongos y plátanos fritos
1111,"Arroz blanco, guandules guisados, huevos fritos"
1111,Locrio de camarones con ensaladas
1111,Moro de guandules con molondrones
1111,"Locrio de chuleta, coditos con pollo"
1111,Asopado de cerdo con aguacate
1111,"Locrio de arenque, habichuela y aguacate"
1111,Moro de guandules con tayota
1111,"Arroz blanco, carne de res y ensalada verde"
1111,Sancocho de habichuela
1111,"Guineo verde, huevo frito y salami guisado"
1111,Asopado de pollo y chuleta con frito verde
1111,Yuca con pollo frito
1111,Moro de habichuela con longaniza
1111,Moro de habichuela con aguacate
1111,Arroz blanco con aguacate
1111,Moro de habichuela con arenque
1111,Ensalada de tipile
1111,Moro de habichuela con ensalada de coditos
1111,Plátano maduro con bistec
1111,Huevo hervido con pan
1111,Espaguetis con tuna
1111,Carne salada (preparada)
1111,Arroz blanco con hígado de res
1111,"Yuca hervida, patica de cerdo"
1111,Yuca con bacalao
1111,Huevos de codorniz hervidos
1111,Arroz con fideo y pollo guisado
1111,"Arroz con maíz, bacalao y ensalada hervida"
1111,Locrio de longaniza y ensalada
1111,Locrio de longaniza con aguacate
1111,Locrio de cerdo con guandules guisados
1111,Moro de habichuela con pescado guisado
1111,"Arroz blanco, guandules guisados y chuleta frita"
1111,Batata frita
1111,Arroz con maíz y berenjena
1111,Arroz amarillo con tuna
1111,"Locrio de fideo, pollo frito y ensalada verde"
1111,"Moro de habichuela, pollo guisado y aguacate"
1111,"Puré de papa, pollo frito y cebolla"
1111,"Moro de guandules, pollo guisado y ensalada de papa y huevo"
1111,"Mangú de plátano verde, patica de cerdo"
1111,"Mangú, longaniza guisada"
1111,Pastelón de plátano maduro
1111,Tortilla venezolana
1111,Carne molida de soya guisada
1111,"Batata hervida, arenque y espaguetis"
1111,Combo de nacho con queso y palomitas de maíz
1111,"Moro de guandules, cerdo horneado y pastelón de plátano maduro"
1111,"Arroz blanco, habichuela y molondrones guisados"
1111,Espagueti con jamón frito y tostones
1111,Arroz blanco con gallina guisada
1111,Maíz tostado
1111,Sancocho de guandules con arroz
1111,Harina del negrito
1111,Mangú de plátano con espagueti
1111,"Arroz blanco, habichuela y (sardina/atún/paco fish)"
1111,"Arroz blanco, habichuela guisada, huevo con berenjena"
1111,Yuca con mantequilla de coco
1111,"Locrio de sardina, habichuela y ensalada"
1111,"Alitas al horno, pastelón de espaguetis y ensalada verde"
1111,Guineos con molondrones
1111,Arroz blanco con pollo frito
1111,Moro de guandules con mondongo
1111,Domplin preparado
1111,Puré de papa con res
1111,"Arroz con fideo, pescado a la plancha y ensalada rusa"
1111,Maicena preparada
1111,Locrio de lentejas con guineo maduro
1111,"Arroz blanco, habichuela y albóndiga"
1111,"Arroz amarillo, pollo frito y ensalada de papas"
1111,Arroz guandules y albóndigas
1111,Sancocho de habichuelas con arroz blanco
1111,"Arroz blanco, habichuela, pollo a la cordon blue"
1111,Arroz con pasas y chuleta frita
1111,Arroz blanco con berenjena rellena de carne de cerdo
1111,Cerdo agridulce con tostones de plátano verde
1111,Arroz blanco con garbanzos guisados con costillas de cerdo
1111,Guineo con chuleta
1111,Quesadilla de pollo
1111,Maíz hervido
1111,Pan con salami
1111,Locrio de longaniza y chuleta
1111,Locrio de chuleta con costillas
1111,Arroz con vegetales
1111,Moro de guandules con cerdo y ensalada rusa
1111,"Plátano hervido, huevo frito, espaguetis en salsa roja"
1111,Locrio de cerdo con habichuela
1111,"Arroz blanco, guandules con salami guisado"
1111,"Tostones de plátano verde, espaguetis en salsa roja y huevo hervido"
1111,Pan de yuca
1111,Plátanos fritos con jamón frito
1111,Plátanos fritos con camarones
1111,Plátano maduro con salami
1111,Tostones con chorizo
1111,Moro de guandules con lasaña y ensalada verde
1111,"Plátano maduro frito, carne de pollo con queso frito"
1111,Pan tostado
1111,"Arroz blanco, pollo frito y codito"
1111,"Arroz con maíz, pollo frito ensalada verde"
1111,"Moro de habichuela roja, carne de cerdo, ensalada de coditos"
1111,Quesadilla
1111,Arroz con vegetales con carne de cerdo y ensalada de coditos
1111,Puré de auyama
1111,Arroz con maíz y sardinas
1111,Yuca con res frita
1111,"Mangú de auyama, huevo frito"
1111,Trigo con carne de pollo guisado
1111,Jaiba con plátano
1111,Plátano con tilapia
1111,Leche blanca con pan
1111,Leche con chocolate con pan
1111,"Arroz blanco, guandules guisados y sardina en salsa de tomate"
1111,Locrio de trigo con paco fish
1111,"Arroz blanco, guandules verdes carne de res y ensalada rusa"
1111,"Espaguetis, pollo y ensalada verde"
1111,"Arroz blanco con queso, huevo frito, ensalada de tomate"
1111,Coditos guisados
1111,"Pollo frito, plátanos frito y espaguetis"
1111,Cajita de jugo con galleta
1111,Locrio de cerdo con ensalada de codito
1111,Masita con choco rica
1111,Chocolate con pan y queso
1111,Galleta con queso
1111,Pan con queso
1111,Pechuga de pollo con yuca
1111,"Tostones de plátano verde, patica de cerdo guisada"
1111,Guineítos con pollo guisado
1111,Arroz integral con bacalao
1111,Arroz integral con pollo guisado
1111,Empanada con jamón/jamoneta
1111,Leche con chocolate con galleta de avena
1111,Pan con mantequilla de maní
1111,Plátano con pollo guisado
1111,Arroz blanco habichuela y ensalada
1111,Espagueti con pollo asado
1111,Locrio de pollo con espagueti y ensalada verde
1111,Arroz amarillo con res guisada
1111,Arroz blanco con chuleta frita
1111,Moro de habichuela con carne molida
1111,Pan huevo y salami
1111,Moro habichuela pollo guisado y berenjena
1111,"Arroz blanco, guandules, berenjenas"
1111,Arroz con maíz y chuleta
1111,"Arroz con maíz, chuleta y ensalada verde"
1111,Arroz blanco bacalao berenjena frita y papa frita
1111,Mangú de plátano con queso
1111,Puré de papa y con jamón
1111,Pizza de queso y maíz
1111,Guineíto con orejita
1111,Arroz blanco guandules con gallina guisada
1111,Sopa de salchicha y fideos
1111,Espaguetis con leche y queso
1111,Guineo con gallina guisada
1111,Empanada de queso con carne molida
1111,Arroz blanco
1111,Moro de habichuela con pollo guisado
1111,Chenchen con cerdo y habichuela
1111,Moro de habichuela negra con albóndiga y ensalada
1111,Espaguetis en salsa roja
1111,Sopa de huevo
1111,Bollito de harina
1111,Arroz blanco con berenjena frita con salami
1111,"Yuca hervida, chuleta frita, huevo frito"
1111,Arroz blanco y salami guisado
1111,Mangú con cerdo guisado
1111,Locrio de longaniza habichuela roja ensalada de codito
1111,"Arroz blanco, sancocho cerdo"
1111,Espagueti con ensalada
1111,Guineo con pollo horneado
1111,Guineo con fajita de pollo
1111,Yuca con pollo horneado
1111,Locrio de bacalao
1111,"Arroz blanco pechuga a la plancha, ensalada verde"
1111,Pescado con ensalada de tayota y zanahoria
1111,Lasagna de carne de res con ensalada verde
1111,Leche con bizcocho
1111,Jugo de china con galleta de avena
1111,Moro de guandules con longaniza
1111,Guineo sancochado
1111,Arroz con leche dulce
1111,Arroz con leche salado
1111,Pizza de queso y pepperoni
1111,Pizza de pollo
1111,"Pizza de jamón, queso y maíz"
1111,Pizza de cuatro queso
1111,Empanada de queso
1111,Empanada de marisco
1111,Pedazo de Bizcocho de chocolate
1111,Pedazo de Bizcocho de limón
1111,Pedazo de Bizcocho de vainilla
1111,Pedazo de Bizcocho de albaricoque
1111,Pedazo de Bizcocho de zanahoria
1111,Pinchos de carne y vegetales
1111,Domplines con bacalao
1111,Bollito de yuca de pollo
1111,Bollito de yuca de res
1111,Bollito de yuca de jamón y queso
1111,Espaguetis blanco con camarones
1111,Espaguetis blanco con tocineta
1111,"Tostones de plátano verde, espaguetis en salsa blanca"
1111,Pastelón de papa
1111,Pastelón de berenjena
1111,Pastelón de arroz
1111,Ñame diablon con queso blanco
1111,Ñame diablon con queso amarillo
1111,Ñame diablon con salami
1111,Ñame diablon con huevo frito
1111,Ñame diablon con huevo salcochado
1111,Ñame diablon con pollo guisado
1111,Ñame diablon con pollo frito
1111,Ñame diablon con carne de res guisada
1111,Ñame diablon con carne de cerdo asada
1111,Ñame diablon con chuleta guisada
1111,Ñame diablon con bacalao
1111,Ñame diablon hervido
1111,Rulo hervido con queso blanco
1111,Rulo hervido con queso amarillo
1111,Rulo hervido con salami
1111,Rulo hervido con huevo frito
1111,Rulo hervido con huevo salcochado
1111,Rulo hervido con pollo guisado
1111,Rulo hervido con pollo frito
1111,Rulo hervido con carne de cerdo guisada
1111,Rulo hervido con bacalao
1111,Rulo hervido con arenque
1111,Rulo hervido con sardina
1111,Rulo hervido con jamón
1111,Auyama hervida con queso blanco
1111,Auyama hervida con huevo frito
1111,Auyama hervida con huevo salcochado
1111,Auyama hervida con pollo guisado
1111,Auyama hervida con arenque
1111,Batata hervida con queso blanco
1111,Batata hervida con queso amarillo
1111,Batata hervida con huevo frito
1111,Batata hervida con huevo salcochado
1111,Batata hervida con pollo guisado
1111,Batata hervida con pollo frito
1111,Batata hervida con carne de res guisada
1111,Batata hervida con carne de cerdo asada
1111,Batata hervida con carne de cerdo frita
1111,"Batata hervida, longaniza frita"
1111,Batata hervida con chuleta frita
1111,Batata hervida con jamón
1111,"Yautía morada/coco, queso blanco"
1111,"Yautía morada/coco, queso amarillo"
1111,"Yautía morada/coco, salami frito"
1111,"Yautía morada/coco, huevo frito"
1111,"Yautía morada, huevo salcochado"
1111,"Yautía morada/coco, pollo guisado"
1111,"Yautía morada/coco, pollo frito"
1111,"Yautía morada/coco, carne de res guisada"
1111,"Yautía morada/coco, longaniza frita"
1111,"Yautía morada/coco, chuleta frita"
1111,"Yautía morada/coco, chuleta guisada"
1111,"Yautía morada/coco, bacalao guisado"
1111,Yautía amarilla con queso blanco
1111,Yautía amarilla con queso amarillo
1111,Yautía amarilla con salami
1111,Yautía amarilla con huevo frito
1111,Yautía amarilla con pollo frito
1111,Yautía amarilla con carne de cerdo guisada
1111,Yautía amarilla con bacalao
1111,Yautía amarilla con arenque
1111,Ñame blanco con queso blanco
1111,Ñame blanco con queso amarillo
1111,Ñame blanco con salami
1111,Ñame blanco con huevo frito
1111,Ñame blanco con huevo salcochado
1111,Ñame blanco con pollo guisado
1111,Ñame blanco con pollo frito
1111,Ñame blanco con carne de res guisada
1111,Ñame blanco con carne de res frita
1111,Ñame blanco con carne de cerdo guisada
1111,Ñame blanco con longaniza
1111,Ñame blanco con chuleta frita
1111,Ñame blanco con chuleta guisada
1111,Ñame blanco con bacalao
1111,Ñame blanco con hervido
1111,Ñame blanco con sardina
1111,Ñame blanco con jamón
1111,Ñame amarillo con salami
1111,Ñame amarillo con huevo frito
1111,Ñame amarillo con pollo guisado
1111,Ñame amarillo con pollo frito
1111,Ñame amarillo con carne de cerdo guisada
1111,Ñame amarillo con chuleta frita
1111,Ñame amarillo con bacalao
1111,Ñame amarillo con jamón
1111,Pedazo de Flan de leche condensada
1111,Pedazo de Flan de dulce de leche
1111,Arroz con vegetales pollo guisado y ensalada
1111,Yuca con chuleta
1111,Arroz lenteja y ensalada
1111,"Arroz blanco, guandules guisados, pollo frito, ensalada de papa y zanahoria"
1111,"Arroz con vegetales, pollo guisado, ensalada de lechuga"
1111,Patimongo con frito y arroz blanco
1111,Plátano frito pollo horneado
1111,Empanada de queso con maíz
1111,Empanada de pollo con vegetales
1111,"Pechuga con salsa bechamel, res término medio, papa hervida y ensalada verde queso y tomate"
1111,Arroz amarillo con maíz pollo frito ensalada verde
1111,Salchipan con papa frita
1111,Batata yuca guineíto con huevo frito
1111,"Moro de habichuela, carne de cerdo guisado, ensalada de papa"
1111,"Mangú de plátano verde, huevo con arenque"
1111,Arroz blanco guandules pollo frito y ensalada
1111,Guineíto con huevo y jamón frito
1111,"Yuca hervida, huevo con arenque"
1111,Locrio de sardina con aguacate lechuga y repollo
1111,Arroz con maíz y longaniza y ensalada
1111,Asopao de carne de res
1111,Bollo de harina de maíz con pica pica
1111,"Arroz blanco, habichuela, tilapia guisado"
1111,Espaguetis blancos con macarrones y frito
1111,Yuca con queso y salami frito
1111,Chuleta a la plancha puré de papa
1111,Pechuga a la crema con papa y frito
1111,Pechuga con plátano frito y lechuga
1111,Macarrones con queso
1111,"Moro de guandules con coco, pollo guisado y ensalada de codito"
1111,Arroz blanco con berenjena frita
1111,Jugo y torta de maíz
1111,Arroz con maíz y bacalao con papa
1111,Arroz con habichuela y pechuga a la plancha
1111,"Arroz blanco, habichuela y salami guisado"
1111,"Arroz, lenteja y pollo guisado"
1111,Arroz con molondrón
1111,Batata asada con leche
1111,Batata frita con pescado frito
1111,Jugo de pera con pan sobao
1111,Jugo de naranja con pan sobao
1111,Jugo de fruit punch con pan
1111,Salchipapa
1111,Pan sobao con mayonesa
1111,Pan con huevo frito con leche
1111,Pan huevo frito y kétchup
1111,Pan con mayonesa y salami
1111,"Bollo de harina, huevo frito"
1111,Arroz blanco cerdo guisado y plátano frito
1111,"Arroz blanco, pescado y fritos verdes"
1111,"Arroz blanco, chivo guisado, fritos verdes"
1111,"Batata hervida, leche blanca"
1111,Avena con pan
1111,Galleta de soda con queso
1111,Carne de res frita con frito verde
1111,Guineo verde con queso fundido
1111,Mangú con carne de res
1111,"Arroz blanco, torrejas, habichuelas, pastelón"
1111,"Arroz blanco, guandules y gallina criolla"
1111,Yuca con chicharrón de cerdo
1111,"Arroz blanco, habichuela y pescado a la plancha"
1111,Moro de guandules con pechuga de pollo a la plancha
1111,"Arroz amarillo, habichuela guisada y pechuga de pollo a la plancha"
1111,Jugo de cereza con pan
1111,Arroz con chivo
1111,Salmón con vegetales
1111,"Arroz blanco, lenteja guisada, carne de res guisada"
1111,"Arroz blanco, pollo guisado y ensalada"
1111,Moro de guandules con carne de res guisada
1111,Locrio de pollo con habichuelas rojas y ensalada verde
1111,"Arroz blanco, habichuela guisada y carne de res, ensalada rusa"
1111,Plátano con pipián
1111,Mangú de guineo con pollo
1111,Plátano con coditos
1111,Chaca
1111,Plátano frito salami y longaniza
1111,"Yuca hervida, carne de cerdo frito"
1111,Corn flakes con leche
1111,Plátano frito con molleja frita
1111,Espaguetis con pollo
1111,Moro de guandules con carne molida y ensalada verde
1111,Moro de habichuela con cerdo guisado
1111,"Pollo guisado, espaguetis, frito verde"
1111,"Mangú de plátano, queso, huevo frito"
1111,Asopao de pollo y cerdo
1111,Sándwich de jamón
1111,"Arroz blanco, habichuelas guisadas, carne de cerdo guisado, ensalada de pasta"
1111,Locrio de cerdo con frito verde y ensalada
1111,Ensalada hervida saltada con pechuga de pollo
1111,Jugo de naranja con bizcocho
1111,"Arroz blanco, habichuela gira y huevo con salami revuelto"
1111,Espaguetis con carne de res
1111,"Arroz blanco, garbanzo con pollo guisado"
1111,Chenchén con habichuela
1111,Empanada de queso y huevo
1111,Sándwich de pollo y queso
1111,Quinoa preparada
1111,Guineos hervidos con hígado pollo
1111,"Arroz blanco, habichuela y pechurina"
1111,Harina de maíz con sal y codito guisado
1111,Arroz con salmón
1111,Cerdo horneado con pan
1111,Hígado de pollo guisado
1111,Mangú de plátano con Jamón frito
1111,Guandules verdes guisados
1111,"Arroz con maíz, carne de res y ensalada verde"
1111,"Guineo hervido, espaguetis en salsa roja"
1111,"Frito de guineo verde, salami frito y huevo frito"
1111,Bollo de harina con habichuela
1111,Bollo de harina con pollo guisado
1111,Mangú de plátano con chuleta
1111,"Arroz blanco, guandules guisados, carne de res guisada, ensalada verde"
1111,"Arroz blanco, guandules guisados, pescado frito, ensalada verde"
1111,Mangú de guineítos con salami
1111,Plátanos fritos con huevo frito
1111,"Arroz con maíz, carne de cerdo guisado"
1111,"Arroz con vegetales, carne de cerdo guisado"
1111,Guineo con salami
1111,"Moro de guandules, res guisada, ensalada rusa"
1111,"Arroz blanco, habichuela guisada, pollo guisado, ensalada verde, frito maduro"
1111,"Locrio de Chuleta, habichuela guisada, ensalada verde"
1111,Moro de habichuela con repollo guisado
1111,"Moro de habichuela negra, bacalao guisado, fritos maduros y ensalada"
1111,Arroz blanco con bacalao y ensalada de papa con zanahoria
1111,Filete de mero con tostones
1111,"Guineo hervido, batata hervido, huevo frito"
1111,Papa hervida y longaniza frita
1111,"Espaguetis, papa hervida y carne de res"
1111,"Papa hervida, espaguetis y huevo frito"
1111,Sándwich de jamón y huevo
1111,"Lomo de cerdo guisado, ensalada hervida"
1111,"Plátano maduro hervido, pierna de cerdo guisada, vegetales hervidos"
1111,Chicharrón con casabe
1111,Yuca con jamoneta
1111,"Arroz blanco, habichuela y ensalada de pastas"
1111,Frito con salami y espaguetis
1111,"Tostones de plátano verde, salami frito, huevo frito"
1111,Longaniza frita
1111,"Arroz blanco, habichuela negra con coco y carne de res guisado"
1111,Plátano verde hervido con bacalao guisado
1111,"Moro de habichuela roja, berenjena guisada y ensalada de codito"
1111,Arroz con zanahoria y auyama con pollo guisado
1111,"Arroz blanco, guandules con coco guisado y huevo frito"
1111,"Arroz blanco, guandules guisados y jamoneta frita"
1111,"Arroz blanco, pollo guisado y ensalada verde"
1111,"Arroz blanco, guandules guisados y pavo guisado"
1111,Asopao de pollo con longaniza
1111,"Locrio de carne de res, habichuela guisada y ensalada de vegetales"
1111,Espaguetis con yuca y pollo
1111,Yuca con longaniza
1111,"Yuca hervida, plátano verde hervido, espaguetis en salsa roja, huevo frito, salami frito"
1111,Sándwich de jamón queso y pollo
1111,Mangú de plátano con longaniza frita
1111,"Batata hervida, chocolate con leche"
1111,Plátano maduro con huevo hervido
1111,Locrio de auyama con pollo guisado
1111,Chocolate con leche con pan tostado
1111,Leche y pan con queso
1111,"Moro de guandules, pollo frito y ensalada de coditos y atún"
1111,"Arroz blanco, guandules guisados y pescado a la plancha"
1111,"Arroz blanco, habichuela guisada, ensalada de papa con huevo"
1111,Arroz con maíz y pollo guisado
1111,"Arroz con maíz, pollo guisado, ensalada de vegetales, huevos y zanahoria"
1111,"Arroz blanco, lentejas y sardinas"
1111,"Arroz blanco, lentejas y tayota"
1111,"Moro de habichuela, carne de res y zanahoria con ensalada de repollo hervida"
1111,Arroz con maíz y ensalada de vegetales
1111,Chenchen
1111,Moro de guandules con ensalada verde
1111,Moro de habichuela con ensalada verde sancochada
1111,Ñame blanco con pescado con coco
1111,Berenjena frita
1111,Arroz con berenjena con queso y ensalada
1111,Mangú de plátano verde y paco fish
1111,"Moro de habichuela, ensalada de coditos y carne de res"
1111,Leche con galleta salada
1111,Guineo verde con tuna
1111,Moro de habichuela con res
1111,"Arroz blanco, habichuela, sardina y ensalada de tomates"
1111,Espaguetis con pan
1111,"Arroz blanco, arvejas, pollo guisado y ensalada"
1111,"Moro de guandules, carne de res y ensalada de codito"
1111,"Arroz con maíz, pollo frito y ensalada de coditos"
1111,Guineo con coditos y carne de pollo
1111,"Arroz blanco, carne de cerdo guisada, ensalada de tomates"
1111,"Arroz blanco, arvejas y pollo guisado"
1111,Jugo de cocktail con conconete
1111,Locrio de arenque con habichuela
1111,"Arroz con maíz, habichuelas guisadas, huevo frito"
1111,Mangú con codito
1111,Moro de habichuela con codito guisado
1111,"Arroz blanco, lentejas guisadas, espaguetis en salsa roja"
1111,"Moro de habichuela, espaguetis con pollo"
1111,Espaguetis con pollo y maíz y ensalada de tomate y tayota
1111,Pan de maíz con jugo de fruit punch
1111,Pan de maíz con chocolate
1111,Leche de fresa y pan sobao
1111,"Arroz blanco, habichuela y ensalada"
1111,"Arroz blanco, guandules guisados, pollo frito, ensalada de coditos"
1111,Arroz blanco con pollo horneado
1111,Arroz blanco con mero a la crema
1111,"Moro de habichuela, pechurina de pollo, ensalada de coditos"
1111,Moro de habichuela con pollo frito
1111,Mondongo con yuca
1111,"Locrio de carne de cerdo con ensalada de vegetales, pescado loro"
1111,Chocolate con conconete
1111,Sándwich de salami y jamón
1111,Moro de guandules con berenjena
1111,"Arroz con maíz, salami y ensalada verde"
1111,Asopao de salami
1111,Pollo horneado con ensalada
1111,"Plátano frito, huevo frito y arenque"
1111,Guineo verde espaguetis con longaniza
1111,Yuca con pollo guisado
1111,Pechurina
1111,Brócolis guisados
1111,Sopa de salami
1111,Chambre de guandules
1111,Guineo con pavo y ensalada verde
1111,Yautía con huevo hervido
1111,"Sopa de vegetales con pescado, arroz blanco"
1111,Puré de papa y lambí a la vinagreta
1111,Guineo con pescado
1111,Yaniqueque con carne de res
1111,Domplines con hígado de pollo
1111,Yuca con hígado de pollo
1111,Locrio de pollo con guandules guisado
1111,Arroz blanco carne de cerdo ensalada rusa
1111,Arroz con maíz y coditos
1111,Costilla ahumada
1111,Puré de papa con lambí a la vinagreta
1111,Arroz con arenque
1111,Empanada de Salami
1111,"Arroz blanco, carne vegetales y ensalada rusa"
1111,Papa gratinada con salchicha italiana
1111,Corn flake con yogurt de guineo y coco
1111,Papa salteada con filete de cerdo a la planta
1111,Asadura frita de cerdo
1111,Locrio de jamón con ensalada
1111,Plátano verde hervido
1111,Batata hervida
1111,Papa frita con calamar
1111,Puré de papa pollo asado
1111,Papa frita con carne de cerdo frita
1111,Yogurt con galleta
1111,Arroz blanco pollo guisado espaguetis
1111,Papa frita con lambí
1111,"Plátano verde fritos , cerdo frito , chorizo frito"
1111,"Pollo frito, longaniza con yuca y espaguetis"
1111,"Arroz blanco, guandules chivo guisado ensalada verde"
1111,"Arroz blanco habichuela, pollo guisado ensalada de codito con tuna"
1111,"Arroz, habichuela, pollo ensalada de zanahoria, remolacha y tayota"
1111,Guineo hervido con cebolla
1111,Moro de habichuela negra con carne de res
1111,Asopado de chuleta
1111,Plátano con berenjena guisada
1111,Corn flake con leche
1111,Salchicha con pan tostado
1111,"Pechuga a la plancha, lechuga y ensalada rusa"
1111,Puré de papa y huevo revuelto
1111,Plátano yuca salami huevo
1111,Plátano rulo huevo frito sardina
1111,"Arroz con vegetales, pollo frito ensalada"
1111,"Platano maduro frito , queso blanco frito"
1111,Mofongo de platano con camaron
1111,Masa de cangrejo con vegetales verdes
1111,Asopao de gallina
1111,Locrio de bacalao con ensalada verde
1111,Arroz blanco pescado ensalada verde
1111,Coditos guisados batatas frita
1111,Arroz blanco habichuela y ensalada rusa
1111,Paella de mariscos pollo guisado y platano frito
1111,Frito de platano verde con pollo guisado
1111,Moro de guandules con coco y sardina
1111,Pechuga de pollo con mofongo
1111,Longaniza con papa frita
1111,Arroz blanco guandules y fajitas de pollo
1111,Alitas de pollo con frito
1111,Sopa de langosta
1111,Locrio de pollo con esnsalada hervida
1111,Plátano maduro con espaguetis
1111,Arroz blanco habichuela con bacalao
1111,Asopao de carne de cerdo y vegetales hervido
1111,Guineo con jamón
1111,Arroz blanco habichuela con pollo guisado y ensalada de codito
1111,Arroz amarillo huevo revuelto
1111,"Arroz blanco, lasagna y ensalada verde"
1111,Mangú de guineo con huevo revuelto
1111,Arroz blanco con albeja
1111,Mangú de guineíto con jamón
1111,Jugo de avena con pan sobado
1111,Arroz amarillo con carne de cerdo
1111,Locrio de pollo
1111,Platano hervido con tuna
1111,Mangú de guineo con pollo frito
1111,Arroz blanco con albóndiga
1111,Arroz blanco habichuela codito
1111,Mangú de platano con pollo horneado
1111,Arroz blanco berenjena con pollo habichuela guisada
1111,Arroz blanco carne de cerdo y ensalada de vegetales
1111,Arroz de sardina/ paco fish ensalada verde
1111,"Arroz blanco pollo frito, pastelon de papa relleno de carnes de res ensalada mixta"
1111,Arroz amarillo con chuleta
1111,Domplines con pollo guisado
1111,Platano hervido con huevo frito
1111,Espaguetis y pechuega de pollo a la planta
1111,Arroz blanco guandules y huevo revolteado
1111,Arroz lenteja y cerdo frito
1111,Jugo de chinola con pan sobado
1111,Guineo yuca y res guisada
1111,Arepa con café
1111,Arroz blanco habichuela roja y arepitas de maiz
1111,Arroz con maiz con habichuela
1111,Guineo verde con huevo rebolteado con arenque
1111,Mondongo de res guisado con platano frito
1111,Moro de guandules con res y ensalda rusa
1111,Moro de habichuela con carne de res y ensalada rusa
1111,Salchicha cocida
1111,Moro de guandules con cerdo guisado
1111,Arroz blanco con habichuela res gusiado
1111,Arroz blanco habichuela berenjena y carne de cerdo
1111,Moro de guandules pollo frito ensalada verde
1111,Arroz amarillo habichuela y bacalao
1111,Pan con mantequilla
1111,"Arroz blanco ohabichuela, res guisada y ensalada hervida"
1111,"Arroz con maiz, carne de cerdo guisada, ensalada zanahoria"
1111,Guineo verde con pescado guisado
1111,"Asopado de pollo y vegetales auyama, zanahoria y maiz"
1111,Domplin con queso
1111,Arroz blanco carne de res molida y habichuela guisada
1111,Yaniqueque con higado de pollo guisado
1111,Ñame con albondiga de res
1111,Platano hervido pollo horneado/asado
1111,Lambi con frito y ensalada verde
1111,Platano maduro pescado frito
1111,"Locrio de maíz , salami guisado"
1111,"Platano yuca, pollo guisado"
1111,"Guineo, carne hervida"
1111,"Arroz blanco, lentejas y pollo"
1111,Carne de cerdo frito con guineo hervido
1111,Albondigas de res
1111,Mangú de platano res guisada con berenjera
1111,Pan con queso amarillo leche de chocolate
1111,Papa frita con salami
1111,Moro de guandules pollo quisado
1111,Sancocho de carne de res y arroz blanco
1111,"Arroz blanco, lenteja y carne de cerdo"
1111,Platano hervido y paco fish
1111,Locrio de salami y habichuela
1111,"Arroz blanco, habichuela arenque y berenjena"
1111,Leche con chocolate pan con huevo revuelto
1111,Leche con chocholate con pan con queso
1111,Moro de guandules con albondigas de res y berenjena rellena de queso frita
1111,Pastelon de berenjena con pechuga de pollo a la bechamell y ensalada del cesar
1111,Arroz blanco con habichuela roja y jamoneta frita
1111,Moro de habichuela negra cerdo guisado berenjena
1111,Arroz blanco habichuela roja jamon frito
1111,"Macarrón con chuleta, queso, maiz"
1111,Yautia herbida con higado guisado
1111,Locrio de pollo ensalada de coditos
1111,Locrio de gallina ensalada verde
1111,"Tripita, loganiza, platano frito"
1111,Chocolate de avena y pan
1111,Yaniqueque con pata y moyeja de pollo frito
1111,"Locrio de chuleta con maiz, ensalada rusa"
1111,Locrio de chuleta con frito maduro
1111,Espaguetis con guinea guisada
1111,"Moro de habichuela, pescado, ensalada de vegetales"
1111,Arroz blanco con habichuela y codito guisado con pollo
1111,Moro de guandules con arenque guisado y ensalada verde
1111,Batata y platano hervido y arenque
1111,"Arroz Blanco con lentejas, carne de pollo y ensalada de zanahoria"
1111,Mangú de platano verde y carne de cerdo
1111,"Arroz con maiz, molondrone guisados ensalada verde"
1111,Asopado de pollo
1111,"Arroz blanco, espaquetis y pollo frito"
1111,Arroz con vainita y res
1111,"Locrio de bacalao, habichuela y ensalada"
1111,Yuca con cerdo guisado
1111,Chicken nuget y papa
1111,Arroz blanco con coditos
1111,Pastelon de harina de maiz
1111,Chow fan con frito
1111,Pizza de carne de cerdo
1111,Arroz blanco habichuela y ensalada de coditos
1111,Plátano frito con carne de res
1111,Plátano frito con longaniza
1111,Arroz blanco habichuela res guisada lasaña
1111,Arroz blanco habichuela pollo guisada y ensalada rusa
1111,Moro de habichuela pollo asado ensalada rusa
1111,Pati mongo con frito
1111,Arroz blanco habichuela cerdo guisado ensalada rusa
1111,Alitas picantes con vegetales
1111,Alitas picantes con puré de papa
1111,"Arroz blanco, berenjena guisada y chuleta guisada"
1111,Croissant relleno de queso
1111,Arroz con maíz y pollo frito
1111,Locrio de arenque
1111,Locrio de sardina guisada
1111,"Moro de habichuela, pollo guisado ensalada verde"
1111,Arroz habichuela res ensalada de coditos
1111,Moro habichuela pollo frito ensalada verde
1111,Ñame con espaguetis
1111,Pastelón de zanahoria con papa
1111,Moro de guandules y tayota con bacalao
1111,Locrio de longaniza y jamón con ensalada verde y ensalada de tuna
1111,Arroz amarillo con pollo guisado
1111,Papa con bacalao
1111,"Moro de guandules, carne de res guisada y ensalada verde"
1111,Locrio de Longaniza habichuela roja y ensalada verde
1111,Arroz blanco carne de res guisada frito maduro y ensalada de papa
1111,Moro habichuela pollo guisado ensalada verde
1111,Yautía con queso geo
1111,Plátano verde huevo hervido
1111,Guineo hervido con queso de hoja
1111,Mangú de guineo con chuleta frita
1111,Arroz blanco guandules y pechuga de pollo a la plancha
1111,Mangú de guineo con queso frito
1111,Moro de guandules con pescado frito y ensalada rusa
1111,Arroz blanco guandules y ensalada de papa
1111,Locrio de cerdo con ensalada verde
1111,Plátano hervido con huevos revueltos
1111,Batata con huevo revueltos y salami
1111,Yuca con huevo revuelto con arenque y vegetales
1111,Batata hervida con espaguetis rojo
1111,"Arroz con maíz, pechuga de pollo a la plancha y ensalada de codito"
1111,Locrio de fideo con chuleta
1111,Plátano frito con pollo frito
1111,Plátano frito con salami guisado
1111,Plátano hervido con salami guisado
1111,Harina de maíz con pollo guisado
1111,Moro de guandules atún
1111,Arroz blanco berenjena res
1111,Plátano sancocho queso hoja
1111,Yuca con espaguetis
1111,Moro guandules con bacalao con palmitas y ensalada verde
1111,Asopao de pollo y vegetales
1111,Arroz blanco habichuela pollo guisado ensalada papa
1111,Arroz blanco guandules bacalao y ensalada verde
1111,Arroz blanco pescado con coco
1111,Arroz blanco guandules verde guisado con coco y pescado frito
1111,Moro de guandules pescado frito
1111,Tripita de cerdo hervida
1111,Tripita de cerdo frito
1111,"Yuca hervida, tripita de cerdo frita"
1111,"Guineo hervido, tripita de cerdo hervido"
1111,"Guineo hervido, tripita de cerdo frita"
1111,"Buen pan, pollo guisado"
1111,"Moro de guandules, espaguetis y guineo maduro"
1111,"Espaguetis, plátano frito y paloma guisada"
1111,Moro de habas con pollo guisado
1111,"Moro de habas, berenjena y asadura guisada"
1111,"Arroz blanco, habichuela roja y conejo guisado"
1111,"Moro de lentejas, pollo guisado con berenjena"
1111,Masa de camarones con ensalada
1111,Puré de yuca con salami
1111,Papa asada con pechuga de pollo
1111,Pescado a la plancha
1111,"Arroz blanco, guandules, res guisado, ensalada de codito"
1111,"Arroz blanco, habichuela, pollo guisado y plátano maduro"
1111,Sancocho de res
1111,"Taco, carne de cerdo, queso, jamón y vegetales"
1111,Pollo agridulce con vegetales y fritos
1111,Pescado al vapor con papas al horno
1111,"Arroz blanco, guandules guisado, pollo frito"
1111,Pescado al horno
1111,Ensalada cesar con panecitos
1111,"Arroz con maíz, huevo frito"
1111,Guineo con jamón y longaniza
1111,"Arroz blanco, habichuela y pechuga de pollo a la plancha, ensalada verde con tomates, pepino y maíz"
1111,Corn flakes con yogurt de guineo y coco
1111,Moro de guandules con asadura de pollo
1111,"Ñame, yuca con huevo"
1111,"Arroz blanco, habichuela y tocino"
1111,Café con pan
1111,Frito con longaniza y jamoneta
1111,"Arroz blanco, guandules, chuleta frita, ensalada rusa y mangú"
1111,Pescado al horno con papas fritas
1111,Arroz con maíz y tortilla española
1111,"Plátano frito, longaniza y queso"
1111,"Arroz blanco, habichuela guisada, cerdo guisado, arepitas de maíz"
1111,"Arroz blanco, habichuela guisada, pollo guisado, ensalada de pastas y arepitas de maíz"
1111,Chopsuey con arroz blanco
1111,"Arroz blanco, espaguetis con pollo, ensalada de tomate"
1111,"Arroz blanco, brócolis con huevo"
1111,"Sopa de fideos con chuleta, yautía y papa"
1111,Yuca con carne de gallina
1111,Jamoneta frita con guineos sancochados
1111,Batata frita con pollo frito
1111,"Mangú de plátano maduro, carne de res y ensalada de tomate"
1111,"Arroz con maíz, carne de res y ensalada de repollo"
1111,Yuca frita con longaniza frita
1111,Locrio de longaniza con habichuela
1111,Plátanos con carne de res guisada
1111,"Arroz blanco, habichuela guisada, hígado de pollo"
1111,"Arroz blanco, habichuela guisada, bacalao y arepitas de maíz"
1111,"Guineíto verde, asadura, orejita"
1111,Natilla de trigo y codito
1111,Asopao de bacalao
1111,"Guineo verde, yuca, batata sancochada con pollo guisado"
1111,Espaguetis con papa
1111,"Yuca, guineo y bacalao"
1111,Moro de habichuela con berenjenas y res
1111,"Moro de guandules, carne de res y ensalada de tomate y pepino"
1111,"Arroz blanco, guandules y carne de res"
1111,Batata frita con bofe frito
1111,Bollito de yuca con patica de pollo guisada
1111,Plátano con longaniza
1111,"Guineo verde, espaguetis con pollo"
1111,"Arroz blanco, habichuela y vegetales hervidos"
1111,"Yautía blanca, batata hervida y espaguetis"
1111,Guineíto y ñame con queso
1111,Guineíto y ñame con salami
1111,Yautía morada y batata con queso
1111,"Plátano, yuca, pollo frito"
1111,"Arroz, habichuela, pescado guisado y ensalada verde"
1111,"Pizza de pollo, queso y maíz"
1111,"Batata, plátano frito y pollo frito"
1111,"Guineíto, coditos y jamón"
1111,Espaguetis con pollo y plátano sancochado
1111,"Arroz blanco, pollo frito y ensalada mixta"
1111,"Arroz blanco, pollo guisado y ensalada mixta"
1111,Langosta cocinada
1111,Camarones cocinados
1111,Cerdo asado
1111,"Arroz blanco, guandules guisados y ensalada de pasta"
1111,Arroz blanco con tayota guisada
1111,"Yuca, guineo, plátano y huevo frito"
1111,Guineo con morcilla encebollada
1111,Muslo frito con yaniqueque
1111,Empanada de longaniza (tapao de longaniza)
1111,"Moro de guandules, pollo frito y plátano frito"
1111,"Moro de guandules con coco, pollo guisado y ensalada verde"
1111,"Arroz blanco, habichuela guisada, y salchicha guisada"
1111,"Moro de habichuela, albóndigas de res y batata frita"
1111,"Arroz blanco con coco, carne molida con papa y zanahoria"
1111,"Arroz blanco, guandules, pollo frito y berenjena"
1111,"Arroz blanco, arvejas y bacalao"
1111,Yuca con huevo revuelto
1111,Pan con huevo frito
1111,Pan con huevo sancochado
1111,Pollo guisado
1111,Jugo de fruit punch con masita
1111,Cerdo guisado con trigo
1111,"Arroz blanco, habichuela y longaniza guisada"
1111,"Arroz blanco, guandules y lasaña"
1111,"Arroz blanco, habichuela guisada y huevo hervido"
1111,"Moro de habichuela, pollo guisado y frito"
1111,"Arroz blanco, guandules y pescado frito"
1111,"Sancocho, arroz blanco y aguacate"
1111,"Arroz blanco, pescado frito, ensalada verde"
1111,"Moro de habichuela, pescado frito, plátano maduro, ensalada verde"
1111,"Arroz blanco, gallina guisada, chuleta frita, ensalada verde con aguacate"
1111,"Moro de habichuela, carne de res, ensalada verde"
1111,"Arroz blanco, mondongo, ensalada verde"
1111,Arroz amarillo con ensalada
1111,"Mero a la plancha, pechuga de pollo"
1111,Sancocho de pollo y cerdo
1111,Pica pollo con batata frita
1111,"Arroz blanco, pollo guisado con frito maduro"
1111,Locrio de sardina con ensalada mixta
1111,Rábano hervido con salami
1111,"Arroz con maíz, pollo guisado, ensalada de codito con tuna"
1111,Maíz dulce con leche
1111,"Yuca, ñame, plátano con pescado con coco"
1111,Batata frita con cerdo
1111,"Ñame, yuca con carne de pollo"
1111,Pedazo de bizcocho de maíz
1111,"Guineo hervido, molleja"
1111,Plátano frito con salami y carne de pollo
1111,Harina de maíz con molondrones guisados
1111,Moro de habichuela y tallarines
1111,Arroz blanco con huevo guisado
1111,"Yuca hervida, huevo hervido"
1111,"Arroz blanco, coditos guisados y ensalada"
1111,Guineo y yuca
1111,"Arroz blanco, guandules verde con coco, carne de pollo guisada"
1111,"Arroz blanco, guandules con coco y espagueti"
1111,"Plátano frito, carne de pollo y jamón frito"
1111,Moro de habichuela con atún
1111,Moro de habichuela con huevo hervido
1111,"Arroz blanco, habichuela con coco y pollo guisado"
1111,Papas fritas
1111,Pan con crema de maní
1111,Mangú de plátano maduro con cerdo
1111,Batida de guineo con pan
1111,Pan con aceite
1111,Sopa de vegetales con arroz blanco
1111,Locrio de tuna y ensalada verde
1111,Pico y pala guisado
1111,Plátano con sardina
1111,Papa con hígado de res
1111,Lasaña de res con ensalada verde
1111,"Dompling, guineíto con bacalao y salami guisado"
1111,"Yaniqueque, espaguetis, hígado de pollo"
1111,"Moro de guandules verdes, albóndigas y ensalada de coditos"
1111,"Arroz blanco, habichuela guisada, albóndiga y bacalao guisado"
1111,Arroz con maíz y albóndiga de res
1111,Espaguetis con chuleta
1111,Locrio de salchicha de pollo con habichuela
1111,Yuca huevo y salami
1111,Chocolate de agua y pan con salami
1111,Jugo de chinola y bizcocho de chocolate
1111,"Arroz blanco, guandules chuleta guisada"
1111,Moro de Habichuela negra con berenjena y guineo maduro
1111,Arroz blanco habichuela pollo guisado ensalada de tomate y pepino
1111,Sándwich de huevo tomate lechuga y cebolla
1111,"Moro de guandules, cerdo asado, plátano hervido"
1111,"Moro de guandules con coco, carne de res guisado"
1111,"Yuca, guineo y espaguetis"
1111,"Arroz blanco, habichuela, carne de res y ensalada de papa"
1111,"Moro de habichuela, pollo guisado, ensalada de papa"
1111,"Moro de habichuela, pollo guisado, ensalada de pepino, tomate y lechuga"
1111,"Arroz blanco, habichuela, cerdo guisado, ensalada de pepino, tomate y lechuga"
1111,"Arroz con maíz, cerdo guisado, ensalada de codito"
1111,"Arroz blanco, habichuela, bistec, ensalada verde"
1111,"Arroz blanco, habichuela, berenjena y ensalada verde"
1111,Guineo con longaniza frita
1111,"Papa, huevo y salami"
1111,"Papa, huevo y queso"
1111,Rulo plátano avena
1111,"Batata y rulo hervido, molondrones"
1111,Café con casabe
1111,Arroz blanco con palmito guisado
1111,Berenjena guisada con plátano sancochado
1111,"Locrio de cerdo, habichuela y ensalada de zanahoria y vainitas"
1111,"Arroz blanco, lentejas, huevo revuelto con vegetales"
1111,"Arroz con vegetales, cerdo guisado y ensalada de repollo y zanahoria"
1111,Pizza de vegetales con queso
1111,"Locrio de vegetales, carne de cerdo"
1111,"Mangú de platano maduro, tuna y ensalada de repollo"
1111,Jugo de naranja con galleta de avena
1111,"Moro de guandules, pollo ahumado y ensalada de codito"
1111,"Mangú de guineo, longaniza guisada"
1111,"Moro de habichuela, ensalada rusa"
1111,"Arroz blanco, tocino"
1111,"Mangú de plátano verde, tocino"
1111,Ensalada de coditos con atún y maíz
1111,"Arroz blanco, habichuela, ensalada pepino y tomate"
1111,"Guineos verdes, arenque guisado"
1111,"Arroz blanco, ensalada de repollo"
1111,"Arroz blanco, albejas guisadas, cerdo con berenjenas"
1111,"Sopa de bacalao, con arroz blanco"
1111,Bollo de harina de maíz con sardina
1111,"Guineo verde, huevo revuelto"
1111,"Mangú de plátano, longaniza, salami y huevo frito"
1111,"Arroz blanco, pollo guisado, carne de res guisada, papa y plátano"
1111,"Arroz blanco, habichuela guisada y chuleta frita"
1111,Puré de papa con pollo al horno
1111,Puré de papa con longaniza
1111,Locrio de chuleta con habichuela
1111,Arroz blanco con pescado al horno
1111,Vegetales hervidos con pescado al horno
1111,Caldo (sopa) de ajo
1111,Lambí al ajillo
1111,Pechuga a la plancha con papa
1111,Arroz blanco con lenteja
1111,Leche con chocolate y pan con queso
1111,Leche blanca y pan con mantequilla
1111,Leche blanca con chocolate y pan con mantequilla
1111,Moro de habichuela con mondongo
1111,"Champiñón, pinchos y vegetales"
1111,"Arroz blanco, pollo asado, lechuga y harina de maíz rellena de carne de res"
1111,Jugo de cereza con galleta salada
1111,"Show fan, pechurina y papas fritas"
1111,Sopa de gallina criolla con arroz
1111,"Yuca hervida, plátano frito con queso y jamón frito"
1111,"Arroz, habichuela y gallina guisado"
1111,"Arroz blanco, carne de res y ensalada hervida"
1111,"Arroz con maíz, sardina y ensalada"
1111,Pechuga de pollo guisada con plátano verde hervido
1111,Empanada de queso y vegetales
1111,Alitas picantes
1111,"Ricky piki (Carne molida, repollo y huevo)"
1111,Plátano frito con pico y pala
1111,Yuca hervida con pico y pala
1111,Mangú de plátano con carne res y ensalada de tomate
1111,Batata frita con salami
1111,Locrio de costillita de cerdo ahumada
1111,Bollo de plátano maduro con carne
1111,Pizza de jamón y queso
1111,Pechurina con plátano maduro
1111,"Casabe, huevo revuelto"
1111,"Arroz blanco, habichuela, espaguetis, ensalada verde"
1111,"Locrio de cerdo, ensalada mixta"
1111,"Arroz amarillo, carne de res, ensalada verde"
1111,"Arroz blanco, pollo guisado, ensalada verde"
1111,"Arroz blanco, sardina y ensalada"
1111,"Arroz blanco, codito con pollo"
1111,"Plátano hervido, con espaguetis"
1111,Yuca con huevo frito
1111,Sopa de res con vegetales
1111,Sancocho de guandules con pollo
1111,"Arroz blanco, lenteja, pollo guisado, ensalada tomate y pepino"
1111,Sancocho de guandules con carne de res
1111,"Arroz blanco, guandules guisados, pollo guisado y ensalada de vegetales"
1111,Locrio de vegetales con pechuga de pollo
1111,Locrio de Sardinas con habichuela
1111,"Moro de guandules, pollo a la plancha, ensalada de coditos, pastelón de plátano"
1111,"Mangú de plátano, chuleta guisada"
1111,"Arroz blanco, habichuela, pollo guisado, molondrón guisado"
1111,Guineíto con carne de res (bistec)
1111,Mangú de plátano con bistec
1111,Pata de vaca con yuca
1111,Yuca con bistec
1111,Pan de harina de trigo horneado
1111,"Moro de habichuela , chivo  guisado y frito maduro"
1111,"Arroz blanco, habichuela guisada, guinea guisada y ensalada"
1111,"Yuca, batata, huevo hervido"
1111,"Domplines con huevo, frito y cebolla"
1111,Mariscada
1111,Ñame amarillo con huevo y salami revuelto
1111,"Mangú de plátano verde, pollo guisado y ensalada verde"
1111,"Sancocho, arroz blanco y ensalada verde"
1111,"Trigo, habichuela guisada y carne de res guisada"
1111,Hocico de cerdo con guineíto
1111,"Moro de habichuela , bacalao  y ensalada verde"
1111,"Arroz blanco, lenteja, pollo guisado con berenjena"
1111,"Moro de guandules, cerdo, ensalada verde"
1111,Moro de guandules con coco y berenjena frita
1111,Leche con chocolate con bizcocho
1111,"Locrio de sardina, habichuela, ensalada codito"
1111,"Arroz con vegetales, berenjena horneada"
1111,Fritos verdes con jamoneta frita
1111,Batata hervida con salami frito
1111,"Yuca hervida, espaguetis con salami"
1111,"Mangú de plátano maduro, salami frito"
1111,"Arroz, habichuela roja, carne de cerdo, ensalada hervida"
1111,Sándwich de queso y huevo
1111,"Guineo verde, espaguetis guisados y aguacate"
1111,"Sándwich de queso cheedar, salami, chorizo, huevo gringo"
1111,Sándwich de atún con lechuga y repollo
1111,"Batata frita, bofe frito, longaniza y jamoneta"
1111,Chuleta de cerdo frita con frito verdes
1111,"Espaguetis, fritos verdes, salami guisado"
1111,Moro de guandules con codito guisado
1111,Sándwich de salami y queso
1111,Empanada huevo y salami
1111,Guineo con espaguetis y huevo
1111,"Locrio de sardina, ensalada verde"
1111,"Sancocho de pollo, arroz blanco"
1111,"Arroz blanco, chuleta a la plancha, ensalada verde"
1111,"Arroz blanco, habichuela, pollo horneado y arepitas"
1111,"Arroz blanco, pescado frito, ensalada rusa"
1111,Trigo con leche
1111,"Moro de habichuela roja, carne de res y arepita"
1111,"Mangú de plátano, huevo y salami con cebolla"
1111,"Locrio de arenque, habichuela, ensalada verde"
1111,Arroz con guandules y tayota
1111,"Arroz blanco, huevo hervido, ensalada de tomate"
1111,Batata hervida con salami
1111,Sancocho de lenteja
1111,Paella con ensalada mixta
1111,Torta española
1111,"Ensalada de papa con huevo, atún, aceituna, tomate y pepino"
1111,Plátano frito con cocote frito
1111,"Guineo verde, huevo salcochado"
1111,"Arroz blanco, habichuela roja, papa guisada"
1111,"Arroz con maíz, carne de res y vegetales hervidos"
1111,Pechuga de pollo frita
1111,Yuca con Sardina
1111,"Moro de habichuela, pollo horneado, ensalada de papa"
1111,"Moro de habichuela negra, pechuga de pollo a la plancha, ensalada"
1111,Mofongo con pescado hervido
1111,Mofongo con chuleta a la plancha
1111,"Arroz blanco, carne de cerdo guisada y fritos de plátanos"
1111,Arroz con maíz y ensalada verde
1111,Consume de pescado con plátano
1111,Papas fritas con chuletas
1111,"Moro de habichuela, ensalada de vegetales y fritos maduros"
1111,Chimi de chorizo
1111,"Plátano, yuca y salami"
1111,"Batata, rulo y huevo frito"
1111,"Arroz blanco, habichuela y arenque"
1111,Moro de guandules con tocino
1111,Yuca con huevo hervido
1111,"Arroz blanco, espaguetis con carne de res y plátano frito"
1111,Cheeseburger de res
1111,Pasta con salsa alfredo
1111,"Arroz blanco, habichuela, bacalao y arepita de yuca"
1111,"Plátano, yuca y huevo revolteado"
1111,Canelones de res y queso
1111,"Arroz blanco, ensalada de coditos con tuna, ensalada de tayota, zanahoria y huevo"
1111,"Chimi de chorizo, jamón y queso"
1111,"Arroz con maíz y pollo frito,  ensalada de codito"
1111,"Arroz amarillo, chuleta a la plancha, ensalada de codito"
1111,"Moro de guandules, cerdo, ensalada de codito"
1111,"Arroz con maíz, carne de res y arepita frita"
1111,Arroz blanco con habichuela guisada
1111,"Moro de habichuela, carne de cerdo, plátano pasado por paila"
1111,"Arroz, pescado guisado con coco, ensalada de tayota y huevo"
1111,Plátano hervido con molondrones
1111,"Arroz, habichuela, espaguetis con arepita"
1111,Rulo con berenjena
1111,"Locrio de pollo, habichuela y ensalada de coditos"
1111,"Picadera: salami, queso, galletica"
1111,Guineo hervido con carne de cerdo y berenjena
1111,"Arroz, habichuela con tortilla de huevo"
1111,"Pollo frito, papas fritas, plátano maduro frito y plátano verde frito"
1111,Arroz con maíz pollo guisado
1111,"Locrio de pollo, habichuela, ensalada de tayota y zanahoria"
1111,Chicharrón con guineíto
1111,Mangú de plátano con jamoneta
1111,"Locrio de maíz, pollo frito, ensalada verde"
1111,Pizza personal de jamón y queso con refresco  (COMBO)
1111,"Arroz maíz, pollo guisado, ensalada de pepino, tomate y repollo"
1111,Avena con pan y huevo hervido
1111,Arroz con chuleta guisada
1111,Sopa de fideo con bacalao
1111,"Arroz banco, habichuela, ensalada de tomate y pepino"
1111,"Locrio de cerdo con tomate, lechuga, repollo"
1111,Patimongo ( pata de vaca con mondongo)
1111,Locrio de chuleta con ensalada y repollo pepino y tomate
1111,"Arroz blanco, habichuela, plátano frito"
1111,Puré de papa con arenque
1111,Arroz con fideo y huevo frito
1111,Macarrones con queso y plátano frito
1111,Locrio de longaniza con vegetales
1111,"Espaguetis, longaniza frita y tostones"
1111,"Tostones, espaguetis y huevo hervido"
1111,Plátano maduro asado
1111,"Guineo hervido, huevo, jamón  y cebolla"
1111,Papa salteada con muslo de pollo a la plancha
1111,Papa hervida con filete de mero guisado
1111,Yuca sancochada con pipián guisado
1111,"Combo de frito verde, papa frita, yuca frita"
1111,"Pollo horneado, papas al horno y ensalada verde"
1111,"Arroz blanco, cerdo, ensalada mixta"
1111,Expírales con tocineta y pollo en salsa blanca
1111,Pizza personal de jamón y queso
1111,Arroz con maíz cerdo y lasaña de res
1111,Moro de guandules con  pollo guisado con arepita
1111,Arroz blanco con bacalao y frito
1111,"Arroz blanco, habichuela, chuleta y tayota guisada con ensalada de lechuga"
1111,Pastelón de plátano maduro en pollo
1111,"Arroz blanco, carne de res y pastelón de queso"
1111,Moro de Habichuela con tilapia
1111,Locrio maíz ensalada verde
1111,Arroz blanco guandules y sardinas
1111,Plátano frito con jamoneta frita
1111,"Arroz, habichuela, pollo , berenjena, batata frita y plátano frito"
1111,"Habichuela, plátano frito, carne de res y molondrón"
1111,Arroz con fideo y ensalada verde
1111,"Plátano verde hervido, jamón frito con espaguetis rojo"
1111,Locrio de vegetales y bacalao
1111,Arroz blanco con pechuga
1111,Costillita con guineo
1111,Chenchen con leche de vaca y pollo criollo guisado
1111,Espaguetis con cerdo y plátano frito
1111,Locrio de cerdo con ensalada rusa
1111,Mondongo de res preparado
1111,Arroz blanco con molondrones guisados
1111,Lasaña de pollo con queso
1111,Locrio de pollo con ensalada
1111,Puré de ñame con carne  de res
1111,Locrio de carne de res
1111,Trigo con pollo horneado con berenjena
1111,"Arroz con maíz pollo a la plancha, ensalada coliflor"
1111,Arroz habichuela pollo ensalada brócolis zanahoria coliflor
1111,Locrio de cerdo habichuela y ensalada verde
1111,Dulce de plátano maduro
1111,Arroz habichuela pescado frito ensalada rusa
1111,Arroz habichuela cerdo plátano maduro frito
1111,Arroz habichuela bacalao ensalada tomate
1111,Moro de lenteja con hígado con ensalada de vegetales
1111,Arroz blanco con bistec guisado
1111,Carne de pecho de vaca hervida
1111,"Hamburguesa de res, papas fritas y refresco (combo)"
1111,Espaguetis con cerdo
1111,Plátano con gallina guisada
1111,Rulo con espaguetis
1111,Batata con chicharrón
1111,"Arroz con maíz, bacalao"
1111,"Moro de habichuela, carne de res y ensalada de tomate"
1111,"Plátano maduro frito, longaniza frita"
1111,"Plátano, yuca y huevo"
1111,"Yuca, Guineo y salami"
1111,"Plátano hervido, leche de vaca"
1111,"Arroz con maíz, pollo horneado"
1111,"Arroz amarillo, pollo frito y ensalada de pasta"
1111,Mangú de plátano verde
1111,"Locrio de chuleta, frito maduro y ensalada verde"
1111,"Arroz con puerro, pollo al horno y batata frita"
1111,"Arroz amarillo, pollo a la crema y frito verde"
1111,"Pollo horneado, casabe"
1111,Pica pollo de 1 pieza
1111,"Arroz blanco, Habichuela, pollo guisado, plátano maduro frito"
1111,"Arroz, garbanzos, berenjenas guisadas y plátano verde frito"
1111,Moro de habichuela con mollejita guisada
1111,Yuca con mollejita
1111,"Mangú de plátano maduro, huevo hervido"
1111,Pollo a la plancha con papas fritas
1111,Locrio de costillita y habichuela
1111,Casabe con maní
1111,"Arroz con maíz, tayota guisada y queso"
1111,"Arroz blanco, espaguetis y carne de res molida"
1111,Paticas salcochadas con guineítos
1111,"Arroz blanco, habichuela, chuleta guisada"
1111,Café con leche y pan
1111,Leche con plátano maduro
1111,Leche con batata
1111,Avena con yuca
1111,Plátano frito con pipián
1111,"Arroz blanco, habichuela, Torreja de berenjena"
1111,Arroz con vegetales y quipes
1111,"Moro de guandules con coco, carne de res y ensalada verde"
1111,"Arroz blanco, habichuela, berenjena frita con plátano maduro frito"
1111,Mangú de guineíto con pechuga a la plancha
1111,Moro de guandules con salami guisado
1111,"Arroz con vegetales, pollo ahumado y ensalada mixta"
1111,Pechurina con papa frita y ensalada rusa
1111,Sándwich de salami
1111,"Arroz blanco, guandules, pollo guisado y ensalada verde"
1111,Combo de dos pedazos de pizza de jamón y queso
1111,"Arroz, habichuela, berenjena con chuleta"
1111,"Ñame, plátano, huevo frito"
1111,Guineo frito con espaguetis
1111,"Arroz blanco, huevo revuelto con salami"
1111,"Pica pollo de 1 pieza, 4 guineítos hervidos, cebolla frita"
1111,"Arroz con maíz, cerdo guisado y ensalada de tomate"
1111,Batida de lechosa con sándwich jamón y queso
1111,"Pescado dorado frito, plátano maduro, ensalada verde"
1111,Arroz blanco con pechuga a la crema
1111,"Arroz blanco, pollo guisado berenjena guisada y ensalada rusa"
1111,Carne de cerdo frita con yuca frita
1111,Yaniqueque con huevo hervido y longaniza
1111,Yaniqueque con longaniza frita
1111,Pescado frito con guineo verde
1111,Plátano maduro huevo frito
1111,Arroz blanco habichuela carne de res a la plancha ensalada zanahoria pepino
1111,Batata papa hervida con salami guisado
1111,Arroz blanco sancocho de pollo y chuleta
1111,Paticas de pollo con plátano verde
1111,Arepitas de maiz fritas
1111,"Plátano maduro frito, pollo frito"
1111,Jugo de avena con galleta
1111,Churrasco preparado
1111,Pulpo con guineo verde
1111,"Plátano frito, pollo horneado y ensalada verde"
1111,Pan sobao con té
1111,"Locrio de salami, plátano frito"
1111,Yuca con espaguetis y huevo frito
1111,"Plátano maduro hervido, salami frito y queso frito"
1111,Moro de guandules con carne de chivo
1111,Sopa de carne de res con arroz blanco
1111,"Arroz blanco, habichuela guisada, pollo asado, brócoli"
1111,"Arroz blanco, estofado de pollo, chuleta, papa, yautía amarilla, auyama, plátano verde"
1111,empanada de peperoni y queso
1111,"Puré de yautía, puré de papa y muslo de pollo"
1111,Consomé de filete de mero
1111,"Pan tostado, queso ,compota de manzana"
1111,Sancocho de pollo con res y arroz blanco
1111,"Arroz blanco, habichuela, tayota con huevo"
1111,Arroz amarillo con pollo ensalada rusa
1111,"Arroz blanco, lenteja guisada, berenjena frita"
1111,Moro de guandules con sardina
1111,"Arroz blanco, lenteja, coditos guisados"
1111,Sancocho de patica de cerdo con víveres
1111,"Chocolate con avena, jugo de melón con piña galleta soda"
1111,"Papa con tuna, mangú de guineíto con pollo guisado"
1111,Pica pollo y pieza con papa y refresco
1111,"Pan tostado, queso, jugo de piña con melón y compota"
1111,Sopa de pollo con vegetales y papa
1111,Carne de res con papa
1111,Harina de negrito mas compota
1111,"Chocolate con leche, jugo de manzana, galleta soda"
1111,"Arroz blanco, guandules guisados, pollo asado, ensalada de coliflor y brócoli, arepitas de maíz"
1111,"Moro de guandules, gallina guisada"
1111,Pizza peperoni de 8 pedazos con refresco
1111,"Empanada de huevo, queso y jamón"
1111,Guineo con huevo frito y salami frito
1111,"Arroz blanco, habichuela guisada, pollo frito y ensalada rusa"
1111,"Arroz blanco, habichuela guisada, cerdo guisado y frito de plátano maduro"
1111,Harina de maíz con leche
1111,Harina del negrito con leche
1111,"Plátano maduro, salami frito"
1111,Yaroa de plátano maduro
1111,"Arroz amarillo, pollo frito"
1111,Pedazo de piña
1111,"Moro de guandules, cerdo y ensalada verde"
1111,Pedazo de bizcocho de manzana
1111,Papas fritas con alitas de pollo guisadas
1111,"Arroz blanco, habichuela, berenjena frita"
1111,"Ñame, guineo, queso frito"
1111,"Arroz, guandules con coco, molondrón guisado"
1111,"Moro de habichuela, cerdo, ensalada verde"
1111,"Arroz blanco, habichuela, pollo frito, ensalada hervida"
1111,Guineo con arenque guisado
1111,"Locrio de pollo, ensalada hervida"
1111,Pica pollo de 1 pieza con yuca
1111,Pica pollo de 1 pieza con guineíto frito
1111,"Arroz blanco, habichuela, bacalao, fritos de plátano maduro"
1111,"Arroz blanco, habichuela, berenjena frita, ensalada verde"
1111,"Moro de guandules, bistec de res, ensalada de papa"
1111,"Moro de habichuela, pollo frito, ensalada de codito"
1111,Espaguetis rojo con jamón y guineo verde hervido
1111,Locrio de longaniza con maíz
1111,"Arroz, habichuela y guinea"
1111,Jugo de guineo con pan
1111,Café con galleta de soda
1111,"Arroz, habichuela, hígado guisado y ensalada verde"
1111,"Moro de guandules, berenjena guisada con huevo"
1111,Locrio de fideo con anconí
1111,Pica pollo de 3 piezas con yuca hervida
1111,"Plátano hervido, chuleta frita"
1111,"Moro de habichuela, huevo frito y ensalada verde"
1111,Palomitas de maíz
1111,Mini pizza orgánica
1111,Jugo de avena con limón y galleta de soda
1111,Pica pollo de una pieza con yuca y cebolla
1111,"Moro de habichuela , cerdo guisado y ensalada hervida"
1111,Plátano verde con chuleta frita
1111,Pica pollo de 4 piezas y frito de guineo verde
1111,Chicharrón preparado
1111,"Batata, guineo, ñame y salami frito"
1111,"Locrio de pollo, Habichuela y plátano frito"
1111,"Puré de papa, brócolis hervido"
1111,Guineo verde con pollo salcochado
1111,"Habichuela, lengua de res"
1111,"Jamón, queso, galletas saladitas"
1111,"Plátano frito, espaguetis a la boloñesa"
1111,Batida de lechosa con pan de maíz
1111,Papas salteadas al ajillo con camarones
1111,"Moro de habichuela, pescado con coco"
1111,"Guineo hervido, tilapia guisada"
1111,Salpicón de mariscos
1111,Locrio de fideo
1111,Cocido
1111,Bollo de harina de maíz con aguacate
1111,Moro de guandules y plátano maduro frito
1111,Sancocho de pollo y res
1111,Yaroa de carne molida con queso
1111,Paleta de helado de chocolate con almendras
1111,"Plátano frito, salami y queso"
1111,Plátano hervido con arenque
1111,Moro de guandules con jamón guisado
1111,Pizza de peperoni con tocino
1111,"Arroz blanco con sancocho de res, pollo y costillitas"
1111,"Arroz, habichuela, carne de res y ensalada de codito"
1111,Moro de guandules con espaguetis con chuleta y ensalada verde
1111,"Arroz blanco, guandules guisados con berenjena con longaniza y ensalada verde"
1111,Sancocho de pata de cerdo con arroz blanco
1111,"Galleta de soda con queso, jugo de pera"
1111,"Arroz, pechurina y frito verde"
1111,"Arroz con maíz, chivo guisado"
1111,Plátano frito con tuna
1111,Plátano maduro con queso amarillo
1111,Moro de habichuela con hígado guisado
1111,"Arroz amarillo, pescado guisado con coco"
1111,"Plátano hervido, salami frito y sardina"
1111,Empanada  pizza ( empapizza)
1111,Moro de habichuela bistec encebollado  y ensalada de espiral
1111,Arroz blanco habichuela pollo frito  ensaladas de coditos
1111,Pescado frito tostones ensalada verde
1111,Rulo con espaguetis y salami de cerdo
1111,Arroz con maíz pollo horneado y ensalada verde
1111,Espaguetis plátano frito huevo frito
1111,Yuca con huevo y jamoneta
1111,"Fritos de plátano verde, tripitas de cerdo frita, chicharrón"
1111,Pedazo de bizcocho tres leche
1111,"Pescado a la plancha, vegetales"
1111,"Arroz, habichuela, macarrones"
1111,"Arroz blanco, camarones al ajillo y ensalada verde"
1111,"Locrio de pollo , ensalada verde y arepitas de maíz"
1111,Bofe carne de salada y fritos
1111,"Arroz blanco, habichuela guisada cerdo guisado ensalada de coditos"
1111,"Plátano  frito, asadura y molleja guisada"
1111,Pollo frito bollo de yuca con queso amarillo
1111,Mangú de plátano maduro con queso frito
1111,"Arroz con fideos, carne de cerdo ensalada verde fritos maduros"
1111,Espaguetis con chuleta y fritos verdes
1111,Mangú de guineos con tuna
1111,Moro de habichuela rojas con carne de res guisada
1111,"Yuca con huevo, queso y salami"
1111,"Moro de guandules , pollo asado ensalada verde"
1111,Arroz blanco habichuela con ensalada rusa
1111,Moro de habichuela cerdo asado
1111,Jugo de limón pan sobao
1111,Plátano frito con chorizo frito
1111,Guineo yautía y huevo hervido
1111,Trigo con salami
1111,Jugo chinola con galleta
1111,Jugo de tomate con pan
1111,Locrio de vegetales con carne molida de res
1111,Coditos guisados con guineo
1111,Cuerito de puerco con frito de plátano
1111,Locrio de jamón con habichuela
1111,"Arroz blanco, guandules, carne de res y plátano maduro"
1111,Chenchen con carne de res
1111,Jugo de mango con galleta salada
1111,Empanada de yuca de res precocidas
1111,Yuca con aguacate
1111,"Arroz con maíz, pescado y ensalada verde"
1111,"Chofan, pollo frito, ensalada verde"
1111,"Papas salteadas, pescado con vegetales y ensalada hervida"
1111,Pica pollo de 1 pieza con papas fritas
1111,"Moro de guandules, carne de cerdo, ensalada de papa"
1111,"Arroz amarillo, carne de res a la plancha, ensalada de codito"
1111,"Asopao de longaniza, chuleta y pollo"
1111,"Arroz blanco, habichuela, pescado frito y ensalada de pasta"
1111,"Arroz amarillo, pollo frito, arepita de yuca y frito maduro"
1111,"Arroz, habichuela, bacalao guisado y ensalada de pasta"
1111,Alita de pollo a la bbq con casabe
1111,"Arroz , chicharrón guisado con guineo"
1111,"Bistec, ensalada mixta y berenjena"
1111,"Arroz blanco, guandules guisado, pescado al vapor, ensalada hervida"
1111,Pedazo de pizza de jamón y queso
1111,"Plátano verde frito, filete de mero, ensalada rusa"
1111,"Pollo horneado, papa frita"
1111,"Arroz, guandules guisados, cerdo guisado, ensalada de papa y zanahoria"
1111,"Arroz con fideos, pechuga a la crema, arepita de maíz"
1111,"Arroz , habichuela, carne de res guisada, plátano frito"
1111,"Moro de guandules, pescado guisado"
1111,"Papas fritas, pollo desmenuzado, queso derretido"
1111,"Locrio de trigo con chuleta, arroz blanco, habichuela guisada, carne de pollo guisada"
1111,"Longaniza al carbón, pollo al carbón, guineos verdes hervidos, yautía hervida"
1111,"Arroz , habichuela, pavo guisado"
1111,"Arepa venezolana, rellena de huevo y salchicha"
1111,"Arroz blanco, pollo horneado, ensalada verde"
1111,Pan pizza
1111,"Arroz amarillo, pollo guisado, ensalada verde, plátano maduro"
1111,"Moro de habichuela, patica de cerdo, lechuga con aderezo"
1111,"Espaguetis rojo, frito verde y aguacate"
1111,"Moro de guandules, cerdo guisado, frito maduro, aguacate"
1111,"Locrio de pollo, habichuela y aguacate"
1111,"Locrio de cerdo , habichuela y aguacate"
1111,"Jamoneta, alitas de pollo frito, carne de res frita y frito verde"
1111,"Locrio de pollo, ensalada rusa"
1111,"Locrio de salami, guineo maduro"
1111,"Arroz , habichuela, jamoneta guisada"
1111,"Plátano frito, longaniza, jamón, queso y aguacate"
1111,Locrio de fideo con habichuela y bacalao guisado
1111,"Pan con huevo revuelto, tomate, cebolla"
1111,Pancake con mermelada y sirope
1111,Servicio de desayuno personalizado
1111,Auyama hervida
1111,Papa hervida con salami
1111,Sopa de cerdo con fideos y arroz
1111,"Guineo, yuca hervida queso blanco"
1111,"Puré de papa, pescado frito"
1111,Helado de chocolate con vainilla
1111,Sopa de pescado con arroz
1111,"Plátano hervido , carne de res guisada"
1111,"Plátano, queso y huevo"
1111,"Pizza de jamón, queso, peperoni y maíz"
1111,Pata de pollo salcochada con guineíto frito
1111,"Yuca, guineo y arenque guisado"
1111,"Arroz, guandules con coco, carne de res"
1111,Yuca con leche
1111,"Moro de guandules con coco, carne de chivo, plátano salcochado"
1111,Guineo con huevo revuelto y longaniza
1111,"Arroz, guandules guisados, pollo frito, cerdo horneado y ensalada rusa"
1111,Fritos de guineo verde
1111,Pechuga de pollo frita con batata frita
1111,Locrio de chuleta con guandules
1111,"Arroz blanco, guandules y patica de cerdo"
1111,Locrio de chuleta
1111,Bollito de yuca con muslo de pollo frito
1111,"Puré de papa, espaguetis y salami frito"
1111,"Moro de guandules, pollo horneado y ensalada rusa"
1111,"Mangú de plátano, huevo frito, espaguetis"
1111,"Moro de guandules, bacalao y ensalada rusa"
1111,"Arroz, guandules con coco, res guisada y pastelón de plátano maduro"
1111,"Arroz , habichuela, pollo guisado y aguacate"
1111,Locrio de pollo con ensalada rusa
1111,Chorizo frito
1111,Ñame amarillo con pescado frito
1111,Plátano maduro asado con queso
1111,Bollo de harina de maíz con pescado guisado
1111,"Plátano verdes fritos, longaniza y pollo frito"
1111,Yuca con chorizo a la plancha y cebolla a la vinagreta
1111,"Yuca, plátano y cerdo"
1111,"Puré de guineo, pechuga de pollo en salsa blanca"
1111,Platos de frutas
1111,"Puré de guineo, pescado guisado y ensalada"
1111,Rulo con huevo y salami
1111,Locrio de fideo y maíz con habichuela y aguacate
1111,Yautía blanca con salami
1111,Espaguetis con jamón
1111,Plátano frito con jamón guisado
1111,"Plátano frito, salami y chuleta"
1111,"Plátano frito, jamoneta y huevo"
1111,"Plátano frito, chuleta y huevo"
1111,Espaguetis con salsa blanca
1111,Yautía blanca con queso frito y cebolla
1111,Puré de yautía y huevo revuelto
1111,"Batata, queso y salami"
1111,Albóndigas guisadas de pescado
1111,"Arroz blanco, guandules guisado, Albóndiga guisadas, pescado, ensalada de tomate, pepino y lechuga"
1111,"Asopado de gallina, carne de res"
1111,"Yuca hervida, huevo frito, queso frito"
1111,"Yuca, huevo, cebolla, queso"
1111,"Yuca hervida, carne de cerdo ripiada"
1111,Maíz asado
1111,"Plátano frito , huevo hervido , salami"
1111,"Yuca , ñame , bacalao , cebolla"
1111,"Yuca , asadura , molleja guisada"
1111,Canelones rellenos de pechuga de pollo
1111,"Yuca , chorizo frito"
1111,"Espaguetis , plátano frito , chorizo"
1111,"Guineo , plátano , chuleta frita"
1111,"Guineo frito , salami frito"
1111,"Plátano frito , espaguetis , asadura guisada"
1111,"Rulo frito , salami frito"
1111,"Guineo verde , yuca , huevo revuelto"
1111,"Pechuga de pollo , Bollito de yuca , plátano frito"
1111,"Rulo frito , huevo revolteado"
1111,"Yautía , carne de cerdo frita"
1111,"Arroz con fideo , pechuga a la plancha , ensalada verde"
1111,"Guineo , yuca , espaguetis , huevo frito"
1111,"Ñame , yuca , longaniza frita"
1111,"Plátano salcochado , tayota con coco"
1111,"Arroz , pescado con coco , guineíto verde"
1111,"Arroz , habichuela , res , tayota"
1111,"Puré de papa , pechuga de pollo a la plancha , ensalada"
1111,"Papa salteada con perejil , pechuga de pollo a la plancha"
1111,"Plátano maduro , pechuga a al plancha"
1111,"Moro de guandules , bacalao guisado , ensalada de tomate y pepino"
1111,"Arroz blanco , guandules , pollo frito , plátano maduro"
1111,"Locrio de cerdo , habichuela , ensalada de coditos"
1111,"Arroz blanco , habichuela , plátano maduro frito"
1111,"Moro de guandules con coco , bacalao"
1111,"Pollo a la plancha , plátano frito , ensalada de lechuga y tomate"
1111,"Moro de habichuela , cerdo guisado , pollo horneado , chivo guisado , yuca , guineo hervido , ensalada verde"
1111,"Arroz blanco , pastelón de berenjena"
1111,"Arroz con vegetales , pescado frito , ensalada de coditos"
1111,"Yuca , longaniza frita , leche"
1111,"Arroz blanco , pollo guisado , guineo"
1111,"Arroz amarillo , pechuga a la plancha"
1111,"Chuleta a la parrilla , casabe"
1111,"Arroz , pollo , plátano maduro frito"
1111,"Plátano verde hervido , mostachones guisados"
1111,"Arroz blanco , huevo revuelto"
1111,"Plátano hervido , salami frito , queso frito , huevo frito"
1111,"Locrio de pollo , ensalada verde , plátano verde frito"
1111,"Arroz blanco , habichuela , coditos , ensalada de brócoli"
1111,"Plátano frito , guineíto , espaguetis"
1111,"Plátano frito , huevo hervido , macarrones con queso y res"
1111,"Arroz , guandules , bacalao con huevo"
1111,"Yuca , tomatico , huevo guisado"
1111,"Locrio de pavo , plátano maduro frito , ensalada verde"
1111,"Locrio de salami , ensalada verde"
1111,"Puré de papa , asadura de pollo"
1111,"Puré de papa , muslo de pollo sancochado"
1111,"Espaguetis con salsa roja , salami"
1111,"Arroz blanco , ensalada de zanahoria , remolacha , cebolla"
1111,"Puré de papa , pollo hervido"
1111,"Yuca , batata , salami frito"
1111,"Plátano frito , jamón frito y huevo hervido"
1111,"Locrio de auyama , molondrón con coco guisado"
1111,"Helado de fresa, ron pasa y bizcocho"
1111,"Yuca , espaguetis , berenjena frita"
1111,"Guineo , huevo revolteado con cebolla y tomate"
1111,"Plátano frito , mero a la plancha"
1111,"Arroz blanco , habichuela , berenjena fritas con huevo , arepitas"
1111,"Guineo , yuca , huevo frito en torta con cebolla"
1111,Mangú de guineo con queso blanco
1111,"Plátano maduro , pollo guisado"
1111,"Guineos verdes , salchichas guisadas"
1111,"Arroz blanco , tayota con pollo"
1111,"Yautia blanca , mantequilla"
1111,"Mangú de plátano verde , tortilla de huevo con queso"
1111,"Arroz blanco , habichuela , fajitas de pollo , ensalada rusa"
1111,"Yuca hervida , churrasco a la plancha"
1111,"Puré de auyama , huevo fritos"
1111,"Arroz amarillo , pescado guisado"
1111,"Arroz blanco , habichuela , pollo horneado"
1111,"Arroz blanco , guandules , pescado al vapor"
1111,"Guineo , mondongo"
1111,"Chenchen , chivo guisado"
1111,"Arroz blanco , tuna"
1111,"Arroz blanco , guandules , ensalada verde"
1111,"Arroz blanco , habichuela , bistec a la plancha"
1111,"Arroz blanco , guandules , pescado con coco , ensalada verde"
1111,"Moro de habichuela con coco , sardina"
1111,"Guineo hervido , jaiba guisada"
1111,"Arroz blanco , guandules guisados , arenque guisado"
1111,"Guineo salcochado , patica de pollo salcochada"
1111,"Moro de guandules , pescado guisado , ensalada verde"
1111,"Asopado de habichuela , pollo"
1111,Wrap de pollo
1111,"Guineo hervido , mondongo de cerdo guisado"
1111,Arroz con maíz
1111,"Plátano frito , huevo hervido"
1111,"Yuca , pescado guisado"
1111,"Pescado hervido , ensalada de vegetales"
1111,"Puré de papa , pollo al horno , ensalada verde"
1111,"Yautía blanca , chuleta a la plancha"
1111,"Plátano frito verde y maduro , huevo frito"
1111,"Yuca , plátano , guineo , salami frito"
1111,"Papas fritas , queso derretido"
1111,"Moro de guandules , pollo asado"
1111,"Plátano verde hervido , carne de cerdo frita"
1111,"Puré de yautía , queso amarillo"
1111,"Plátano maduro , guineíto verde , huevo frito"
1111,"Plátano verde hervido , huevo revuelto"
1111,"Arroz blanco , pechurina , ensalada de coditos"
1111,Sopa de pico y pata
1111,"Plátano , huevo , bacalao"
1111,"Mangú de plátano , espaguetis , carne frita"
1111,"Moro de habichuela , carne molida , plátano maduro"
1111,"Plátano , yuca , ñame , mondongo"
1111,"Papa , yautía , ñame , cerdo"
1111,"Mangú de plátano , huevo hervido"
1111,"Plátano hervido , chicharrón de cerdo"
1111,"Mangú de plátano maduro , huevo frito"
1111,"Mangú de plátano , huevo revuelto con cebolla"
1111,"Yuca , ñame , salami guisado"
1111,"Papa , pollo agridulce"
1111,"Arroz , carne molida de res , ensalada verde"
1111,"Yuca , plátano hervido , chivo guisado"
1111,"Jugo de mango , masita"
1111,"Plátano frito , espaguetis , molleja"
1111,"Batata , huevo revuelto"
1111,"Puré de papa , bacalao"
1111,"Yautía blanca , arenque"
1111,"Plátano , yuca , atún"
1111,"Cerdo horneado , yuca"
1111,"Guineo hervido , chivo guisado"
1111,"Pollo horneado , ñame"
1111,"Mangú de plátano , queso , salami frito"
1111,"Plátano maduro frito , huevo frito , jamón guisado"
1111,"Papa hervida , huevo hervido"
1111,"Pollo horneado , yuca , guineo"
1111,"Mapuey , bacalao"
1111,"Moro de guandules , cerdo guisado , aguacate"
1111,"Moro de guandules , carne de res guisada , aguacate"
1111,"Sancocho de carne de res , pollo , chuleta"
1111,"Arroz blanco , habichuela , carne de res , aguacate"
1111,"Arroz blanco , habichuela , cerdo guisado , aguacate"
1111,"Sancocho de pollo , cerdo y res"
1111,"Cerdo frito , plátano verde frito"
1111,"Arroz blanco , carne de res frita"
1111,"Arroz blanco , habichuela guisada , cerdo frito , ensalada verde"
1111,"Trigo , pechuga de pollo a la plancha"
1111,"Plátano verde frito , bacalao guisado"
1111,"Moro de guandules , bacalao guisado , ensalada hervida"
1111,"Puré de papa , queso amarillo"
1111,"Arroz blanco , pollo horneado , plátano frito amarillo"
1111,"Puré de papa , queso de hoja"
1111,Pedazo de pizza de peperoni
1111,"Yuca , asadura de pollo"
1111,"Arroz blanco , habichuela guisada , pollo , torrejas de berenjena"
1111,Empanada de mapuey
1111,"Plátano maduro hervido , gallina guisada , bollo de harina de maíz"
1111,"Moro de habichuela negra , guinea"
1111,"Arroz , plátano frito , gallina guisada"
1111,"Guineo , huevo , bacalao"
1111,"Carne de res frita , guineo sancochado"
1111,"Ñame blanco , queso frito"
1111," Plátano frito , patica de pollo frita"
1111,"Mangú de plátano verde , patica de pollo guisado"
1111,"Mangú de plátano , jamón , queso"
1111,"Yautía , rulo , queso frito"
1111,"Yuca , espaguetis guisado , queso blanco frito"
1111,Carne de cerdo frita
1111,"Bofe , yuca"
1111,"Bofe , tripitas , yuca"
1111,"Plátano , guineo , huevo , salami"
1111,"Yuca , guineo , plátano hervido , carne de pollo guisada"
1111,"Puré de papa , queso , jamón , huevo"
1111,"Arroz amarillo , carne de res , lomo de cerdo , ensalada de papas y zanahorias"
1111,"Arroz con vegetales , chuleta ahumada , pollo a la plancha , ensalada de pastas"
1111,"Rulo , guineo hervido , huevo revuelto"
1111,"Pan integral , jugo de limón"
1111,"Mangú de plátano , mondongo"
1111,"Arroz , pavo guisado"
1111,"Moro de habichuela , cerdo , plátano maduro frito"
1111,"Pan integral , jugo de cereza"
1111,"Plátano verde frito , pollo frito , ensalada mixta"
1111,"Plátano verde , mondongo de chivo"
1111,Pan yaniqueque
1111,"Guineo , berenjena guisada"
1111,"Moro de habichuela , jamón guisado"
1111,"Locrio de arenque , guandules guisados , plátano maduro frito"
1111,"Guineo , bataba , chuleta frita"
1111,"Locrio de sardina , guandules secos"
1111,"Moro de guandules , ensalada rusa"
1111,"Guineo hervido , pechuga de pollo al vapor"
1111,"Mangú de guineo , pechuga a la plancha , ensalada verde"
1111,"Plátano hervido , cabeza de cerdo guisada"
1111,"Locrio de chuleta , aguacate"
1111,"Chenchen , arroz blanco , habichuela , pollo guisado"
1111,"Guineo frito , longaniza frita , pollo frito"
1111,"Espaguetis , bollo de harina de trigo"
1111,Panqueques con tocino
1111,Panqueques con jamón
1111,Arepa venezolana sin relleno
1111,Plátano maduro horneado
1111,"Sancocho de pollo , carne de res , chuleta , cerdo , yuca ,batata , plátano , bollo"
1111,"Arroz blanco , habichuela , camarones"
1111,"Mangú de plátano verde , huevo , jamón"
1111,"Bollo de harina de maíz , jamón frito"
1111,"Arroz blanco , habichuela , paticas de cerdo"
1111,"Arroz blanco , pastelón de berenjena , ensalada de coditos , ensalada mixta"
1111,"Moro de guandules , huevo revuelto"
1111,"Arroz blanco , habichuelas , salmón a la plancha"
1111,"Plátano frito , batata frita , pipián"
1111,"Espaguetis , huevo hervido"
1111,"Bollo de harina de maíz , huevo frito , salami frito"
1111,Sándwich de pavo
1111,"Arroz blanco , carne de chivo guisada , guineo sancochado"
1111,"Pastel en hoja de plátano con carne de res , ensalada de coditos"
1111,"Arroz , pollo frito , plátano maduro , ensalada hervida"
1111,"Arroz blanco , pollo guisado , plátano frito , ensalada de aguacate"
1111,"Arroz blanco , pollo guisado , ensalada de brócoli y zanahoria"
1111,"Locrio de pollo , ensalada de papa con huevo"
1111,"Plátano maduro , tuna , aguacate"
1111,"Arroz blanco , pescado a la plancha , aguacate"
1111,"Guineo hervido , pescado a la plancha , ensalada de vegetales"
1111,"Pollo a la plancha , espinaca hervida"
1111,"Arroz blanco habichuela, albóndigas de res, ensalada mixta"
1111,"Moro de guandules , aguacate"
1111,"Arroz blanco , habichuela , aguacate"
1111,"Mangú de plátano , camarones"
1111,"Batata , café con leche"
1111,"Arroz blanco , repollo guisado"
1111,"Moro habichuela negra , gallina guisada"
1111,"Arroz blanco , habichuela guisada , cuerito de cerdo guisado , plátano verdes fritos"
1111,Asopado de costillita ahumada
1111,"Arroz blanco , mondongo de res guisado , ensalada mixta"
1111,"Papa , pollo frito , ensalada de brócoli"
1111,"Mangú de plátano , pollo horneado , ensalada de zanahoria y huevos"
1111,"Guineo hervido, espaguetis guisados , longaniza , chuleta frita"
1111,"Arroz blanco, costillita de cerdo guisado"
1111,"Arroz blanco , pipián"
1111,"Moro de guandules , pechuga de pollo , costillita de cerdo , ensalada de papas"
1111,"Locrio de fideo , guineo maduro"
1111,"Locrio de cerdo , aguacate"
1111,"Yuca , huevo frito y aguacate"
1111,"Moro de habichuela , costillita de cerdo , papas fritas"
1111,Asopado de arenque con coco
1111,"Locrio de fideo , aguacate"
1111,Locrio de salami de pollo
1111,Sopa china preparada
1111,Sopa de garbanzo
1111,"Moro de guandules , patica de cerdo"
1111,"Arroz , huevo y plátano frito"
1111,"Bofe , tripitas , plátano verde frito"
1111,"Arroz amarillo , pollo horneado , ensalada verde"
1111,"Moro de guandules , bacalao , aguacate"
1111,"Plátano verde frito , carne de res , aguacate"
1111,"Sopa de pollo , aguacate"
1111,"Arroz amarillo , pollo frito , ensalada hervida"
1111,"Arroz blanco , mondongo , aguacate"
1111,"Mangú de plátano verde , salchicha frita"
1111,"Asopado de pollo con coco , papa , yuca , plátano"
1111,"Moro de habichuela con coco , molondrón"
1111,"Bollito de harina de maíz , carne de cerdo"
1111,"Arroz blanco , mondongo , guineo verde"
1111,"Arroz blanco , guandules , longaniza"
1111,Sancocho de pollo
1111,"Domplines , habichuela guisada"
1111,"Sopa de fideo , salami"
1111,"Locrio de pollo , aguacate"
1111,"Arroz , habichuela , pollo frito , molondrones guisado"
1111,"Arroz , albóndigas de res , plátano maduro frito"
1111,"Arroz , tuna , ensalada de codito"
1111,"Guineo , pico y pala"
1111,"Locrio de pollo , plátano maduro frito"
1111,"Bollo , guineito , salami guisado"
1111,"Moro de habichuela con coco , salami guisado"
1111,Jugo de yuca con leche
1111,"Guineo maduro , pan"
1111,"Yuca , guineo , pescado , aguacate"
1111,"Pollo , vegetales"
1111,"Arroz blanco , pollo guisado , berenjena guisada , aguacate"
1111,"Plátano verde frito , asadura de pollo guisada"
1111,Locrio de pollo ahumado
1111,"Plátano verde , salami frito , queso frito"
1111,"Guineo hervido , patica de cerdo"
1111,"Batata frita , guineo verde hervido , patica de cerdo"
1111,Locrio de jamoneta
1111,"Arroz con fideo , habichuela"
1111,"Moro de guandules , hígado , ensalada verde"
1111,"Plátano verde frito , churrasco"
1111,"Plátano maduro hervido , carne de cerdo asada"
1111,"Arroz blanco, habichuela , pollo frito , plátano maduro frito"
1111,"Batata frita , higado de pollo frito"
1111,"Pizza de doble queso 8 pedazos , refresco"
1111,"Puré de papa , pescado a la plancha"
1111,Taco de pollo
1111,"Ñame blanco , pescado a la plancha"
1111,"Arroz blanco , habichuela , pollo horneado , platano maduro frito"
1111,Taco mixto
1111,"Locrio de molondrón , arepitas de yuca"
1111,"Mangú de plátano verde , chorizo guisado"
1111,"Plátano verde frito , tripita de vaca y cerdo"
1111,"Batata frita , carne de res frita"
1111,Pollo al vapor
1111,"Rulo hervido , queso de hoja"
1111,"Moro de habichuela , tuna , ensalada verde"
1111,"Auyama , queso descremado"
1111,"Arroz blanco , habichuela , mollejita guisada"
1111,Pan relleno de huevo revuelto
1111,"Sancocho de pollo , cerdo , chuleta , arroz blanco , aguacate"
1111,"Arroz blanco , lentejas , pollo frito , ensalada verde"
1111,"Moro de guandules , pollo guisado , ensalada de codito"
1111,"Moro de guandules , pollo guisado , ensalada rusa"
1111,"Arroz blanco , espaguetis guisado , plátano verde frito"
1111,"Plátano verde frito , cerdo guisado"
1111,"Arroz , arvejas , pollo frito"
1111,"Alitas de pollo fritas , papas fritas"
1111,"Locrio de arenque , aguacate"
1111,"Moro de habichuela , cerdo frito , aguacate"
1111,"Arroz , habichuela , pollo frito , guineo maduro"
1111,"Locrio de maíz con chuleta , pollo horneado"
1111,"Ensalada de trigo , pollo horneado"
1111,"Plátano maduro , cerdo guisado , zanahoria sancochada"
1111,"Moro de guandules , carne de res , plátano maduro al caldero , ensalada rusa"
1111,Pizza de 8 pedazos de carne de res y queso
1111,"Sancocho de pollo , cerdo , chuleta"
1111,"Arroz , habichuela , mondongo guisado"
1111,"Arroz con maíz , carne de res guisada , ensalada de coditos"
1111,"Guineíto hervido , queso , huevo frito"
1111,"Locrio de fideo , pollo guisado , aguacate , repollo"
1111,"Moro de habichuela , patica de cerdo guisada , aguacate"
1111,"Locrio de atún , guineo maduro , ensalada verde"
1111,"Guineo sancochado , sardina , huevo revuelto"
1111,"Moro de habichuela , pechurina , ensalada verde"
1111,"Plátano maduro , puré de papa , huevo hervido"
1111,"Moro de guandules , pollo guisado , vegetales"
1111,"Puré de papa , salchicha frita"
1111,"Moro de guandules , pechurina , ensalada verde"
1111,"Guineo salcochado , huevo hervido , vaso de leche"
1111,"Locrio de maíz con carne de cerdo , ensalada verde y papas"
1111,"Carne salada , guineíto hervido"
1111,"Yuca hervida , huevo frito , morcilla frita"
1111,"Moro de guandules , berenjena guisada con queso , ensalada verde"
1111,"Yautía blanca , huevo frito"
1111,"Chow fan , pollo frito , plátano verde frito"
1111,"Pastelón de plátano maduro , pollo horneado y ensalada verde"
1111,"Arroz , tuna , papa"
1111,"Puré de papa , niño envuelto"
1111,"Yuca , guineo , plátano , carne de chivo guisado"
1111,"Mangú de guineo , huevo guisado"
1111,"Pipián guisado , guineo verde frito"
1111,Arroz . Habichuela . Molondrón guisado con coco
1111,"Mangú de guineo , salami guisado"
1111,"Orejita de cerdo , guineo verde , yuca"
1111,"Yuca , plátano , pechuga de pollo"
1111,"Arroz blanco , huevo revuelto , aguacate"
1111,"Moro de habichuela , tayota  con carne"
1111,Muslo corto con plátano verde frito
1111,"Orejita de cerdo , guineo verde frito"
1111,"Locrio de papa, salami frito , ensalada de pepino"
1111,"Guineo verde , tilapia sancochada"
1111,"Yautía blanca , mondongo guisado"
1111,"Plátano maduro , bacalao"
1111,Salchipan con yogurt
1111,"Puré de papa , pollo frito"
1111,"Carne de cerdo asada , ensalada mixta"
1111,"Espaguetis , pan , carne de cerdo guisada"
1111,"Locrio de auyama , habichuela"
1111,"Moro de guandules , pollo guisado , aguacate"
1111,"Arroz , habichuela , berenjena guisada , aguacate"
1111,"Avena con leche , pan tostado con mantequilla"
1111,"Moro de guandules , pollo guisado , aguacate , ensalada hervida"
1111,"Bollo de harina , yuca , salami"
1111,"Arroz blanco , habichuela guisada , pescado con coco"
1111,"Moro de habichuela , chivo asado , cerdo asado"
1111,"Pescado a la plancha , plátano verde frito"
1111,"Yuca , guineo , huevo frito"
1111,"Bollo de harina de trigo , sardina"
1111,"Plátano verde hervido , patica de cerdo"
1111,"Papa hervida , alas y pechuga de pollo"
1111,"Arroz , habichuela , bacalao guisado y aguacate"
1111,"Sandwich de jamón , queso , huevo , vegetales"
1111,"Plátano hervido , chocolate"
1111,"Locrio de fideo , salami frito , plátano maduro frito"
1111,Arepita de trigo
1111,"Arroz blanco , habichuela , bacalao revuelto con huevo"
1111,"Arroz blanco , cangrejo guisado"
1111,"Arroz blanco , habichuela , palmito guisado"
1111,"Plátano frito , espaguetis , queso frito"
1111,Arepa de harina de trigo dulce
1111,"Locrio de pollo , lentejas , aguacate"
1111,"Mofongo de camarones , pechuga de pollo , costilla al horno , ensalada verde"
1111,"Arroz con auyama , pollo guisado , aguacate"
1111,"Guineo salcochado , bollo de harina , pico y pala"
1111,"Yaniqueque , alitas de pollo"
1111,"Arroz blanco , habichuela , berenjena , bacalao"
1111,"Plátano verde hervido , cerdo guisado"
1111,"Arroz blanco , guandules , pechuga a la Gordon blue"
1111,"Arroz blanco , guandules , pechuga en salsa bechamel"
1111,"Puré de papa, res , plátano verde frito , camarones"
1111,"Arroz , habichuela , bistec de res , aguacate"
1111,"Pan , aguacate , queso , jamón"
1111,"Arroz , habichuela , pescado frito , ensalada de aguacate y tomate"
1111,"Avena con chocolate , galletas"
1111,"Locrio de chuleta ahumada , habichuela , ensalada de brócolis"
1111,"Sancocho de pollo , res , arroz blanco , aguacate"
1111,"Arroz , bacalao , ensalada de tomate y aguacate"
1111,"Pollo horneado , plátano verde frito , aguacate"
1111,"Puré de papa , pescado frito , ensalada de brócolis y tomate"
1111,"Papa hervida , huevo frito"
1111,"Arroz blanco , pollo frito , canelones rellenos de res y queso"
1111,"Batata frita , plátano frito verde , cerdo asado"
1111,Ceviche con casabe
1111,"Yautía blanca, bistec de res , aguacate"
1111,"Guineo verde , salmón"
1111,"Pan , queso , tuna"
1111,"Mangú de guineo , ceviche de camarones"
1111,"Pollo al carbón , guineo verde hervido , refresco"
1111,"Costilla de cerdo frita , papas fritas"
1111,"Puré de papa , auyama , huevo salcochado"
1111,"Lasaña de pollo , arroz blanco"
1111,"Wrap de pollo , queso y jamón"
1111,"Arroz , guandules , pechuga con mostaza , ensalada de vegetales"
1111,"Moro de guandules , carne de res guisada , plátano maduro frito"
1111,"Chow fan , albóndigas de res , ensalada de papa , tayota y zanahorias , arepita de maíz"
1111,"Arroz amarillo con tocineta , carne molida de res con papa , ensalada de papa , tayota , zanahoria , arepita de maíz"
1111,"Parrillada de mariscos , puré de papa , plátano verde frito"
1111,"Moro de habichuela , carne de res , aguacate"
1111,"Arroz con maíz , chuleta frita , aguacate"
1111,"Arroz con maíz , carne de cerdo guisada , ensalada de papas y huevo"
1111,"Moro de habichuela , pescado frito , guineo verde salcochado"
1111,"Maicena , pan sobado"
1111,"Moro de guandules , pollo guisado , plátano maduro frito , ensalada verde"
1111,"Guineíto , pollo horneado , ensalada de brócolis , vainita y zanahoria"
1111,"Locrio de chuleta , batata frita"
1111,"Plátano verde frito , salami frito , jamón frito"
1111,"Yuca , pollo al carbón"
1111,"Moro de habichuela , berenjena guisada , ensalada rusa"
1111,"Moro de guandules , pollo frito , ensalada rusa"
1111,"Plátano maduro hervido, queso blanco frito"
1111,"Locrio de chuleta, guineo maduro , aguacate"
1111,"Sándwich de carne molida de res , queso"
1111,Asopado de longaniza y costillita
1111,Pedazo de lechosa
1111,Pedazo de sandía
1111,Pedazo de melón
1111,"Moro de habichuela , fajita de pollo , ensalada rusa"
1111,"Guineo verde , pollo asado , cerdo guisado"
1111,"Arroz , habichuela , pescado frito , pechurina , plátano verde frito"
1111,"Chow fan , habichuela , pollo frito , ensalada verde de pepino , repollo y tomate"
1111,"Moro de habichuela , pavo guisado , lasaña , ensalada verde"
1111,"Arroz amarillo , pechuga de pollo hervida , vegetales"
1111,"Moro de habichuela , pollo horneado , ensalada de vegetales"
1111,"Jugo natural de limón , galleta de soda"
1111,"Asopado de gallina , aguacate"
1111,"Plátano frito , salami frito , aguacate"
1111,"Locrio de salami , aguacate"
1111,"Arroz con fideo , cerdo , ensalada mixta"
1111,"Locrio de fideo , carne de cerdo , ensalada de codito con atún , mayonesa y cebolla"
1111,"Arroz , guandules guisado , chuleta frita , ensalada rusa"
1111,"Arroz con maíz, pollo frito , aguacate"
1111,"Arroz con vegetales , carne de cerdo guisada , aguacate"
1111,"Arroz , habichuela , espaguetis , aguacate"
1111,"Arroz con maíz , pollo guisado , aguacate"
1111,"Plátano maduro , jamón frito"
1111,"Arroz blanco , pastelón de plátano maduro , carne de cerdo guisado"
1111,"Moro de habichuela roja , pechuga de pollo a la plancha"
1111,"Sancocho de gallina , chuleta , arroz blanco"
1111,"Guineo , jamón , aguacate"
1111,"Pizza de queso , peperoni , vegetales"
1111,"Arroz blanco , guandules con coco , pechuga frita"
1111,"Arroz blanco , guineo maduro"
1111,"Mangú de plátano verde , cerdo guisado"
1111,Arepa venezolana rellena de pollo
1111,Arepa venezolana rellena de queso
1111,"Moro de guandules , pechuga frita , ensalada rusa"
1111,"Locrio de auyama , espaguetis"
1111,"Plátano frito , pollo frito , carne de res frita"
1111,"Arroz blanco , habichuela , pollo frito , puré de papa"
1111,"Moro de habichuela con coco , berenjena guisada"
1111,"Arroz blanco , habichuela , pollo guisado , aguacate"
1111,"Moro de habichuela , mostachones guisados , ensalada verde"
1111,"Moro de guandules , pechuga de pollo guisado , plátano maduro frito"
1111,"Plátano verde frito , patica de cerdo guisada"
1111,"Locrio de costillitas , ensalada de coditos"
1111,"Moro de habichuela con coco , macarrones , aguacate"
1111,"Dompling , chuleta , longaniza"
1111,Papa rellena de carne bola
1111,"Bistec encebollado , ensalada verde"
1111,"Locrio de carne de res , guineo maduro"
1111,"Arroz blanco , guandules , bistec"
1111,"Arroz con maíz , habichuela guisada , carne de cerdo , ensalada de coditos"
1111,Castaño o buen pan cocido
1111,"Puré de papa , bistec de res"
1111,"Arroz blanco , habichuela , huevo frito"
1111,"Pechuga frita , papa frita"
1111,"Locrio de pollo , aguacate , plátano maduro frito"
1111,"Bollo de harina de maíz con coco , pescado con coco"
1111,"Locrio de salami , tayota , plátano maduro frito"
1111,"Plátano , ñame , guineo , pescado guisado"
1111,"Pechuga a la Gordon blue , papa frita"
1111,"Yuca , plátano , rulo , arenque guisado"
1111,"Sancocho de habichuela , pollo , cerdo"
1111,"Espaguetis , camarones , plátano verde frito"
1111,"Arroz con fideo , salami"
1111,"Concón de arroz blanco , habichuela , pollo guisado"
1111,Pechuga a la Gordon blue
1111,"Sancocho de pollo y cerdo , arroz blanco"
1111,"Mangú de plátano maduro , pechuga de pollo a la crema , aguacate"
1111,"Plátano hervido , mostachones con salami"
1111,"Plátano verde frito , huevo , queso frito"
1111,"Moro de guandules , carne de res , lasaña , ensalada mixta"
1111,"Arroz amarillo , pollo frito , chuleta frita , mostachones guisados"
1111,"Pollo guisado , guandules guisados , ensalada verde"
1111,"Puré de papa , huevo , queso blanco"
1111,"Sandwich de jamón , huevo frito"
1111,"Pollo frito , pechurina , plátano verde frito"
1111,"Mangú de plátano , huevo frito , queso frito , salami frito"
1111,"Pan , salami , queso"
1111,"Papa , sardina"
1111,"Arroz, habichuela, pollo guisado, ensalada hervida"
1111,"Arroz , alitas a la coca cola , vegetales"
1111,"Pastelón de plátano maduro , chicharrón de pollo"
1111,"Mangú de plátano maduro , costillas a la BBQ , ensalada verde"
1111,"Arroz blanco , huevo revuelto con carne de cerdo al vapor"
1111,"Arroz blanco , pollo en salsa de hongos , vegetales hervidos"
1111,"Moro de habichuela , pechugas envueltas en salsa verde"
1111,"Pollo guisado , brócolis hervido"
1111,"Pan de yuca , cerdo , ensalada verde"
1111,"Moro de guandules , chuleta frita , ensalada de coditos"
1111,"Yuca , carne de chivo"
1111,"Moro de habichuela con coco , chivo guisado"
1111,"Carne de res salada , plátano verde frito"
1111,"Jugo de piña , masita"
1111,"Chicharrón de cerdo , yuca , aguacate"
1111,"Plátano maduro hervido , pollo frito"
1111,"Empanada de queso , salsa pizza"
1111,"Plátano verde hervido , queso frito"
1111,"Arroz blanco , habichuela , berenjena guisada , pollo guisado , ensalada verde"
1111,"Moro de habichuela , pollo guisado , coditos"
1111,"Pollo al carbón , guineíto verde , casabe"
1111,"Puré de yuca , costillita de cerdo al horno"
1111,"Mangú de plátano verde , queso horneado"
1111,"Arroz blanco , habichuela , cocido de pata de vaca"
1111,"Arroz blanco , arvejas guisada , tomate , cebolla"
1111,"Moro de harina de maíz , habichuela"
1111,"Arroz amarillo con maíz , carne de res"
1111,"Plátano verde hervido , tocino hervido , aguacate"
1111,"Guineo , pollo guisado"
1111,"Plátano maduro con huevo frito , muslo de pollo"
1111,"Bollo de harina de maíz , arenque guisado"
1111,"Guineo hervido , alitas a la parilla"
1111,"Locrio de chuleta con costillita , aguacate"
1111,Locrio de costillitas y longaniza
1111,"Moro de habichuela , sardina , tomate"
1111,"Mangú de plátano verde , huevo hervido , hígado de pollo guisado"
1111,"Batata de hervida , plátano maduro hervido , hígado de pollo"
1111,"Moro de trigo , guandules guisados , sardinas guisadas"
1111,"Trigo , berenjena guisada"
1111,"Bollito de yuca , carne de cerdo frita , plátano verde frito"
1111,Chorizo de cerdo a la parrilla
1111,Yuca con mantequilla
1111,"Sopa de pollo , arroz blanco , aguacate"
1111,"Mangú de plátano , carne de res"
1111,"Bollo de harina de maíz , carne de res"
1111,"Yaniqueque , queso derretido"
1111,"Arroz con guisantes (petit-pois) , pescado frito , ensalada verde"
1111,"Arroz blanco , habichuela , pechurina , ensalada mixta"
1111,"Locrio de pollo , chuleta , ensalada rusa"
1111,"Arroz blanco , habichuela , bacalao , aguacate , guineo maduro"
1111,"Guineo verde hervido , pechuga de pollo frita , ensalada de vegetales hervidos"
1111,"Alitas de pollo guisadas , guineo verde frito"
1111,"Pan de viga con queso , croquetas de pollo"
1111,"Puré de papa , leche"
1111,Mangú de plátano con cebolla
1111,"Locrio de res , ensalada de huevo , papa y zanahoria"
1111,"Locrio de costillita , ensalada verde"
1111,"Moro de habichuela , cerdo asado , chivo guisado , ensalada verde , ensalada mixta , casabe"
1111,"Sopa de hueso de vaca , vegetales"
1111,"Plátano maduro hervido , chocolate con leche"
1111,"Arroz blanco , habichuela , pollo al caldero"
1111,"Lasaña de pollo , papa frita"
1111,"Arroz amarillo , pollo frito , lasaña"
1111,"Empanadilla , muslo y alita frita"
1111,"Guineíto , salami guisado"
1111,"Mangú de guineo , bacalao"
1111,"Locrio de pollo y maíz , ensalada de papa con huevo"
1111,"Arroz blanco , habichuela , berenjena guisada , plátano maduro frito"
1111,"Moro de guandules , pollo frito , ensalada de papa con huevo"
1111,"Locrio de chuleta , ensalada de repollo y tomate"
1111,"Arroz blanco , pollo guisado , plátano maduro frito"
1111,"Arroz con maíz , atún con zanahoria"
1111,"Moro de habichuela , cerdo guisado , ensalada de zanahoria y cebolla"
1111,"Moro de habichuela , pechuga horneada , ensalada rusa"
1111,"Arroz blanco , lasaña de carne de res , ensalada verde"
1111,"Moro de guandules , carne molida de res , ensalada rusa"
1111,Lasaña de pollo en salsa blanca
1111,"Arroz , habichuela , coditos con salami"
1111,"Arroz con vegetales , chuleta frita , ensalada verde"
1111,"Arroz blanco , bistec , ensalada de papa"
1111,"Yuca con cebolla , carne de res"
1111,"Moro de habichuela , berenjena , ensalada de tayota y zanahoria hervida"
1111,Asopado de longaniza y chuleta
1111,"Mangú de guineo , huevo frito"
1111,"Mangú de guineo , salchicha frita"
1111,"Espaguetis , huevo , plátano verde frito"
1111,"Filete de res a la plancha , vegetales"
1111,"Moro de habichuela , chuleta horneada , ensalada vegetales"
1111,"Buen pan sancochado , salami"
1111,"Moro de guandules , berenjena con chuleta guisada"
1111,"Arroz blanco , carne de cerdo guisada , ensalada de coditos y atún"
1111,Locrio de queso con aguacate
1111,"Arroz , habichuela , carne de res , ensalada verde"
1111,"Chow fan de marisco , cerdo agridulce"
1111,"Arroz blanco , chuleta guisada"
1111,"Arroz blanco , habichuela , carne de res , ensalada mixta"
1111,"Arroz blanco , habichuela guisada , espaguetis con pollo"
1111,"Buen pan hervido , cebolla frita"
1111,"Buen pan con huevo , cebolla frita"
1111,"Cocido de pata de vaca , ñame , yuca , papa"
1111,"Moro de habichuela , berenjena guisada , aguacate"
1111,"Coditos guisados , queso , leche"
1111,"Guineo hervido , pechuga a la plancha"
1111,"Lasaña de pollo , ensalada hervida"
1111,"Locrio de cerdo , pescado frito , habichuela guisada , ensalada verde"
1111,"Bollito de yuca , relleno de queso"
1111,"Espaguetis , morcilla , guineíto"
1111,"Arroz blanco , guandules con coco , cerdo guisado"
1111,"Pollo frito , batata asada , bollo de yuca"
1111,"Arepita de yuca , pollo frito"
1111,"Chicharrón de cerdo , batata asada"
1111,Empanada de queso y salchicha
1111,"Arroz blanco , pollo frito , guineo maduro"
1111,"Mangú de guineo verde , huevo a la plancha"
1111,"Mangú de plátano verde , huevo a la plancha"
1111,"Batata asada , pechuga de pollo a la plancha"
1111,"Plátano verde frito , pollo guisado"
1111,"Plátano verde hervido , pollo frito"
1111,"Moro de guandules , pastelón de plátano maduro"
1111,"Arroz blanco , lentejas , pollo horneado , ensalada de zanahoria con maíz"
1111,"Guineo hervido , pollo guisado , ensalada de repollo y lechuga"
1111,"Arroz blanco , carne de res guisada , ensalada verde"
1111,"Arroz blanco , carne de cerdo , tayota"
1111,"Plátano hervido , coditos , chuleta"
1111,"Bollo de harina , chuleta"
1111,"Arroz blanco , torrejas de berenjena con coco"
1111,Molleja de pollo frita
1111,Cocote de pollo frito
1111,"Locrio de jamón , maíz y aguacate"
1111,"Moro de arvejas , aguacate"
1111,"Arroz blanco , chuleta , tayota guisada , aguacate"
1111,"Moro de guandules , pollo horneado , lasaña , ensalada mixta"
1111,"Moro de guandules , carne de cerdo , berenjena"
1111,"Arroz blanco , yautía , pescado guisado"
1111,"Yautía , guineo hervido , pollo"
1111,"Yautía blanca , auyama , huevo frito"
1111,Jamoneta frita
1111,"Arroz blanco , berenjena , aguacate"
1111,"Domplin , patica de cerdo guisada"
1111,"Arroz blanco , carne de res guisada , plátano maduro frito"
1111,"Auyama hervida , pescado hervido"
1111,Pan de nata de leche hervido
1111,"Plátano maduro hervido , salchicha frita"
1111,"Yuca , albóndiga de res"
1111,"Arroz blanco , habichuela , huevo , aguacate"
1111,Sopa de mariscos servida
1111,"Yuca , domplin , huevo frito"
1111,"Trigo , pollo horneado , ensalada hervida"
1111,"Arroz amarillo , ensalada hervida"
1111,"Moro de vegetales , ensalada de berenjena"
1111,"Plátano hervido , chorizo frito"
1111,Cerdo guisado
1111,Asopado de pollo y chuleta
1111,Bollo de yuca con queso
1111,"Arroz blanco , chuleta frita , ensalada de papa con mayonesa"
1111,"Moro de habichuela , patica de cerdo , ensalada de repollo y lechuga"
1111,"Moro de habichuela , espaguetis , aguacate"
1111,"Chicharrón guisado , plátano verde frito"
1111,"Arroz blanco , habichuela , pollo hervido , ensalada de codito"
1111,"Arroz con maíz , pollo frito , ensalada de papa"
1111,"Locrio de fideo , pollo frito , ensalada de repollo , maíz , zanahoria y mayonesa"
1111,"Moro de habichuela , carne de res , ensalada hervida"
1111,"Arroz amarillo , pollo guisado , ensalada de papa"
1111,"Paticas de pollo sancochado , guineo verde frito"
1111,"Carne de cerdo salada , plátano verde frito"
1111,"Plátano verde , jamón , aguacate"
1111,"Arroz , habichuela , hígado de res guisado , aguacate"
1111,"Guineo verde frito , salami guisado"
1111,"Yautía coco , salami guisado"
1111,"Guineo frito , queso frito"
1111,Plátano maduro relleno de queso blanco
1111,"Arroz con vegetales , pastelón de berenjena , pechuga de pollo a la plancha"
1111,"Arroz blanco , pechuga a la plancha , pastelón de plátano maduro"
1111,"Moro de habichuela , cerdo guisado , ensalada rusa"
1111,Chenchen con salami guisado
1111,"Guineo verde , carne de res , aguacate"
1111,"Lasaña , plátano maduro al caldero , aguacate"
1111,"Yuca , bistec de res , ensalada lechuga y tomate"
1111,"Pan sobado , tuna , ensalada verde"
1111,"Plátano verde frito , orejitas de cerdo frito"
1111,"Arroz blanco , habichuela , pollo asado , pechurina , guineo hervido , bollito de yuca"
1111,Sancocho de cerdo
1111,"Arroz blanco , fajitas de pollo , brócoli"
1111,"Chuleta , costillita , casabe , aguacate"
1111,"Plátano , guineo , pescado hervido"
1111,Pan de guineo servido
1111,"Arroz blanco , sardinas , aguacate , plátano verde frito"
1111,"Arroz con vegetales , habichuela , pollo guisado"
1111,"Locrio de chuleta , aguacate , ensalada de codito y petit pois (guisantes)"
1111,"Yuca , guineo , carne de cerdo guisado"
1111,"Arroz blanco , carne de res molida , ensalada rusa , aguacate"
1111,"Guineo verde , pollo , carne de cerdo a la parrilla"
1111,"Hueva de pescado , plátano verde frito"
1111,"Linguini , plátano verde frito , ensalada de pepino , lechuga , tomate"
1111,"Hígado de res , plátano verde frito"
1111,"Espagueti , huevo frito"
1111,"Arroz blanco , habichuela guisada , bacalao guisado , ensalada verde"
1111,"Plátano verde frito , salami frito , chorizo frito"
1111,"Pollo guisado , habichuela guisada"
1111,"habichuela guisada , ensalada verde"
1111,Pollo a la tocineta
1111,"Papas fritas , churrasco asado"
1111,"Ensalada de pepino , tomate , atún"
1111,Ceviche de pescado
1111,Ensalada de ruculas
1111,búfalo asado
1111,"Quínoa , pescado al vapor"
1111,"Mofongo de rabo de vaca , bistec encebollado"
1111,Asopado de chivo guisado
1111,"Plátano verde , pincho de res , pollo y cerdo asado"
1111,"Arroz , habichuela , bacalao , torreja de berenjena , aguacate"
1111,"Yuca hervida , paticas de pollo guisado"
1111,"Moro de habichuela , paticas de pollo guisado"
1111,"Arroz blanco , guandules guisados , arepitas , aguacate"
1111,"Rulo hervido , huevo revuelto"
1111,"Mangú de guineo , huevo hervido"
1111,"Guineo verde frito , queso amarillo"
1111,"Guineo , huevo , jamón"
1111,Arenque guisado
1111,"Moro de guandules , pollo frito , gallina guisada , ensalada de coditos , berenjena"
1111,"Arroz blanco , guandules , carne de res , ensalada de codito"
1111,"Papas salteadas , churrasco de res"
1111,"Papas fritas , deditos de pollo"
1111,"Locrio de chuleta , ensalada de papa con huevo"
1111,"Arroz blanco , habichuela , chuleta frita , ensalada verde , aguacate"
1111,"Yuca , orejita de cerdo"
1111,"Arroz blanco , habichuela , pollo horneado , aguacate"
1111,"Plátano maduro hervido, patica de pollo frita"
1111,"Yuca hervida , pescado a la plancha"
1111,"Moro de guandules con coco , carne de res , aguacate"
1111,"Plátano verde frito , carne de res , chicharrón"
1111,"Empanada de huevo , pollo y queso"
1111,"Arroz blanco , cerdo guisado , ensalada verde , aguacate"
1111,"Arroz blanco , habichuela , pollo frito , ensalada de repollo , maíz, zanahoria"
1111,"Moro de guandules , carne de cerdo guisada , ensalada de codito"
1111,"Arroz con maíz , chuleta frita , ensalada verde"
1111,"Guineo sancochado con queso , cebolla frita"
1111,"Arroz blanco , habichuela , patica de cerdo , plátano verde frito"
1111,"Moro de habichuela , carne de res guisada , plátano maduro frito"
1111,"Locrio de fideo , pollo frito , ensalada de repollo , aguacate"
1111,"Arroz con maíz , chuleta frita , lasaña de res"
1111,"Arroz blanco , habichuela , pescado frito , ensalada de codito"
1111,"Arroz blanco , habichuela , pollo frito , ensalada de coditos , aguacate"
1111,"Yuca sancochada con queso , cebolla frita"
1111,"Guineo sancochado con huevo , salami y cebolla frita"
1111,Sopa de fideo y vegetales
1111,"Mangú de plátano verde , jamoneta guisada"
1111,"Mangú de plátano verde , bacalao , aguacate"
1111,"Locrio de chuleta , ensalada de papa , plátano maduro frito"
1111,"Guineo verde hervido , pollo al carbón , cebolla"
1111,"Guineo , queso , huevo frito"
1111,"Arroz blanco , habichuela , pollo frito , pastelón de plátano maduro"
1111,"Locrio de pollo , chuleta , plátano verde frito , ensalada hervida"
1111,"Moro de guandules , bacalao con papa, ensalada verde"
1111,"Arroz blanco , lentejas , costillas de cerdo guisado"
1111,"Arroz blanco , habichuela , pollo horneado , lasaña , ensalada de pasta"
1111,"Arroz blanco , bacalao con huevo revuelto"
1111,"Plátano verde frito , pechuga de pollo al horno"
1111,"Sancocho de gallina , arroz blanco , aguacate"
1111,"Arroz blanco , guineo hervido , pollo horneado , pastelón de berenjena"
1111,"Arroz blanco , habichuela , chuleta al horno , ensalada verde"
1111,"Arroz blanco , plátano verde frito , pechuga al horno"
1111,"Arroz blanco , cangrejo al ajillo , plátano verde frito , pastelón de berenjena"
1111,"Croquetas de pollo , papas fritas"
1111,"Cerdo asado , yuca"
1111,"Moro de habichuela , pescado guisado , ensalada verde , aguacate"
1111,"Arroz blanco , arvejas , molondrones"
1111,"Plátano verde frito , salchichitas pinguilin , salami"
1111,"Locrio de rola , guandules verdes guisados"
1111,"Plátano verde frito , longaniza , salchichitas pinguilin"
1111,"Arroz blanco , carne de res guisada , berenjena , bacalao guisado"
1111,"Arroz blanco , crema de auyama , pollo guisado"
1111,"Papa hervida , jamoneta guisada"
1111,"Arroz con zanahoria , pollo frito"
1111,"Pan , salami , mantequilla"
1111,"Yuca hervida , huevo hervido , cebolla"
1111,"Plátano hervido , salami frito , cebolla"
1111,"Yaniqueque , espaguetis"
1111,"Arroz blanco , habichuela , carne de soya"
1111,"Arroz blanco , lentejas guisadas , berenjena guisada"
1111,Carne de res guisada
1111,"Yuca , pollo frito , carne de cerdo frita"
1111,"Yaniqueque , espaguetis , aguacate"
1111,"Yaniqueque , jamoneta"
1111,"Yuca , espaguetis , jamoneta"
1111,"Arroz con maíz , chuleta frita , ensalada mixtas de vegetales"
1111,"Trigo , guandules , pollo asado"
1111,"Moro de habichuela , ensalada de repollo"
1111,"Arroz blanco , guandules , pollo guisado , berenjena"
1111,"Moro de habichuela , pollo horneado"
1111,"Arroz blanco , arvejas , gallina guisada"
1111,"Arroz blanco , habichuela , aguacate , guineo maduro"
1111,"Arroz blanco , chuleta frita , ensalada verde , aguacate"
1111,"Arroz con maíz , carne de res guisada"
1111,"Arroz , habichuela , bacalao con papa"
1111,"Arroz blanco , habichuela guisada con coco , molondrones con coco"
1111,"Arepa de harina de maíz con sal , berenjena"
1111,"Arroz blanco , habichuela , ensalada de repollo y tomate"
1111,"Lasaña de pollo , ensalada verde , papa frita"
1111,"Pollo a la plancha , chuleta a la plancha , papa frita , plátano verde frito"
1111,"Yuca hervida , salami guisado"
1111,"Arroz blanco , guandules , pechuga de pollo guisada , ensalada de papa , zanahoria , huevo"
1111,Chimi de pierna de cerdo
1111,"Batata frita , tripita frita"
1111,"Pan , queso , mantequilla"
1111,"Yuca , huevo sancochado , queso amarillo"
1111,"Arroz blanco , garbanzo , ensalada rusa , pollo horneado"
1111,"Mangú de plátano , salchicha , queso amarillo"
1111,"Yuca , pollo horneado , ensalada de vegetales"
1111,"Ñame , sancocho , pollo horneado , ensalada de papa"
1111,"Guineo sancochado , hígado de pollo , ensalada de vegetales"
1111,"Puré de yuca , chuleta guisada"
1111,"Mangú de plátano , pollo horneado , ensalada de vegetales"
1111,Empanada de res y queso
1111,"Moro de habichuela , pollo guisado , guineo maduro"
1111,"Arroz blanco , habichuela , longaniza frita"
1111,"Asopado de arroz con guandules , chuleta ahumada"
1111,"Locrio de pollo , habichuela guisada , ensalada de papa"
1111,"Sancocho de carne de res , aguacate"
1111,"Moro de habichuela , albóndigas de res , ensalada verde"
1111,"Arroz blanco , guandules , carne de res , aguacate"
1111,"Arroz amarillo , costillita de cerdo guisada , ensalada de pasta"
1111,"Friquitaqui de huevo , aguacate"
1111,"Puré de yuca , carne molida de res"
1111,"Plátano frito , chicharrón guisado"
1111,"Locrio de cerdo , ensalada verde, aguacate"
1111,"Harina de maíz con sal , aguacate"
1111,Bollo de papa con queso
1111,"Arroz amarillo , pollo horneado , aguacate"
1111,"Plátano maduro , chuleta"
1111,"Locrio de fideo , ensalada rusa"
1111,"Moro de habichuela , codito guisado , aguacate"
1111,"Locrio de auyama , aguacate"
1111,"Yuca , rulo , salami frito"
1111,"Rulo frito , pollo frito"
1111,"Arroz blanco , codito guisado , aguacate"
1111,"Arepita de maíz , huevo frito"
1111,Leche de chocolate y masita
1111,Moro de guandules con coco y aguacate
1111,"Arroz blanco, guandules guisados, pollo y aguacate"
1111,"Plátano frito, longaniza y espaguetis"
1111,Moro de habichuela con sardina
1111,Frito de rulo con asadura y molleja guisada
1111,"Arroz blanco, habichuela con coco y ensalada de repollo"
1111,Moro de guandules con coco y cerdo guisado
1111,"Moro de habichuelas con carne de res guisada, ensalada de papa y zanahoria"
1111,"Arroz con maíz, berenjena con chuleta guisada"
1111,"Arroz blanco, guandules guisados, chuleta frita, ensalada de coditos"
1111,Tostones de guineos verdes con patas de pollo fritas
1111,"Locrio de fideo, salami y habichuelas"
1111,Yaniqueque con chicharron
1111,Plátano frito con carne de cerdo frita
1111,"Yaniqueque, plátano frito y carne de cerdo"
1111,Huevos a la mexicana
1111,Tortilla de vegetales con pan camarón
1111,"Moro de guandules con coco, tuna y ensalada verde"
1111,"Arroz blanco, lentejas y vegetales"
1111,Sopa de vaca con arroz blanco
1111,Sopa de pecho de vaca
1111,"Moro de habichuela, guiso de huevo y ensalada de tomate"
1111,"Guineo frito, molleja y asadura al vapor"
1111,Sancocho de pata de vaca
1111,Bollo de harina de maíz con pollo horneado
1111,"Arroz blanco, espaguetis con chuleta"
1111,Chenchen con carne de cerdo
1111,Yautía con salami frito
1111,Alitas fritas con plátano frito
1111,Avena preparada con galleta
1111,"Arroz blanco, pollo horneado y berenjena guisada"
1111,Chocolate con galleta salada
1111,Bollo de harina de maíz con huevo revuelto
1111,Arroz blanco con coco y huevo revuelto
1111,"Moro de guandules, carne de cerdo guisada, ensalada de brócolis, coliflor y aguacate"
1111,Pizza de queso y pepperoni mediana con refresco
1111,Moro de habichuela con bacalao y papa guisada
1111,"Pollo frito con frito verde, yuca y ensalada rusa"
1111,Pollo frito con papa
1111,Locrio de cerdo con ensalada de brócolis y zanahoria
1111,"Arroz, habichuela, carne de res con ensalada de pepino y tomate"
1111,"Moro de habichuela, pollo frito y aguacate"
1111,Carne de res de bistec con tostones y ensalada rusa
1111,"Locrio de costillitas, ensalada rusa y aguacate"
1111,Rulo con aguacate
1111,Fideos con leche
1111,"Plátano frito, queso, longaniza y espaguetis"
1111,"Plátano frito, pechuga de pollo frita y queso"
1111,Plátano maduro hervido con alitas de pavo guisada
1111,"Moro de habichuela, pollo guisado y ensalada de repollo con zanahoria"
1111,Locrio de chuleta y guandules con coco
1111,Plátano sancochado con pollo frito ensalada de tomate
1111,Locrio de cerdeo y costillitas con ensalada de papa con huevo
1111,Puré de yuca con queso
1111,"Carne de cerdo frita, espaguetis y frito"
1111,"Arroz blanco, guandules y ensalada de zanahoria"
1111,"Arroz blanco con carne de cerdo, berenjena guisada y aguacate"
1111,Arepa con chocolate
1111,Arepa con jugo de mandarina
1111,Yautía blanca con longaniza guisada
1111,Locrio de maíz con huevo y longaniza
1111,Empanada de huevo y jamón
1111,"Moro de habichuela, pollo guisado y ensalada de vainita con zanahoria"
1111,"Yuca, pollo horneado, chuleta y queso frito"
1111,"Espaguetis, moro de guandules y ensalada de papa"
1111,Moro de habichuela con huevo revuelto y aguacate
1111,Locrio de pollo y carne de cerdo con ensalada verde y aguacate
1111,Frito de plátano y guineo con salami frito
1111,"Yuca, espagueti y salami frito"
1111,"Frito de plátano, jamoneta y salami"
1111,Sopa de fideo con longaniza y arroz blanco
1111,Moro de habichuela con salami guisado
1111,Moro de habichuela con carne de cerdo y ensalada verde
1111,"Arroz blanco, albeja y pollo horneado"
1111,"Moro de habichuela, chuleta frita y ensalada hervida"
1111,"Chowfan, plátano maduro y ensalada verde"
1111,"Arroz con maíz, pechuga de pollo a la plancha y ensalada verde"
1111,"Arroz, habichuela, bacalao guisado y ensalada hervida"
1111,Yuca con queso frito
1111,Tipile con longaniza
1111,"Arroz blanco, habichuela guisada, alitas y pollo horneado"
1111,Pastelón de plátano maduro relleno de berenjena y queso
1111,Chowfan con pescado al vapor
1111,"Arroz amarillo, pescado frito"
1111,"Moro de habichuela, bacalao guisado y aguacate"
1111,"Sopa de res, arroz blanco y aguacate"
1111,"Moro de habichuela, albóndigas pescado"
1111,"Cerdo a la parrilla, fritos verdes"
1111,Moro de habichuelas con carne de res con tayota
1111,"Arroz blanco, pollo frito y ensalada verde"
1111,"Arroz, guandules y papa con bacalao"
1111,"Arroz blanco, habichuela negra con coco y berenjena guisada con coco"
1111,Fritos de rulos con longanizas
1111,"Moro de habichuela, papa con bacalao y aguacate"
1111,Harina de maíz con sal y coditos guisados y aguacate
1111,"Locrio de arenque con ensalada de repollo, tomate y aguacate"
1111,"Rulo hervido, yuca con huevo revuelto"
1111,"Arroz blanco, espagueti, aguacate"
1111,Moro de habichuela con berenjena con salami y aguacate
1111,"Arroz blanco, habichuela con coco y ensalada de repollo, tomate y aguacate"
1111,Locrio de salami con ensalada de repollo con tomate y aguacate
1111,Batida de lechoza con pan sobado
1111,Arroz blanco con longaniza guisada y aguacate
1111,"Locrio de paco fish, ensalada de repollo y zanahoria"
1111,"Arroz blanco, chuleta guisada y ensalada"
1111,"Arroz, habichuela, pollo frito con ensalada rusa y aguacate"
1111,Guineo encebollado con carne de cerdo guisada
1111,Arroz blanco con berenjena y carne de res
1111,"Guineo verde sancochado, plátano verde sancochado y espaguetis rojos"
1111,Arepitas con espaguetis
1111,"Plátano, yuca y queso blanco frito"
1111,Empanada de bacalao
1111,"Mangú de plátano , pollo guisado"
1111,"Yuca , guineo hervido , espaguetis , bacalao"
1111,Arepita de yuca
1111,"Alitas picantes con limón , papas fritas"
1111,"Mangú de guineo , espaguetis , jamón frito"
1111,"Moro de habichuela con coco , pescado guisado"
1111,"Yuca , ñame , pescado guisado"
1111,"Yuca , pescado frito"
1111,Chorizo al carbón
1111,"Pasta con peperoni chino , ajó"
1111,Pasta con pescado
1111,"Arroz blanco , chuleta guisada , aguacate"
1111,"Arroz blanco , habichuela , res , pollo , cerdo"
1111,"Moro de habichuela , carne de res , ensalada verde , aguacate"
1111,"Arroz blanco , carne de res , aguacate"
1111,"Arroz blanco , albóndiga de res , aguacate"
1111,"Mangú de plátano , chuleta a la plancha , cebolla , ensalada verde"
1111,"Pechuga de pollo a la plancha , vegetales"
1111,"Arroz primaveral , pechuga a la plancha , ensalada verde"
1111,"Arroz blanco , berenjena guisada , pollo guisado"
1111,Pedazo de bizcocho de mermelada de piña
1111,"Arroz blanco , cerdo guisado , ensalada verde"
1111,"Arroz blanco , pollo guisado , ensalada de coditos"
1111,"Mangú de plátano verde , queso frito , cebolla"
1111,"Pastelón de papa , arroz , pollo frito"
1111,"Moro de habas , espaguetis"
1111,"Jugo de guanábana , pan"
1111,"Arroz con vegetales , albóndigas de res"
1111,"Arroz blanco , tomate"
1111,"Mangú de plátano , pollo frito , batata frita"
1111,"Moro de habichuela , pescado frito , aguacate"
1111,Jugo sin envasar de china con chinola
1111,"Moro de habichuela , res guisada , molondrones"
1111,"Arroz amarillo , res guisada , berenjena"
1111,"Asopado de pollo , arroz blanco"
1111,"Moro de guandules con coco , pollo guisado"
1111,"Mangú de plátano , queso blanco frito , molleja guisada"
1111,"Guineo frito , molleja"
1111,"Leche de chocolate , galleta de soda"
1111,"Batata hervida , huevo hervido , leche blanca"
1111,"Chocolate de agua , pan de agua"
1111,"Locrio de chicharrón , habichuela guisada , ensalada verde"
1111,"Locrio de pollo , ensalada de vainita y papa"
1111,"Puré de papa , queso geo"
1111,"Mangú de guineo , queso geo"
1111,"Espaguetis guisado , yuca, batata sancochada"
1111,"Plátano frito , hígado de pollo frito"
1111,"Locrio de costillita , pastelón de plátano maduro"
1111,"Yuca , berenjena guisada"
1111,"Yuca con jamón frito , aguacate"
1111,"Locrio de pollo , guandules guisados , plátano maduro frito"
1111,"Arroz blanco , habichuela , chuleta frita , ensalada verde"
1111,"Arroz blanco , guandules , ensalada mixta"
1111,"Arroz blanco , habichuela , cerdo al caldero , ensalada mixta"
1111,"Moro de habichuela , cerdo , ensalada verde , aguacate"
1111,Jugo envasado de zanahoria con frutas
1111,"Carne salada , papas fritas"
1111,"Moro de guandules , cerdo guisado , tayota y aguacate"
1111,"Mangú de guineo , jamón frito"
1111,"Guineo frito , salami guisado"
1111,"Arroz amarillo , pollo guisado , aguacate"
1111,"Guineo verde frito , carne de res frita"
1111,"Arroz blanco , guandules con coco , carne de cerdo guisada , ensalada rusa"
1111,"Yuca encebollada , carne de cerdo hervida"
1111,Patimongo (patica de cerdo con mondongo)
1111,"Arroz blanco , guandules , carne de res molida"
1111,"Yuca hervida , carne de res guisada"
1111,"Moro de habichuela , carne de res guisada , ensalada de coditos"
1111,"Locrio de chuleta , habichuela guisada , plátano maduro frito ,  ensalada de lechuga , tomate, maíz dulce , queso blanco , aceitunas"
1111,"Arroz blanco , guandules verdes , pollo a la plancha , plátano maduro frito , ensalada de lechuga , tomate , maíz dulce ,queso blanco ,aceituna y aguacate"
1111,"Plátano maduro hervido , tuna guisada"
1111,"Arroz con maíz y puerro , pollo a la plancha , plátano maduro frito , ensalada de lechuga , tomate, queso blanco y aceituna"
1111,"Arroz blanco , habichuela , pollo a la plancha , plátano maduro frito , ensalada de lechuga , tomate, maíz dulce , queso blanco y aceituna"
1111,"Café , Pan con mantequilla de maní"
1111,"Chocolate , casabe"
1111,"Yuca , jamón , queso"
1111,"Moro de anconí , huevo revuelto"
1111,"Guineo verde hervido , salami guisado"
1111,"Pollo horneado , vegetales hervidos"
1111,"Locrio de pollo , ensalada verde , aguacate"
1111,"Plátano verde frito , salami , pata de pollo frita"
1111,"Espaguetis con pollo frito , guineo sancochado"
1111,"Moro de guandules , bistec de res , ensalada verde , aguacate"
1111,"Espaguetis , pollo frito"
1111,"Jugo de china , pan con queso blanco"
1111,"Guineíto , yuca , pollo frito"
1111,Batida de espaguetis con leche
1111,"Pollo frito , papa frita"
1111,"Arroz blanco , guandules guisados , coditos guisados"
1111,"Locrio de salami , plátano frito maduro"
1111,"Plátano frito , sardina"
1111,"Guineo frito , asadura guisada"
1111,"Yuca , plátano , ñame , guineo sancochado , cerdo guisado"
1111,"Moro de guandules con coco , ensalada de lechuga , repollo , tomate , pepina , zanahoria y remolacha"
1111,"Plátano frito , batata frita , cerdo frito"
1111,"Mangú de plátano , hígado"
1111,"Arroz blanco , huevo frito , espaguetis"
1111,"Trigo con sal , chuleta guisada"
1111,"Papas hervidas , pechuga de pollo a la plancha"
1111,"Plátano hervido , cerdo guisado"
1111,"Moro de guandules , pollo horneado , espaguetis"
1111,"Papas hervidas , pescado frito"
1111,"Locrio de arenque , harina de maíz"
1111,"Pan tostado , huevo revuelto"
1111,"Ñame , yautía , huevo revuelto"
1111,"Avena , pan con queso amarillo"
1111,"Arroz blanco , carne de res , ensalada rusa"
1111,"Moro de guandules , pechuga a la plancha , ensalada de vegetales"
1111,"Café con leche , pan con queso"
1111,"Arroz blanco , arvejas , chivo guisado"
1111,"Pizza de pollo , jamón , queso y peperoni"
1111,"Arroz blanco , habichuela , pollo horneado , ensalada hervida"
1111,"Yuca hervida , morcilla"
1111,"Servicio de plato de frutas , yogurt"
1111,"Arroz blanco , pollo guisado , arepita de yuca"
1111,"Arroz blanco , habichuela , pollo frito , aguacate"
1111,"Asopado , casabe , aguacate"
1111,"Locrio de cerdo , repollo , zanahoria"
1111,"Moro de guandules con coco , pollo guisado , aguacate"
1111,"Bollito de harina , pollo frito"
1111,"Puré de papa , huevo hervido , cebolla"
1111,"Plátano frito verde , patica de pollo guisada"
1111,"Plátano frito , pollo frito , aguacate"
1111,"Arroz blanco , habichuela , albóndigas de pescado , ensalada verde"
1111,"Arroz blanco , pollo guisado , ensalada hervida"
1111,"Plátano verde frito , hígado de pollo guisado"
1111,"Chow fan , berenjena fríta"
1111,"Moro de guandules con coco , huevo , salami"
1111,"Guineo frito , queso frito , espaguetis"
1111,"Batata , plátano , salami"
1111,"Plátano verde hervido , auyama , huevo frito"
1111,"Arroz blanco , habichuela guisada , tayota guisada"
1111,"Arroz blanco , carne de res molida"
1111,"Batata sancochada , mangú de plátano verde , queso frito , jamón frito"
1111,"Papa hervida , alas de pollo horneada"
1111,"Yuca , bollo de harina , chuleta guisada"
1111,"Bollo de harina de trigo , cerdo"
1111,"Plátano verde frito , pechuga frita"
1111,"Sancocho de cerdo , arroz blanco , aguacate"
1111,"Plátano verde , leche"
1111,Sopa de chuleta
1111,"Yautía hervida , huevo hervido"
1111,"Arroz con maíz , chuleta frita , plátano maduro pasado por paila"
1111,"Arroz blanco , pollo al horno , ensalada mixta"
1111,"Arroz blanco , bistec de res , habichuela , ensalada de vegetales"
1111,"Guineo hervido , pipián frito"
1111,"Bollo de harina de maíz , pipián frito"
1111,"Yuca , ñame , sardinas"
1111,"Locrio de pollo , chuletas , ensalada de repollo y tomates"
1111,"Arroz blanco , lentejas , longaniza , chuleta frita"
1111,"Arroz blanco , guandules con coco , pollo al horno"
1111,"Salami frito , carne de res"
1111,"Bollo de yuca , bacalao"
1111,"Plátano frito , espaguetis , salchicha frita"
1111,"Chocolate con leche , galleta de soda"
1111,"Leche blanca , galleta de soda"
1111,"Harina de maíz , galleta de soda"
1111,"Arroz blanco , habichuela , carne de res , molondrones guisados"
1111,"Arroz con maíz , hígado guisado"
1111,"Guineo verde frito , batata frita , jamoneta frita"
1111,"Yuca hervida , jamón frito , espaguetis"
1111,"Plátano verde hervido , huevo frito , salami guisado"
1111,"Batata hervida , yuca hervida , salami , huevo frito"
1111,"Arroz blanco , costillita , tayota"
1111,"Moro de habichuela , pastelón , pollo frito"
1111,"Espaguetis blancos con leche y jamón , plátano verde frito"
1111,"Moro de guandules , pollo frito , torrejas de berenjena , ensalada de coditos"
1111,"Guineo , salami , cebolla frita"
1111,"Batata frita , berenjena frita"
1111,"Plátano , yuca , pollo guisado"
1111,"Arroz blanco , chuleta frita , mondongo de cerdo"
1111,"Arroz con maíz , huevo revuelto"
1111,"Guineo hervido , queso crema"
1111,"Arroz integral , pescado al vapor"
1111,"Sándwich integral , jamón de pavo , queso"
1111,"Yautía hervida , jamón de pavo"
1111,"Arroz con fideo , jamón frito , ensalada verde"
1111,"Plátano verde frito , espaguetis , paticas de pollo"
1111,"Puré de papa , huevo hervido , salami guisado"
1111,"Moro de habichuela , cerdo frito , ensalada verde"
1111,"Mangú de plátano , gallina guisada"
1111,Asopado de chuleta y habichuela
1111,"Arroz blanco , guandules , pollo guisado , lasaña"
1111,"Pescado frito , quipe"
1111,"Yuca , carne de cerdo a la plancha"
1111,"Yuca , salami , jamón frito"
1111,"Guineo verde frito , batata , espaguetis"
1111,"Yuca , pollo frito , espaguetis"
1111,"Arroz blanco , espaguetis blancos"
1111,"Plátano maduro , huevo , queso frito"
1111,"Arroz , habichuela , hígado de res guisado"
1111,"Puré de yuca , huevo , arenque"
1111,"Yautía coco , patica de cerdo"
1111,"Locrio de jamón , aguacate"
1111,"Yuca , plátano , chuleta frita"
1111,Castaño o buen pan con queso
1111,"Arroz blanco , cabeza de cerdo"
1111,"Yuca , cabeza de cerdo"
1111,"Ñame , cabeza de cerdo"
1111,"Moro de habichuela , albóndigas de res , berenjena guisada"
1111,"Rulo , tilapia"
1111,"Arroz blanco , habichuela , torrejas de berenjena , aguacate"
1111,"Arroz blanco , mostachones guisados"
1111,"Arroz blanco , guandules con coco guisados"
1111,"Arroz blanco , salami guisado , ensalada de coditos"
1111,"Locrio de longaniza , plátano maduro frito"
1111,"Arroz blanco , guandules , cerdo , aguacate"
1111,"Ensalada de papa , chuleta guisada , torrejas de berenjena"
1111,"Arroz blanco , habichuela , hígado de pollo , ensalada de vegetales"
1111,"Guineo frio , espaguetis , mollejita guisada"
1111,"Guineo frito , mondongo de res guisado"
1111,"Plátano verde frito , queso de hoja"
1111,"Moro de habichuela , pollo frito , ensalada rusa"
1111,"Espaguetis blancos con leche , queso , plátano verde frito"
1111,"Locrio de vegetales , chuleta , tocineta , habichuela"
1111,"Moro de habichuela con coco , bacalao guisado"
1111,"Locrio de carne de cerdo , maíz , ensalada de repollo"
1111,"Guineo , tayota guisada"
1111,"Arroz blanco, habichuela guisada, cerdo guisado, arepitas de yuca"
1111,"Arroz blanco , guandules , cerdo , berenjena"
1111,"Plátano maduro , ñame , guineo verde , espaguetis , carne frita , chuleta"
1111,"Bollo de harina de maíz , longaniza guisada"
1111,"Ensalada verde , tuna"
1111,"Locrio de longaniza , ensalada rusa"
1111,"Guineo hervido , cerdo horneado"
1111,"Yaniqueque , albóndigas , salami"
1111,"Yaniqueque , salami frito , huevo hervido"
1111,"Plátano verde , guineíto , huevo frito"
1111,"Orejitas y tripitas fritas , guineíto verde sancochado"
1111,"Plátano maduro hervido , huevo revuelto"
1111,"Moro de guandules , pollo frito , aguacate"
1111,"Arroz blanco , pollo con espaguetis , guineo maduro"
1111,"Mangú de plátano , arenque"
1111,"Yuca frita , pollo frito"
1111,"Rulo hervido , jaiba con coco guisada"
1111,"Plátano frito , espaguetis , queso frito , huevo hervido"
1111,"Arroz blanco , cerdo guisado , ensalada de repollo y zanahoria"
1111,"Arroz blanco , berenjena guisada , ensalada de repollo"
1111,"Moro de habichuela , cerdo guisado , ensalada de repollo y zanahoria"
1111,"Plátano frito , espaguetis , jamón frito"
1111,"Arroz  blanco , salami guisado , aguacate"
1111,"Arroz blanco , pollo guisado , ensalada verde , aguacate"
1111,"Plátano frito , espaguetis , salami frito"
1111,"Arroz blanco , cebolla frita"
1111,"Galletas , pipián"
1111,"Arroz blanco , habichuela , espaguetis , chuleta"
1111,"Batata frita , jamón frito"
1111,"Arroz blanco , guandules con coco , pechuga empanizada"
1111,"Moro de habichuela , mostachones , ensalada rusa"
1111,"Arroz blanco , carne de cerdo guisada , espaguetis"
1111,"Arroz con maíz , pollo guisado , plátano maduro frito"
1111,"Arroz con vegetales , lasaña"
1111,"Arroz con vegetales , pollo horneado , ensalada verde"
1111,"Moro de guandules , cerdo horneado , ensalada mixta , casabe , aguacate"
1111,"Arroz con fideo , chuleta frita , pastelón de papas"
1111,"Yuca hervida , huevo revolteado"
1111,"Plátano verde , auyama , salami guisado"
1111,"Arroz blanco , pollo guisado , molondrones guisados , cerdo guisado , arepitas de yuca"
1111,"Arroz blanco , habichuela , puré de papa , alitas horneadas , ensalada verde"
1111,"Ñame , guineo , espaguetis"
1111,"Plátano , yuca hervida , longaniza"
1111,"Asopado de pico y pala , carne de res"
1111,"Moro de guandules , carne de res , pollo"
1111,"Sopa de espinacas , coliflor , brócolis y zanahoria"
1111,Crema de auyama
1111,"Arroz amarillo , carne de res , ensalada de tayota , zanahoria y papa"
1111,"Arroz blanco , plátano verde frito , carne salada frita"
1111,"Arroz amarillo , pescado guisado , ensalada de pasta"
1111,"Cocido de pata de cerdo , arroz blanco , plátano verde frito"
1111,"Arroz con maíz , pollo guisado , molondrón , plátano maduro frito"
1111,"Arroz con vegetales , pollo a la plancha , berenjena guisada , ensalada de brocolis"
1111,"Pastelón de papa , carne de res , plátano verde frito , ensalada de pastas"
1111,"Ñame , huevo revuelto"
1111,"Lasaña , carne de cerdo asada , ensalada verde"
1111,"Arroz blanco , huevo revuelto , guineo maduro"
1111,"Batata , avena"
1111,"Locrio de chuleta , huevo"
1111,"Bollo de harina de trigo , pollo"
1111,"Guineo hervido , muslo de pollo frito"
1111,"Domplin , cocote de pollo guisado"
1111,"Guineo verde con cebolla a la vinagreta , pollo horneado , aguacate"
1111,Empanada de jamón y vegetales
1111,"Arroz con maíz , canelones"
1111,"Auyama , yuca ,salami guisado"
1111,"Arroz blanco , pechuga de pollo en salsa blanca"
1111,"Plátano verde frito , espaguetis rojo con leche , chuleta"
1111,"Plátano verde frito, espaguetis rojo, salami y huevo frito"
1111,"Arroz blanco , habichuela , carne de res , plátano maduro frito"
1111,"Locrio de pollo , plátano maduro , ensalada mixta"
1111,"Moro de guandules , cerdo guisado , plátano maduro frito"
1111,"Locrio de chuleta , maíz"
1111,"Arroz blanco , habichuela , pechurina , ensalada codito"
1111,"Moro de habichuela , coditos , queso y jamón"
1111,"Moro de guandules , ensalada verde , ensalada rusa"
1111,"Pan tostado , café"
1111,"Arroz amarillo , cerdo guisado , ensalada rusa"
1111,"Arroz blanco , canelones"
1111,"Arroz con maíz , pastelón de plátano maduro"
1111,"Batata frita , carne salada frita"
1111,"Ensalada hervida , pechuga a la plancha , ensalada de tomate"
1111,"Moro de guandules , chuleta de cerdo , ensalada hervida"
1111,"Papa salteada , pechuga de pollo , ensalada verde"
1111,"Moro de habichuela pollo guisado , ensalada de espiral"
1111,"Moro de habichuela , pollo guisado , ensalada de codito"
1111,"Arroz con maíz , pechurina , ensalada de espiral"
1111,"Locrio de chuleta , habichuela guisada , ensalada de espiral"
1111,"Moro de habichuela , cerdo guisado , plátano maduro frito"
1111,"Guineo sancochado , chocolate de leche"
1111,"Moro de guandules , carne de cerdo , ensalada de repollo , aguacate"
1111,"Locrio de pollo , habichuela , ensalada de repollo y aguacate"
1111,"Plátano frito , salchicha"
1111,"Arroz con maíz , pollo guisado , ensalada hervida"
1111,"Ñame , huevo revuelto , salami frito"
1111,"Mangú de plátano verde , pechuga de pollo a la plancha"
1111,"Arroz con fideo , carne de cerdo , ensalada verde"
1111,"moro de lentejas , carne de cerdo , ensalada verde"
1111,"Arroz amarillo , pollo frito , arepita de maíz"
1111,"Guineo hervido , queso frito , espaguetis"
1111,"Carne de res guisada , vegetales"
1111,"Locrio de jaiba con coco , ensalada verde"
1111,"Plátano verde y maduro , salami"
1111,"Puré de papa , huevo , jamón"
1111,"Arroz con maíz , pollo frito , papa frita , ensalada de pasta"
1111,"Espaguetis guisados , jamón y queso"
1111,"Moro de guandules , jaiba"
1111,"Arroz , guandules , jaiba guisada"
1111,"Arroz blanco , cerdo frito"
1111,"Arroz blanco , huevo frito , salami frito"
1111,"Guineo , yuca , pollo guisado"
1111,Empanada de lasaña
1111,"Moro de guandules , pollo frito , ensalada sancochada"
1111,"Arroz blanco , guandules , pollo asado , ensalada verde"
1111,"Ensalada de coditos , pan"
1111,"Leche , pan , huevo hervido"
1111,"Quipe de pollo , empanada de pollo , pollo frito"
1111,"Arroz navideño , pollo horneado , ensalada de pasta"
1111,"Arroz con fideo , carne de res guisada , ensalada de codito"
1111,"Bollo de harina de maíz , bacalao"
1111,Rabitos de harina blanca
1111,"Mangú de plátano verde , longaniza frita , huevo frito"
1111,"Plátano verde frito , tocino frito"
1111,"Cerdo asado , lasaña , ensalada mixta , pollo asado"
1111,"Ñame blanco , yuca , jamón guisado"
1111,"Yuca , ñame blanco , mantequilla"
1111,"Arepa de harina de trigo , arenque"
1111,"Mangú de plátano verde , pescado guisado con coco"
1111,"Arroz con leche , pan"
1111,"Plátano verde frito , jamoneta , muslo frito"
1111,"Pastelón de plátano maduro relleno de res , ensalada mixta , telera"
1111,"Moro de guandules , cerdo horneado , ensalada verde , ensalada rusa , pastelón de yuca"
1111,"Moro de guandules , pollo horneado , pastelón de plátano maduro"
1111,"Moro de guandules , pollo horneado , ensalada rusa , pastelitos"
1111,"Pollo horneado , cerdo horneado , ensalada rusa , espaguetis , pastel en hoja , empanada de yuca"
1111,"Moro de guandules , pastel en hoja , espaguetis , cerdo asado , ensalada rusa"
1111,"Pastelón de plátano , moro de guandules , ensalada rusa , cerdo , uvas , manzana"
1111,"Moro de guandules , cerdo asado , pastelón de plátano"
1111,"Yuca frita , cerdo horneado"
1111,"Cerdo , ensalada rusa , ensalada verde , pastelón de pasta"
1111,"Moro de guandules con coco , cerdo horneado , ensalada rusa"
1111,"Pastelón de plátano maduro , queso , pollo"
1111,"Espaguetis con salsa , queso , leche , maíz , chuleta"
1111,"Arroz blanco , guandules guisados , bacalao , batata frita"
1111,"Moro de guandules , pollo horneado , ensalada de coditos , ensalada rusa"
1111,"Moro de guandules , pollo horneado , ensalada de coditos , lasaña"
1111,"Locrio de pollo , ensalada de espirales"
1111,"Espaguetis blanco , pollo asado , ensalada mixta"
1111,"Espaguetis rojo , ensalada mixta"
1111,"Mofongo de cerdo y pollo , ensalada verde"
1111,"Plátano , guineo , arenque"
1111,"Mangú de plátano , tuna"
1111,"Papa hervida , pollo asado"
1111,"Pan tostado , café con leche"
1111,Concón
1111,"Domplín , salami guisado , plátano hervido"
1111,"Arroz blanco , bacalao , aguacate"
1111,"Domplín , huevo guisado , salami frito"
1111,"Locrio de pollo , vegetales"
1111,"Moro de guandules , ensalada mixta"
1111,"Arroz con maíz , espagueti guisado"
1111,"Guineo hervido , chorizo guisado"
1111,"Arroz amarillo , brócoli , bacalao"
1111,Asopado de cerdo
1111,"Arroz con pollo , pastelón de plátano maduro , ensalada verde"
1111,"Arroz blanco , guandules , albóndigas"
1111,"Pollo horneado , lasaña"
1111,"Moro de guandules , pollo horneado , lasaña , ensalada rusa"
1111,"Lasaña , ensalada rusa"
1111,"Locrio de fideo , huevo revuelto"
1111,"Yuca , batata , pollo guisado"
1111,"Hotdog , carne molida"
1111,"Arroz frito , pollo agridulce"
1111,"Arroz blanco , guandules guisado , pescado guisado , plátano maduro frito"
1111,"Arroz navideño , pollo horneado , telera , ensalada rusa , pastelón , berenjena, lasaña"
1111,"Moro de guandules , pollo horneado , lasaña , ensalada de pasta"
1111,"Arroz blanco , habichuela guisado , pescado guisado , ensalada pasta"
1111,"Arroz blanco , cerdo horneado , ensalada capressa"
1111,"Arroz navideño , pollo horneado , cerdo horneado , pastel en hoja , lasaña , ensalada pasta"
1111,"Moro de guandules , cerdo horneado , pollo horneado , ensalada rusa"
1111,"Moro de guandules , pollo horneado"
1111,"Moro de guandules , gallina guisada , espaguetis , telera , manzana , uva"
1111,"Moro de habichuela , pipián"
1111,"Moro de guandules , espaguetis , telera"
1111,"Arroz blanco , arvejas , cerdo ahumado"
1111,"Arroz blanco , guandules guisados , lomo de cerdo ahumado"
1111,"Guineo hervido , pollo ahumado"
1111,"Arroz blanco , garbanzo , pollo ahumado"
1111,"Cerdo , pollo , ensalada de papa y zanahoria , espaguetis , telera , uva , manzana"
1111,"Pastelón de plátano maduro , lasaña , espaguetis , pavo horneado , cerdo horneado , pollo horneado , ensalada de codito , ensalada verde , ensalada hervida"
1111,"Arroz blanco , habichuela , pastelón de plátano maduro"
1111,"Ensalada mixta , cerdo asado , manzana , uva"
1111,"Moro de guandules , pastelón de plátano maduro , ensalada rusa"
1111,"Bizcocho , arroz con leche dulce"
1111,"Arroz blanco , lentejas , chuleta"
1111,"Leche con chocolate, sándwich de jamón y queso"
1111,"Picadera de queso , jamón , pastelitos de pollo , quipes , croquetas , pan"
1111,"Pastelón de plátano maduro , espaguetis"
1111,"Moro de guandules , espaguetis , cerdo asado"
1111,"Plátano sancochado , arenque , huevo revuelto"
1111,"Picadera de galletas con aderezo , bizcocho de vainilla , arroz con leche"
1111,"Espaguetis guisado , queso , maíz , chuleta"
1111,"Moro de guandules , cerdo asado , pastelón de plátano maduro , lasaña , ensalada de papa y zanahoria"
1111,"Pastelón de plátano maduro , ensalada de papa , zanahoria y huevo"
1111,"Arroz blanco , ensalada de tayota , zanahoria , huevo y remolacha"
1111,"Moro de guandules , pescado frito , papa , telera"
1111,"Moro de habichuela , cerdo horneado , ensalada rusa"
1111,"Moro de maíz , ensalada mixta , pollo horneado , cerdo horneado , pan , espaguetis , ensalada verde"
1111,"Moro de guandules , cerdo asado"
1111,"Arroz blanco , arepita de yuca , vegetales"
1111,"Cerdo horneado , yuca , bacalao"
1111,Sancocho de cerdo y gallina
1111,"Moro de guandules , pollo horneado , espaguetis , ensalada mixta"
1111,"Moro de guandules , pollo horneado , ensalada mixta , telera"
1111,"Moro de guandules , cerdo asado , ensalada mixta , espaguetis"
1111,"Guineo verde , telera , carne de cerdo , pollo horneado"
1111,"Plátano verde , guineo , yuca , cerne molida de res"
1111,"Plátano verde, guineo , huevo frito"
1111,"Moro de guandules , pollo horneado , ensalada mixta , ensalada verde"
1111,"Moro de guandules , pollo horneado , ensalada mixta , plátano verde frito"
1111,"Cerdo horneado , yuca , plátano"
1111,"Moro de guandules , cerdo horneado , ensalada verde , ensalada mixta"
1111,"Arroz blanco , pollo hervido"
1111,"Moro de guandules , pollo horneado , ensalada verde ,ensalada de coditos"
1111,"Moro de guandules , cerdo asado , ensalada de papa , pastelón de plátano maduro , lasaña"
1111,"Moro de guandules , pollo horneado , cerdo asado"
1111,"Arroz con fideo , pollo frito"
1111,"Pastelón de plátano maduro , pastelón de berenjena , papa a la crema , lasaña"
1111,"Moro de guandules , pollo horneado , lasaña , pastelón de plátano maduro , pastelón de berenjena , pastel en hoja , ensalada de codito , ensalada rusa , ensalada verde ,  cazabe , telera , ensalada de"
1111,Ensalada de papa y zanahoria
1111,"Moro de habichuela , cerdo asado , ensalada mixta"
1111,"Pastel en hoja , pollo asado , espaguetis , empanadas , pastelitos"
1111,"Arroz blanco , pollo horneado , cerdo horneado , pastel en hoja"
1111,"Moro de guandules , pollo horneado , cerdo horneado , pastel en hoja"
1111,"Espaguetis , pollo frito , telera"
1111,"Arroz blanco , guandules con coco , cerdo guisado , ensalada rusa , ensalada verde"
1111,"Arroz blanco , guandules con coco , berenjena guisada con coco"
1111,"Moro de guandules , bacalao , ensalada de papa"
1111,"Moro de guandules con coco , tayota"
1111,"Espaguetis , telera , pollo guisado"
1111,"Guineo frito , pollo frito , yuca"
1111,"Moro de guandules con coco , huevo revolteado"
1111,"Cerdo horneado , pollo horneado , ensalada de codito , pastelón de plátano"
1111,"Moro de guandules , cerdo horneado , pollo horneado , ensalada de papa , espaguetis , pastel en hoja"
1111,"Moro de guandules , cerdo horneado"
1111,"Cerdo horneado , pollo horneado , pastelón de berenjena , ensalada de codito"
1111,"Carne de pollo frita , chicharrón , plátano verde frito , batata frita"
1111,"Moro de guandules . Pollo frito , espaguetis"
1111,"Arroz blanco , pollo frito , ensalada rusa"
1111,"Arroz con maíz , cerdo frito , ensalada rusa , espaguetis"
1111,"Moro de guandules , pollo frito , ensalada rusa , espaguetis"
1111,"Plátano frito verde , guineo , carne de pollo guisado"
1111,"Arroz blanco , guandules con coco , pescado guisado con coco"
1111,"Bollito de harina de maíz , espaguetis"
1111,"Locrio de vegetales , ensalada verde"
1111,"Mangú de plátano , pollo , cerdo , ensalada verde"
1111,"Pastelón , pollo horneado"
1111,"Arroz con vegetales , carne de res , ensalada verde"
1111,"Moro de guandules , pollo asado , ensalada mixta , pan"
1111,"Pollo horneado , espaguetis , ensalada rusa , telera"
1111,"Moro de guandules , tayota guisada , ensalada verde"
1111,"Espaguetis , pollo guisado , telera , ensalada verde, pastel en hoja , arepita de maíz"
1111,"Espaguetis , ensalada rusa , pollo frito"
1111,"Té de jengibre , galleta"
1111,"Moro de guandules , pollo asado , cerdo asado , ensalada rusa , lasaña , uvas , manzana"
1111,"Pollo horneado , espaguetis , pan sobado"
1111,"Ñame , plátano sancochado , atún"
1111,"Pollo horneado , ensalada rusa , pan"
1111,"Niño envuelto (arroz, repollo , carne molida de res)"
1111,"Arroz blanco , cerdo , pollo horneado , ensalada de yuca"
1111,"Moro de guandules , pollo frito , arepitas , ensalada verde , pan , manzana"
1111,"Pollo horneado , cerdo horneado , ensalada mixta"
1111,"Moro de haba , sardina"
1111,"Moro de guandules , pollo horneado , ensalada rusa , telera , manzana"
1111,"Carne de cerdo horneado , espaguetis con vegetales , pan sobado , ensalada verde"
1111,"Moro de habichuela , pollo guisado , ensalada rusa"
1111,"Arroz blanco , pollo horneado , ensalada rusa"
1111,"Carne de res frita , guineo frito"
1111,"Guineo hervido , auyama hervida , salami frito"
1111,"Ñame blanco , aguacate"
1111,"Pollo frito , ensalada rusa , espaguetis , pan sobado"
1111,Moro de guandules con arenque
1111,"Yaniqueque , espaguetis , huevo hervido"
1111,"Moro de vegetales , pollo horneado , empanada de yuca , manzana , uva"
1111,"Moro de guandules , cerdo asado , chicharrones , manzana , uvas , pastelón de ñame"
1111,"Moro de guandules , carne de cerdo horneado , espaguetis guisados"
1111,"Arroz blanco , pollo frito , plátano maduro"
1111,"Carne de cerdo , pollo asado"
1111,"Baba ganush , salsa de berenjena"
1111,"Bollo de harina de maíz , jamón guisado"
1111,"Cerdo asado , espaguetis , lasaña"
1111,"Moro de guandules , pollo horneado , ensalada mixta , ensalada de codito , ensalada verde"
1111,Hojuela de yuca
1111,"Arroz blanco , guandules , pollo guisado , ensalada de tuna"
1111,"Pan , uva , ensalada verde , empanadilla , cerdo , pollo , ensalada rusa , pastel en hoja"
1111,"Pan , ensalada de codito , pollo , manzana , pasa , uva , lasaña , empanadilla , cerdo"
1111,"Pan , cerdo , pollo , lasaña , empanadilla , ensalada de codito , pastel en hoja"
1111,"Pan , cerdo , pollo , pastelón de plátano , empanadilla , ensalada rusa , pastel en hoja"
1111,"Cerdo , espaguetis , telera , ensalada rusa"
1111,"Pollo , telera , lasaña"
1111,"Telera , ensalada rusa , espaguetis , cerdo , pollo horneado"
1111,"Cerdo , ensalada rusa , telera"
1111,"Pollo horneado , ensalada rusa , pastel en hoja , ensalada verde"
1111,"Espaguetis , empanada de yuca con pollo"
1111,"Domplines , salami guisado , aguacate"
1111,"Arroz , espaguetis , manzana , pera , pollo horneado , lasaña , cerdo asado"
1111,"Moro de guandules , pollo horneado , cerdo horneado , ensalada mixta , pastelón de res con papa , pastelón de plátano con res"
1111,"Moro de habichuela , pastelón de papa con carne molida de res , pastelón plátano maduro , pastelón de berenjena , queso , cerdo , pollo , ensalada rusa , ensalada verde"
1111,"Pastelón de plátano maduro con res , aguacate"
1111,"Moro de habichuela con coco , pollo horneado , cerdo asado , espaguetis blancos , ensalada de papa"
1111,"Moro de guandules , cerdo , pollo horneado , ensalada mixta , ensalada verde , pastelón de plátano"
1111,"Arroz blanco , gallina , aguacate"
1111,"Arroz blanco , guandules , cerdo guisado , plátano maduro frito"
1111,Espirales con tuna
1111,"Arroz blanco , pollo horneado , ensalada de espirales con tuna"
1111,"Telera , pollo horneado"
1111,"Arroz blanco , cerdo horneado"
1111,"Espaguetis guisado , cerdo asado , empanada de pollo , ensalada mixta"
1111,"Pollo asado , ensalada mixta , espaguetis , empanada de res , pollo asado , ensalada mixta"
1111,"Moro de guandules , ensalada mixta , espaguetis , empanada de pollo"
1111,"Pollo frito , cerdo , empanada de yuca , ensalada mixta"
1111,"Pastel en hoja , ensalada mixta , pollo horneado , empanada de res"
1111,"Yaniqueque , huevo"
1111,"Papa hervida , chuleta frita"
1111,"Lasaña de res , pollo horneado , espaguetis , pastelón de papa con res , cerdo horneado"
1111,"Arroz blanco , habichuela , cerdo horneado"
1111,"Moro de guandules , empanada , pollo horneado , cerdo , ensalada rusa"
1111,"Locrio de pollo , empanada , ensalada rusa"
1111,Locrio de sardina con maíz
1111,"Empanada de pollo , pollo al horno , ensalada mixta"
1111,"Empanada de res , ensalada mixta"
1111,"Empanada , pastel en hoja , lasaña , cerdo , ensalada mixta"
1111,"Leche con chocolate , telera , pollo horneado"
1111,"Lasaña , pollo horneado"
1111,"Mangú de guineo , res guisada"
1111,"Plátano verde frito , longaniza , espaguetis , yaniqueque"
1111,"Moro de habichuela , lasaña , pollo guisado"
1111,"Plátano frito , batata frita , pescado frito"
1111,"Guineo hervido , pollo hervido"
1111,"Plátano verde , guineo , huevo revuelto"
1111,"Pollo horneado , espaguetis , ensalada rusa , empanada de yuca , pastel en hoja"
1111,"Yuca , hígado de pollo guisado"
1111,"Pollo horneado , empanada de yuca , cerdo horneado , lasaña , ensalada rusa"
1111,"Pollo horneado , empanada de yuca"
1111,"Cerdo horneado , empanada de yuca , espaguetis , ensalada rusa"
1111,"Ensalada de pollo , puré de papa , papas salteadas , chicharrón de pollo , queso frito , chuleta ahumada , guineíto hervido"
1111,"Lasaña de pollo , plátano maduro frito , arroz blanco , pollo horneado , habichuela , moro de guandules , pollo guisado , res guisada , ensalada verde , cerdo guisado"
1111,"Papa hervida , pollo frito"
1111,"Guineo verde hervido , habichuela , pechuga de pollo guisada"
1111,"Telera , ensalada rusa , espaguetis , pastel en hoja , moro de guandules , lasaña , empanadilla de yuca"
1111,"Moro de guandules , pastelón de plátano maduro , cerdo asado , ensalada de coditos , papas , ensalada rusa"
1111,"Pollo asado , cerdo asado , ensalada de huevo , picadera , espaguetis , pan"
1111,"Moro de guandules , ensalada verde , ensalada mixta , pollo frito , guineo hervido"
1111,"Mangú de plátano , huevo hervido , queso blanco"
1111,"Plátano frito , espaguetis , huevo hervido , salami frito , queso blanco"
1111,"Moro de de guandules , cerdo horneado , pollo horneado , pescado frito , ensalada , pastelón"
1111,"Moro de guandules , pollo horneado , ensalada mixta , pastel en hoja"
1111,"Moro de guandules , cerdo asado , ensalada de papa y repollo , pastelón de plátano maduro , casabe"
1111,"Moro de guandules , cerdo asado , pollo , ensalada mixta , guineo verde , telera"
1111,"Arroz amarillo , chuleta frita , plátano maduro frito"
1111,"Moro de guandules , cerdo asado , pollo horneado , lasaña , pastelón de plátano maduro , ensalada de coditos , ensalada rusa , ensalada verde"
1111,"Pollo horneado , cerdo horneado , telera , espaguetis"
1111,"Moro de guandules . cerdo horneado ,  ensalada mixta , ensalada de pollo , pastelón de plátano con res , pan dulce"
1111,"Moro de guandules , pollo horneado , pastel en hoja"
1111,Avena con leche
1111,"pollo horneado , cerdo horneado , pastelito , ensalada rusa"
1111,"Pollo , ensalada rusa , espaguetis"
1111,"Pollo , ensalada de coditos , espaguetis , pastelón de plátano maduro"
1111,"Pollo , cerdo , ensalada mixta , ensalada rusa , telera , quipe , bollitos , pastelón de papa , frutas"
1111,"Moro de guandules , pollo horneado , ensalada mixta"
1111,"Arroz blanco , pollo , ensalada verde , pan"
1111,"Pastelón de plátano maduro , empanada de yuca , pollo , cerdo horneado"
1111,"Pollo asado , ensalada mixta"
1111,"Moro de guandules , cerdo frito , pollo frito , espaguetis , pan , plátano verde frito , ensalada rusa , manzana , uva"
1111,"Mangú de guineo ,  longaniza frita"
1111,"Locrio de pollo , ensalada de coditos y tuna"
1111,"Mangú de guineo , torta de huevo y queso"
1111,"Arroz blanco , res guisado , ensalada mixta"
1111,"Pollo horneado , moro de guandules , ensalada rusa , quipe , espaguetis , pastel en hoja"
1111,"Espaguetis , queso , maíz"
1111,"Salchicha , chuleta , alitas"
1111,"Arroz amarillo con vegetales , ensalada de mostachones"
1111,"Plátano verde , apio guisado"
1111,"Plátano verde , arroz blanco , pollo guisado"
1111,"Locrio de cerdo, espagueti rojo, ensalada verde"
1111,"Bollo de harina de trigo , huevo frito , salami frito"
1111,"Ensalada de vegetales , brocolis , coliflor , zanahoria , tayota , carne de pollo al vapor"
1111,"Arroz blanco , higado de pollo"
1111,"Arepa de harina de maíz , aguacate"
1111,"Arroz blanco , chicharrón guisada , yuca"
1111,"Arroz blanco , lentejas , paticas de cerdo"
1111,"Moro de habichuela , pollo horneado , ensalada mixta , casabe"
1111,"Arroz blanco , pechuga de pollo a la plancha , ensalada de papa y atún"
1111,"Mangú de guineo , huevo envuelto , ala de pollo frito"
1111,"Tripita frita , yuca , guineo"
1111,"Arroz blanco , habichuela , berenjena frita , pechuga hervida con brocoli"
1111,"Arroz blanco , guandules , ensalada verde , aguacate"
1111,"Huevo frito , salami"
1111,Chuleta horneada de cerdo
1111,Salchicha en harina (frita)
1111,Queso frito
1111,Gaseosas servidas por maquinas automáticas
1111,Refrescos servido
1111,Refrescos de dieta servido
1111,Batida de Leche
1111,"Agua purificada servida (Dasani, Planeta Azul y similares)"
1111,Agua mineral servida
1111,Agua de coco servida
1111,Café negro
1111,Café con leche
1111,Guarapo de caña servido
1111,Jugo de avena
1111,Jugo de pera-piña
1111,Jugo sin envasar de cereza
1111,Jugo sin envasar de chinola
1111,Jugo sin envasar de fruit-punch
1111,Jugo sin envasar de granadillo
1111,Jugo sin envasar de guanábana
1111,Jugo sin envasar de jagua
1111,Jugo sin envasar de lechosa
1111,Jugo sin envasar de limón
1111,Jugo sin envasar de melón
1111,Jugo sin envasar de naranja
1111,Jugo sin envasar de piña
1111,Jugo sin envasar de remolacha
1111,Jugo sin envasar de tamarindo
1111,Jugo sin envasar de toronja
1111,Jugo sin envasar de zanahoria
1111,Jugos sin envasar de frutas mezcladas
1111,Leche servida
1111,Té natural
1111,Chocolate de leche
1111,Chocolate de agua
1111,Batida de guineo con leche
1111,Batida de lechosa con leche
1111,Batida de mango con leche
1111,Batida de zapote con leche
1111,Jugo de avena con chinola
1111,Jugo de avena con limón
1111,Jugo de avena con naranja
1111,Jugo sin envasar de carambola
1111,Jugo de naranja agria
1111,Mabí de limón servido
1111,Batida de naranja con leche
1111,Avena preparada
1111,Avena con chocolate
1111,"Jugo verde (manzana, apio, piña)"
1111,Jugo de habichuela
1111,Café con cremora
1111,Jugo sin envasar de Zapote
1111,Jugo sin envasar de Guayaba
1111,Jugo sin envasar de china
1111,Jugo sin envasar de ciruela
1111,Jugo sin envasar de fresa
1111,Jugo de remolacha con avena
1111,Mabí de naranja servido
1111,Jugo sin envasar de fresa con guineo
1111,Yunyun
1111,Jugo de mango natural
1111,Té frio servido
1111,Jugo de chinola con leche
1111,Jugo de avena con leche
1111,Cappuccino
1111,Jugo de china y avena
1111,Batida de fresa
1111,Jugo de trigo
1111,Jugo de cereza con avena
1111,Jugo de guanábana con leche
1111,Jugo de fresa con mango
1111,Jugo de melón con piña
1111,Jugo de maíz con piña
1111,Mabí de bejuco servido
1111,Jugo sin envasar de cereza con leche
1111,Batida de mango con guineo
1111,Jugo sin envasar de avena con zanahoria
1111,Jugo de avena con piña
1111,Jugo de melocotón sin envasar
1111,Jugo de piña y chinola
1111,Jugo de piña con sábila
1111,Batida de mango y piña
1111,Leche saborizada servida
1111,Jugo natural de zanahoria con remolacha
1111,Vaso de yogurt
1111,Batida de fresa con leche
1111,Jugo de limón con leche
1111,"Jugo de chinola, remolacha y avena"
1111,Jugo de chinola y melón
1111,Té infunsiones preparado
1111,Jugo sin envasar de chinola y cereza
1111,Frio-frio
1111,Batida de lechosa y limón
1111,Jugo de fresa con avena
1111,Mabí de naranja con piña
1111,Leche de vaca hervida
1111,Jugo de manzana sin envasar
1111,Batida de guayaba con leche
1111,Batida de granadillo con leche
1111,Jugo de zanahoria con chinola
1111,Jugo de melón con naranja agria
1111,Jugo de caña servido
1111,Mabí de piña servido
1111,Jugo de remolacha con limón
1111,Jugo de naranja agria con avena
1111,Jugo sin envasar de sandía
1111,Jugo sin envasar de zanahoria con leche y avena
1111,Jugo de limón con chinola
1111,Jugo de limón y zanahoria sin envasar
1111,Jugo de guayaba y piña
1111,Jugo de piña con lechosa sin envasar
1111,Mabí de chinola sin envasar
1111,Jugo de remolacha con chinola
1111,Boruga de leche de vaca servida
1111,Mabí de tamarindo
1111,Jugo de níspero sin envasar
1111,Jugo de limón y naranja sin envasar
1111,Jugo de guineo y lechoza sin envasar
1111,Vaso con hielo
1111,Cerveza clara servida
1111,Cerveza con niveles bajos de alcohol servida
1111,Cerveza oscura servida
1111,Ron extra añejo servido
1111,Ron añejo servido
1111,Ron blanco servido
1111,Ron dorado servido
1111,Vodka servido
1111,Whisky servido
1111,Vino blanco servido
1111,Vino moscatel servido
1111,Vino tinto servido
1111,Malta servida
1111,"Cocteles servidos (margarita, mojito y similares)"
1111,Piña colada
1111,Vino rosado servido
1111,Sangría servida
1111,Ponche servido
1120,Servicios de alojamientos vivienda familiar o amigos
1120,Servicios de alojamientos sin alimento en hotel
1120,Servicios de alojamientos con alimento en hotel
1120,Servicios de alojamientos sin alimento en motel
1120,Servicios de alojamientos con alimento en posada
1120,Servicios de alojamientos sin alimento en cabañas y chalés de montaña
1120,Servicios de alojamientos sin alimento en villas o casas de veraneo
1120,Servicios de alojamientos con alimento en  villas o casas de veraneo
1313,Corte de pelo para hombre
1313,Corte de pelo para niño
1313,Corte de pelo para mujer
1313,"Lavado, peinado y secado de pelo"
1313,Aplicación de desrizado
1313,Aplicación de Queratina
1313,Aplicación de tintes o cellophane (celofén)
1313,Aplicación de reflejos (rayitos)
1313,Aplicación de tratamiento profundo de pelo
1313,"Afeitadas, arreglo de barba, Cerquillo"
1313,Arreglo de cejas
1313,Postura de pelo postizo (extensiones)
1313,Arreglo de uñas (Manicure)
1313,Arreglo de pies (Pedicure)
1313,Depilación con cera
1313,Postura de uñas
1313,Retoques de uñas postizas
1313,Servicios de maquillaje
1313,Servicio de pintado de uñas
1313,Limpieza de cutis
1313,Masajes no terapéuticos
1313,Sauna
1313,Tinturado de cejas semi-permanentes
1313,Peeling corporal
1311,Secador de mano (Blower)
1311,Plancha laceadora y rizadora
1311,Secador de pelo (de casco)
1311,Rasuradora eléctrica
1311,Máquinas de cortar el pelo y sus cuchillas
1311,"Set de barbería (rasuradora, peines, afeitadora, etc.)"
1311,Tenaza para el pelo
1311,Servicio de reparación de secadora de cabello
1312,Pañuelos o servilletas de papel (Kleenex y similares)
1312,Toallitas húmedas (Wipers)
1312,Pañales desechables para niños
1312,Tampones femeninos
1312,Toallas sanitarias femeninas
1312,Protectores (Diarios)
1312,Hisopos
1312,Cepillos de dientes
1312,Hilo dental
1312,Rasuradora no eléctricas y hoja de afeitar
1312,Esponjas para bañarse
1312,Limas de uñas
1312,Pañales desechables para adultos
1312,Gorro de baño de plástico
1312,Jabón hipoalergénico
1312,Protectores y filtros solares (bloqueadores)
1312,Jabón para baño
1312,Jabón de azufre
1312,"Jabón liquido (para el baño, las manos, etc.)"
1312,Jabones para bebés
1312,Pasta de dientes
1312,Enjuague bucal
1312,Desodorantes y antitranspirantes
1312,"Perfumes, lociones y esencias"
1312,Tintes para el cabello
1312,Shampoo
1312,Cremas y tratamientos para el cabello
1312,Espuma o mousse para el cabello
1312,Gel para el cabello (Gelatina)
1312,Fijador para el pelo
1312,Gotas para el pelo
1312,Rinse o acondicionador
1312,Crema desrizadora
1312,Vaselina
1312,Rolos
1312,Pinchos de pelo
1312,Peines y cepillos para el cabello
1312,Cepillos de bebé
1312,Aceite para bebé
1312,Cera para depilarse
1312,Banditas depilatorias
1312,"Gel, cremas o espumas para afeitar"
1312,Brochas para afeitarse
1312,Aceites y sales de baño
1312,Aceite de aguacate
1312,Polvo talco perfumado
1312,"Talco, polvo medicado"
1312,Sombras
1312,Esmalte para uñas
1312,Removedor de Esmalte (Acetona)
1312,Cortaúñas
1312,Extensiones sintéticas (Pelo postizo)
1312,Estuche de productos para el pelo (Línea)
1312,Estuche de productos para afeitarse (Set)
1312,"Juego para hacer manicure y pedicure ( artículos: alicates, corta uñas, separador de dedos)"
1312,Redecilla
1312,Crema para cambio de pañales de bebe
1312,Rímel
1312,Lápiz de cejas
1312,Colorete
1312,Pintalabios
1312,Brillo de labios
1312,Lápiz labial (delineador)
1312,Delineador de ojos
1312,Desmaquillador para ojos
1312,Base protectora
1312,Polvos translúcidos o sueltos
1312,Polvos compactos
1312,Crema facial limpiadora
1312,Mascarilla
1312,Escobilla de maquillaje (brochón)
1312,Jabones íntimos
1312,Cellophane (Celofén)
1312,Extensiones naturales (pelo humano)
1312,Crema facial hidratante y nutritiva
1312,Crema facial antiarruga
1312,Crema corporal
1312,Alicate de uñas
1312,Piedra pons (para la mano)
1312,Shampoo para bebé
1312,Cera para el pelo
1312,Jabón de creolina
1312,Jabón antibacterial
1312,Corrector de ojeras
1312,Jabón desinfectante medicado
1312,Living de pelo
1312,Vaselina anti piojo
1312,Estuche de productos de maquillaje (Set)
1312,"Línea de productos faciales (limpiadora, tónico humectante, etc)"
1312,Crema blanqueadora
1390,Servicios sexuales (prostitución)
1321,Juegos de joyas de plata
1321,Collares y cadenas de metales preciosos
1321,Pulseras de metales preciosos
1321,Bisutería
1321,Relojes de pulsera
1321,Relojes de pared
1321,Reparación de relojes
1321,Juego de joyas de fantasía
1321,"Cadenas, collares, pulseras y brazaletes en acero inoxidable"
1321,Collares y cadenas de fantasía
1321,Aretes de fantasía
1321,Pulseras de fantasía
1321,Guillos de fantasía
1321,Anillos de fantasía
1321,Aretes de gold filled
1321,Aretes de plata
1321,Aretes de oro
1321,Anillo de plata
1312,Lacitos
1322,Artículos religiosos y de santería
1312,Agarradores de pelo
1312,Cintillos
1312,Cintas para el pelo
1312,"Lazo, lacitos, gomas y bolitas para pelo"
1329,Hookah
1329,Lentes de sol (gafas)
1329,Bultos
1329,Loncheras
1329,Mochila
1329,Cargador de bebe (Silla para carros)
1329,Coche de bebe
1329,Silla vibradora de bebe
1329,Manta de bebe
1329,Cartera para mujer de piel
1329,Cartera para mujer de material sintético
1329,Cartera para mujer de tela u otro material
1329,Cartera para hombre de piel
1329,Cartera para hombre de material sintético
1329,Cartera para hombre de tela u otro material
1329,Andador para bebé
1329,Cover para celulares
1312,Pelucas (no disfraz)
1329,Monederos
1329,Protector de pantalla de celular
1329,Cigarrillo electrónico
1329,Encendedor
1329,Paragua
1329,Sombrilla
1329,Bastón no ortopédico
1329,Maletas
1329,Baúl
1329,Sillas de niño
1329,"Combo (coche, corral y andador)"
1330,Residenciales de ancianos y discapacitados
1330,Centros de rehabilitación
1330,Servicio de cuidado de niños en otro hogar
1330,Inscripción en guardería
1330,Cuota de guardería
1212,Pago de cuota de seguro médico
1212,Cuota mutual de servicios médicos
1214,Seguros de vehículo de motor
1214,Seguro de motocicletas
1214,Pagos por daños ocasionados a terceros
1214,"Seguro de responsabilidad civil por lesiones, daños a tercero"
1211,"Cuota de previsión de servicios funerarios, servicios mutuales"
1219,Pago por seguro de tarjeta de crédito
1221,Costo o renovación de tarjeta de crédito o débito
1221,Pago de servicios de cajero automático
1229,Comisión por consulta de saldo
1229,Comisión por transferencia a terceros
1221,Pago por administración de productos financieros
1390,Alquiler de mobiliario y equipo para el hogar para fiestas
1390,Honorarios servicios de abogados
1390,Honorarios servicios de notario
1390,Servicios funerarios
1390,Fotocopias y otras reproducciones de documentos
1390,Pago emisión acta de nacimiento
1390,Trámite de la Cédula de identidad (incluye renovación)
1390,Trámite para obtención del pasaporte (incluye renovación)
1390,"Pagos por servicios de: agencias matrimoniales, detectives."
1390,"Pagos por servicios de: celebraciones religiosas (bodas, bautizos)"
1390,"Pagos por servicios de: trabajos y ayudas espirituales, astrales."
1390,Pago por servicios para celebración de cumpleaños
1390,Pago de licencia de porte de armas de fuego
1390,Pago de licencia de tenencia de armas de fuego
1390,Pago de visa
1390,Servicio de limpieza y mantenimiento de tumbas
1390,Paquete para matrimonio
1390,Servicios de elaboración y decoración en globos
1390,Cedulación para extranjeros residentes
1390,Documento de regularización migratoria
1390,Deslinde de tierra
1390,Honorario servicio de contador
1390,Servicio profesional de ingeniero
1390,Pago certificado médico
1390,Trámite para residencia o cuidadanía
1390,Renovación de carnet de abogado
1390,Prueba balística (impuesto)
1329,Nicho o concavidad para ataúd
1390,Digitación de trabajos
0724,Revista de vehículo
0724,Marbete de vehículo
0421,Alquiler imputado
0111,Masa de maíz
0111,Tortilla de maíz
0111,Tostadas
0111,Otros productos de maíz
0111,Tortilla de harina
0111,Pasta para sopa
0111,"Pan blanco: bolillo, telera, baguete, etcétera"
0111,Pan dulce en piezas
0111,Pan dulce empaquetado
0111,"Pan para sándwich, hamburguesa, hot-dog y tostado"
0111,Pasteles y pastelillos en piezas o a granel
0111,Pasteles y pastelillos empaquetados
0111,Otros productos de trigo
0111,Arroz en grano
0111,Otros productos de arroz
0111,"Cereal de maíz, de trigo, de arroz, de avena, de granola, etcétera"
0119,"Botanas: frituras, palomitas, cheetos, doritos etcétera (excepto papas)"
0119,Sopas instantáneas
0111,Otros cereales
0112,Bistec de res (de cualquier parte que se saque)
0112,"Arrachera, filete"
0112,Milanesa de res
0112,Chamorro de res
0112,Chuleta de costilla de res
0112,"Agujas, aldilla, chambarete, diezmillo, espinazo, fajilla de res para asar, retazo, tampiqueia"
0112,Cocido de res
0112,Cortes especiales de res
0112,Hamburguesas de res para asar
0112,Molida de res
0112,Pulpa de res en trozo
0112,Carne de otras partes de la res
0112,Vísceras de res
0112,Bistec de puerco (de cualquier parte que se saque)
0112,Pierna de puerco en trozo
0112,Pulpa de puerco en trozo
0112,Molida de puerco
0112,Costilla y chuleta de puerco
0112,Espaldilla de puerco
0112,Codillo de puerco
0112,Carne de otras partes del puerco
0112,Vísceras de puerco
0112,Carne enchilada
0112,Chicharrón de puerco
0112,Chorizo con cualquier condimento y color y longaniza
0112,Chuleta ahumada de puerco
0112,Machaca y carne seca
0112,Jamón de puerco
0112,"Mortadela, queso de puerco y salami, bolonia de carnes surtidas"
0112,Lardo procesado (tocino)
0112,Salchichas y salchichón
0112,Otras carnes procesadas
0112,"Pierna, muslo o pechuga de pollo con hueso"
0112,"Pierna, muslo o pechuga de pollo sin hueso"
0112,"Pollo entero o en piezas excepto, pierna, muslo y pechuga"
0112,Vísceras y otras partes del pollo
0112,"Chorizo de pollo, jamón y nugget, salchicha, mortadela, etcétera"
0112,Borrego: carnero y borrego
0112,Chivo y cabrito
0112,"Otras carnes: caballo, conejo, iguana, jabalí, rana, tortuga, venado"
0113,Pescado entero limpio y sin limpiar
0113,Filete de pescado
0113,Atún enlatado
0113,Salmon y bacalao procesado
0113,"Pescado ahumado, seco, nugget, sardina, etcétera"
0113,"Anguilas, angulas, hueva de pescado, mantarraya, pejelagarto, etcétera"
0113,Camarón fresco
0113,Mariscos frescos
0113,Mariscos procesados
0114,Leche pasteurizada de vaca
0119,Leche modificada o maternizada
0114,Leche no pasteurizada (leche bronca)
0114,"Otras leches: de burra, de cabra, de soya"
0114,Queso amarillo en rebanadas o para untar
0114,Queso añejo y cotija
0114,Queso chihuahua
0114,Queso fresco
0114,Queso oaxaca o asadero
0114,Crema
0114,Bebidas fermentadas de leche
0114,Otros derivados de la leche
0114,Huevo de gallina blanco y rojo
0114,"Otros huevos: codorniz, pata, pava etcétera"
0115,"Aceite vegetal: canola, cártamo, girasol, maíz, etcétera"
0115,"Aceite de coco, oliva, soya"
0115,Manteca de puerco
0115,"Otros aceites: de bacalao, de tiburón, de tortuga, enjundia"
0117,Betabel y camote
0117,Papa
0117,Otros tubérculos
0117,Harina para pure de papa
0117,Papas fritas en bolsa o a granel
0117,"Acelgas, espinacas y verdolagas"
0117,Brócoli
0117,Calabacita y calabaza
0117,Cebolla
0117,Chayote
0117,Chácharo
0117,Chile jalapeño
0117,Chile poblano
0117,Chile serrano
0117,Otros chiles
0117,Col y repollo
0117,Ejote
0111,Elote
0119,Epazote
0117,Jitomate
0117,Lechuga
0117,Nopal
0119,Perejil y yerbabuena
0117,Tomate verde
0117,Otras verduras
0111,"Germinados de maíz, de soya, de trigo"
0117,Chiles envasados
0117,Chile secos o en polvo
0117,Verduras y legumbres envasadas
0117,Verduras y legumbres congeladas
0117,Frijol en grano
0117,Garbanzo en grano
0117,Haba amarilla o verde en grano
0117,Lenteja en grano
0117,Otras leguminosas en grano
0117,Frijol procesado
0117,Otras leguminosas procesadas
0119,Semillas a granel
0119,Semillas envasadas
0119,Semillas procesadas
0116,"Anona, chirimoya, guanábana"
0116,"Cereza, frambuesa, fresa, zarzamora"
0116,"Chabacano, durazno, melocotón"
0116,Chicozapote y mamey
0116,Ciruela y jobo
0116,Lima
0116,"Mandarina, nectarina, tangerina"
0116,Manzana y perón
0116,Melón
0116,Papaya
0116,Pitahaya y tuna
0117,Plátano macho y de castilla
0117,Plátano verde y tabasco
0117,"Otros plátanos (chiapas, dominico, guineo, manzano, dorado, portalimon y roatan)"
0116,Sandia
0116,Uva
0116,"Otras frutas: garambullo, granada, higo, jícama, kiwi, etcétera"
0116,Frutas en almíbar y conserva
0116,"Frutas cristalizadas, enchiladas y secas"
0118,Azúcar blanca y morena
0118,Miel de abeja
0118,Otras azucares y mieles
0122,Café tostado en grano molido
0122,Café tostado soluble
0123,Flor y hojas para te
0123,Te soluble (cualquier sabor)
0118,Chocolate en tableta
0118,Chocolate en polvo
0118,Otros chocolates
0119,Canela
0119,Clavo
0119,Yerbas de olor
0119,Concentrados de pollo y tomate
0119,Mole en pasta o en polvo
0119,Sal
0119,Salsas dulces y picantes
0119,Vinagre
0119,"Otros aderezos, especies y salsas"
0119,"Cereal de arroz, avena, plátano, manzana, mixto para bebe"
0119,Papillas para bebe
0119,Jugos de frutas y verduras de cualquier combinación para bebe
0119,Pizzas preparadas
0119,Barbacoa y birria
0119,Carnitas
0119,Pollo rostizado
0119,"Otros alimentos preparados: atole, flautas, guisados, hot-dog, emparedados, sopas, tacos, tamales, tortas, sopes, menudo, pozole, arroz con leche, etcétera"
0117,"Hongos frescos: champiñones, huitlacoche y setas"
0112,"Insectos: chapulines, chinicuiles, escamoles, gusanos de maguey, hormigas (chicatana), jumiles"
0118,"Flanes, gelatinas y pudines en polvo"
0114,"Cajetas, dulces de leche, jamoncillos y natillas"
0118,"Ates, crema de cacahuate, jaleas, mermelada"
0118,"Helados, nieves y paletas de hielo"
0118,Otras golosinas
0562,Molienda de nixtamal
0562,Otros gastos relacionados con la preparación de alimentos
0932,Alimento para animales domésticos
0932,Alimento para animales para uso del hogar
0125,Agua natural embotellada
0125,"Agua mineral, quina, desmineralizada con o sin sabor"
0121,Agua preparada y jugos naturales
0121,Jugos y néctares envasados
0129,Concentrados y polvos para preparar bebidas
0126,Refrescos de cola y de sabores
0129,Bebida energética
0129,"Bebidas fermentadas de maíz, hielo, jarabe natural, lechuguilla, sangrita, tascalate, tepache y tuba"
0211,Coñac y brandy
0211,Anís (licor)
0212,Jerez
0211,Licor o cremas de frutas
0211,"Aguamiel, pulque, tlachique"
0211,"Aguardiente, alcohol de caña, charanda, mezcal"
0211,"Ron añejo, blanco, con limón"
0219,Rompope
0211,"Tequila añejo, azul y blanco"
0212,"Vino de mesa blanco, rosado, tinto"
0219,Bebida alcoholica preparada
0212,Otras bebidas alcoholicas: champaña
0230,Cigarros
0230,Puros
0230,Tabaco en hoja y picado
0731,Metro o tren ligero
0732,Autobus
0731,Trolebús o metrobus
0732,"Colectivo, combi o microbus"
0732,"Taxi, radio-taxi (sitio)"
0732,Autobus foraneo
0734,"Otros transportes: lancha, panga o peaje"
0561,"Detergentes (polvo, liquido, pasta, gel)"
0561,Jabón de barra
0561,Blanqueadores
0561,Suavizantes de telas
0561,Limpiadores (en polvo o liquido)
0561,Servilletas y papel absorbente
0561,"Platos y vasos desechables, papel aluminio y encerado"
0561,"Escobas, trapeadores, recogedor"
0561,"Fibras, estropajos, escobetas, pinzas para ropa, lazos"
0561,Jergas y trapos de cocina
0561,Cerillos
0552,Pilas
0552,Focos
0561,Cera y limpia muebles
0561,"Insecticidas liquido, en polvo, pastilla, raid eléctrico"
0561,Desodorante ambiental y sanitario
0540,"Recipientes de lamina (cubetas, tinas, etcétera)"
0540,"Recipientes de plástico (cubetas, tinas, mangueras, etcétera)"
0540,Otros artículos
0562,Servicio domestico
0562,Lavandería
0562,Tintorería
0562,Jardinería
0562,"Otros servicios: fumigación, etcétera"
1312,Lociones y perfumes
1312,Pasta dental y enjuague bucal
1312,Hilo y cepillo dental
1312,"Champús, enjuagues, tratamiento para el cabello"
1312,Tintes y líquidos para permanente
1312,Desodorante y talco
1312,Bronceadores y bloqueadores
1312,"Crema para el cuerpo, para la cara y tratamiento facial"
1312,"Gel, spray, mousse para el cabello"
1312,Crema para afeitar y rastrillos
1312,"Cosméticos, polvo y maquillaje sombra, lápiz labial, delineador de ojos, etcétera"
1312,"Papel sanitario, pañuelos desechables"
1312,Toallas sanitarias
1312,Pañales desechables
1312,Artículos de tocador para bebe
1312,Cepillos y peines
1311,"Artículos eléctricos: rasuradora, secadora, etcétera"
1311,Reparación y/o mantenimiento de los artículos anteriores
1312,"Otros: donas y mariposas para el cabello, limas de uñas, pasadores, etcétera"
1313,Corte de cabello y peinado
1313,Baños y masajes
1313,Permanentes y tintes
1313,Manicure
1313,"Otros servicios: rasurar, depilar, etcétera"
1010,Preescolar
1010,Primaria
1020,Secundaria
1030,Preparatoria o bachillerato
1040,Profesional
1040,Maestría y doctorado
1010,Estancias infantiles (excepto preprimaria)
1050,Enseñanza adicional
1010,Educación especial para discapacitados
1120,Internados
0562,Cuidado de niños (persona particular)
0971,Libros para la escuela
0813,"Equipo escolar: maquinas de escribir, calculadora, etcétera"
1040,"Pago de imprevistos para educación técnica, como: derecho a examen, cursos de regularización, etcétera"
0974,Material para la educación adicional
0813,Reparación y/o mantenimiento de equipo escolar
0971,Enciclopedia y libros (excluya los de la escuela)
0972,Periódicos
0972,Revistas
0952,"Audiocasetes, discos y discos compactos"
0961,Cines
0961,Teatros y conciertos
1111,"Centros nocturnos (incluye alimentos, bebidas, tabaco, entrada, propinas, etcétera)"
0946,Espectáculos deportivos
0947,Lotería y juegos de azar
0946,"Cuotas a centros sociales, asociaciones, clubes, etcétera"
0831,Instalación de la línea de teléfono particular
0812,"Teléfonos celulares, pago inicial y equipo"
0832,Compra de tarjeta para servicio de teléfono celular
0831,Teléfono publico
0741,"Estampillas para correo, paquetería, telégrafo"
0833,"Otros servicios: Internet publico, fax publico, etcétera"
0722,Gasolina Magna
0722,Gasolina Premium
0722,Diesel y gas
0722,Aceites y lubricantes
0723,Reparación de llantas
0724,Pensión y estacionamiento
0723,Lavado y engrasado
0723,"Otros servicios: encerado, inflado de llantas, etcétera"
0412,Alquiler de terrenos
0442,Recolección de basura
0431,Cuotas de vigilancia
0444,Cuotas de administración
0444,Otros servicios
0452,Gas licuado de petróleo
0453,Petróleo
0453,Diesel
0454,Carbón
0455,Combustible para calentar
0561,Velas y veladoras
0454,"Otros combustibles: cartón, papel, etcétera"
0411,Renta o alquiler de la vivienda
0421,Estimación del alquiler de la vivienda que es prestada
0421,Estimación del alquiler de vivienda propia y se esta pagando
0421,Estimación del alquiler de la vivienda que es propia
0421,Estimación del alquiler de vivienda intestada o en litigio
0421,Estimación del alquiler de la vivienda en otra situación
0312,Pantalones para niño de 0 a 4 años
0312,"Trajes, sacos, conjuntos, abrigos, gabardinas e impermeables para niño de 0 a 4 años"
0312,Camisas para niño de 0 a 4 años
0312,Playeras para niño de 0 a 4 años
0312,Camisetas para niño de 0 a 4 años
0312,"Suéteres, sudaderas y chambritas para niño de 0 a 4 años"
0312,Pants para niño de 0 a 4 años
0312,Trusas y bóxer para niño de 0 a 4 años
0312,"Calcetines, calcetas y tines para niño de 0 a 4 años"
0312,Calzones de hule para niño de 0 a 4 años
1329,Pañales de tela para niño de 0 a 4 años
0314,"Telas, confecciones y reparaciones para niño de 0 a 4 años"
0313,"Otras prendas de vestir: baberos, delantales, fajillas, batas, pijamas, etcétera para niño de 0 a 4 años"
0312,Pantalones para niña de 0 a 4 años
0312,"Trajes, sacos, conjuntos, abrigos, gabardinas e impermeables para niña de 0 a 4 años"
0312,Vestidos y faldas para niña de 0 a 4 años
0312,Playeras para niña de 0 a 4 años
0312,Camisetas para niña de 0 a 4 años
0312,"Suéteres, sudaderas y chambritas para niña de 0 a 4 años"
0312,Blusas para niña de 0 a 4 años
0312,Pants para niña de 0 a 4 años
0312,Pantaletas para niña de 0 a 4 años
0312,"Calcetas, tobilleras y tines para niña de 0 a 4 años"
0312,Calzones de hule para niña de 0 a 4 años
1329,Pañales de tela para niña de 0 a 4 años
0314,"Telas, confecciones y reparaciones para niña de 0 a 4 años"
0313,"Otras prendas de vestir: baberos, delantales, fajillas, batas, pijamas, etcétera ( para niña de 0 a 4 años"
0312,Pantalones para niño de 5 a 17 años
0312,Camisas para niño de 5 a 17 años
0312,Playeras para niño de 5 a 17 años
0312,"Trajes, sacos, abrigos, gabardinas e impermeables para niño de 5 a 17 años"
0312,Chamarras para niño de 5 a 17 años
0312,Suéteres y sudaderas para niño de 5 a 17 años
0312,Trusas y bóxer para niño de 5 a 17 años
0312,Camisetas para niño de 5 a 17 años
0312,"Calcetines, calcetas y tines para niño de 5 a 17 años"
0312,Pants para niño de 5 a 17 años
0314,"Telas, confecciones y reparaciones para niño de 5 a 17 años"
0312,"Otras prendas de vestir para hombre: corbatas, batas, pijamas, etcétera para niño de 5 a 17 años"
0313,Pantalones para niña de 5 a 17 años
0312,Blusas para niña de 5 a 17 años
0312,Playeras para niña de 5 a 17 años
0312,"Trajes, sacos, conjuntos, abrigos, gabardinas e impermeables para niña de 5 a 17 años"
0312,Vestidos para niña de 5 a 17 años
0312,Faldas para niña de 5 a 17 años
0312,Suéteres y sudaderas para niña de 5 a 17 años
0312,Chamarras para niña de 5 a 17 años
0312,"Calcetas, tobilleras, tines y mallas para niña de 5 a 17 años"
0312,Pantaletas y fajas para niña de 5 a 17 años
0312,Brassieres para niña de 5 a 17 años
0312,Fondos y corpiños para niña de 5 a 17 años
0312,"Medias, pantimedias y tobimedias para niña de 5 a 17 años"
0312,Pants para niña de 5 a 17 años
0314,"Telas, confecciones y reparaciones para niña de 5 a 17 años"
0312,"Otras prendas de vestir para mujer: rebozo, pijamas, camisones, batas, etcétera para niña de 5 a 17 años"
0312,Pantalones para hombre de 18 o más años
0312,Camisas para hombre de 18 o más años
0312,Playeras para hombre de 18 o más años
0312,"Trajes, sacos, conjuntos, abrigos, gabardinas e impermeables para hombre de 18 o más años"
0312,Suéteres y sudaderas para hombre de 18 o más años
0312,Chamarras para hombre de 18 o más años
0312,Trusas y bóxer para hombre de 18 o más años
0312,Camisetas para hombre de 18 o más años
0312,"Calcetines, calcetas y tines para hombre de 18 o más años"
0312,Pants para hombre de 18 o más años
0314,"Telas, confecciones y reparaciones para hombre de 18 o más años"
0312,"Otras prendas de vestir para hombre: corbatas, batas, pijamas, etcétera para hombre de 18 o más años"
0312,Pantalones para mujer de 18 o más años
0312,Blusas para mujer de 18 o más años
0312,Playeras para mujer de 18 o más años
0312,"Trajes, sacos, conjuntos, abrigos, gabardinas e impermeables para mujer de 18 o más años"
0312,Vestidos para mujer de 18 o más años
0312,Faldas para mujer de 18 o más años
0312,Suéteres y sudaderas para mujer de 18 o más años
0312,Chamarras para mujer de 18 o más años
0312,"Calcetas, tobilleras, tines y mallas para mujer de 18 o más años"
0312,Pantaletas y fajas para mujer de 18 o más años
0312,Brassieres para mujer de 18 o más años
0312,Fondos y corpiños para mujer de 18 o más años
0312,"Medias, pantimedias y tobimedias para mujer de 18 o más años"
0312,Pants para mujer de 18 o más años
0314,"Telas, confecciones y reparaciones para mujer de 18 o más años"
0312,"Otras prendas de vestir para mujer: rebozos, pijamas, camisones, batas, etcétera para mujer de 18 o más años"
0321,Zapatos para niño de 0 a 4 años
0321,Botas para niño de 0 a 4 años
0321,Tenis para niño de 0 a 4 años
0321,Huaraches para niño de 0 a 4 años
0321,Sandalias para baño o descanso para niño de 0 a 4 años
0321,Pantuflas para niño de 0 a 4 años
0321,Zapatos y sandalias para vestir para niña de 0 a 4 años
0321,Botas para niña de 0 a 4 años
0321,Tenis para niña de 0 a 4 años
0321,Huaraches para niña de 0 a 4 años
0321,Sandalias para baño o descanso para niña de 0 a 4 años
0321,Pantuflas para niña de 0 a 4 años
0321,Zapatos para niño de 5 a 17 años
0321,Botas para niño de 5 a 17 años
0321,Tenis para niño de 5 a 17 años
0321,Huaraches para niño de 5 a 17 años
0321,Sandalias para baño o descanso para niño de 5 a 17 años
0321,Pantuflas para niño de 5 a 17 años
0321,Zapatos y sandalias para vestir para niña de 5 a 17 años
0321,Botas para niña de 5 a 17 años
0321,Tenis para niña de 5 a 17 años
0321,Huaraches para niña de 5 a 17 años
0321,Sandalias para baño o descanso para niña de 5 a 17 años
0321,Pantuflas para niña de 5 a 17 años
0321,Zapatos para hombre de 18 o más años
0321,Botas para hombre de 18 o más años
0321,Tenis para hombre de 18 o más años
0321,Huaraches para hombre de 18 o más años
0321,Sandalias para baño o descanso para hombre de 18 o más años
0321,Pantuflas para hombre de 18 o más años
0321,Zapatos y sandalias para vestir para mujer de 18 o más años
0321,Botas para mujer de 18 o más años
0321,Tenis para mujer de 18 o más años
0321,Huaraches para mujer de 18 o más años
0321,Sandalias para baño o descanso para mujer de 18 o más años
0321,Pantuflas para mujer de 18 o más años
0322,Servicio de limpieza y reparación de calzado
0322,Crema para calzado
0321,"Otros: agujetas, cepillos, etcétera"
1329,Bolsas
1329,"Cinturones, carteras y monederos"
0313,Diademas
1329,"Encendedores, cigarreras y polveras"
1321,Joyería de fantasía
1321,Relojes de pulso
0313,"Sombreros, gorros y cachuchas"
1329,"Otros accesorios: lentes oscuros, etcétera"
1329,Artículos y accesorios para el cuidado del bebé
1329,Reparación y/o mantenimiento de los artículos anteriores
0312,"Uniformes y prendas de vestir para actividades educativas, artísticas y deportivas"
0312,Prendas de vestir para eventos especiales derivados de la educación
0314,"Telas, confecciones y reparaciones"
0540,"Vajilla completa de cristal, barro, plástico, etcétera"
0540,"Piezas sueltas de vajilla de cristal, barro, plástico, etcétera"
0540,Recipientes o cajas de plástico para la cocina
0540,"Vasos, copas y jarras de cristal, plástico, cerámica, etcétera"
0540,Cubiertos
0931,"Plantas y flores artificiales, objetos de cerámica, orfebrería, porcelana, y otros artículos decorativos"
0521,"Accesorios de hule y plástico: jabonera, tapetes, espejos, etcétera."
0511,Reloj de pared o mesa
0540,Batería de cocina y piezas sueltas
0540,Olla express
0532,"Otros utensilios: tijeras, abrelatas, pinzas para hielo, etcétera."
0553,Reparación y/o mantenimiento de los artículos anteriores
0511,Colchones
0521,Cobertores y cobijas
0521,Fundas
0521,"Colchas, edredones"
0521,Manteles y servilletas
0314,"Telas, confecciones y reparaciones de artículos anteriores"
0313,"Hilos, hilazas y estambres"
0561,"Agujas, cierres, botones y broches"
0521,"Otros artículos: hamacas, almohadas, cojines, etcétera."
0631,"Honorarios por servicios profesionales: cirugía, anestesia, etcétera, durante el parto"
0631,"Hospitalización, durante el parto"
0641,"Análisis clínicos y estudios médicos: Rayos X, ultrasonido, etcétera, durante el parto"
0631,"Medicamentos recetados y material de curación, durante el parto"
0631,"Servicios de partera, durante el parto"
0642,"Otros: servicio de ambulancia, etcétera, durante el parto"
0621,"Consultas médicas, durante el embarazo"
0622,"Consultas, placas, puentes dentales y otros, durante el embarazo"
0611,"Medicamentos recetados, durante el embarazo"
0611,"Vitaminas y complementos alimenticios, durante el embarazo"
0641,"Análisis clínicos y estudios médicos: rayos X, ultrasonidos, durante el embarazo"
0631,Hospitalización durante el embarazo (no parto)
0621,"Servicios de partera, durante el embarazo"
0611,"Hierbas medicinales, remedios caseros, etcétera, durante el embarazo"
0623,Consultas médico general
0623,"Consultas médico especialista (pediatría y ginecología, etcétera.)"
0622,"Consultas dentales (placas dentales o prótesis dentales, etcétera.)"
0641,Análisis clínicos y estudios médicos: rayos X
0611,"Medicamentos recetados para: diarrea, infecciones y malestar estomacal"
0611,Medicamentos recetados para: gripe
0611,Medicamentos recetados para: piel
0611,Medicamentos recetados para: alergias
0611,Medicamentos recetados para: tos
0611,Medicamentos recetados para: infecciones de la garganta
0611,Medicamentos recetados para: fiebre
0611,Medicamentos recetados para: inflamación
0611,Medicamentos recetados para: otras infecciones (antibióticos)
0611,Medicamentos recetados para: dolor de cabeza y migraña
0611,Medicamentos recetados para: otro tipo de dolores
0611,Medicamentos recetados para: presión arterial
0611,Medicamentos recetados para: diabetes
0611,Medicamentos recetados para: vitaminas
0611,Medicamentos recetados para: anticonceptivos
0611,Otros medicamentos recetados
0621,Consultas médicas para el control de peso
0611,Medicamentos y productos para el control de peso
0621,Tratamiento para el control de peso
0623,"Honorarios por servicios profesionales: cirujano, anestesista, etcétera."
0631,Hospitalización
0641,"Análisis clínicos y estudios médicos (rayos X, electros, etcétera.)"
0611,Medicamentos recetados y material de curación
0611,"Medicamentos sin receta para: diarrea, infecciones y malestar estomacal"
0611,Medicamentos sin receta para: gripe
0611,Medicamentos sin receta para: piel
0611,Medicamentos sin receta para: alergias
0611,Medicamentos sin receta para: tos
0611,Medicamentos sin receta para: infecciones de la garganta
0611,Medicamentos sin receta para: fiebre
0611,Medicamentos sin receta para: inflamación
0611,Medicamentos sin receta para: otras infecciones (antibióticos)
0611,Medicamentos sin receta para: dolor de cabeza y migraña
0611,Medicamentos sin receta para: otro tipo de dolores
0611,Medicamentos sin receta para: vitaminas
0611,Medicamentos sin receta para: presión arterial
0611,Medicamentos sin receta para: diabetes
0611,Medicamentos sin receta para: anticonceptivos
0611,Otros medicamentos sin receta
0612,"Algodón, gasas, vendas, etcétera."
0611,"Alcohol, merthiolate, solución antiséptica, etcétera"
0623,"Consultas con el curandero, huesero, quiropráctico, etcétera"
0611,"Medicamento naturista, hierbas medicinales, remedios caseros"
0611,Medicamento homeopático
0613,Anteojos y lentes de contacto
0613,Aparatos para sordera
0613,"Aparatos ortopédicos y para terapia, silla de ruedas, andadera, muletas, etcétera"
0614,Reparación y mantenimiento de aparatos ortopédicos
0623,"Otros: pago de enfermeras y personal al cuidado de enfermos, terapias, etcétera"
1212,Cuotas a compañías de seguros
1212,Cuotas de seguro popular
0532,Ventilador
0811,"Identificador de llamadas, fax, etc."
0531,Aparatos de aire acondicionado para casa (incluye refrigeración o clima)
0531,Máquina de coser y accesorios
0511,Cocina integral
0531,Estufa de gas
0531,"Estufa de otro combustible: electricidad, petróleo"
0531,Refrigerador
0532,Batidora
0532,Plancha
0532,Extractor de jugos
0531,Horno de microondas
0531,Lavadora
0531,Calentador de gas
0531,Calentador de otro combustible
0552,Lámparas eléctricas (incluye candiles)
0552,Lámparas de otro combustible
0452,Tanque de gas e instalación
0551,"Lavadero, tinaco y bomba de agua"
0531,Compra e instalación de paneles solares y planta de luz propia
0533,"Reparación, y/o mantenimiento de los artículos anteriores"
0511,Juego de recámara
0511,"Piezas sueltas de recámara: camas, tocadores, literas, etcétera"
0511,Juego de comedor o antecomedor
0511,"Piezas sueltas para comedor o antecomedor (mesas, sillas)"
0511,Juego de sala
0511,Piezas sueltas para sala (mesa de centro) Muebles
0511,"Muebles para cocina (gabinete, mesa, etcétera)"
0511,"Muebles para baño (taza, tina, tina de hidromasaje, etcétera)"
0511,Muebles para jardín
0511,Alfombras y tapetes
0511,"Otros muebles: libreros, escritorio, mesa para televisión, etcétera"
0512,Reparación y/o mantenimiento de los artículos anteriores
0512,Materiales para reparación y mantenimiento
0512,Servicios de reparación y mantenimiento
0814,Radio y radio despertador
0814,Estéreo y modular
0814,Grabadora
0814,Televisión blanco y negro (incluye portátil)
0814,"Televisión color (incluye portátil), LCD y plasma"
0814,Lector de DVD y Blu-Ray (incluye portátil)
0813,Computadora
0819,"Accesorios para computadora (mouse, memorias USB, etc.)"
0814,"Decodificador de T.V., control remoto, etcétera"
0814,"Accesorios: bocinas, audífonos, antena área, control remoto, etc."
0921,"Videocasetes, cartuchos y discos para videojuegos"
0814,"Reproductor de discos compactos, MP3 y IPod (MP4)"
0814,"Reproductor de discos compactos, DVD para vehículos y autoestéreo"
0835,"Alquiler de televisión, videocaseteras, computadoras, etcétera"
0814,"Otros aparatos: Walkman, etc."
0835,Reparación y/o mantenimiento de los artículos anteriores
0911,Proyectores
0911,Cámaras fotográficas y de video
0911,"Material fotográfico, películas"
0911,"Servicio fotográfico, revelado e impresión"
0941,Reparación y mantenimiento de los artículos anteriores
0921,"Juguetes, juegos de mesa"
0921,"Juegos electrónicos, videojuegos"
0922,"Artículos de deporte y cacería (aparatos para ejercicio, etcétera)"
0931,"Artículos de jardinería: plantas, flores, macetas, tierra, abonos"
0932,"Compra y cuidado de animales domésticos: patos, perros, etcétera"
0731,Transporte ferroviario
0733,Transporte aéreo
0749,Servicio de carga y mudanza
0724,Cuotas de autopista
0711,Automóvil y/o guayín
0711,Camioneta (pick up)
0712,"Motoneta, motocicleta"
0713,Bicicleta
0721,Llantas
0721,Acumulador
0721,"Refacciones: bujías, bandas, filtros, etcétera"
0721,"Partes de vehículos: vidrios, salpicaderas, etcétera"
0721,"Accesorios: espejos, manijas, antenas, etcétera"
0723,"Servicios de afinación, alineación y balanceo"
0723,"Otros servicios: ajuste de motor, de frenos, hojalatería, pintura, etcétera"
1390,"Servicios profesionales de abogados, notarios, arquitectos, etcétera (no médicos)"
1390,"Paquetes para fiesta (salón, comida, orquesta)"
1120,Hospedaje o alojamiento sin fines turísticos (con o sin alimentos)
1390,Gastos en cargos comunales para festividades locales
1214,Seguro de automóvil
1390,"Servicios del sector público: expedición de pasaporte, actas, títulos, etcétera"
1222,Pago de intereses por préstamos recibidos
1211,Seguro de vida capitalizable
0451,Energía eléctrica
0441,Agua
0452,Gas natural
0831,Largas distancias de línea particular
0831,Llamadas locales de línea particular
0832,Teléfonos celulares (plan mensual)
0833,Internet
0839,Televisión de paga
0834,Paquete de Internet y teléfono
0834,"Paquete de Internet, teléfono y televisión de paga"
0431,Alarmas para la casa
0111,Biscochos
0111,Galletas de soda (envasada)
0111,Galletas de soda (a granel)
0111,Galleta dulce (envasada)
0111,Galleta dulce (a granel)
0111,Galleta de agua
0111,Galleta todo tipo (rellenitas de todo)
0111,Pan baguette
0111,Pan bico
0111,Pan bollo
0111,Pan carioca (especial)
0111,Pan de yema (especial)
0111,Pan de molde envasado
0111,Pan dulce (chancay)
0111,Pan de papa (papa-pan)
0111,Pan de manteca
0111,Pan de cebada
0111,Pan latachuta
0111,"Pan de leche (colisa, chileno)"
0111,Pan de camote (camote-pan)
0111,Pan familiar
0111,Pan frances
0111,Pan popular
0111,Pan tolete (labranza)
0111,Pan batido (marraqueta)
0111,"Panes, otros (shute y de chirimoya)"
0111,Panetones
0111,"Pasteles corrientes (alfajor,cachito,milhojas,etc)"
0111,"Pasteles especiales (biscotela,chantilly,chocolate)"
0111,Pasteles similares (churros)
0119,Pizzas
0111,Queques
0111,Tortas
0111,Tostadas a granel
0111,Tostadas envasada
0111,"Otros pasteles y dulces (cachanga,pudin)"
0111,Otros productos de panaderia
0111,Pan corriente o comun
0111,Pan cuay
0111,Pan chapla
0111,King kong
0111,Pan taparaco
0111,Pan torta
0111,Pan charqui
0111,Pan huaro
0111,Pan de torata
0111,Arroz corriente a granel
0111,Arroz superior
0111,Arroz extra
0111,Arroz familiar
0111,Avena a granel
0111,Avena envasada
0111,Canigua entera
0111,Cebada entera tostada
0111,Cebada entera
0111,Centeno (grano seco)
0117,Harina de quinua
0117,Harina de cebada
0111,Harina de trigo o cebada tostada (macro)
0111,Harina sin prep. de trigo (envasada)
0111,Harina sin prep. de trigo (a granel)
0111,Harina de maiz (chochoca)
0111,Polenta (harina de maiz)
0111,Harina prep. de trigo (envasada)
0111,Harina de trigo (a granel)
0111,Harina de centeno
0111,Maicillo molido
0111,Maiz (jora)
0111,Maicena envasada (maiz)
0111,Maicena suelta (maiz)
0111,Maiz amarillo (cancha)
0111,Maiz blanco corriente (cancha)
0111,Maiz pardo cancha
0111,Maiz hojuelas (corn flakes)
0111,Maiz morado
0111,Maiz pelado (mote)
0111,"Maiz reventon (americano, pop-corn)"
0111,Maiz tostado (cancha)
0111,Maiz otras variedades
0111,Malta
0111,Moron
0111,Quinua hojuelas (flakes)
0111,Quinua entera
0111,Semola a granel
0111,Semola  (envasada)
0111,Trigo grano entero
0111,Trigo pelado (mote)
0111,Trigor (trigo chancado)
0111,Otras harinas de cereales y derivados
0111,Fideos tallarin (a granel)
0111,Fideos tallarin envasados
0111,Fideos env. popular
0111,Fideos a granel
0111,Otros fideos ( envasados)
0111,Macarrones (pasta)
0111,Ravioles (pastas)
0111,Wantan
0111,Pastas diversas
0111,Otros cereales y derivados (kiwicha)
0111,Tallarin de casa
0111,Maiz cachin
0111,Trigo remojado
0111,Maiz blaco cuzco (cancha)
0111,Maiz chulpe o paccho (cancha)
0111,Trigo resbalado (shambar)
0111,Harina de maiz
0111,Polenta a granel
0112,Carne de alpaca
0112,Cabeza o pata de alpaca
0112,Mondongo de alpaca
0112,Cabra; carne
0112,Mondongo de caprino
0112,Cabrito; carne
0112,Higado de carnero (incl.lengua)
0112,Cabeza o pata de carnero
0112,Mondongo de carnero
0112,"Carnero, chuleta"
0112,"Carnero, pierna, brasuelo"
0112,Carne de carnero
0112,Higado de chancho (incl. lengua)
0112,Cabeza o pata de chancho
0112,"Chancho, testa"
0112,Carne de chancho
0112,Pellejo
0112,"Chancho, chuleta, pierna"
0112,"Chancho, lomo"
0112,Conejo; carne
0112,Cuy; carne
0112,Gallina eviscerada
0112,Menudencia de gallina
0112,Pollo con visceras (entero)
0112,Llama; carne
0112,Mondongo de llama
0112,Cabeza o pata de llama
0112,Mono (carne)
0112,Paloma
0112,Pato (eviscerado)
0112,Pavo
0112,"Menudencia de pato, pavo, etc."
0112,Pichon de paloma domestico (carne)
0112,Pollo eviscerado
0112,Pierna de pollo
0112,Menudencia de pollo
0112,Milanesa de pollo
0112,Otras carnes de aves
0112,Sangre de aves
0112,Rana: carne
0112,Bofe de res (pulmon)
0112,Higado de res
0112,Cola de res
0112,Res; asado
0112,Res; bisteck
0112,Res; carne sin hueso
0112,Res; churrasco
0112,Res; lomo
0112,Res; sancochado
0112,Corte unico de res
0112,Hueso de res
0112,Sachavaca; carne
0112,Sajino; carne
0112,Tortuga; carne
0112,Venado; carne
0112,Mondongo nep
0112,Alpaca; charqui
0112,Alpaca; carne seca o cecina
0112,Alpaca; chalona
0112,Cabra: carne seca o cecina
0112,Carnero; chalona
0112,Carnero; carne seca o cecina
0112,Costillas ahumadas (chancho)
0112,Chancho; carne seca o cecina
0112,Hot dog
0112,Tocino ahumado
0112,Chorizo
0112,Jamonada
0112,Jamon del pais
0112,Relleno de chancho
0112,Chicharron de prensa
0112,Queso de chancho
0112,Pate de higado
0112,Salchicha (tipo natural)
0112,Chicharron de chancho
0112,"Huangana; carne seca (cecina), charqui"
0112,Llama; charqui
0112,Llama: carne seca o cecina
0112,Llama: chalona
0112,Res; carne seca (cecina)
0112,Res; chalona
0112,Carne en conserva (enlatada)
0112,Carne seca nep
0112,Cecina nep
0112,Chalona nep
0112,Charqui nep
0112,Embutidos diversos
0119,Empanadas de carne
0119,Empanadas de pollo
0119,Empanadas rellenas
0112,Animales vivos para consumo
0112,Animales vivos para autoconsumo (crianza)
0112,"Higado y molleja de pollo (automercado, congelado)"
0112,Corazon de res
0112,Jamon ingles
0112,Jamon prensado (huaraz)
0112,Criadilla
0112,Rinon
0112,Ceso de res
0112,Ceso de carnero
0112,Carachapa carne (roedor)
0112,Menudencia de taricaya motelo (totuga)
0112,Higado de pollo
0112,Sangre de carnero
0112,Sangre de otras reses
0117,Algas serranas
0117,Algas marinas
0113,Almejas
0113,Calamar-pota
0113,Camaroncito seco (chino)
0113,Cangrejos
0113,Caracoles
0113,Choros
0113,Conchas negras
0113,Conchas blancas
0113,"Conchita, palabritas frescas (norte)"
0113,"Conchita, palabritas saladas (norte)"
0113,"Conchitas, (maruchas frescas)"
0113,"Conchitas, (maruchas secas)"
0113,Erizo
0113,Hueveras de pescado(caviar)
0113,Langosta de mar
0113,Langostino
0113,Lapas (mariscos)
0113,Machas secas
0113,Machas frescas
0113,"Mariscos en conserva (cholgas,etc.)"
0113,Mejillon
0113,Muy-muy
0117,Yuyos marinos
0113,Otros moluscos y mariscos
0113,Aguarachi
0113,Aguja
0113,Albacora
0113,Atun
0113,Bacalao seco (pescado)
0113,Bacalao fresco
0113,Bagre
0113,Bonito fresco
0113,Bonito seco o salada
0113,Caballa fresca
0113,Caballa congelada
0113,Caballa seca o salada
0113,Cabrilla
0113,Cachema o ayanque
0113,Cachema o ayanque seco
0113,Carachama
0113,Cabinza
0113,Chauchilla (bonito chico)
0113,Chavelo
0113,Chita
0113,Cojinova
0113,Congrio
0113,Corvina
0113,Corvinilla
0113,Doncella
0113,Gamitana
0113,Guitarra fresca
0113,Guitarra seco (salado)
0113,Julilla
0113,Jurel
0113,Lenguado
0113,Life
0113,Liza
0113,Lorna
0113,Machete
0113,Mojarrilla
0113,Mero fresco
0113,Pescado mero seco o salado
0113,Ojo de uva
0113,Paiche ahumado
0113,Paiche fresco
0113,Paiche seco o salado
0113,Palometa
0113,Peje
0113,Peje blanco
0113,Peje sapo
0113,Perico fresco
0113,Perico congelado
0113,Pescado perico salado
0113,Pintadilla
0113,"Raya, batea o manta"
0113,Robalo
0113,Salmon
0113,Sardina
0113,Sierra
0113,Suche
0113,Coco
0113,Tollo fresco
0113,Tollo seco o salado
0113,Trucha fresca
0113,Trucha congelada
0113,Trucha seco o salado
0113,"Visceras (cabeza, espinazo, etc.)"
0113,Zungaro
0113,Grated de atun
0113,Filete de atun
0113,Conserva jurel
0113,Conserva merluza
0113,Grated de sardina
0113,Conserva sardina (filete)
0113,Conserva sardina (salsa de tomate)
0113,Otros pescados
0113,Otros pescados en conserva
0113,Boquichico
0113,Carachi
0113,Dorado de la region
0113,Corvina de la region
0113,Sabalo
0113,Conchas de abanico
0113,Jurel congelado
0113,Lorna congelado
0113,Chanco de mar
0113,Acahuarasu fresco
0113,Paco fresco
0113,Ractacari fresco
0113,Shambira fresco
0113,Tucumare fresco
0113,Yambina fresco o yahuarachi
0113,Boquichico seco
0113,Chula fresco
0113,Concha pata burro
0113,Chiu-chiu (fresco)
0113,Tilapia (moyobamba)
0113,Maporeto seco
0113,Sardina seca
0113,Yashaco fresco
0113,Otros pescados secos
0114,Leche cortada o cuajada
0114,Leche condensada (nestle)
0114,Leche en polvo
0114,Leche fresca de cabra
0114,Leche fresca envasada
0114,Leche reconstituida
0119,Leche en polvo maternizada
0114,Leche fresca de vaca
0114,"Otras leches (chocolatada, malteada)"
0114,Quesillo
0114,Queso fresco (vaca)
0114,Queso fresco (cabra)
0114,Queso gruyere
0114,Queso mantecoso
0114,Queso parmesano
0114,Yogurt de cabra
0114,Queso serrano
0114,Queso otros
0114,Requezon
0114,Yogourt
0114,Huevos a granel de gallina
0114,Huevo de charapa
0114,Huevos de motelo
0114,Huevos de pata
0114,Huevos de pava
0114,Huevos de taricaya (tortuga)
0114,Huevos envasados
0114,Huevos de corral
0114,Queso artesanal
0114,Queso paria
0114,Yogurt con cereales
0115,Aceite vegetal envasado
0115,Aceite vegetal a granel
0115,Aceite compuesto envasado
0115,Aceite compuesto a granel
0115,Aceite de maiz
0115,Aceite de olivo
0115,Aceite crudo de semillas oleaginosas
0115,Manteca vegetal (envasada)
0115,Manteca vegetal (a granel)
0115,Manteca de chancho
0115,Mantequilla envasada
0115,Mantequilla a granel
0115,Margarina envasada
0115,Margarina a granel
0115,Sebo
0115,Otras grasas y aceites
0117,Acelga
0117,Aji limo
0117,Aji escabeche
0117,Aji pimiento
0117,"Aji seco entero (mirasol, panca y amar.)"
0117,Aji rocoto
0117,Aji otras variedades
0117,Alcachofa
0117,Apio
0117,Alverja verde (criolla)
0117,Berenjena
0117,Berros
0117,Beterraga
0117,Brocoli
0117,Caigua
0117,"Calabaza (chiclayo, lacayote)"
0117,Cebolla china
0117,Cebolla roja de cabeza
0117,Cebolla de cola
0117,Cebolla regional (blanca)
0117,Chileno verde
0111,Choclo criollo
0111,Choclo serrano
0117,Col china (pacchoy)
0117,Col crespa
0117,Col corazon
0117,Coliflor (sin hojas)
0119,Culantro
0117,Esparragos verdes
0117,Esparragos en conserva
0117,Frijol verde
0117,Frijolito chino (nacido)
0117,Haba verde
0119,Huacatay
0117,Lechuga americana
0117,Lechuga criolla
0117,Nabo
0119,Oregano en ramas (porcion)
0117,Pepinillo
0117,Platano verde (inguiri)
0117,Poro
0117,Rabanito
0119,Sacha-culantro
0117,Tomate redondo
0117,Tomate italiano
0117,Vainita verde (americana)
0117,Verdura picada
0117,Zapallo macre
0117,Zapallo italiano
0117,Zapallo loche
0117,Otras verduras y legumbres en conserva
0117,Otras verduras y legumbres frescas
0119,"Asnapa; huacatay,oregano, culantro,perejil"
0117,Aji dulce
0117,Aji verde
0117,Pallar verde
0117,Zapallo de carga
0117,Aji charapita
0117,Aji ojo de pollo
0111,Choclo de la region
0117,Chonta
0117,Lechuga de la region
0119,Curcuma (especeria)
0117,Tomate de la region
0119,Crema de aji envasado
0119,Esencia de maiz morado
0119,Esencia de maracuya
0119,Esencia de tamarindo
0119,Esencia de camu camu
0119,Esencia de cocona
0117,Zanahoria chica de la region
0111,Mezclas para reposteria
0119,Mezclas para apanar
0119,Concentrado de pollo
0119,Concentrado de res
0119,Concentrado de pescado
0116,Aguaje;palmera
0116,Albaricoque
0116,Almendra
0116,Ayrampito
0116,Capuli
0116,Castana
0116,Chirimoya
0116,Sidra
0116,Ciruela seca
0116,Coco
0116,Cocona
0116,Datiles (palmera)
0116,Durazno blanquillo
0116,Orejones
0116,Durazno en conserva
0116,Huesillo
0116,Frutilla
0116,Granadilla
0116,Guaba o pacae (chambira)
0116,Guinda
0116,Guindon (seco)
0116,"Higo (breva, higo blanco)"
0116,Higo (seco)
0116,Limon
0116,Limon dulce
0116,Lucuma
0116,Macambo
0116,Mamey
0116,Mango criollo
0116,Manzana corriente
0116,Manzana delicia
0116,Chilena
0116,Maracuya
0116,Melon
0116,Membrillo
0116,Moras
0116,Naranja de jugo
0116,Naranja de mesa
0116,Naranjilla (naranja china)
0116,Nispero
0116,Nueces (durazno seco s/pepa)
0116,Palta (criolla o corriente)
0116,Palta fuerte
0116,Palta negrita
0116,Palta otras variedades
0116,Pecana
0117,Pera de agua
0117,Pera corriente (perilla)
0116,Manzana pero
0116,Pijuayo
0116,Pina
0117,Platano guayaquil
0117,Platano de la isla
0117,Platano de seda
0117,Platano biscocho
0117,Platano congo
0117,Platano manzano
0117,Platano; otras variedades
0116,Pomarrosa
0116,Taperiba; palmera
0116,Toronja pomelo
0116,Tumbo (norte)
0116,Tuna
0116,Uva blanca (italia)
0116,Pasas sin pepa (a granel)
0116,Uvillas
0116,"Uvas; otros (borgono, mollar)"
0116,Zapote maduro
0116,"Otras frutas frescas (cana dulce, etc.)"
0116,Otras frutas secas
0116,Otras frutas en conserva (ensalada de fruta)
0121,Jugo de fruta (en lata)
0116,Durazno melocoton (abridor)
0116,Manzanas otras (especial)
0116,Papaina (abancay)
0116,Palta de la region
0116,Maranon fruta (cerro de pasco)
0116,Granada
0116,Guanabana
0116,Camucamu (iquitos)
0116,Arandano
0116,Humari
0117,Arveja seca entera
0117,Arveja seca partida
0117,Arvejon seco
0117,Chocho o tarhui (seco)
0117,Frejol palo
0117,Frejol bayo
0117,Frejol caballero
0117,Frejol canario
0117,Frejol castilla
0117,"Frejol chileno; yunya, bocon, sarandaja"
0117,Frejol chiclayo
0117,Frejol chuncho
0117,Frejol cocacho
0117,"Frejol huasca poroto, huascar"
0117,Frejol negro
0117,Frejol nuna
0117,Frejol pardo
0117,Frejol pintado
0117,Frejol panamito
0117,Frejol ucayalino
0117,"Frejol, otras variedades"
0117,Garbanzo
0117,Habas secas
0117,Harina de habas
0117,Harina de soya
0117,Harina de arveja
0117,Lenteja bocona seca
0117,Lenteja
0117,Lentejones
0116,Mani pelado crudo
0117,Pallar
0117,Soya grano seco
0117,Otras harinas de menestras
0117,Otras menestras
0117,Preparados de soya (carne de soya)
0117,Menestras en conserva
0117,Frejol rosino
0117,Frejol rojo
0117,Garbanzo remojado
0117,Habas remojadas
0117,Otras menestras remojadas
0117,Frejol chino seco
0116,Mani con cascara (crudo)
0117,Arracacha (camote blanco)
0117,Camote morado
0117,Camote amarillo
0111,Harina de chuno
0117,Harina de nemanete
0111,Harina de moroya
0117,Harina de yuca (farina)
0117,Harina tocosh
0117,Izano
0117,Mashua
0117,Oca (kaya)
0117,Olluco
0117,Papa amarilla
0117,Papa amarga
0117,Papa blanca
0117,Papa chuno
0117,Papa guadalina o chaucha
0117,Papa huayro
0117,Papa seca
0117,Papa compis
0117,Papa otras variedades
0117,Sacha papa
0117,Yuca amarilla
0117,Yuca blanca
0117,Otros tuberculos y raices
0117,Camote nemanente
0117,Papa color
0117,Chuno entero
0117,Chuno remojado
0117,Papa larga
0117,Maca
0117,Yacon
0117,Pituca
0117,Dale dale
0118,Azucar blanca
0118,Azucar en cubitos
0118,Azucar en polvo (impalpable)
0118,Azucar rubia
0118,Otros azucares (de remolacha)
0118,Endulzante natural
0118,Endulzante granulado
0118,Chocolate en pasta
0118,Cacao semillas (grano seco)
0118,Chocolates
0118,Cocoa envasada
0118,Cocoa a granel
0118,Otros derivados del cacao
0123,Anis (a granel y filtrante)
0123,Boldo (a granel y filtrante)
0122,Cafe instantaneo filtrante
0122,Cafe grano entero (crudo)
0122,Cafe grano entero (tostado)
0122,Cafe instantaneo en lata
0122,Cafe tostado molido a granel
0122,Cafe tostado molido envasado
0123,Emoliente en sobre (para preparar)
0123,Hierbas para mate (cola de caballo y otras hierbas)
0123,Manzanilla filtrante
0123,Te a granel
0123,Te envasado (cajita)
0123,Te filtrante
0123,Otros productos para infusion
0124,Chocolate malteado
0122,Cafe instantaneo
0123,Coca de masticar
0118,Leche asada (envasada)
0118,Chocolate instantaneo
0119,Albahaca molida
0119,Ajonjoli
0118,Algarrobina
0118,Bombones
0118,Caramelos
0118,Caramelos a granel
0118,Confites (envasados)
0116,Coco rayado
0118,Chancaca
0119,"Esencias (vainilla, etc.)"
0118,Flan (envasado)
0118,Frutas confitadas o acarameladas
0118,Gelatina envasada
0118,Gelatina (a granel)
0118,Gomas de mascar
0117,Harina de platano
0118,Helado para preparar (envasado)
0118,Jalea real
0111,Mazamorra envasada
0114,Manjar blanco
0118,Mermelada (vaso)
0118,Miel de cana
0118,Toffes (envasados)
0119,"Papillas (chisitos,etc. envasado)"
0119,Chisitos y papitas fritas (envasado)
0119,Habitas fritas (envasado)
0119,Camote frito (en sobre)
0118,Pudin (envasado)
0117,"Pures (envasado:knorr, etc.)"
0126,Refrescos instantaneos
0117,Aceituna de botija
0117,Aceituna seca-negra (preparada)
0117,Aceituna verde
0119,Achiote entero
0119,Aji molido panca (especial)
0117,Ajo entero
0119,Ajo molido (envasado)
0119,Ajo molido  (a granel)
0119,Aji molido rocoto
0119,Aji molido amarillo
0119,Sazonador en sobre
0119,Aji no moto
0119,Canela entera (a granel)
0119,Canela entera (envasada)
0119,Canela molida
0119,Canela molida (a granel)
0119,Clavo de olor (envasado)
0119,Clavo de olor (a granel)
0119,Comino molido (a granel)
0119,Comino molido
0119,Comino entero (a granel)
0114,Cremas envasadas (ocopa)
0119,Culantro molido
0112,Hamburguesa cruda
0119,Hongos y laurel (a granel)
0119,Hongos y laurel (envasado)
0119,Huacatay molido
0119,Kion entero (jengibre)
0119,"Polvo de hornear (royal, etc.)"
0116,Mani molido
0116,Mani tostado entero
0119,Oregano seco (a granel)
0119,Oregano seco (envasado)
0119,Palillo (envasado)
0119,Palillo (a granel)
0119,Pasta de tomate (tuco)
0117,Pimenton (envasado)
0117,Pimenton (a granel)
0117,Pimiento (envasado)
0119,Salsa de ocopa
0119,Pimienta entera (envasado)
0119,Pimienta entera (a granel)
0119,Pimienta molida (a granel)
0119,Pimienta molida
0114,Queso rallado parmesano
0119,Sal de cocina entera (granel)
0119,Sal a granel
0119,Sal de cocina yodada (envasada)
0119,Sal gema (piedra)
0119,Sal yodada de mesa (envasada)
0119,Salsa de tomate
0119,Colorante y saborizante (sibarita)
0119,Alimentos en cubitos
0119,"Sopas (knorr, maggi, nicolini)"
0119,Condimentos saborizantes (sillao)
0119,Vinagre corriente
0119,Vinagre fino
0119,Otros condimentos y colorantes
0119,Wantan (para freir)
0119,Otros alimentos listos para cocinar
0119,"Otros alimentos (salsa tamarindo,curry, colapiz)"
0119,Salsa de papa a la huancaina
0119,Ajo comun
0119,Suprema
0119,Espinaca molida
0119,Comino entero (envasado)
0119,Chicha morada (sobre)
0114,Crema volteada (envasada)
0117,"Hoja para envoltura (hoja de:bijao,plantano,panca,tamales)"
0119,Azafran
0119,Chifle
0117,Platano (cocinado para llevar)
0112,Cuy en pie o vivo
0112,Pollo en pie o vivo
0112,Gallina en pie o vivo
0112,Pato en pie o vivo
0112,Carnero en pie o vivo
0112,Chancho en pie o vivo
0112,Cabrito en pie o vivo
0112,Sajino en pie o vivo
0112,Conejo pie o vivo
0112,Paloma pie o vivo
0112,Pavo pie o vivo
0112,Mono en pie o vivo
0112,Rana en pie o vivo
0112,Llama en pie o vivo
0112,Alpaca en pie o vivo
0112,Ronsoco en pie o vivo
0126,Bebidas gaseosa (lata)
0121,Nectar de frutas
0129,Bebida rehidratante o energizante
0211,Aguardiente de cana (canazo)
0211,Anisado
0211,Brandy
0211,Cachina fermentada
0211,Cascarrilla (aguardiente y cascaras)
0213,Cerveza blanca (botella)
0213,Cerveza blanca (lata)
0213,Cerveza negra
0212,Chicha de maiz fermentada (jora)
0211,Chuchuhuasi
0211,Cognac
0211,Gin
0211,Guinda
0211,Damasco (macerado)
0211,Maltina
0219,Masato
0211,Pisco de uva
0211,Ron
0212,Vermouth (cinzano)
0212,Vino (damajuana)
0219,Otras bebidas alcoholicas
0119,Esencia de licor
0219,Alcohol hidratado
0932,Afrecho
0932,Alfalfa
0932,"Maiz, trigo"
0932,"Nicovita, conejita"
0932,"Otros alimentos para animales (residuos vegetales,futuchi)"
0119,P.v.m. (polvo)
0119,Protivan (polvo)
0119,Bicarbonato de sodio
0123,Achicoria
0123,Anis
0123,Canchalagua
0123,Cedron
0123,Chanca piedra
0123,Coca
0123,Cola de caballo
0123,Culen
0123,Escorsonera
0123,Eucalipto
0123,Grama dulce
0123,Hierba luisa
0123,Hinojo
0123,Huamanripa
0123,Llanten
0123,Malva
0123,Manayupa (pie de perro)
0123,Manzanilla
0123,Matico
0123,Menta
0123,Molle
0123,Muna
0123,Ortiga
0123,Paico
0123,Retama
0123,Romero
0123,Rosa comun
0123,Ruda
0123,Salvia (flor blanca)
0123,San pedro
0123,Sangre de grados
0123,Sabila
0123,Tara
0123,Te amargo
0123,Tilo
0123,Toronjil
0123,Una de gato
0123,Valeriana
0123,Verbena
0123,Aceite de lagarto
0123,Flor blanca
0123,Altea (cuzco)
0123,Llipza (aditivo para macar coca)
0123,Panti (cuzco)
0932,Alimento para mascotas
0932,Happy dog
0932,Alpiste
0932,Alimento para gatos
1111,Agua de cebada
1111,Agua de manzana
1111,Anisado servido
1112,Menu en centro de trabajo
1111,Almuerzo en kiosko (incluye ambulante)
1111,"Comidas en rest.y kioskos (incluye sancochado,bisteck,etc)"
1111,Anticuchos
1111,Brandy (cognac) servido
1111,Bebidas gaseosas servidas
1111,Otras bebidas alcoholicas
1111,Cafe servido
1111,Cancha salada
1111,Causa limena
1111,Causa nortena
1112,Cena en cafeteria (centro de trabajo)
1111,Cena en kiosko (incluye:ambulante)
1111,"Cena en rest.chifa,puesto de mercado,pension"
1111,Cerveza blanca servida
1111,Cerveza negra servida
1111,Cockteles diversos
1112,Menu en comedores populares y nacional
1112,Comidas en cuarteles de ff.aa y pnp
1112,Comidas en comedores
1111,Tallarin saltado
1111,Cremolada
1111,Champagne servida
1111,Chilcano de guinda
1111,Chicha blanca de maiz
1111,Chicha de frutas
1111,Chicha de jora
1111,Chicha de mani
1111,Chicha morada
1111,Chicha fermentada (jora) servida
1111,Chicharrones
1111,Choclo con queso
1111,Choncholines (pancitas)
1112,Desayuno en cafeteria (centro de trabajo)
1111,Desayuno y lonches al paso (kiosko)
1111,Desayuno en restaurante
1111,Emoliente
1111,Chanfainita (bofe con mote)
1111,Helados
1111,Higado con yuca
1111,Humitas
1111,Jugo de frutas licuado
1111,Leche malteada
1111,Leche caliente
1112,Lonche en cafeteria
1111,Lonche en kiosko
1111,Lonche en restaurante
1111,Menu familiar
1111,Mote
1111,Nectar de fruta
1111,Ocopa
1111,Palomitas de maiz
1111,Palta rellena
1111,Papa rellena
1111,Pizzas
1111,Pisco de uva servida
1111,Pisco sour
1111,Alimentos al paso (platos frios)
1111,Pollo a la brasa
1111,Pollo broster
1111,Parrillada
1111,Refresco instantaneo
1111,Rocoto relleno
1111,Caldo de gallina
1111,Sandwich
1111,Tamales
1111,Te servido
1111,Chifa al paso
1111,Ensalada de frutas
1111,Aguardiente
1111,Guarapo
1111,Chicha de arroz
1111,Cancha dulce
1111,Juanes
1111,Alimentos al paso (platos calientes:caldos)
1111,Quaker con leche
1111,Agua de anis
1111,Agua de soya
1111,Pachamanca
1111,Champus
1111,Chups marcianos
1111,Caldo de pollo
1111,Caliente de vino
1111,Pollada
1111,Anticucho de pollo
1111,Ceviche
1111,Otras menudencias
1112,Consumo dentro de instituciones benéficas - Vaso de leche preparado
1112,Consumo fuera de instituciones benéficas - Desayuno escolar
1112,Consumo fuera de instituciones benéficas - Almuerzo escolar
0561,Jabón de lavar ropa
0561,Detergentes
0561,Lejía y similares
0561,Sal de soda y almidón
0561,Otros
0561,Cera
0561,"Pulitón, Ayudín y similares"
0561,"Insecticidas, fungicidas, desinfectantes"
0561,"Escoba, escobillones"
0561,Desodorante para baño
0561,Otros artículos para el aseo del hogar
0562,"Lavado de cortina, servicios de tintorería, fumigación"
0562,"Pinturas, gasfiteros, etc."
0561,"Otros artículos (fósforos, vela, etc.)"
0722,Gasolina
0722,Petróleo
0723,Reparación y conservación de vehículo
0732,Transporte publico urbano e interurbano para menores de 14 años
0732,Transporte en mototaxi para menores de 14 años
0732,Otros
0831,Teléfono público para menores de 14 años
0741,Correo
0839,Servicio de Fax
0839,Otros (Telegramas Nacional e Internacional)
0412,Cochera
0444,Guardianía
0562,Servicio doméstico
0562,Servicio comunitario
0444,Vigilancia vecinal (serenazgo)
0444,Mantenimiento de edificio
0442,"Recojo privado de basura (triciclo, carretilla, camión, etc.)"
0444,Otro
0972,"Periódicos, revistas y libros"
0946,"Aportaciones o cuotas a clubes, asociaciones, etc."
0946,"Gastos en gimnasio (Aeróbicos, artes marciales, pesas)"
0815,"Disquetes, USB"
0922,Artículos deportivos
0974,"Útiles de escritorio (Cuadernos, papeles, etc.)"
1312,Shampoo y reacondicionador
1312,Toallas higiénicas
1312,Colonia (para hombre y mujer)
1312,"Artículos de tocador para bebes (Jabón de tocador, shampoo, aceite, colonia, etc.)"
1312,"Otros (Crema para manos, máquina de afeitar, polvos faciales, rimel, tinte para cabello, peine, esmalte para uñas, etc.)"
1313,Corte de cabello
1313,"Otros servicios (Baños públicos, ondulación, lustrada de calzado, etc.)"
0311,Telas
0312,Prendas de vestir para adultos
0312,Prendas de vestir para niños
0321,Calzado para adultos (incluye zapatillas)
0321,Calzado para niños (incluye zapatillas)
0314,"Otros gastos (confección, etc.)"
0512,"Repararon muebles del hogar (cama, mesa, etc.)"
0533,"Repararon aparatos electrodomésticos (radio, tv., etc.)"
0521,"Tejidos, artículos de tela para el hogar (cortinas,sábanas,toallas,etc.)"
0540,"Cristalería, vajilla y utensilios domésticos"
0511,"Compraron muebles del hogar (muebles de sala, dormitorio, cocina, armarios, etc.)"
1321,Artículos de joyería
1390,"Matrimonios, funerales y otras ceremonias"
0945,Servicios veterinarios
1390,Arbitrios municipales
1312,"Monederos, llaveros, paraguas, ganchos, y adornos para el cabello"
1390,"Denuncias (especies valoradas, etc.)"
1120,Gastos en hoteles y hostales
1120,Otros bienes y servicios
0724,Parqueo
1390,"Gastos en ayni, cumpleaños, celebraciones"
1390,"Gastos en ayni, cumpleaños, celebraciones y otros"
0411,Alquiler pagado
0441,Vivienda - Agua
0451,Vivienda - Electricidad
0453,Vivienda - Kerosene
0452,Vivienda - Gas (GLP)
0452,Vivienda - Gas Natural
0561,Vivienda - Vela
0454,Vivienda - Carbón
0454,Vivienda - Leña
0452,Vivienda - Petróleo
0453,Vivienda - Gasolina
0811,Vivienda - Teléfono
0812,Vivienda - Celular
0839,Vivienda - TV cable
0833,Vivienda - Internet
0455,Vivienda - Otro
0454,"Vivienda - Bosta, estiercol"
0312,Educación - Uniforme escolar
0321,Educación - Calzado escolar
0971,Educación - Libros y textos
0974,Educación - Útiles escolares
0813,Laptop del Programa “Una Laptop por Niño”
0732,Educación - Movilidad particular al centro de enseñanza
0833,Educación - Uso del servicio de internet por cabina pública
0623,Salud - Consultas
0611,Salud - Medicinas / Insumos
0641,Salud - Análisis
0641,"Salud - Rayos X, tomografía, etc."
0641,"Salud - Otros exámenes (Hemod'iálisis, etc.)"
0622,Salud - Servicio dental y conexos
0623,Salud - Servicio oftalmológico
0613,Salud - Compra de lentes
0621,Salud - Vacunas
0621,Salud - Control de salud de los niños
0611,Salud - Anticonceptivos
0631,Salud - Hospitalización
0631,Salud - Intervención quirúrgica
0621,Salud - Controles de embarazo
0631,Salud - Atenciones de parto
1111,Alimentos consumidos fuera del hogar - Desayuno
1111,Alimentos consumidos fuera del hogar - Almuerzo
1111,Alimentos consumidos fuera del hogar - Cena
1111,"Alimentos consumidos fuera del hogar - Otros (Alimentos en Video Pub, karaoke, etc.)"
0732,Otros gastos - Transporte público urbano e interurbano - Mototaxi
0732,Otros gastos - Transporte público urbano e interurbano - Microbus
0732,Otros gastos - Transporte público urbano e interurbano - Ómnibus
0732,"Otros gastos - Transporte público urbano e interurbano - Camioneta Rural (combi, custer) ....................................................."
0732,Otros gastos - Transporte público urbano e interurbano - Colectivo
0732,Otros gastos - Transporte público urbano e interurbano - Taxi
0831,"Otros gastos - Teléfono público o fijo - Usando tarjetas telefónicas (147, Hola Perú,AT&T, etc.)"
0831,Otros gastos - Teléfono público - Usando monedas
0839,Otros gastos - Radiocomunicación
0814,Radio
0814,TV a color
0814,TV blanco y negro
0814,Equipo de sonido
0814,DVD
0814,Video grabadora
0813,Computadora/laptop
0532,Plancha electrica
0531,Cocina a gas
0531,Cocina a kerosene
0531,Refrigeradora/congeladora
0531,Lavadora de ropa
0531,Maquina de coser
0711,"Auto, camioneta"
0712,Motocicleta
0713,Triciclo
0712,Mototaxi
0711,Camion
0111,Flauta grande o familiar con sal
0111,Flauta grande o familiar sin sal
0111,Pan francés o flauta común con sal
0111,Pan francés o flauta común sin sal
0111,Baguette
0111,Pan catalán
0111,Felipe con sal
0111,Felipe sin sal
0111,Marsellés
0111,Miñon
0111,Pan Porteño
0111,Pan integral de molde
0111,Flauta integral
0111,Miñon integral
0111,Tortuga
0111,Pan de pancho o de Viena
0111,Pebetes
0111,Pan casero
0111,Pan de Manteca
0111,Galleta de campaña chica
0111,Galleta de campaña grande
0111,Pan blanco (Americano) Paquete chico
0111,Pan blanco (Americano) Paquete grande
0111,Pan Integral o de Salvado Paquete chico
0111,Pan Integral o de Salvado Paquete grande
0111,Pan de Tortuga envasado
0111,Pan de Pancho (de Viena) envasado
0111,Pebetes envasados
0111,Pan  de Pita envasado
0111,Bizcochos  comunes
0111,Bizcochos de manteca
0111,"Bizcochos secos: coquitos, plantillas "
0111,"Bizcochos secos: polvorones, ojitos y coquitos"
0111,"Borlas o ""bolas"" de fraile, mantequillas"
0111,Merengues
0111,Pionono
0111,Bizcochuelo entero
0111,"Magdalenas, muffins"
0111,Torta dulce entera rellena
0111,Tarta de frutas entera
0111,Saladitos
0111,Galletas marina c/sal
0111,Galletas malteada c/sal
0111,Galletas al agua  c/sal
0111,Galletas integrales  c/sal
0111,Galletas integrales con semillas  c/sal
0111,Grisines  c/sal
0111,"Marina, Malteada, grisines, integrales con semilla s/sal"
0111,Galletitas dulces sin relleno con fibras o semillas
0111,"Galletitas dulces sin relleno, barquillo sin relleno"
0111,Galletitas dulces rellenas sin cobertura
0111,Galletitas dulces rellenas con cobertura
0111,Galletitas dulces surtidas
0111,Waffles (galletitas)
0111,Barquillos rellenos
0111,Alfajores chicos
0111,Alfajores grandes (comunes)
0111,Alfajores extra grandes
0111,"Pan Dulce, Budín inglés"
0111,Rosca dulce
0111,Rosca salada
0111,"Panes especiales saborizados (de ajo, cebolla, etc.)"
0111,Panes y alimentos en base de harina sin glutem
0111,"Harina integral, salvado de trigo"
0111,"Fécula de maíz, almidón de maiz"
0111,"Avena, salvado de avena, sémola, semolín, mazamorra"
0117,"Harina de arroz, de soja, de garbanzo, de mandioca"
0111,"Arroz común (blanco, integral, paraboiled, medio grano)"
0111,Arroz con gustos
0111,Quinua (quinoa)
0111,"Copos de cereal, granola, muesli, fitoestrógenos"
0111,Galletas de arroz (todas)
0111,Pop (palomitas de maíz preparadas)
0111,Maíz pisingallo
0111,Barritas de cereales chica
0111,Barrita de cereales grande
0111,"Fideos, pastas secas, capelletis secos y capas para lasagnas"
0111,Pasta fresca sin relleno suelta o envasada
0111,"Sorrentinos, romanitos, panzotis, raviolones, envasados"
0111,"Ravioles, capeletis (unidades pequeñas), envasados"
0111,"Sorrentinos, romanitos, panzotis, raviolones, sueltos"
0111,"Ravioles, capeletis (unidades pequeñas), sueltos"
0111,Lasañas rellena para cocinar
0111,"Masas, prepizzas, tapas de empanadas, capas de lasagnas"
0119,"Tortas saladas, empanadas, congeladas"
0119,"Pizzas,muzarella congeladas"
0119,"Pastas rellenas con salsa o tuco preparadas, congeladas"
0119,Otras comidas semielaboradas congeladas a base de pastas
0112,Asado de nalga
0112,Picaña
0112,Carne para milanesa
0112,"Cadera, rueda"
0112,Carne picada común
0112,Carne picada especial
0112,Carne picada magra
0112,Asado de tira
0112,Matambre
0112,"Osobuco, cogote, garrón"
0112,Costillas con lomo
0112,"Costilla redonda, costilla sin lomo"
0112,"Vaca, novillo, entero"
0112,"Cordero entero, oveja entera"
0112,"Carne ovina, cortes de cordero y oveja"
0112,Lechón y cerdo entero
0112,"Costillas de cerdo, pechito y asado de espinazo"
0112,Carré y pulpa de cerdo
0112,Milanesas de cerdo para cocinar
0112,Otras partes del cerdo (cortes traseros con hueso)
0112,"Pollo entero, congelado o fresco, con o sin menudos"
0112,"Pollo, cortes con hueso"
0112,"Pollo, pulpa de pechuga, supremas"
0112,"Pamplona de pollo, cruda"
0112,Gallina entera
0112,Pavo entero
0112,Pavita entera
0112,Jamón cocido de corte
0112,Lomito de corte
0112,Paleta de corte
0112,"Bondiola, pastrami de corte"
0112,Jamón cocido envasado al vacío
0112,Lomito envasado al vacío
0112,Paleta envasado al vacío
0112,"Bondiola, pastrami envasado al vacío"
0112,Leonesa de corte
0112,Mortadela de corte
0112,Matambre de carne cortado
0112,Leonesa envasado al vacío
0112,Mortadela envasado al vacío
0112,"Matambre de carne cortado, envasado al vacío"
0112,"Panceta y tocino, de corte"
0112,"Panceta y tocino, envasado al vacío"
0112,Longaniza de corte
0112,Salchichón de corte
0112,Salame de corte
0112,Longaniza envasados al vacío
0112,Salchichón envasados al vacío
0112,Salame envasados al vacío
0112,"Longaniza, chacarero, cantimpalo (secos)"
0112,"Corned beef, pasta de jamón o ternera, salchichas de Viena"
0112,"Paté de carne o hígado, embutido, butifarra"
0112,Frankfurters sueltos
0112,Frankfurters envasados al vacío
0112,Salchichas alemanas o suizas
0112,Húngaras
0112,Pildoritas sueltas 
0112,Pildoritas envasadas al vacío
0112,Salchicha parrillera (rueda)
0112,Patés de pollo o pavita
0112,"Frankfurters y leonesa de pollo, matambre de pollo"
0112,"Milanesa de carne, preparada para cocinar"
0112,Hamburguesas de carne para cocinar 
0112,Hamburguesas de pollo para cocinar
0112,Milanesas de pollo para cocinar
0112,Milanesa de jamon y queso para cocinar
0112,"Carnes de liebre, conejo y otros animales de caza"
0112,"Menudencias, achuras de vaca, mondongo"
0112,"Seso, molleja"
0112,"Menudos de ave, otros"
0112,"Menudencias, achuras ovinas"
0113,Pescados frescos (no fileteado)
0113,"Bifes: merluza, corvina, cazón, brótola, pejerrey, pescadilla"
0113,"Bifes: pangasius, tilapia"
0113,Milanesas de pescado para cocinar
0113,"Atún en rodajas, fresco o envasado al vacío"
0113,Bifes de pez espada
0113,Lomos de abadejo
0113,"Anchoas, sardinas frescas "
0113,"Bifes de salmón, salmón ahumado"
0113,"Pescado congelado fileteado (merluza, otros no grasos)"
0113,"Pescado congelado fileteado (atún, otros grasos)"
0113,Miniaturas de pescado congeladas
0113,"Pescados congelados (no fileteados), otros"
0113,Mejillones frescos con cáscara
0113,"Pulpa de mariscos: mejillones, berberechos, almejas"
0113,Camarones y Langostinos
0113,Pulpo y calamar
0113,"Pescados  secos, ahumados o salados"
0113,Pescados enlatados al natural (en agua)
0113,Pescados enlatados en aceite
0113,Pescados enlatados en salsa
0113,Pescados enlatados reducido en sodio
0113,"Comidas preparadas a base de pescado, empanados congelados"
0114,"Quesos untables, ricota, queso blanco, requesón (con sal)"
0114,"Quesos untables, ricota, queso blanco, requesón (sin sal)"
0114,Queso muzarella 
0114,Queso de sandwich
0114,Queso Colonia
0114,Queso magro con sal
0114,Queso magro sin sal
0114,"Quesos frescos, otros"
0114,Bastones de muzzarella congelados
0114,"Quesos especiales: Camembert, Brie, Fondue, Mascarpone"
0114,Queso duro o semiduro
0114,"Leche común entera, envasada "
0114,"Leche entera, envasada, con vitaminas o minerales"
0114,Leche entera larga vida en caja
0114,Leche descremada envasada
0114,"Leche descremada envasada ,con vitaminas o minerales"
0114,Leche descremada larga vida en caja
0114,Leche de tambo no pasteurizada
0114,"Leches, otras (saborizadas, de crecimiento)"
0119,Leche de fórmula
0114,Yogurt común (natural o con sabores)
0114,Yogurt dietético (natural o con sabores)
0114,"Yogurt, otros"
0114,Crema doble
0114,Postres y flanes preparados con leche entera
0114,Postres y flanes preparados bajas calorías
0114,Productos lácteos que no contengan leche de vaca 
0114,"Huevos, otros"
0115,Aceites comestibles de girasol
0115,Aceite comenstible de soja
0115,Aceite comestible de canola
0115,Aceite de girasol alto - oleico
0115,Aceite de Arroz
0115,"Otros aceites: avellana, nuez, etc."
0115,Grasas vegetales: margarina con sal
0115,Grasas vegetales: margarina sin sal
0115,Grasas vegetales: otras
0115,Manteca con sal
0115,Manteca sin sal
0115,"Grasa animal comestible: vaca, capón, cerdo"
0116,"Bergamota, naranja"
0116,Pomelo blanco y rosado
0116,Sandía
0116,"Durazno, damasco, pelón"
0116,Kiwis
0116,Frutillas
0116,Bananas
0116,Manzanas
0116,Peras
0116,Ananá fresco
0116,Uvas
0116,Frutas frescas otras
0116,Frutas secas con cáscara
0116,Frutas secas sin cáscara
0116,Frutas secas y semillas
0116,Fruta desecada y abrillantada
0119,"Semillas de girasol, lino, sésamo"
0116,Frutas envasadas en almíbar
0117,Apio tallos
0117,Coliflores y coles frescos
0117,Repollo
0117,"Nabizas, nabos"
0117,Puerros
0117,Pepinos
0117,Zapallitos y zucchini
0117,Espárragos
0117,Repollitos de Bruselas
0117,"Tomate común, grande (americano, larga vida)"
0117,Tomate perita
0117,Tomate cherry
0117,Zanahorias
0117,Ajos
0117,"Cebollas, cebollines, cebolla de verdeo"
0117,"Zapallo criollo, calabaza y kabutiá"
0119,Morrón
0117,Ají catalán
0111,Choclo fresco (sin conservar)
0117,Remolachas
0117,Rúcula
0117,Habas frescas
0117,"Verduras para puchero, en bandeja o similar"
0117,"Brotes  de soja, alfalfa y brócoli"
0117,Champignon y otros hongos frescos
0117,"Verduras lavadas y cortadas, ralladas, ensaladas en bandeja"
0117,Escarola
0117,"Papas, papines"
0117,Boniatos
0117,"Espinacas, acelgas congeladas"
0117,Brócolis y coles congelados
0117,"Arvejas, choclo, chauchas congeladas"
0117,Papas preparadas congeladas
0119,"Croquetas, papa, arroz, verduras con salsa blanca, congeladas o para cocción"
0117,"Mix de verduras  congeladas, ensaladas"
0117,Sopa juliana y otras verduras  congeladas
0117,"Verduras frescas, otras"
0117,"Lentejas, lentejones (peladas o no)"
0117,"Porotos de manteca, alubia, soja, frutilla, negros, pallares"
0117,Arvejas enlatadas
0117,Aceitunas en conserva
0117,Hongos desecados y tomates secos
0111,"Choclo en grano o crema, enlatado"
0117,"Porotos, garbanzos, lentejas en lata"
0117,"Verduras en conserva, otras"
0117,Puré de papas y/o de zapallo instantáneo deshidratado
0117,Milanesa vegetal o de soja
0119,"Comida china, congelada (Chop suey, otras)"
0118,Azúcar blanco refinada
0118,"Azucares, otros"
0118,"Mermeladas, jaleas (dietéticas o no), jarabe de frutas"
0118,Dulces de corte
0118,"Helados  (cassatta, barra, tortas heladas)"
0118,Helados y postres Dieteticos
0118,Maní con chocolate
0118,Garrapiñada
0118,"Caramelos, chicles, chupetines"
0118,Pastillas paquete
0118,Confituras
0118,"Chocolates, bombones, chocolatines"
0118,Sucedáneos artificiales del azúcar 
0118,Edulcorantes naturales
0119,Sal común
0119,"Otras sales, con gusto, modificada, sustitutos sin sodio"
0119,Especies y condimentos naturales
0119,Esencias y colorantes
0119,Hierbas aromáticas culinarias
0119,Condimentos y aderezos procesados
0119,Condimentos líquidos
0119,Salsas de tomate y otros similares
0119,Tucos y otros similares preparados
0119,"Mayonesa, salsa golf, mostaza, ketchup, salsa de soja"
0119,Caldos en cubos y dietéticos
0119,"Sopas concentradas, salsa blanca"
0119,"Levadura, polvos de hornear"
0119,"Helados, postres, flanes, gelatinas instantáneos (en polvo)"
0117,Papas fritas con o sin sal para copetín
0119,"Alimentos para bebé (cereales, papillas)"
0119,Complementos nutricionales y fórmulas infantiles
0122,Café o cebada soluble instantáneo
0122,Cebada (no instantánea)
0122,Café de filtro
0123,Té en saquitos
0123,Té suelto
0123,Té en lata
0126,Refrescos diet
0125,Aguas de mesa
0121,Jugos naturales (líquidos)
0121,Jugos concentrados en polvo
0121,Jugos concentrados líquidos
0121,Jugos no concentrados artificiales líquidos
0129,"Bebidas no alcohólicas, otras (Terma, malta, energizantes)"
0118,Hielo
0211,Bebidas alcohólicas blancas
0211,Licores y similares
0212,Vino
0212,Vermouth
0212,"Sidra, champagne, espumante"
0213,Cerveza con alcohol
0213,Cerveza sin alcohol
0230,"Cigarrillos, papel para (hojillas)"
0230,Tabaco para pipa y para armar
0240,Estupefacientes: Marihuana
0240,"Estupefacientes: opio, cocaína y sus derivados"
0240,Estupefacientes: Otros de origen vegetal
0240,Estupefacientes: Drogas químicas y sintéticas
0311,Telas para prendas de vestir
0311,"Lana, fibras sintéticas o mezcla, en ovillos, madejas"
0311,Cuero para confeccionar prendas de vestir y accesorios
0312,"Ropa interior hombre: Calzoncillo, slip o similar"
0312,Ropa interior hombre: Camiseta
0312,Ropa interior hombre: Pijama
0312,"Ropa interior hombre: Salto de cama, salida de baño"
0312,Ropa interior hombre: Medias o calcetines
0312,"Ropa interior mujer: Soutién, bombacha, body"
0312,Ropa interior mujer: Camiseta
0312,"Ropa interior mujer: Camisón, pijama"
0312,"Ropa interior mujer: Salto de cama, salida de baño"
0312,Ropa interior mujer: Medias o calcetines
0312,"Ropa interior niños: Bombacha, calzoncillo, camiseta"
0312,Ropa interior niños: Pijama o Camisón
0312,"Ropa interior niños: Salto de cama, salida de baño"
0312,Ropa interior niños: Medias
0312,"Ropa interior bebé: Pañales de tela, chiripás"
0312,Ropa interior bebé: Bombacha de goma
0312,Ropa de hombre: Traje
0312,"Ropa de hombre: Pantalones, no vaqueros"
0312,Ropa de hombre: Jean o vaqueros
0312,Ropa de hombre: Campera liviana (no tejida ni de cuero)
0312,"Ropa de hombre: Campera de abrigo, sobretodo (no tejida ni de cuero)"
0312,Ropa de hombre: Campera de cuero
0312,Ropa de hombre: Campera tejida o de punto
0312,Ropa de hombre: Saco sport de tela
0312,"Ropa de hombre: Buzo, polera, saco, chaleco tejidos"
0312,"Ropa de hombre: Buzo, polera, saco, remera no tejidos"
0312,Ropa de hombre: Camisa
0312,"Ropa de hombre: Bermudas, short, traje de baño"
0312,"Ropa de mujer: Traje, blazer, chaqueta (no de cuero)"
0312,Ropa de mujer: Pantalón no vaquero
0312,Ropa de mujer: Calzas
0312,Ropa de mujer: Jean o vaquero
0312,"Ropa de mujer: Tapado, chaquetón, otros de abrigo"
0312,Ropa de mujer: Campera o chaqueta de cuero
0312,Ropa de mujer: Campera o chaqueta tejida o de punto
0312,"Ropa de mujer: Buzo, polera, saco, chaleco tejidos"
0312,"Ropa de mujer: Buzo, polera, saco, remera no tejidos"
0312,"Ropa de mujer: Pollera, falda, vestido, solera"
0312,Ropa de mujer: Camisa
0312,Ropa de mujer: Short y bermuda
0312,"Ropa de mujer: Traje de baño, bikini, malla"
0312,"Ropa de bebé: Pelele, batita, medias, escarpines, buzo, enterito - No Tejidos"
0312,"Ropa de bebé: Pelele, batita, medias, escarpines, buzo, enterito - Tejidos"
0312,"Ropa de bebé: Jardineros, pantalones, bermudas"
0312,Ropa de bebé: Campera y ropa de abrigo no tejidas
0312,Ropa de bebé: Campera y ropa de abrigo tejidas
0312,"Ropa de niños: Pantalones, jardineros, bermudas, jumpers, calzas"
0312,"Ropa de niños: Remera, polera, buzo, saco, camisa - No tejidos"
0312,"Ropa de niños: Buzo, polera, saco y chaleco - Tejidos "
0312,"Ropa de niños: Pollera, vestido, soleras"
0312,"Ropa de niños: Uniforme, túnica escolar, moña"
0312,"Ropa de niños: Campera de cuero, gamulan"
0312,Ropa de niños: Campera no de cuero
0312,"Ropa de niños: Traje de baño, short, bikini, mallas"
0312,Ropa de hombre: ropa deportiva
0312,Ropa de mujer: ropa deportiva
0312,Ropa de niños: ropa deportiva
1329,Cartera de cuero
1329,Cartera no de cuero
0313,Cinturón
0313,"Corbata, moñita, pañuelo de cuello"
0313,"Bufanda, chalina, sombreros, gorro, guantes, mitones"
0313,"Bufanda, gorro de niños y bebés"
0313,Otros artículos y accesorios de vestir
0313,Cierre
0313,"Artículos de mercería, otros"
0314,"Modista, costurera: Arreglos de prendas de vestir"
0314,"Modista, sastre: Confección de prendas de vestir"
0314,Lavandería
0314,Tintorería
0314,"Alquiler de prendas de vestir, disfraces y accesorios"
0321,Calzado de hombre: botas de cuero
0321,Calzado de hombre: zapatos de cuero
0321,Calzado de hombre: sandalias y ojotas de cuero
0321,Calzado de hombre: zapatos no de cuero
0321,Calzado de hombre: sandalias y ojotas no de cuero
0321,Calzado de hombre: botas de goma
0321,Calzado de hombre: deportivo
0321,Calzado de hombre: botas no de cuero ni de goma
0321,Calzado de mujer: botas de cuero
0321,Calzado de mujer: zapatos de cuero
0321,Calzado de mujer: sandalias y ojotas de cuero
0321,Calzado de mujer: zapatos no de cuero
0321,Calzado de mujer: sandalias y ojotas no de cuero
0321,Calzado de mujer: botas de goma
0321,Calzado de mujer: deportivo
0321,Calzado de mujer: botas no de goma ni de cuero
0321,Calzado de niños: botas de cuero
0321,Calzado de niños: zapatos de cuero
0321,Calzado de niños: sandalias y ojotas de cuero
0321,Calzado de niños: zapatos no de cuero
0321,Calzado de niños: sandalias y ojotas no de cuero
0321,Calzado de niños: botas de goma
0321,Calzado de niños: botas no de cuero ni de goma
0321,Calzado de niños: deportivo
0321,Alpargatas
0322,"Alquiler de calzado, (no deportivo)"
0411,Alquiler de vivienda que ocupa el hogar
0411,Alquiler de habitación como residencia principal 
0412,Alquiler de vivienda para vacacionar
0412,Alquiler de otra vivienda secundaria
0421,Uso de vivienda que ocupa el hogar
0422,Uso de cochera o garage
0422,Uso de vivienda para vacacionar
0422,Uso de otras viviendas secundarias
0431,"Pinturas,  solventes"
0431,Pinceles y rodillos
0431,"Maderas, tablas, listones, placas, otros"
0431,Papel para pared
0431,"Materiales sanitarios: Artefactos, grifería, cañerías"
0431,"Carpintería metálica y de madera: Rejas, puertas, ventanas, herrajes"
0431,"Cerámicos, azulejos y otros"
0431,"Parquet, pisos flotantes, zócalos de madera"
0431,"Vidrios, todo tipo"
0431,"Impermeabilizantes: Membranas, techado asfáltico, otros"
0431,"Arena, portland, yeso, enduido, ladrillos, cal"
0431,"Chapas de metal, fibrocemento o acrílico"
0431,Gastos no desglosables en mantenimiento o reparación
0432,Servicio de albañilería
0432,"Pintura y empapelado, servicio de"
0432,Servicio de carpintería
0432,Electricidad: reparación o mantenimiento
0432,Sanitaria: reparación o mantenimiento
0432,Calefacción: instalación o mantenimiento
0432,"Fumigaciones, cerrajería, otros servicios para el hogar"
1213,Abono mensual a sanitaria
0441,Agua corriente (OSE)
0441,"Medidores de agua, instalación y re-conexión"
0441,Agua Corriente (OSE) incluída en gastos comunes
0443,"Barométrica, limpieza de pozo negro"
0444,Gastos comunes vivienda principal
0444,Gastos comunes vivienda secundaria o para vacacionar
0432,Vigilancia
0432,Instalación de alarmas para la vivienda
0444,Otros servicios relacionados con la vivienda 
0451,Electricidad (UTE)
0451,"Medidores de electricidad, instalación y re-conexión"
0452,"Gas por cañería, mantenimiento, gastos de conexión"
0452,"Supergas, recarga de garrafas"
0452,Compra de garrafa
0452,"Medidores de gas, instalación y re-conexión"
0453,Alcohol azul
0453,Fueloil
0443,Tarifa de saneamiento
0511,"Sofás, sillones, puf"
0511,Mesas (no de PC)
0511,"Biblioteca, estantería, repisa, escritorio, mesa PC"
0511,"Colchón, sommier"
0511,"Mesa de luz, cómoda"
0511,"Ropero, placard y similares"
0511,Amoblamiento para cocina
0511,Amoblamiento para baño
0511,Muebles de jardín
0511,"Muebles pequeños: revistero, perchero, otros"
0511,"Muebles, otros"
0511,"Babysilla, silla para comer"
0511,"Corral, andador, cambiador"
1329,"Cochecito de bebé, paragüita"
0511,Artefactos de iluminación
0511,"Cuadros, esculturas, grabados, tapices"
0521,Cortinas venecianas
0511,"Espejos, candelabros"
0561,"Velas, todo tipo"
0511,"Decoración, otros artículos"
0511,Alfombra
0431,Moquette
0431,"Vinílico, Linóleo y otros revestimientos para piso"
0512,Reparación de muebles y cortinas de enrollar
0512,Reparación y limpieza de objetos de arte y decoración
0521,"Almohadas, almohadones, forros para almohadones"
0521,"Acolchados, colchas, cubrecamas"
0521,"Mantas, frazadas y cobijas"
0521,"Sábanas, fundas"
0521,Toallas y toallones
0521,Manteles e individuales
0521,"Servilletas, repasadores, delantales de cocina, manoplas"
0521,Cortinas (no venecianas)
0521,"Tela para cortinas, sábanas y manteles"
0522,Confecciones y reparaciones de textiles del hogar
0521,"Alfombras de baño, felpudos de tela"
0521,"Textiles del hogar, otros"
0531,Frigobar
0531,"Cocina, anafe, horno eléctrico para empotrar"
0531,Cocinilla a supergas
0531,Caldereta a gas
0531,Calefón eléctrico
0531,Calentador solar de agua
0531,Extractores de aire con campana
0531,Purificador de aire
0532,"Ventiladores, turboventiladores, extractores comunes"
0531,Deshumidificador
0531,Estufas eléctricas
0531,Estufas no eléctricas
0531,Lavavajillas
0531,"Aspiradora, lustradora de pisos"
0531,Lavarropas
0531,Secarropas
0531,"Máquina de coser, máquina de tejer"
0531,"Artefactos para limpiar y conservar la ropa, otros"
0532,"Licuadora, batidora, tostadora, procesadora, exprimidor, mixer"
0532,Cafetera y jarra eléctrica
0532,"Planchas para ropa, eléctrica"
0532,"Abrelatas, cuchillos, pelapapas eléctricos"
0431,"Transformadores, estabilizadores eléctricos"
0531,Grill y hornito eléctrico
0532,Purificador de agua
0532,Calientacamas
0532,"Artefactos para el hogar, otros"
0533,"Reparación de artefactos para el hogar (no TV, ni radio)"
0540,"Fuentes, bols, asaderas, cazuelas"
0540,Olla a presión
0540,Batería de cocina
0540,"Ollas, caldera, colador, sartén, cafetera no eléctrica, otras piezas sueltas"
0540,"Mamadera, utensillos para comer el bebé"
0540,"Mate, termo, bombilla"
0540,"Bols, baldes, palanganas"
0540,"Exprimidor, rallador, abrelatas, destapador, pelapapas"
0540,Otros artículos y utensillos para el  hogar (no eléctricos)
0551,"Taladro, sierra, lijadora, pulidora y cortadora eléctrica"
0551,"Cortadora de césped, bordeadora (eléctricas o no)"
0553,Reparación de herramientas y equipos motorizados
0553,Alquiler de herramientas y equipos motorizados
0551,Otras herramientas y equipos grandes para el hogar
0552,Herramientas y útiles de jardín
0552,"Manguera, regadera , picos para regar"
0552,"Herramientas de mano: martillo, destornilladores"
0552,"Cepilladoras, escofinas, limas"
0431,"Llaves, cerraduras, bisagras, manijas"
0552,Artículos de metal para el hogar: rieles de cortinas
0552,Otras herramientas pequeñas para el hogar
0431,"Enchufes, portalámparas, cables, tomacorrientes eléctricos"
0552,"Tubos fluorecentes, lámparas eléctricas, halógenas"
0552,"Linternas, balizas"
0552,Faroles a gas u otros combustibles
0551,Otros artículos eléctricos y sus accesorios
0561,"Jabones de limpieza en polvo y en barra, suavizante"
0561,Blanqueador líquido (incluye hipoclorito de sodio)
0561,Jabón líquido (detergente)
0561,"Desengrasadores, desinfectantes, desodorante de ambiente"
0561,"Insecticidas, líquidos o en pastillas y aparatos"
0561,Cera líquida o en pasta
0561,Lustre para zapatos y muebles
0561,Abrasivos para limpieza (pasta para pulir y limpiar)
0561,"Escobas, cepillos de limpieza, lampazo"
0561,"Paños de limpieza, franelas, esponjas"
0561,"Fósforos, caja"
0561,Productos de papel en paquete: filtros para café
0561,"Vajilla de cartón, rollo de papel de aluminio, bols"
0561,"Clavos, tornillos, alambres, cajas"
0561,Otros artículos no duraderos del hogar
0562,"Doméstica con cama, servicio de"
0562,"Doméstica sin cama, servicio de"
0562,Cuidado de niños sin discapacidad
0562,Cuidado de niños con discapacidad
0562,Cuidado de adultos sin discapacidad
0562,Cuidado de adultos con discapacidad
0562,Cocinero
0562,Aportes al BPS del Servicio doméstico y otros
0562,Boletos para transporte del Servicio Doméstico y otros
0562,"Servicio doméstico, otros"
0562,"Servicios de limpieza de ventanas , chimeneas"
0562,Servicio de limpieza de alfombras
0562,Limpieza de tanques de agua
0562,Servicio de fumigación y desinfección
0562,Limpieza de cañerías
0512,Alquiler de mobiliario y equipo para el hogar
0522,Alquiler de manteles
0611,Medicamentos: Analgésicos
0611,Medicamentos: Antibióticos
0611,Medicamentos: Antiácidos y digestivos
0611,Medicamentos: Antigripales
0611,Medicamentos: Psicofármacos
0611,Medicamentos: Afecciones respiratorias
0611,Medicamentos: Cardiovasculares
0611,Medicamentos: Otros
0611,Medicamentos en viajes
0611,Vitaminas y similares
0611,"Anticonceptivos orales, parches"
0612,Anticonceptivos mecánicos (DIU)
0612,"Productos farmacéuticos, otros (primeros auxilios, etc.)"
0613,Anteojos y lentes de contacto (incluye cambio de cristales)
0612,"Aparatos terapéuticos: para medir presión, glicemia, etc."
0613,Audífonos
0613,"Aparatos ortopédicos: Muletas, bastones, otros"
0622,Prótesis dentales y dentadura postiza
0613,Sillas de ruedas motorizadas o no
0613,Camas especiales
0614,Reparación de artefactos terapéuticos
0614,"Alquiler de camas especiales, sillas de ruedas, otros"
0623,"Medico general (particular), consulta"
0623,"Médico especialista (particular), consulta"
0622,"Servicios odontológicos, ortodoncista (particular)"
0641,"Análisis de sangre, orina, otros (particulares)"
0641,"Radiografías, tomografías,  ecografías, centellograma"
0641,"Ultrasonido, endoscopía, fibroscopía (particulares)"
0623,"Quimioterapia, radioterapia (particular)"
0621,"Servicio de enfermero, practicante, toma de presión"
0623,"Tratamientos terapéuticos particulares: Psicólogo, psicomotricista, otros"
0623,"Medicina no tradicional particular: Homeopatía, acupuntura, masajes, otros"
0631,Parto particular (incluye pago al ginecólogo)
0631,"Servicio de internación, intervención quirúrgica (particular)"
0632,Internación en clínica privada: tratamiento de adicciones
0631,"Cirujías plásticas, lipoaspiración"
1313,"Tratamientos de belleza corporal (reductores, anticelulíticos, etc.)"
1212,Cuota mutual
1212,"Cuota de seguros integrales de salud privados (MP, otros)"
1212,Complemento de cuota de seguros integrales de salud privados
1212,"Cuotas por seguros de salud parciales (ANDA, otros)"
0623,Ordenes para consultas médicas
0611,Tickets de medicamentos
0641,Tickets de análisis clínicos y estudios especiales
0623,"Arancel por atención medica (MSP, otros)"
1212,Cuota por derecho de atención en Policlinica
1212,Cuota de Emergencia Médico Móvil
0642,Complemento de cuota de Emergencia Médico Móvil
1212,Servicio de acompañante (incluye cuota)
1212,Cuota por seguros odontológicos
0711,"Automóvil o camioneta, compra "
0712,"Moto hasta 50 cc, compra"
0712,"Moto de más de 50 cc, compra"
0713,"Bicicleta, compra de"
0714,Caballos para transporte personal
0721,"Neumáticos, cámaras, cubiertas"
0721,Accesorios y repuestos de auto
0721,"Láminas de seguridad, polarizados"
0721,Accesorios y repuestos de moto y bicicleta
0722,"Nafta, para transporte personal"
0722,"Gas Oil, para transporte personal"
0722,"Lubricantes, aceite y cambio de aceite"
0723,"Chapa y pintura, reparación de"
1214,Servicio de auxilio de automóvil (cuota mensual)
0723,Reparaciones mecánicas de vehículos
0723,"Lavado y engrase, servicio de gomería"
0723,Reparación de bicicletas  y vehículos sin motor
0412,Alquiler de garaje y cochera por mes
0724,Estacionamiento (no por mes)
0724,Licencia de conducir
0724,Alquiler de automóviles sin conductor
0724,Alquiler de motos y bicicletas
0723,"Automóviles, servicio de diagnóstico de (Computest)"
0724,Servicio de remolque de vehículo
0724,Empadronamiento de vehículo
0731,"Tren, pasaje de"
0732,"Taxi, remise"
0732,"Omnibus local, boleto  "
0732,Recarga de tarjeta STM 
0732,Boletera para ómnibus local (no STM)
0732,Abono de ómnibus departamental o interdepartamental
0732,"Mini-bus, camioneta con conductor"
0732,Transporte interdepartamental (no esparcimiento)
0732,Transporte interdepartamental (esparcimiento)
0732,"Omnibus internacional, pasaje de"
0734,Pasaje de barco
0735,Transporte combinado de pasajeros en medios distintos
0749,Servicio de mudanza 
0749,Fletes
0732,"Transporte escolar, servicio de"
0741,Correo y encomiendas
0811,"Aparato de teléfono, contestador automático"
0812,Teléfonos celulares: aparato
0819,Teléfonos celulares: batería
0819,Teléfonos celulares: accesorios
0835,"Reparación de equipo telefónico, teléfonos celulares y de facsímil"
0831,"Teléfono, cuota (ANTEL)"
0831,Teléfono conexión
0831,Teléfono Ruralcel
0832,"Telefonía celular móvil, cuotas por contratos"
0832,"Telefonía celular móvil, recargas, tarjetas"
0833,Servicio de conexión a Internet por contrato
0831,"Tarjetas prepagas de teléfono público, telecard, etc."
0839,Telegramas
0835,Alquiler de fax
0831,Servicio de llamadas larga distancia
0839,Otros servicios telefónicos
0814,"Walkman, discman"
0814,"Reproductor de MP3, Auriculares con reproductor (MP3, radio FM)"
0814,Aparatos de radio y grabadores
0814,Home theatre
0814,"Karaoke, reproductor DVD, reproductor Blu Ray"
0911,"Aparatos de fotografía, filmación, proyección"
0911,Cámara de fotos digital
0911,Accesorios para cámaras fotográficas
0813,Computadora (PC)
0813,Computadora (Laptop o Netbook)
0813,Tablet
0819,Lector de libros electrónicos
0813,"Impresora, disco duro, scanner, monitor, grabadora de CD o DVD"
0813,"Mouse, teclado, micrófono, parlantes"
0813,Auriculares
0820,Software y aplicaciones con costo
0819,"Accesorios para tablet, pc o notebook"
0819,"Accesorios de computación, otros"
0813,"Calculadoras, incluye de bolsillo"
0819,Agenda electrónica
0813,Maquina de escribir
0952,"Discos, CD, DVD, Blu Ray (audio y video)"
0815,Cassettes de audio y video vírgenes
0815,CD  y DVD vírgenes
0815,"Pendrive, memorias SD o micro SD, discos duros extraíbles"
0813,"Cartuchos para impresora, tonner para impresora "
0835,"Reparación de tv, video, radio"
0835,Reparación de  computadoras
0941,Reparación de filmadora y equipos fotográficos
0912,"Botes, motores fuera de borda, velas, canoas, tablas de surf"
0922,"Artículos y accesorios para deporte, caza y camping"
0922,"Artículos duraderos de esparcimiento, en exteriores"
0912,"Mesa de pool, mesa ping pong, máquinas de ""pin-ball"""
0942,Reparación de artículos duraderos de esparcimiento
0942,Servicio de muelle para botes y otras embarcaciones
0921,"Juegos de cartas, caja, dados, ajedrez"
0921,"Videojuegos, aparato de"
0921,"Videojuegos, cartuchos, dvd y otros para juegos"
0921,"Juguetes a cuerda, fricción, eléctricos, a pila"
0921,"Muñecas, muñecos"
0921,"Bicicleta infantil, triciclo, monopatín y otros rodados"
0921,"Disfraces, máscaras, cotillón, chascos"
0921,Juegos pirotécnicos
0921,Arbol de Navidad y adornos
0921,"Artículos recreativos no duraderos, otros"
0922,"Pelotas, redes, raquetas y otros equipos para deportes"
0922,"Tobillera, rodillera, muñequera, guantes "
0922,"Colchonetas, pesas y otros artículos para gimnasio"
0922,Aparatos para gimnasia
0922,"Cañas de pescar, y otros artículos de pesca"
1329,Gas paralizante
0922,"Equipo para juegos de playa, bolos, croquet, tejo"
0922,"Botes, balsas y piscinas inflables, chalecos salvavidas"
0922,"Equipo de protección para deportes (canilleras, lentes)"
0922,"Carpas, sacos de dormir, mochilas, colchones inflables"
0922,"Parrillas, cocinilla, otros artículos para campamentos"
0943,Reparación de otros artículos recreativos no duraderos
0944,"Alquiler de calzado deportivo (zapatos para golf, etc.)"
0931,"Plantas (jardín e interior), flores, ramo de flores"
0931,Semillas para plantar
0931,Herbicidas
0931,"Tierra , abono, turba y fertilizantes"
0931,Macetas y portamacetas
0932,Alimentos para animales domésticos
0932,"Casa de perro, cucha, pecera, jaula"
0932,Productos veterinarios
0932,"Collares, traillas, correa, huesos de goma, ropa para mascotas"
0932,Patentes de perro
0945,"Veterinario, pago por consulta de"
0945,Veterinaria cuota
0946,Entradas a partidos de fútbol
0946,Entradas a otros espectáculos deportivos
0946,"Club deportivo, gimnasio cuota"
0946,Alquiler de canchas y equipamiento deportivo
0833,Cibercafé
0946,"Gastos en esparcimiento, otros (ferias, parque de diversiones)"
0946,"Competencias y Examenes Internacionales (Artes marciales, etc.)"
0946,"Boliches, recitales, cabaret:  entrada"
0961,"Suscripción a cine, teatro, Socio Espectacular"
0961,"Entradas cine, teatro, conciertos, ópera, ballet"
0961,"Otros espectáculos de sonido, imagen y luces"
0962,"Museo, bibliotecas, galerías de arte, entrada"
0839,Alquiler de películas en DVD o similar
0946,"Fichas de maquinitas, alquiler de videogame"
0943,"Alquiler de aparato de video, videojuegos"
0814,Instalación de servicio de TV cable o antena parabólica
0839,"TV cable, antena parabólica (cuota por servicio)"
0839,"Suscripciones por internet (películas, música, etc.)"
0963,"Revelado de fotos, rollos, foto carné"
0963,Impresión de fotos digitales
0963,"Fotógrafo profesional, filmación en video, servicio"
0961,"Contratación de músicos, payasos, animadores, discoteca"
0942,Contratación de inflables y otros equipos para recreación
0969,Contratación de otros servicios para fiestas
0969,Alquiler de sala de grabación
0947,Lotería
0947,Quiniela
0947,5 de oro
0947,Tómbola
0947,Pago de rifas
0947,"Casino, maquinitas, slots"
0947,Otros juegos de azar
0971,"Novelas, ensayos, cuentos, en papel"
0971,"Novelas, ensayos, cuentos digitales (e-books)"
0971,"Albumes, sobres de figuritas"
0971,Libros de enseñanza
0971,"Otros textos educativos, trabajos prácticos, apuntes"
0972,Diarios
0972,Diario oficial
0972,Semanarios
0972,"Suscripción a periódicos, semanarios"
0972,"Fascículos, revistas"
0972,Suscripción a revistas
0973,"Afiches, posters"
0973,"Tarjetas, postales, calendarios"
0973,"Impresos, otros (guías turísticas, mapas y planos)"
0974,"Lápices, lapiceras, minas y portaminas"
0974,"Temperas, tinta, acuarelas, pasteles, pinceles, lápices de colores"
0974,"Cartucheras, portalápices"
0974,"Compases, reglas, escuadras, semicírculo"
0974,"Arcilla, plasticina, masa para moldear, cerámica"
0974,"Adhesivo escolar, tijeras para papel, grapadoras "
0974,"Goma de borrar, sacapunta, corrector líquido o en cinta"
0974,"Cuadernos, cuadernolas"
0974,Hojas comunes para impresora
0911,"Papel especial para imprimir (fotográfico, adhesivo, etc.)"
0974,Pago por materiales escolares (cuota pagada al jardín)
0974,"Cartulina, goma eva, hojas papel garbanzo"
0974,"Artículos de papelería y útiles de oficina, otros"
0980,Excursiones
0980,Paquetes turísticos al interior del país
0980,Paquetes turísticos al exterior
1111,Alimentos y bebidas en viajes
1010,Enseñanza preescolar matrícula
1010,Enseñanza preescolar cuota mensual
1010,"Enseñanza primaria, matrícula"
1010,"Enseñanza primaria, cuota mensual"
1020,"Enseñanza secundaria, matrícula"
1020,"Enseñanza secundaria, cuota mensual"
1020,"Enseñanza técnica, matrícula"
1020,Enseñanza técnica cuota mensual
1030,"Enseñanza post-secundaria no universitaria, matricula"
1030,"Enseñanza post-secundaria no universitaria, cuota mensual"
1040,"Enseñanza terciaria, universitaria matrícula"
1040,"Enseñanza terciaria, universitaria cuota mensual"
1040,"Enseñanza, cursos de actualización nivel terciario"
1040,"Enseñanza, maestrías, doctorados"
1040,"Enseñanza, pago por derecho a exámenes (no internacionales)"
0969,"Cursos de música, canto, baile, artes plásticas"
0969,"Cursos de educación no formal: cocina, corte, peluquería"
0969,"Enseñanza extracurricular: curso de operador PC, básicos"
0969,"Enseñanza extracurricular: cursos de computación, otros"
0969,"Enseñanza extracurricular: idiomas, matrícula "
0969,"Enseñanza extracurricular: idiomas, cuota mensual"
0969,"Enseñanza extracurricular: idiomas, exámenes internacionales"
0969,Enseñanza extracurricular: curso de enseñanza comercial
0969,Enseñanza extracurricular: clases particulares
1111,RH Sandwiches de jamón y queso (pan blanco o negro)
1111,RH Sandwiches olímpicos
1111,RH Sandwiches o bocatas vegetarianas
1111,RH Medias lunas y tortugas rellenas
1111,RH Sandwiches calientes
1111,RH Leche sola
1111,RH Leche con productos panificados
1111,"RH Café con o sin leche, cortado, capuchino"
1111,RH Café con o sin leche con productos panificados
1111,RH Te con o sin leche
1111,RH Te con o sin leche con productos panificados
1111,RH Chivito al pan
1111,RH Chivito canadiense al pan
1111,RH Chivito canadiense al plato
1111,RH Chivito al plato
1111,"RH Milanesa de carne roja, sola"
1111,"RH Milanesa de jamón y queso (frita o al horno), sola"
1111,RH Milanesa al pan
1111,RH Milanesa al plato con guarnición
1111,RH Milanesa en dos panes
1111,RH Milanesa napolitana o rellena con guarnición
1111,RH Chorizo al pan
1111,RH Frankfurter al pan
1111,RH Húngara al pan
1111,RH Hamburguesa de carne roja al pan
1111,RH Hamburguesa de pollo rebozada al pan
1111,RH Milanesa de pollo con o sin queso
1111,"RH Patitas de pollo fritas, nuggets"
1111,RH Arrollado de pollo
1111,"RH Tarta de verdura, entera"
1111,"RH Tarta de verdura, porción"
1111,"RH Tartas saladas de carne, entera"
1111,"RH Tartas saladas de pollo, entera"
1111,"RH Tartas saladas de pescado, entera"
1111,"RH Tartas saladas de carne, porción"
1111,"RH Tartas saladas de pollo, porción"
1111,"RH Tartas saladas de pescado, porción"
1111,RH Tarta de jamón y queso entera
1111,"RH Tarta de jamón y queso, porción"
1111,"RH Burrito, Lehmenyún, arrollado primavera"
1111,RH Empanadas todo tipo
1111,"RH Tacos, crepes"
1111,RH Comidas a base de carnes rojas con guarnición
1111,RH Milanesa de pescado individual
1111,RH Pescado a la plancha
1111,RH Sushi
1111,RH Otras comidas a base de pescado 
1111,RH Milanesa de pescado con guarnición
1111,RH Comidas a base de pollo con guarnición
1111,RH Polenta con salsa o tuco
1111,"RH Pastas simples, rellenas, canelones, lasañas, con"
1111,RH Comida china
1111,"RH Comidas de olla: Guisos, estofados, cazuelas base carne de vaca"
1111,"RH Comidas de olla: Guisos, estofados, cazuelas base pescado"
1111,"RH Comidas de olla: Guisos, estofados, cazuelas base pollo"
1111,"RH Comidas de olla: Guisos, estofados, cazuelas base otras carnes"
1111,"RH Comidas de olla: Guisos, estofados, cazuelas sin carnes"
1111,RH Comidas a base de arroz y cereales
1111,RH Ensalada mixta
1111,RH Ensalada completa
1111,RH Ensalada rusa
1111,"RH Papas fritas, noisettes"
1111,RH Croquetas de papas
1111,RH Papas o boniatos al horno o a las brasas
1111,RH Buñuelos de vegetales
1111,RH Tortilla de papas y otras
1111,"RH Gramajo, papas champi, papas con quesos"
1111,RH Omelette
1111,RH Revueltos de huevo (gramajo)
1111,RH Huevos fritos
1111,"RH Puré de papas, boniatos, calabaza"
1111,RH Picadas
1111,RH Asado a la parrillada
1111,RH Pulpa o entrecot a la parrilla
1111,"RH Achuras a la parrilla: Mollejas, chotos, chinchulines"
1111,RH Chorizo a la parrilla
1111,RH Morcilla a la parrilla
1111,RH Presa de pollo a la parrilla
1111,RH Provolone a la parrilla
1111,RH Bastones de muzzarella fritos o al horno
1111,RH Pamplona de pollo
1111,"RH Lechón, Cordero Preparado"
1111,"RH Pollo al spiedo, entero"
1111,RH Verduras a la parrilla
1111,RH Fainá porción
1111,RH Pizza porción
1111,"RH Muzzarella, porción"
1111,"RH Muzzarella con gustos, porción"
1111,"RH Figazza, porción"
1111,RH Pizzeta chica o individual
1111,RH Pizzeta mediana
1111,RH Pizzeta grande o familiar
1111,RH Menú ejecutivo a base de carnes
1111,RH Menú ejecutivo a base de pastas
1111,RH Menú ejecutivo a base de verduras
1111,"RH Combo chico y cajita feliz (hamburguesa, papas fritas y refresco)"
1111,"RH Combo mediano (hamburguesa, papas fritas y refresco)"
1111,"RH Combo grande (hamburguesa, papas fritas y refresco)"
1111,"RH Tenedor libre, buffet"
1111,RH Helado barrita o cucurucho
1111,"RH Helado copa, cassata, vasito, bochas"
1111,"RH Torta dulce rellena entera, en restautante"
1111,RH Torta dulce porción
1111,"RH Torta de frutas entera, en restaurante"
1111,RH Torta de frutas porción
1111,"RH Postres, flan, panqueques, dulces"
1111,"RH Yo-yo, cañón, palmitas, alfajor de maicena"
1111,RH Frutas en ensalada o en almíbar
1111,RH Tortas Fritas
1111,RH Servicio de comida y bebida para fiestas
1111,RH Parrillada Completa
1111,"RH Sopas, caldos"
1111,RH Comida a base de verduras
1111,RH Jugos de frutas y licuados
1111,RH Yogures
1111,RH Refrescos
1111,RH Refrescos diet
1111,RH Aguas de mesa
1111,"RH Bebidas no alcohólicas, otras"
1111,RH Cerveza
1111,"RH Vino, botella"
1111,"RH Vino, jarra"
1111,"RH Vino, copa"
1111,RH Vermouth
1111,"RH Vinos espumantes, sidra, champagne"
1111,"RH Bebidas alcohólicas blancas: Grapa, gin, voldka, caña"
1111,RH Cogñac
1111,RH Whisky
1111,RH Licores
1111,RH Tragos
1111,"RH Sangría, clericó en jarra"
1112,Cuota de comedor de colegio o liceo privado
1112,RH Comidas en centros educativos
1112,RH Comidas en centros no educativos
1120,"Hotel, pensión con o sin comida"
1120,"Hotel de alta rotatividad, motel"
1120,"Camping, alquiler de parcelas"
1120,Cabaña alquiler de
1120,Albergue
1120,Centro de vacaciones
1120,"Internados, Hogares estudiantiles"
1313,"Peluquería de hombre, niño"
1313,Peluquería de mujer
1313,Brushing progresivo
1313,"Bronceado artificial, cama solar"
1313,Masaje no terapéutico
1313,"Sauna, baños turcos"
1313,"Depilación, pedicuría, manicuría"
1313,"Servicios de cuidado personal, otros"
1313,"Tatuaje, piercing"
1311,"Afeitadora, cortadora de pelo"
1311,"Depiladora, secador, planchita, enrulador de cabello"
1311,"Artículos eléctricos de cuidado personal, otros"
1312,"Talco, polvo para los pies"
1312,"Jabón de tocador, líquido o en barra, gel de ducha"
1312,"Brochas, cremas y lociones de afeitar, hojas"
1312,"Cepillo de dientes, hilo dental, pomo de pasta de dientes"
1312,"Cepillos para pelo, peines"
1312,"Champú, acondicionador, savia, cremas para el cabello"
1312,"Toallas húmedas (mano, rostro, bebé)"
1312,"Artículos de tocador y para el cuidado personal, otros"
1312,"Papel higiénico, rollo"
0561,"Servilletas de papel, papel de cocina"
1312,"Toallas higiénicas femeninas, protectores diarios, tampones"
1312,"Pañales desechables, paquete pañuelos de papel, papel tisue"
1312,Cosméticos y perfumes
1312,"Cremas para la piel (hidratantes, nutritivas)"
1312,Bronceadores y protectores solares
1312,Productos para depilación
1312,Cremas y otros productos para el tratamiento de la piel
1312,"Tintas, gel, cera, espuma, modelador para el cabello"
1390,Sexo: pagos por bienes y servicios sexuales
1311,Artículos de sex shop
1321,"Fantasías, bijouterie"
0511,Reloj de pared
1321,"Relojes, reparación de"
1321,"Joyas, reparación de"
1329,Silla de contención para niños (para auto)
1329,"Bolsos, valijas, maletas, baúles"
1329,"Billeteras, monederos, portallaves, portadocumento"
1329,Reparación de artículos de talabartería
1329,Artículos de fumador
1329,"Paraguas, sombrillas y bastones no ortopédicos"
1329,"Ataúdes, lápidas, urnas"
1329,"Artículos personales, otros"
1330,Residenciales de ancianos
1330,Centro diurno para ancianos
1330,Residenciales para discapacitados
1330,Centro diurno para discapacitados
1330,Help line
1213,Seguro de vivienda
1212,Seguro por accidente y enfermedad (no de trabajo)
1214,Seguros de automóvil
1214,Seguro de viaje y equipaje
1211,Seguro de accidente de trabajo
1222,Pagos por servicios bancarios y de casas bancarias
1222,Cajas de seguridad  (cofre fort)
1390,Servicios de abogados
1390,Servicios de escribanos
1390,Gastos legales
1390,"Profesionales, otros servicios de"
1390,"Funerarios, servicios"
1390,"Previsión de servicios fúnebres, cuota"
1329,Mantenimiento de parcela
1390,Pago por servicios inmobiliarios o de rematadores
1390,"Pagos por otros servicios (corretaje, comisiones)"
1390,"Pagos por noticias y anuncios en la prensa, avisos"
1390,Partidas del Registro Civil
1390,Certificado de buena conducta
1390,Trámite de Credencial Cívica
1390,"Certificados, otros"
1390,Timbres profesionales
0946,Permiso de caza
1390,"Pagos por servicios de: agencias matrimoniales, detectives, guardaespaldas"
1390,Pagos por servicios de: trabajos y ayudas espirituales
1390,"Pagos por servicios de: celebraciones religiosas (bodas, bautismos, etc.)"
1321,"Joyas, de metales preciosos"
1321,Piedras y metales preciosos
1211,Seguros de vida
1112,Desayunos o merienda en Merenderos o Centros CAIF
1112,Copa de leche (gratuita)
1112,"Almuerzos o Cenas de niños en Escuelas, Comedores"
1112,Almuerzos o Cenas de adultos en Comedores o Refugios
1112,Almuerzo en cuarteles
1112,Desayuno en cuarteles
1112,Otras canastas
1212,ASSE (Incluye Hospital de Clínicas)
1212,Hospital militar y/o policial
1212,Policlínica departamental
1212,Atención por Asignaciones Familiares (Interior)
1212,Atención por Asignaciones Familiares (Montevideo)
1212,FONASA
1010,Formación inicial y preescolar
1010,Formación primaria
1020,Formación secundaria
1040,Formación Técnica
1040,Formación Terciaria (universitaria y no universitaria)
