id,text
01,Alimentos y bebidas no alcohólicas
011,Alimentos
0111,Pan y cereales
0112,Carne
0113,Pescado y mariscos
0114,"Leche, queso y huevos"
0115,Aceites y grasas
0116,Frutas
0117,Verduras
0118,"Azúcar, mermelada, miel, chocolate y confitería"
0119,Productos alimenticios N.C.P.
012,Bebidas no alcohólicas
0121,"Café, té y cacao"
0122,"Aguas minerales, refrescos y jugos de frutas"
02,"Bebidas alcohólicas, tabaco y narcóticos"
021,Bebidas alcohólicas
022,Tabaco
023,Narcóticos
03,Artículos de vestir y calzado
031,Artículos de vestir
0311,Prendas de vestir de materiales textiles
0312,Prendas de vestir de cuero o de piel
0313,Prendas de vestir de punto
0314,Accesorios de vestir
032,Calzado
033,Reparación y alquiler de artículos de vestir y calzado
04,"Alojamiento, agua, electricidad, gas y otros combustibles"
041,Alquileres reales
042,Alquileres imputados
043,Reparación y mantenimiento de la vivienda
044,Suministro de agua y servicios diversos relacionados con la vivienda
045,"Electricidad, gas y otros combustibles"
0451,Electricidad
0452,Gas
0453,Combustibles líquidos
0454,Combustibles sólidos
0455,Calor
05,"Muebles, artículos del hogar y mantenimiento corriente del hogar"
051,Muebles y accesorios; alfombras y otros revestimientos del suelo
052,Artículos textiles del hogar
053,Aparatos de calefacción y de cocina
054,"Vajilla, cristalería y utensilios del hogar"
055,Herramientas y equipo para el hogar y el jardín
056,Bienes y servicios para el mantenimiento corriente del hogar
06,Salud
061,Productos médicos y farmacéuticos
0611,Productos farmacéuticos
0612,Otros productos médicos
0613,Aparatos y equipo terapéuticos
062,Servicios para pacientes externos
063,Servicios hospitalarios
07,Transporte
071,Compra de vehículos
072,Utilización de vehículos personales
0721,Piezas de repuesto y accesorios para vehículos
0722,Combustibles y lubricantes para vehículos personales
0723,Mantenimiento y reparación de vehículos personales
073,Servicios de transporte
0731,Transporte de pasajeros por ferrocarril
0732,Transporte de pasajeros por carretera
0733,Transporte de pasajeros por vía aérea
0734,Transporte de pasajeros por vía marítima y fluvial
0735,Transporte por tubería combinado y otros servicios de transporte
08,Información y comunicación
081,Equipo de información y comunicación
082,Servicios de telefonía y fax
083,Servicios de información
09,"Esparcimiento, actividades recreativas y culturales"
091,"Equipo audiovisual, fotográfico y de procesamiento de la información"
092,Otros artículos recreativos importantes y equipo conexo
093,Otros artículos recreativos y accesorios
094,Servicios recreativos y culturales
095,"Diarios, libros y papelería"
096,Paquetes turísticos
10,Servicios de educación
101,Educación preprimaria y primaria
102,Educación secundaria
103,Educación postsecundaria no terciaria
104,Educación terciaria
105,Educación no definida por nivel
11,Servicios de restaurantes y hoteles
111,Servicios de alimentos y bebidas
112,Servicios de alojamiento
12,Bienes y servicios diversos
121,Cuidado personal
122,Prostitución
123,Efectos personales N.C.P.
124,Protección social
125,Seguros
126,Servicios financieros N.C.P.
127,Otros servicios N.C.P.
0111,Facturas y churros
0111,"Galletas, grisines y tostadas"
0111,Galletitas de agua envasadas
0111,Galletitas de agua sueltas
0111,Galletitas dulces envasadas
0111,Galletitas dulces sueltas
0111,Galletitas de otro tipo
0111,Masas secas o finas
0111,Pan envasado en rebanadas blanco
0111,Pan envasado en rebanadas integral
0111,Pan tipo francés fresco en piezas
0111,Pan integral fresco en piezas
0111,Pan para hamburguesas - pebetes - panchos
0111,Pan rallado
0111,"Pancitos, bollitos, figazzitas saborizados"
0111,Panes y panecillos frescos de otro tipo
0111,Panes y panecillos precocidos y congelados
0111,Pan blanco de molde por pieza
0111,"Tortas, tartas, pan dulce"
0111,Otros productos de panadería y repostería
0111,Surtidos de productos de panadería y pastelería
0111,Arroz blanco
0111,Arroz integral
0111,Otros arroces con aditamentos
0111,Fideos de arroz
0111,Avena
0111,Cereales en grano
0111,Cereales inflados
0111,Féculas
0111,Harina de maíz
0111,Harina de trigo
0111,"Mezcla de harina para pizza, ñoquis, torta frita"
0111,Mezcla de cereales y fibras o frutas
0111,Sémola y semolín
0111,Harinas integrales
0119,Semillas
0111,"Otras harinas, cereales y fibras"
0111,"surtidos de harinas, arroz, cereales y fibras"
0111,Canelones
0119,Empanadas preparadas sin cocinar
0111,Fideos frescos
0111,Fideos secos
0111,Ñoquis frescos
0111,Pastas deshidratadas con y sin relleno
0111,Pizzas preparadas sin cocinar
0111,Pre-pizza
0111,Ravioles frescos
0111,"Tapas frescas para canelones, panqueques, lasagnas, etc."
0111,Tapas frescas para empanadas y pastelitos
0111,Tapas frescas para tartas
0119,Tartas preparadas sin cocinar
0111,"Rapiditas, fajitas, etc."
0111,"Otras pastas frescas rellenas,  tortelletis,  fideos rellenos, panzzotis, agnolottis, capellettis, sorrentinos, etc."
0111,Otros alimentos semipreparados en base a pastas
0111,Surtidos de pastas
0112,Aguja
0112,Asado
0112,Bife ancho
0112,Bife angosto
0112,Bife de chorizo
0112,bola de lomo
0112,Carnaza común
0112,Carne picada
0112,Cuadrada
0112,Cuadril
0112,Falda
0112,Hueso con carne
0112,Hueso sin carne
0112,Lomo
0112,Matambre - cima
0112,Nalga
0112,Paleta
0112,Palomita
0112,Peceto
0112,Roast beef
0112,Vacío
0112,Otros cortes
0112,Hígado
0112,Lengua de vaca
0112,Mondongo
0112,Riñón
0112,Otras achuras y menudencias vacunas
0112,Hamburguesas para cocinar (semipreparados)
0112,Milanesas para cocinar (semipreparados)
0112,Otros alimentos semipreparados en base a carne para cocinar
0112,Surtidos de carne fresca vacuna
0112,"Pollo entero, medio pollo"
0112,Pollo trozado
0112,Otras aves
0112,Menudencias de ave
0112,Hamburguesas de pollo
0112,Supremas de pollo rebozadas
0112,"Preparados de pollo: Formitas, patitas, etc."
0112,Otros alimentos semipreparados en base a pollo para cocinar
0112,Surtidos de carne de ave
0112,Lechón entero o medio
0112,Costeleta - chuleta de cerdo
0112,Paleta de cerdo
0112,Lomo cerdo
0112,Carré de cerdo
0112,Pechito de cerdo
0112,Otros cortes de carne porcina
0112,"Ovino y caprino, entero o por corte"
0112,"Achuras y menudencias, porcinas y ovinas"
0112,Otros alimentos semipreparados en base a carne porcina u ovina
0112,Surtidos de carne porcina u ovina
0112,Otras carnes frescas o congeladas
0112,Chorizo fresco
0112,Morcilla
0112,Salchicha criolla
0112,Salchicha tipo viena con y sin piel
0112,Otros embutidos frescos
0112,Surtidos de embutidos frescos
0112,Bondiola
0112,Jamón cocido
0112,Jamón crudo
0112,Lomito
0112,Matambre (fiambre)
0112,Mortadela
0112,Paleta (fiambre)
0112,"Panceta fresca, salada, ahumada"
0112,Salame
0112,Salamín
0112,Salchichón
0112,Otros fiambres
0112,Surtidos de fiambres
0112,"Carnes en conserva, escabeches"
0112,Paté de foie - ave en lata
0112,Picadillo de carne en lata
0112,Otras pastas de carne
0112,Surtidos de procesados en base a carne
0112,Atún - lomo de atún- salmón- congrio
0112,Brótola- lenguado
0113,Merluza
0113,Pejerrey
0113,Surubí
0113,Otros pescados de mar
0113,Otros pescados de río
0113,"Almejas, berberechos, mejillones, cholgas, vieiras"
0113,Calamares
0113,Langostinos y camarones
0113,Otros mariscos
0113,Filet preparado para cocinar
0113,Semipreparados congelados en base a pescado y mariscos
0113,"Surtidos de pescados y mariscos frescos, congelados y semipreparados"
0113,Atún en conserva
0113,Caballa en conserva
0113,Filet de anchoas
0113,Mariscos en conserva
0113,Sardinas en conserva
0113,Otras conservas de pescado
0113,Surtidos de pescados y mariscos en conserva
0114,Leche común entera
0114,Leche común descremada
0114,Leche larga vida entera
0114,Leche larga vida descremada
0114,Leche en polvo entera o descremada
0114,"Leches condensadas, evaporadas"
0114,Leches preparadas con aditamentos
0114,Otras leches fluidas
0114,Leche de soja
0114,Leches vegetales
0114,Surtidos de leche
0119,Leche en polvo fortificada para lactantes
0119,Leche fluida fortificada para lactantes
0114,Queso crema para untar
0114,Queso de máquina
0114,Queso doble crema - cuartirolo
0114,Queso fontina - gouda - chubut - edan - fymbo
0114,Queso fundido
0114,Queso paté-gras - mar del plata
0114,Queso port salut
0114,Queso para rallar
0114,Queso rallado
0114,Muzzarella
0114,Ricota
0114,Otros quesos
0114,Surtidos de quesos
0114,Crema de leche
0114,Yogur natural o saborizado
0114,Yogur con aditamentos
0114,Dulce de leche
0114,Postres lácteos
0114,Otros productos lácteos
0114,Surtidos de productos lácteos
0114,Huevos de gallina
0114,Otros huevos
0115,Aceite mezcla
0115,Aceite de girasol
0115,Aceite de maíz
0115,Aceite de oliva
0115,Aceite de soja
0115,Otros aceites
0115,Surtidos de aceites
0115,Grasa porcina
0115,Grasa vacuna
0115,Margarina
0115,Otras grasas
0115,Surtidos de grasa para la cocina
0115,Manteca
0116,Ananá
0116,Banana
0116,"Cerezas, guindas frescas"
0116,Ciruela
0116,Damasco
0116,Durazno
0116,Frutillas frescas
0116,Kiwi fresco
0116,Limón
0116,Mandarina
0116,Manzana
0116,Melón fresco
0116,Naranja
0116,Palta fresca
0116,Pelón fresco
0116,Pera
0116,Pomelo fresco
0116,Sandia fresca
0116,Uva fresca
0116,Otras frutas frescas
0116,Frutas congeladas
0116,Surtidos de frutas frescas o congeladas
0116,Ananá en almíbar o en conserva
0116,Duraznos en almíbar o en conserva
0116,Ensalada de frutas en almíbar o  en conserva
0116,Otras frutas en conserva
0116,Frutas secas
0116,Ciruelas disecadas
0116,Pasas de uva
0116,Otras frutas disecadas
0116,"Surtidos de frutas procesadas, secas o en conserva"
0117,Acelga fresca
0117,Ají fresco
0117,Ajo
0119,"Albahaca, perejil fresco"
0117,Alcauciles
0117,"Apio, hinojo fresco"
0117,Arvejas frescas
0117,Batata fresca
0117,Berenjenas frescas
0117,Cebolla común fresca
0117,"Cebolla de verdeo, puerro fresco"
0117,"Coliflor, brócoli fresco"
0117,Chauchas frescas
0111,Choclo fresco
0117,Espinaca fresca
0117,Hongos
0117,Lechuga fresca
0117,Mandioca fresca
0117,Papa fresca
0117,Pepino fresco
0117,Rabanitos
0117,"Radicheta, radicha, rúcula fresca"
0117,Remolacha fresca
0117,Repollo fresco
0117,Tomate perita fresco
0117,Tomate redondo fresco
0117,Tomate Cherry
0119,"Verdurita, jardinera, ensaladas varias frescas"
0117,Zanahoria fresca
0117,Zapallitos frescos
0117,Zapallo fresco
0117,Otras verduras y tubérculos frescos
0117,Otras legumbres frescas
0117,Aceitunas
0117,Verduras congeladas
0117,Papas y otros tubérculos congelados
0117,Legumbres congeladas
0117,Milanesa de soja
0117,Semipreparados frescos o congeladas en base a verduras para cocinar
0117,"Surtidos de verduras, tubérculos y legumbres frescas o congeladas"
0117,Arvejas secas
0117,Lentejas secas
0117,Porotos secos
0117,Otras legumbres secas
0117,Arvejas en conserva
0117,Choclo en conserva
0117,Lentejas en conserva
0117,Porotos en conserva
0117,Otras legumbres en conserva
0117,Tomates en conserva
0117,Verduras en conserva
0117,Polvo para puré de papa o batata deshidratado
0117,Polvo para puré zapallo deshidratado
0117,Otras verduras deshidratadas
0117,"Surtidos de verduras, tubérculos y legumbres secas o en conservas y derivadas"
0118,Azúcar
0118,Edulcorante
0118,Dulce de batata
0118,Dulce de membrillo
0118,"Mermeladas, otros dulces y jaleas"
0118,Miel y similares
0118,"Surtidos de dulces, mermeladas y miel"
0118,Helado individual
0118,Helado envasado por kilo o litro
0118,Helado suelto
0111,Alfajores
0111,Barra de cereales
0118,Bombones y bocaditos de chocolate
0118,Caramelos o confites
0118,Chicles
0118,Chocolate para taza/repostería
0118,Chocolates y chocolatines
0118,Chupetines
0118,Obleas cubiertas con chocolate o con confituras
0118,Pastillas en paquete
0118,Turrón
0118,Otras golosinas y confituras
0118,Otros preparados de chocolate
0118,Surtidos de chocolates y otros dulces
0119,Sal fina
0119,Sal gruesa
0119,Ají molido
0119,Comino
0119,Orégano
0117,Pimentón
0119,Pimienta
0119,Otras especias
0119,Surtido de sal y especias
0119,Ketchup
0119,Mayonesa
0119,Mostaza
0119,Salsa en base a tomate
0119,Salsas varias
0119,"Vinagre, aceto balsámico"
0119,Otros aderezos y condimentos
0119,Surtidos de salsas y condimentos
0119,Alimentos preparados para niños y bebés
0119,Caldos concentrados
0119,Levadura
0119,Polvo para hornear
0119,"Polvo para bizcochuelo, tortas, scones, budín, brownies"
0119,Polvo para postres y helados
0119,Productos para repostería
0119,Sopas concentradas
0119,"Surtidos de sopas, preparaciones para postres y levadura"
0119,"Chizitos, papas fritas, palitos (snacks)"
0119,Gastos no discriminados en alimentos
0122,Café instantáneo
0122,Café molido o en grano
0122,Café en saquitos
0122,Café en cápsulas o bolsitas para máquinas de café
0122,Capuchino instantáneo
0122,Capuchino en saquitos
0122,Malta instantánea
0121,Jugos y refrescos en polvo para preparar bebidas
0121,Jugos y refrescos líquidos para preparar bebidas
0121,Jugos y refrescos para beber sin diluir
0121,jugos en base de soja saborizados
0311,Telas de algodón con o sin mezcla
0311,Telas de lana con o sin mezcla
0311,Sintético puro
0311,Otras telas
0311,Fibra sintética para tejer
0311,Hilo para tejer
0311,Lana con mezcla para tejer
0311,Lana pura para tejer
0311,Otros hilados para tejer
0312,Camisa para hombres
0312,"Remera, chomba, polera para hombres"
0312,Pantalón de jean para hombres
0312,Pantalón de vestir para hombres
0312,"Pulover, chaleco, para hombres"
0312,Equipo de deporte para hombres
0312,"Joggings (pantalón y/o buzo, campera)  para hombres"
0312,"Short, bermuda, traje de baño, malla para hombre"
0312,"Saco sport, blazer para hombres"
0312,"Traje, ambo para hombres"
0312,"Campera, anorak para hombres"
0312,"Sobretodo, impermeable y otros abrigos"
0312,Otras prendas exteriores para hombres
0312,"Blusa, camisa para mujeres"
0312,"Remera, polera, para mujeres"
0312,Pantalón de jean para mujeres
0312,Pantalón de vestir para mujeres
0312,"Pollera, pollera-pantalón para mujeres"
0312,"Vestido, jumper, conjunto de blusa y pollera para mujeres"
0312,"Pullover, chaleco, polerón para mujeres"
0312,"Joggings (pantalón y/o buzo, campera)  para mujeres"
0312,"Equipo de deporte: malla de gimnasia, pantalón deportivo, pollera de tenis, calzas, etc."
0312,"Short, bermuda para mujeres"
0312,"Traje de baño, malla para mujeres"
0312,"Blazer, saco para mujeres"
0312,Traje para mujeres
0312,"Campera, anorak para mujeres"
0312,"Tapado, sacón para mujeres"
0312,Impermeable y otros abrigos
0312,Otras prendas exteriores para mujeres
0312,"Calzas, leggins (algodón, lycra, etc.) excluye deportivas."
0312,Batita de bebe
0312,"Enterito, osito, patas para bebés"
0312,Mantilla para bebés
0312,"Blusa, camisa para niños y bebés"
0312,"Remera, polera de algodón"
0312,"Pantalón de jean, para niños y bebés"
0312,Pantalón de vestir para niños
0312,Pollera para niñas
0312,"Vestido, jumper, conjunto para niñas y bebés"
0312,"Pullover, chaleco, saco para niños y bebés"
0312,"Short, bermuda, jardinero para niños y bebés"
0312,"Joggings (pantalón y/o buzo, campera) para niños y bebés"
0312,Equipo de deporte o gimnasia para niños
0312,"Traje de baño, malla para niños y bebés"
0312,"Guardapolvo, delantal para niños"
0312,"Camperas, tapados, anorak, abrigos para niños y bebés"
0312,Otras prendas exteriores para niños y bebés
0312,"Calzas (algodón, lycra, etc.)"
0312,Calzoncillo
0312,Camiseta para hombres
0312,"Medias, zoquetes para hombres"
0312,Pijama para hombres
0312,Otras prendas interiores para hombres
0312,Bombacha
0312,Corpiño
0312,Conjuntos de bombacha y corpiño
0312,body – camiseta
0312,"Camisón, pijama"
0312,"Medias, zoquetes para mujeres"
0312,"Medibachas, panty"
0312,"Otras prendas interiores para mujeres: salto de cama, combinación, enagua, trusas, fajas, salidas de baño, etc."
0312,Bombacha para niños y bebés
0312,Calzoncillo para niños
0312,Camiseta para niños y bebés
0312,"Camisón, pijama para niños y bebés"
0312,Escarpines para niños y bebés
0312,"Medias, zoquetes para niños y bebés"
0312,"Pañal, chiripa de tela para bebés"
0312,Otras prendas interiores para niños y bebés
0313,Babero
0313,"Bufanda, chalina, pañuelo de cuello, guantes"
0313,Corbata
0313,Pañuelo de mano
0313,"Cinturón, tiradores"
0313,"Sombrero, gorro, boina"
0313,Otros accesorios para vestir
0313,Botones
0313,Cierres
0313,Hilo para coser
0314,Lavandería y lavadero automático de ropa de vestir
0314,"Tintorería, limpieza a seco de ropa de vestir"
0314,Arreglos y hechuras con modista o sastre
0451,Electricidad de la vivienda principal Kw/h
0451,Electricidad (kw) de la vivienda secundaria
0452,Gas envasado en garrrafas
0452,Gas a granel
0452,Gas natural por red domiciliaria (m3) de la vivienda principal
0452,Gas envasado en tubo
0452,Gas natural por red domiciliaria (m3) de la vivienda secundaria
0453,Kerosene
0454,"Leña, carbón"
0455,Otros combustibles para el hogar
0611,Alergia
0611,Antibióticos y antisépticos
0611,Anticonceptivos
0611,Antiinflamatorios
0611,Cardíacos
0611,Dermatológicos
0611,Diabetes
0611,Diarrea
0611,Digestivos
0611,Fiebre o dolor
0611,Homeopáticos y hierbas medicinales
0611,"psiquiátricos, nervios"
0611,Oncológicos
0611,Presión
0611,Productos dietéticos
0611,Tiroides y hormonas
0611,Tos
0611,Vacunas y sueros
0611,Vitaminas o tónicos
0611,Otros medicamentos
0612,"Alcohol, agua oxigenada, antisépticos, desinfectantes"
0612,Algodón
0612,Gasas y vendas
0612,"Jeringas, agujas"
0612,Preservativos
0612,"Tela adhesiva, curitas"
0612,Termómetro
0612,Otros elementos para primeros auxilios
0613,Limpieza de lentes de contactos
0613,Anteojos
0613,Lentes de contacto
0612,Anticonceptivos mecánicos
0613,"Aparatos y accesorios ortopédicos y terapéuticos (silla de ruedas, bastón, plantillas, etc.)"
0612,"Equipo para nebulización, oxígeno, vaporización, tensiómetro, medidor de glucosa, etc."
0613,"Otras prótesis (audífonos, marcapasos, etc.)"
0721,Baterías
0721,Bujías
0721,"Cubiertas, neumáticos"
0723,Equipos de gas y su instalación
0721,"Accesorios varios (matafuegos, balizas, portaequipaje, alarma, etc.)"
0721,Repuestos y accesorios para el vehículo de uso del hogar
0721,"Productos de limpieza y conservación para el vehículo de uso del hogar: fundas, cubreautos, espumas, etc."
0722,Nafta súper
0722,Nafta premium
0722,"Diesel, gasoil"
0722,Diesel premium
0722,"Gas natural comprimido, GNC"
0722,Otros gastos en combustibles
0722,"Cambio y/o compra de aceite, lubricantes"
0723,Balanceo de ruedas
0721,Chapa y pintura
0723,"Lavado, engrase"
0723,Reparaciones diversas y sus repuestos
0721,Localización de vehículos
0731,Abono de tren corta distancia
0731,Boleto de tren de media y larga distancia
0731,Boleto tren corta distancia
0731,Subterráneo
0732,Abono de colectivo urbano o suburbano
0732,"Abono mensual de chárter (combi, ómnibus)"
0732,"Pasaje diario en chárter (combi, ómnibus)"
0732,Boleto de colectivo urbano o suburbano
0732,Ómnibus de media y larga distancia dentro del país
0732,"Remis, alquiler de auto con chofer"
0732,Taxi
0732,Transporte escolar mensual
0732,"Otros abonos (remis, taxi)"
0732,Pasaje de larga distancia en charter o combi
0732,Ómnibus de media y larga distancia internacional
0733,Pasajes de avión de cabotaje
0733,Pasajes de avión internacional
0734,Abono de lancha
0734,"Pasaje de buque, lancha y aliscafo dentro del país"
0734,"Pasaje de buque, lancha y aliscafo internacional"
0732,Compra de tarjeta recargable de transporte público
0721,"Radio, equipo de música, GPS  para el vehículo de uso del hogar"
0111,Pan y otros productos de panadería
0111,Productos de pastelería
0111,Harinas
0111,Otros productos preparados en base de harinas y/o cereales
0111,Fideo y pastas
0112,"Carne fresca, refrigerada o congelada de ganado bovino (res)"
0112,"Carne fresca, refrigerada o congelada de ganado porcino"
0112,"Carne fresca, refrigerada o congelada de ganado ovino"
0112,"Carne fresca, refrigerada o congelada de ganado caprino"
0112,"Carne fresca, refrigerada o congelada de ganado camélido"
0112,"Carne fresca, refrigerada o congelada de aves de corral"
0112,Otras carnes
0112,"Despojos comestibles frescos, refrigerados o congelados"
0112,"Carnes secas, saladas o ahumadas"
0112,Productos cárnicos embutidos
0112,Productos cárnicos pre elaborados
0112,Animales y aves de corral comprados vivos para su consumo como alimento
0113,Pescado
0114,Leches y otros productos lácteos
0114,Quesos y cuajada
0114,Productos lácteos no de leche de vaca
0114,Huevos y productos derivados preparados íntegramente con huevos
0115,Aceites
0115,Mantequilla y productos derivados
0115,Grasas comestibles/manteca
0116,"Frutas frescas, refrigeradas o congeladas"
0116,Frutas y partes de frutas deshidratadas/Fruta seca
0116,Frutas en conserva y productos a base de frutas
0117,"Legumbres - Hortalizas frescas, refrigeradas o congeladas"
0117,Papas y otros tubérculos frescos o refrigerados
0117,Legumbres secas y productos a base de legumbres conservados o procesados
0117,"Productos de tubérculos secos, procesados y leguminosas."
0116,Frutos o granos oleaginosos
0118,Caña de azúcar
0118,"Azúcar, mermelada, miel, chocolate y dulces de azúcar"
0118,"Mermeladas, compotas, jaleas, purés y pastas de frutas"
0118,Miel natural y artificial
0118,"Chocolates en barras o tabletas, dulces y confitería"
0118,"Hielo comestible, helados y sorbetes"
0119,"Sal, especias, hierbas culinarias, salsas, condimentos, aderezos"
0119,"Preparados de polvos de hornear, levadura, postres, sopas, caldos, consomés"
0119,Alimentos para lactantes homogeneizados y preparados dietéticos
0117,"Productos preparados y/o cocidos listos para el consumo sometidos a procesos de conservación, enlatado o congelado"
0119,Otros productos alimenticios n.e.p.
0122,Café
0121,Jugos de frutas y de hortalizas
0121,Jarabes y concentrados para la preparación de bebidas
0311,Telas para confeccionar prendas de vestir
0311,Fibra de lana y lana
0312,Prendas de vestir
0312,Prendas de vestir deportivas
0312,Prendas de vestir interiores
0312,Prendas de dormir
0312,Prendas de vestir para bebé
0313,Otras prendas de vestir
0313,Accesorios del vestir
0313,Otros artículos relacionados con la confección de prendas de vestir
0314,"Limpieza en seco, lavandería y tinte de prendas de vestir"
0314,Reparación y modificación de prendas de vestir
0314,Alquiler de prendas de vestir
0452,Servicio de suministro de gas natural por red
0452,Servicio de suministro de gas licuado y recipiente de almacenamiento
0455,Energía calórica
0613,Artefactos y equipo terapéuticos
0721,Piezas de repuesto para equipo de transporte personal
0721,Accesorios para equipo de transporte personal
0722,Combustible y lubricantes para equipo de transporte personal
0723,Conservación y reparación de equipo de transporte personal
0732,Transporte urbano de pasajeros
0732,Transporte urbano por contrato
0732,Transporte interurbano
0732,Transporte escolar
0732,Tarjeta magnética transporte terrestre
0732,Transporte terrestre internacional
0732,Alquiler de vehículos en general con conductor
0733,Transporte de pasajeros por aire
0734,Transporte de pasajeros por mar y cursos de agua interiores
0735,Transporte combinado de pasajeros
0111,ARROZ POLIDO
0111,ARROZ HIBRIDO
0111,ARROZ BICA CORRIDA
0111,ARROZ QUIRERA
0111,ARROZ LISO
0111,ARROZ MACERADO
0111,ARROZ PARBOILIZADO
0111,XEREM DE ARROZ
0111,ARROZ PARBORIZADO
0111,ARROZ COLONIAL
0111,ARROZ AGULHA
0111,ARROZ AGULHINHA
0111,ARROZ BRANCO
0111,ARROZ VERMELHO
0111,ARROZ AMARELO
0111,ARROZ INTEGRAL
0111,ARROZ PILADO
0111,ARROZ NAO-POLIDO
0111,ARROZ BENEFICIADO
0111,ARROZ COM CASCA
0111,ARROZ JAPONES ESPECIAL
0111,ARROZ PRE-COZIDO
0111,ARROZ (NAO-ESPECIFICADO)
0111,ARROZ NAO-ESPECIFICADO
0111,ARROZ ARBOREO
0111,ARROZ NEGRO
0111,ARROZ SEMIPRONTO NAO ESPECIFICADO
0117,FAVA EM GRAO
0117,FEIJOA EM GRAO
0117,MANGALO AMARGO EM GRAO
0117,FEIJAO FAVA EM GRAO
0117,FEIJAO MANTEIGA
0117,FEIJAO BICO DE OURO
0117,FEIJAO CAETE
0117,FEIJAO PINGO DE OURO
0117,FEIJAO GRAO DE OURO
0117,FEIJAO CANARINHO
0117,FEIJAO BOLINHA
0117,FEIJAO PITOCO
0117,FEIJAO DOURADINHO
0117,FEIJAO MULATINHO
0117,FEIJAO PAULISTA
0117,FEIJAO MULATA GORDA
0117,FEIJAO MARROM
0117,FEIJAO MORENINHO
0117,FEIJAO CAFE COM LEITE
0117,FEIJAO PRETO
0117,FEIJAO DO MILHO
0117,FEIJAO CAVALO
0117,FEIJAO DE COR
0117,FEIJAO PRETO BANDINHA
0117,FEIJAO FRADINHO
0117,FEIJAO MACASSAR
0117,FEIJAO DE CORDA
0117,FEIJAO CORUJA
0117,FEIJAO DE MOITA
0117,FEIJAO QUARENTINHA
0117,FEIJAO LIGEIRO
0117,FEIJAO CATADOR
0117,FEIJAO MIUDO
0117,FEIJAO GURUTUBA
0117,FEIJAO DO RIO
0117,FEIJAO IBRA
0117,FEIJAO BAIANO
0117,FEIJAO VINAGRE
0117,FEIJAO SEMPRE VERDE
0117,FEIJAO DE ARRANCA
0117,FEIJAO BAJE PODRE (MACASSAR)
0117,FEIJAO CAUPI
0117,FEIJAO DA COLONIA
0117,FEIJAO VERDE
0117,FEIJAO PERUANO
0117,FEIJAO TREPA PAU
0117,FEIJAO JALO
0117,FEIJAO VERMELHO
0117,FEIJAO GORDO
0117,FEIJAO DO SUL
0117,FEIJAO ROXO
0117,FEIJAO ROXINHO
0117,FEIJAO RAPE (ROXO)
0117,FEIJAO RAJADO
0117,FEIJAO AMENDOIM
0117,FEIJAO CHITA FINA
0117,FEIJAO VERMELHO E BRANCO
0117,FEIJAO CASCAO
0117,FEIJAO CARNAVAL
0117,FEIJAO CHOCOLATE
0117,FEIJAO CARIOCA
0117,FEIJAO RAJADINHO
0117,FEIJAO CARIOQUINHA
0117,FEIJAO ROSINHA
0117,FEIJAO MARIA ROSA
0117,FEIJAO ROSADO
0117,FEIJAO AMARELO
0117,FEIJAO OURO
0117,FEIJAO MINEIRO
0117,FEIJAO PARDO
0117,FEIJAO CAFEZINHO
0117,FEIJAO CAFE
0117,FEIJAO IMPERIAL
0117,ANDU
0117,FEIJAO GUANDO
0117,FEIJAO ANDU
0117,FEIJAO GUANDU
0117,FEIJAO NAO-ESPECIFICADO
0117,FEIJAO (NAO-ESPECIFICADO)
0117,FEIJAO DA PRAIA
0117,FEIJAO BRANCO
0117,FEIJAO SEMIPRONTO NAO ESPECIFICADO
0117,FEIJAO AZUKI
0117,SOJA EM GRAO ORGANICA
0117,FEIJAO PRETO ORGANICO
0117,FEIJAO FRADINHO ORGANICO
0117,FEIJAO DE CORDA ORGANICO
0117,FEIJAO DE VARA ORGANICO
0117,FEIJAO DA COLONIA ORGANICO
0117,FEIJAO VERDE ORGANICO
0117,FEIJAO NAO-ESPECIFICADO ORGANICO
0117,FEIJAO (NAO-ESPECIFICADO) ORGANICO
0111,ARROZ POLIDO ORGANICO
0111,ARROZ HIBRIDO ORGANICO
0111,ARROZ BICA CORRIDA ORGANICO
0111,ARROZ PARBOILIZADO ORGANICO
0111,ARROZ AGULHA ORGANICO
0111,ARROZ BRANCO ORGANICO
0111,ARROZ INTEGRAL ORGANICO
0111,ARROZ NAO-POLIDO ORGANICO
0111,ARROZ ORGANICO
0111,COCO ORGANICO
0111,AVEIA EM GRAO
0111,AVEIA EM MASSA
0111,MASSA DE AVEIA
0111,PIPOCA DE ARROZ INDUSTRIALIZADA
0111,CEVADA EM GRAO
0111,MILHO EM GRAO
0111,MILHO BRANCO EM GRAO
0111,MILHO DE CANJICA
0111,MILHO CANJIQUINHA
0111,MILHO DE PIPOCA
0111,CANJIQUINHA DE MILHO EM GRAO
0111,XEREM DE MILHO
0111,QUIRERA DE MILHO
0111,CANJICA DE MILHO EM GRAO
0111,MILHO AMARELO EM GRAO
0111,MILHO DE MUNGUZA
0111,MILHO ALHO
0111,MILHO SECO
0111,MILHO XEREM
0111,MILHO VERDE EM ESPIGA
0111,TRIGO EM GRAO
0111,TRIGO INTEGRAL
0111,QUIRERA DE TRIGO
0111,MASSA DE TRIGO
0111,FARELO DE TRIGO (QUIRERA)
0116,AMENDOIM EM GRAO IN NATURA
0116,AMENDOIM EM CASCA IN NATURA
0116,AMENDOIM NATURAL
0117,ERVILHA EM GRAO
0119,SEMENTE DE LINHACA
0117,GRAO DE BICO
0117,LENTILHA
0117,SOJA EM GRAO
0119,SEMENTE DE ABOBORA
0111,QUIRERA NAO-ESPECIFICADA
0111,QUIRERA (NAO-ESPECIFICADA)
0111,MILHO DE PIPOCA PARA MICROONDAS
0111,MILHO DE PIPOCA PARA MICROONDAS LIGHT
0111,MILHO DE PIPOCA LIGHT PARA MICROONDAS
0119,LINHACA DOURADA
0119,QUINOA
0119,SEMENTE NAO ESPECIFICADA
0119,CHIA
0116,COCO DA BAHIA
0116,COCO DA PRAIA
0116,COCO DA BAHIA SECO
0116,COCO DA BAHIA VERDE
0116,COCO RALADO INDUSTRIALIZADO
0116,COCO RALADO NATURAL
0116,CASTANHA PORTUGUESA
0116,CASTANHA DA EUROPA
0116,PINHAO
0116,PINHAO DO PARANA
0116,AMENDOA
0116,AVELA
0116,CASTANHA DO PARA
0116,AMENDOA DA AMERICA (CASTANHA DO PARA)
0116,CASTANHA DE CAJU
0116,COCO OURICURI
0116,COCO ALICURI
0116,BUTIA
0116,COCO BABACU
0116,BABACU
0116,MARAJA
0116,TUCUMA
0116,COCO DENDE
0116,DENDE
0116,COCO CATOLE
0116,NOZ
0116,PUPUNHA
0116,BACABA
0116,CASTANHA DA INDIA
0116,MASSA DE BURITI
0116,BURITI (COCO)
0116,PISTACHE
0116,COCO NAO-ESPECIFICADO
0116,CASTANHA NAO-ESPECIFICADA
0116,NOZ (NOGUEIRA)
0116,PINOLI
0116,MIX DE SEMENTES E FRUTAS
0116,AMENDOIM SALGADO
0116,AMENDOIM TORRADO
0116,AMENDOIM APIMENTADO
0116,AMENDOIM COZIDO
0116,AMENDOIM DOCE
0116,AMENDOIM JAPONES
0111,MACARRAO SEM OVOS
0111,MACARRAO DE GLUTEN SEM OVOS
0111,MACARRAO DE SEMOLA SEM OVOS
0111,MACARRAO DE SEMOLINA SEM OVOS
0111,MACARRAO DE SOPA SEM OVOS
0111,MASSA SEM OVOS
0111,MASSA DE SEMOLA SEM OVOS
0111,MASSA DE SEMOLINA SEM OVOS
0111,MASSA DE SOPA SEM OVOS
0111,TALHARIM SEM OVOS
0111,SPAGHETTI SEM OVOS
0111,ESPAGUETE SEM OVOS
0111,ALETRIA SEM OVOS
0111,MACARRAO SEM COLESTEROL
0111,MACARRAO VITAMINADO
0111,MACARRAO PARAFUSO SEM OVOS
0111,MACARRAO COM ESPINAFRE
0111,MACARRAO PRE-COZIDO
0111,MACARRAO PASTEURIZADO
0111,MACARRAO PICADO
0111,MACARRAO PENNE SEM OVOS
0111,MACARRAO COM OVOS
0111,MACARRAO DE GLUTEN COM OVOS
0111,MACARRAO DE SEMOLA COM OVOS
0111,MACARRAO DE SEMOLINA COM OVOS
0111,MACARRAO DE SOPA COM OVOS
0111,MASSA COM OVOS
0111,MASSA DE GLUTEN COM OVOS
0111,MASSA DE SEMOLA COM OVOS
0111,MASSA DE SEMOLINA COM OVOS
0111,MASSA DE SOPA COM OVOS
0111,TALHARIM COM OVOS
0111,SPAGHETTI COM OVOS
0111,ESPAGUETE COM OVOS
0111,ALETRIA COM OVOS
0111,MACARRAO PARAFUSO COM OVOS
0111,MACARRAO PENNE COM OVOS
0111,MACARRAO (NAO-ESPECIFICADO)
0111,MACARRAO CASEIRO
0111,MACARRAO COM SEMOLA (NAO-ESPECIFICADO)
0111,ESPAGUETE (NAO-ESPECIFICADO)
0111,MACARRAO PARAFUSO (NAO-ESPECIFICADO)
0111,TALHARIM (NAO-ESPECIFICADO)
0111,MASSA DE SEMOLA (NAO-ESPECIFICADA)
0111,MASSA DE SOPA (NAO-ESPECIFICADA)
0111,MASSA (NAO-ESPECIFICADA)
0111,MACARRAO NAO-ESPECIFICADO
0111,MACARRAO COM SEMOLA NAO-ESPECIFICADO
0111,ESPAGUETE NAO-ESPECIFICADO
0111,MACARRAO PARAFUSO NAO-ESPECIFICADO
0111,TALHARIM NAO-ESPECIFICADO
0111,MASSA DE SEMOLA NAO-ESPECIFICADA
0111,MASSA DE SOPA NAO-ESPECIFICADA
0111,MASSA NAO-ESPECIFICADA
0111,MIOJO
0111,MACARRAO INSTANTANEO
0111,MASSA INSTANTANEA
0111,MACARRAO INTEGRAL
0111,MIOJO LIGHT
0111,MACARRAO INSTANTANEO LIGHT
0111,MACARRAO SEMI PRONTO
0111,MACARRAO DE ARROZ
0111,MACARRAO DE FEIJAO
0111,MACARRAO SEM GLUTEN
0111,MACARRAO PARA YAKISSOBA
0111,MACARRAO DE FEIJAO ORGANICO
0111,FARINHA DE TRIGO
0111,FARINHA DO REINO
0111,SEMOLINA DE TRIGO
0111,FARINHA DE TRIGO COM FERMENTO
0111,FARINHA DE TRIGO INTEGRAL
0117,FARINHA DE MANDIOCA
0117,FARINHA DE MANDIOCA CRUA
0117,FARINHA DE MANDIOCA TORRADA
0117,FARINHA DE MANDIOCA BIJU
0117,FARINHA DE MANDIOCA AMARELA
0117,FARINHA DE MANDIOCA BRANCA
0117,FARINHA DE MANDIOCA MISTURADA
0117,FARINHA DE MANDIOCA COMUM
0117,FARINHA DE COPIOBA
0111,FARINHA DE MESA
0117,FARINHA DE CARIMA
0117,MASSA DE MANDIOCA
0117,FARINHA DE AGUA
0117,CRUERA
0117,FARINHA SECA
0117,FARINHA DE MANDIOCA TEMPERADA
0117,FARINHA DE MANDIOCA FLOCADA
0111,CREME DE ARROZ
0111,FARINHA DE ARROZ
0119,ARROZINA
0119,MUCILON
0111,MASSA DE ARROZ
0119,MUCILON DE ARROZ
0119,MINGAU DE ARROZ
0119,NUTRILON DE ARROZ
0111,FLOCOS DE ARROZ
0111,FLOCAO DE ARROZ
0111,CEREAL MATINAL DE ARROZ EM FLOCOS
0111,FARINHA DE AVEIA
0111,AVEIA EM FLOCOS
0111,FLOCOS DE AVEIA
0111,AVEIA INSTANTANEA
0111,FARINHA DE CENTEIO
0111,FUBA DE MILHO
0111,FUBA
0111,FARINHA DE MILHO
0111,MILHARINA
0111,FLOR DE MILHO
0111,SEMOLA DE MILHO
0111,MASSA DE MILHO
0117,PUBA DE FUBA
0111,MASSA DE CANJICA
0117,FECULA DE MILHO
0119,MUCILON DE MILHO
0111,MILHO MOIDO
0119,MINGAU DE MILHO
0111,FARINHA DE FUBA
0111,MASSA DE PUBA
0111,MASSA PARA PAMONHA
0111,FARINHA AMARELA
0111,MAIZENA
0111,AMIDO DE MILHO
0117,GOMA DE MILHO
0117,AMIDO DE ARROZ
0119,CREMOGEMA
0111,VITAMILHO
0111,CREME DE MILHO
0119,CREMOGEMA VITAMINADA
0111,FLOCOS DE MILHO
0111,SUCRILHOS DE MILHO
0111,CEREAL MATINAL DE MILHO EM FLOCOS
0111,FLOCAO DE MILHO
0111,FARINHA DE ROSCA
0111,FARINHA DE QUIBE
0111,FARINHA DE TRIGO DE QUIBE
0111,TRIGUILHO
0111,TRIGO PARA QUIBE
0111,GERME DE TRIGO
0111,FIBRA DE CEREAL TRIGO
0117,FECULA DE MANDIOCA
0117,GOMA DE MANDIOCA
0117,POLVILHO DE MANDIOCA
0111,POLVILHO AZEDO
0117,SAGU DE MANDIOCA
0117,CREME DE MACAXEIRA
0117,GOMA DE TAPIOCA
0117,TAPIOCA GOMA
0117,FARINHA DE TAPIOCA
0117,FARINHA BEIJU
0117,POLVILHO DOCE
0117,CARIMA DE MANDIOCA
0117,PUBA DE MANDIOCA
0117,SAGU DE TAPIOCA
0117,TAPIOCA DE GOMA
0117,FARINHA DE GOMA
0117,FARINHA DE PUBA
0117,MASSA DE TAPIOCA
0111,FARINHA NAO-ESPECIFICADA
0111,FARINHA DE SOJA
0111,FARINHA LACTEA
0119,NESTON
0111,FLOCOS DE CEREAIS
0111,ALIMENTOS INFANTIS QUATRO CEREAIS
0111,EXTRATO DE CEREAIS
0111,MASSA DE PAO COMUM
0111,MISTURA PARA PAO DE TRIGO
0111,MASSA DE PAO DE QUEIJO
0111,PAO DE QUEIJO SEMIPRONTO
0111,MASSA DE PIZZA
0119,PIZZA SEMIPRONTA
0119,MINI PIZZA SEMIPRONTA
0111,MASSA PARA PIZZA
0111,MASSA DE PASTEL
0119,MINI PASTEL
0119,PASTEL SEMIPRONTO
0111,MASSA PARA PASTEL
0111,PIEROGI SEMI PRONTO
0111,MASSA DE NHOQUE
0111,NHOQUE SEMIPRONTO
0111,INHOQUE SEMIPRONTO
0111,MASSA DE RAVIOLE
0111,RAVIOLE SEMIPRONTO
0111,MASSA DE LASANHA
0111,LASANHA SEMIPRONTA
0111,MACARRAO PARA LASANHA
0111,MASSA PARA LASANHA
0111,LASANHA A BOLONHESA SEMIPRONTA
0111,MASSA DE CANELONE
0111,MASSA DE CAPELETI
0111,CAPELETI SEMIPRONTO
0111,ANHOLINE SEMIPRONTO
0117,PURE DE BATATA EM CAIXA
0117,BIFE VEGETAL
0117,MASSA DE SOJA
0117,CARNE VEGETAL
0117,PASTA DE SOJA
0117,CARNE DE SOJA
0117,ALIMENTO DE SOJA
0117,FARINHA DE AMENDOIM
0117,AMENDOIM MOIDO
0117,FARINHA DE BANANA
0111,GRANOLA
0111,FLOCOS DE GRANOLA
0117,MASSA DE COXINHA
0117,COXINHA DE FRITAR
0117,COXINHA SEMIPRONTA
0111,MASSA DE ROTOLONE
0119,CALZONE SEMIPRONTO
0111,POLENTA SEMIPRONTA
0111,MASSA PARA POLENTA
0111,MISTURA PARA POLENTA
0111,POLENTINA
0111,MIX DE CEREAIS
0111,FARINHA DE CEREAIS VITAMINADA
0119,SUSTAGEM
0119,PROTEINA DE SOJA
0119,COMPLEMENTO VITAMINICO DE SOJA
0119,PROTEINA VEGETAL
0116,FARINHA DE MARACUJA
0111,CEREAL MATINAL DE MILHO EM FLOCOS LIGHT
0111,MASSA DE PIZZA LIGHT
0117,FECULA DE BATATA
0111,MASSA DE PANQUECA
0116,FARINHA DE LINHACA
0111,MASSA DE EMPADA (EMPADA SEMIPRONTA)
0111,FARELO DE AVEIA
0111,MINGAU DE AVEIA
0111,GRANOLA LIGHT
0111,GRANOLA DIET
0111,AVEIA ORGANICA
0116,FARINHA DE COCO
0111,MINGAU DE CEREAIS
0111,MINGAU DE BANANA
0111,MINGAU NAO ESPECIFICADO
0116,FARINHA DE BERINJELA
0116,FARINHA SEM GLUTEN
0116,FARINHA DE AMENDOA
0116,FARINHA DE AMORA
0116,FARINHA DE MACA
0111,FARINHA DE ARROZ E AVEIA
0111,MINGAU DE ARROZ E AVEIA
0111,MASSA PARA VATAPA
0111,MASSA PARA TORTILHA
0111,MASSA PARA RONDELLI
0111,RONDELLI SEMIPRONTO
0119,FOLHADO (SALGADO) CONGELADO
0119,BURRITO SEMIPRONTO
0119,TORTILHA SEMIPRONTA
0111,CEREAL MATINAL DE TRIGO
0111,MASSA PARA ACARAJE
0119,RISOLE SEMIPRONTO
0119,TACO MEXICANO SEMIPRONTO
0111,CASQUINHA PARA CANAPE
0119,VITAMINA CONCENTRADA (SHAKE)
0117,BATATA INGLESA
0117,BATATA DO REINO
0117,BATATA ROSA
0117,BATATA PORTUGUESA
0117,BATATA INGESA ROSA
0117,BATATINHA
0117,BATATA LISA
0117,BATATA HOLANDESA
0117,BATATA BINGE
0117,BATATA BRANCA
0117,BATATA INGLESA ORGANICA
0117,BATATA ROSA ORGANICA
0117,BATATINHA ORGANICA
0117,CENOURA
0117,CENOURA VERMELHA
0117,CENOURINHA
0117,CENOURA ORGANICA
0117,CENOURA VERMELHA ORGANICA
0117,MANDIOCA
0117,MANDIOCA DOCE
0117,MANDIOCA MANSA
0117,MANDIOCA BRANCA
0117,MANDIOCA CACAU
0117,AIPIM
0117,MACAXEIRA
0117,AIMPIM
0117,MANDIOCA SEM CASCA
0117,MASSA DE MACAXEIRA
0117,MANDIOCA ORGANICA
0117,AIPIM ORGANICO
0117,ARARUTA
0117,BATATA BAROA
0117,BATATA BARONESA
0117,MANDIOQUINHA SALSA (BATATA BAROA)
0117,CENOURA AMARELA (BATATA BAROA)
0117,BATATA DOCE
0117,BATATA DOCE ROXA
0117,BATATA DA TERRA
0117,BATATA MASTRUS
0117,BATATA ROXA
0117,INHAME
0117,INHAME SAO TOME
0117,INHAME CHINES
0117,INHAME DA COSTA
0117,TAIOBA SAO TOME INHAME
0117,CARA
0117,CARA INHAME
0117,CARA CHINES
0117,CARA BRANCO
0117,CARA DO AR
0117,INHAME CARAQUENTO (CARA)
0117,INHAME LISO (CARA)
0117,BATATA NAO-ESPECIFICADA
0117,BATATA (NAO-ESPECIFICADA)
0117,BATATA AIPO
0117,BATATA SALSA
0117,BATATA DO BARAO
0117,BATATA SUICA
0117,BATATA CENOURA
0117,AIPO DO PERU (BATATA AIPO)
0117,MANDIOQUINHA
0117,RABANETE
0117,BETERRABA
0117,NABO
0117,GOBO
0119,ACAFRAO
0119,GENGIBRE
0117,BETERRABA ORGANICA
0117,BATATA DOCE ORGANICA
0117,INHAME ORGANICO
0117,RABANETE ORGANICO
0117,BATATA YACON
0118,ACUCAR REFINADO
0118,ACUCAR TRIFILTRADO
0118,ACUCAR REFINADO ORGANICO
0118,ACUCAR CRISTAL
0118,ACUCAR GRANULADO
0118,ACUCAR CRISTALIZADO
0118,ACUCAR GROSSO
0118,ACUCAR CRISTAL ORGANICO
0118,ACUCAR CRISTALIZADO ORGANICO
0118,ACUCAR LIGHT
0118,ACUCAR REFINADO LIGHT
0118,ADOCANTE DIET
0118,ADOCANTE DIETETICO
0118,ADOCANTE LIQUIDO DIET
0118,ADOCANTE LIQUIDO DIETETICO
0118,GELEIA DE FRUTAS DE QUALQUER MARCA OU SABOR DIET
0118,GELEIA DIET
0118,GELEIA DE FRUTAS DIET
0118,GELEIA DE FRUTAS DE QUALQUER MARCA OU SABOR DIETETICA
0118,GELEIA DIETETICA
0118,DOCE DE FRUTAS EM BARRA OU PASTA DIET
0118,DOCE DE FRUTAS EM PASTA DIET
0118,GELATINA DIET
0118,GELATINA DIETETICA
0118,DOCE DE PESSEGO EM CALDA DIET
0118,SORVETE DE QUALQUER SABOR INDUSTRIALIZADO DIET
0118,SORVETE INDUSTRIALIZADO DIET
0118,PICOLE INDUSTRIALIZADO DIET
0118,SORVETE DE QUALQUER SABOR INDUSTRIALIZADO DIETETICO
0118,CHICLETE LIGHT
0118,BALA LIGHT
0118,GOMA DE MASCAR LIGHT
0118,BALAS LIGHT
0118,CHICLETE DIET
0118,BALA DIET
0118,PASTILHA DIET
0118,CHICLE DIET
0118,GOMA DE MASCAR DIET
0118,BALAS DIET
0118,CHICLETE DIETETICO
0118,PASTILHA DIETETICA
0118,BALAS SORTIDAS DIETETICAS
0118,CHOCOLATE EM TABLETE LIGHT
0118,TABLETE DE CHOCOLATE DIET
0118,BARRA DE CHOCOLATE DIET
0118,CHOCOLATE EM TABLETE DIET
0118,CHOCOLATE EM BARRA DIET
0118,BARRA DE CHOCOLATE DIETETICO
0118,CHOCOLATE EM PO DE QUALQUER MARCA LIGHT
0118,CHOCOLATE NESCAU LIGHT
0118,CHOCOLATE EM PO TODDY LIGHT
0118,CHOCOLATE EM PO NESCAU LIGHT
0111,TODDY LIGHT
0118,NESCAU LIGHT
0118,ACHOCOLATADO EM PO LIGHT
0118,CHOCOLATE EM PO DE QUALQUER MARCA DIET
0118,CHOCOLATE EM PO TODDY DIET
0118,ACHOCOLATADO EM PO DIET
0118,BOMBOM DE QUALQUER MARCA LIGHT
0118,BOMBOM CARAMELIZADO DE QUALQUER MARCA LIGHT
0118,BOMBONS SORTIDOS DE QUALQUER MARCA LIGHT
0118,BOMBOM DE QUALQUER MARCA DIET
0118,TRUFA DIET
0118,GELEIA DE FRUTAS DE QUALQUER MARCA OU SABOR LIGHT
0118,GELEIA LIGHT
0118,DOCE DE FRUTAS EM PASTA LIGHT
0118,PUDIM DE QUALQUER SABOR DIETETICO
0118,DOCE DE LEITE DIET
0118,GELADINHO LIGHT
0118,CHOCOLATE GRANULADO DIET
0118,CHOCOLATE EM CREME LIGHT
0118,CHOCOLATE EM CREME DIET
0118,KINDER OVO LIGHT
0111,BARRA DE CEREAIS DIET
0111,BARRA DE CEREAIS DIETETICA
0118,SOBREMESA DE QUALQUER TIPO (EXCETO INFANTIL) DIETETICA
0118,COCADA DIET
0118,COCADA DIETETICA
0118,PE DE MOLEQUE DIET
0118,PACOCA DIET
0118,PACOQUINHA DE AMENDOIM DIET
0118,BRIGADEIRO DIET
0118,GELATINA LIGHT
0118,GELATINA EM PO LIGHT
0118,ADOCANTE LIGHT
0118,ADOCANTE EM PO LIGHT
0111,BARRA DE CEREAIS LIGHT
0118,ACUCAR DIET
0114,DOCE DE LEITE ZERO LACTOSE
0118,SORVETE SEM LACTOSE
0118,BALA SEM GLUTEN
0118,ACUCAR DEMERARA
0118,ACUCAR MASCAVO
0118,ACUCAR MASCAVADO
0118,RAPADURA
0118,BATIDA (RAPADURA)
0118,RAPADURA COM COCO
0118,RAPADURA COM LEITE
0118,RAPADURA COM AMENDOIM
0118,RAPADURA COM CASTANHA
0118,SORVETE DE QUALQUER SABOR INDUSTRIALIZADO
0118,PICOLE DE QUALQUER SABOR INDUSTRIALIZADO
0118,MASSA DE SORVETE
0118,SORVETE INDUSTRIALIZADO
0118,PICOLE INDUSTRIALIZADO
0118,CREMOSINHO (SORVETE)
0118,SORVETE ARTESANAL
0118,CHICLETE
0118,MENTEX
0118,BALA
0118,CARAMELO (BALA)
0118,DROPS
0118,PASTILHA
0118,PIRULITO
0118,CHICLE
0118,GOMA DE MASCAR
0118,JUJUBA
0118,BALAS
0118,BALAS SORTIDAS
0118,BALINHA
0118,BALA DE GOMA
0118,TABLETE DE CHOCOLATE
0118,BARRA DE CHOCOLATE
0118,CHOCOLATE EM TABLETE
0118,CHOCOLATE EM BARRA
0118,CHOCOLATE BISS (TABLETE)
0118,CONFETE
0118,CHOCOLATE BATOM
0118,BATON CHOCOLATE
0118,TUBETE DE CHOCOLATE
0118,PASTILHA DE CHOCOLATE
0118,CHOCOLATE EM PO DE QUALQUER MARCA
0118,CHOCOLATE NESCAU
0118,CHOCOLATE TODDY
0118,CHOCOLATE EM PO TODDY
0118,CHOCOLATE EM PO NESCAU
0118,TODDY INSTANTANEO
0118,QUICK
0118,TODDY VITAMINADO
0118,TODDY
0118,NESCAU
0118,NESCAU VITAMINADO
0118,NESCAU INSTANTANEO
0118,OVOMALTINE
0118,PO ACHOCOLATADO
0118,PO PARA MILK SHAKE
0118,ACHOCOLATADO EM PO
0118,TODDYNHO EM PO
0118,NESQUIK
0118,BOMBOM DE QUALQUER MARCA
0118,BOMBOM CARAMELIZADO DE QUALQUER MARCA
0118,BOMBONS SORTIDOS DE QUALQUER MARCA
0118,TRUFA
0118,GELEIA DE FRUTAS DE QUALQUER MARCA OU SABOR
0118,MOUSSE DE QUALQUER MARCA (GELEIA)
0118,MOUSSE DE QUALQUER SABOR (GELEIA)
0118,GELEIA DE DAMASCO
0118,GELEIA DE MOCOTO
0118,DOCE DE FRUTAS EM PASTA DE QUALQUER SABOR
0118,PASTA DE AMENDOIM
0118,CREME DE AMENDOIM
0118,MARMELADA
0118,DOCE DE FRUTAS EM BARRA OU TIJOLO DE QUALQUER SABOR
0118,FIGADA
0118,BANANADA (EM BARRA OU TIJOLO)
0118,GOIABADA
0118,DOCE DE ABOBORA EM PASTA
0118,DOCE DE MORANGO EM PASTA
0118,DOCE DE BATATA MARROM GLACE
0118,DOCE DE AMEIXA EM PASTA
0118,DOCE DE CACAU EM PASTA
0118,PASTA DE CACAU
0118,DOCE DE FRUTAS EM TABLETE DE QUALQUER SABOR
0118,DOCE DE CAJU EM PASTA OU BARRA
0118,MARIOLA
0118,DOCE DE FEIJAO EM PASTA
0118,DOCE DE MAMAO EM PASTA
0118,DOCE DE MILHO VERDE EM PASTA
0118,DOCE DE BANANA EM PASTA OU BARRA
0118,DOCE DE COCO EM PASTA OU BARRA
0118,DOCE DE BURITI EM PASTA OU BARRA
0118,DOCE DE CAJU EM BARRA
0118,DOCE DE GOIABA EM PASTA OU BARRA
0118,DOCE DE UVA EM PASTA OU BARRA
0118,DOCE DE ABOBORA COM COCO
0118,PATE DE FRUTAS
0118,BANANADA
0118,DOCE DE FRUTAS EM CALDA DE QUALQUER SABOR
0116,FIGO EM CALDA
0116,AMEIXA EM CALDA
0116,PESSEGO EM CALDA
0116,SALADA DE FRUTAS EM CALDA
0116,ABACAXI EM CALDA
0116,GOIABA EM CALDA
0116,CEREJA EM CALDA
0116,DOCE DE JACA EM CALDA
0116,DOCE DE PESSEGO EM CALDA
0118,DOCE DE FRUTAS CRISTALIZADO DE QUALQUER SABOR
0118,DOCE DE ABACAXI CRISTALIZADO
0118,DOCE DE LARANJA CRISTALIZADO
0118,DOCE DE FIGO CRISTALIZADO
0118,DOCE DE GOIABA CRISTALIZADO
0118,DOCE DE CAJU CRISTALIZADO
0118,DOCE DE BANANA CRISTALIZADO
0118,FRUTAS CRISTALIZADAS (DOCE)
0118,MELADO
0118,MELADO DE CANA
0118,MEL DE ABELHA
0118,MEL
0118,MEL COM PROPOLIS
0118,MEL COMPOSTO
0118,GELATINA
0118,GELATINA EM PO
0118,GELATINA EM FOLHA
0118,ADOCANTE ARTIFICIAL
0118,SACARINA
0118,ZERO CAL
0118,ADOCANTE CULINARIO
0118,GLICOSE DE MILHO
0118,KARO
0118,GLACE
0118,MERENGUE
0118,ACUCAR DE CONFEITEIRO
0122,CORANTE DE CAFE
0122,MISTURA DE CAFE
0118,CONFEITOS DE BOLOS E DOCES
0118,CORANTES DE BOLOS E DOCES
0118,CONFEITO DE CHOCOLATE
0118,CONFEITO DE AMENDOIM
0118,CONFEITO NAO-ESPECIFICADO
0118,CONFEITO DE MENTA
0119,CORANTE DE BOLO E DOCE
0118,MARSHMALLOW
0118,SCHIMIER DE COLONIA
0116,FRUTA SECA OU DESIDRATADA
0116,PASSA
0116,AMEIXA SECA OU DESIDRATADA
0116,TAMARA SECA OU DESIDRATADA
0116,MACA SECA OU DESIDRATADA
0116,DAMASCO SECO OU DESIDRATADO
0117,BANANA SECA OU DESIDRATADA
0116,PESSEGO SECO OU DESIDRATADO
0116,FIGO SECO OU DESIDRATADO
0116,FRUTA DESIDRATADA
0116,AMEIXA DESIDRATADA
0116,TAMARA DESIDRATADA
0116,MACA DESIDRATADA
0116,DAMASCO DESIDRATADO
0116,ABACAXI DESIDRATADO
0117,BANANA PASSA
0116,CAJU DESIDRATADO
0118,SOBREMESA INFANTIL DE QUALQUER MARCA E SABOR
0118,DOCE INFANTIL EM POTE DE QUALQUER MARCA E SABOR
0118,PUDIM DE QUALQUER SABOR
0118,PUDIM DE COCO
0118,PUDIM DE QUEIJO
0118,PUDIM DE LEITE CONDENSADO
0118,PUDIM DE LARANJA
0118,DANETTE PUDIM
0118,PUDIM DANETTE
0114,MANJAR
0118,"MISTURA INDUSTRIAL DE DOCE, SORVETE E PUDIM"
0118,FLAN EM PO
0118,"PO DE DOCE, SORVETE E PUDIM"
0118,PO DE FLAN
0118,PO DE MINGAU DE MILHO VERDE
0119,MASSA PARA MINGAU NAO-ESPECIFICADA
0118,MASSA DOCE NAO-ESPECIFICADA
0119,PO PARA MINGAU NAO-ESPECIFICADO
0118,MOUSSE EM PO
0118,PO PARA SORVETE
0118,BASE PARA SORVETE
0118,PO PARA PUDIM
0111,CUSCUZ
0111,CUSCUZ DE TAPIOCA
0111,CUSCUZ DE ARROZ
0111,CUSCUZ DE FUBA
0111,CUSCUZ DE MILHO
0111,MASSA DE CUSCUZ
0118,MARIA MOLE
0118,COCADA
0118,QUEBRA QUEIXO
0118,DOCE DE AMENDOIM
0118,PE DE MOLEQUE
0118,PACOCA
0118,TORRAO DE AMENDOIM
0118,PACOQUINHA DE AMENDOIM
0118,PACOCA DE CASTANHA DE CAJU
0118,AMENDOIM CARAMELIZADO
0118,AMENDOIM ACHOCOLATADO
0118,PE DE MOCA
0118,DOCE DE ABOBORA
0118,DOCE DE BATATA DOCE
0118,BRIGADEIRO
0118,DOCE DE CHOCOLATE
0118,BOLINHO DE BRIGADEIRO
0118,BOMBA DE QUALQUER TIPO
0111,MIL FOLHAS
0111,QUEIJADINHA
0111,QUEIJADA
0118,CACAROLA ITALIANA
0118,QUINDIM
0118,PAPO DE ANJO
0119,FIOS DE OVOS
0118,DOCE A BASE DE LEITE
0118,PAVE
0118,AMBROSIA
0118,LEITE GELEIFICADO
0118,CHANDELE DE QUALQUER SABOR
0114,DOCE DE LEITE
0114,MUMU
0118,DOCE DE LEITE COM AMEIXA
0118,DOCE DE LEITE COM AMENDOIM
0118,DOCE DE LEITE COM COCO
0118,DOCE DE LEITE COM CHOCOLATE
0118,DOCE DE LEITE COM BANANA
0118,DOCE DE LEITE COM GOIABA
0118,DOCE DE LEITE COM MAMAO
0119,CANUDINHO RECHEADO
0119,CANUDINHO PARA RECHEAR
0118,SAROLHO
0118,BEIJU
0118,BEIJU DE TAPIOCA
0118,MASSA DE BEIJU
0118,TAPIOCA (BEIJU)
0118,TAPIOCA COM COCO
0118,TAPIOCA DE QUEIJO
0118,BEIJU DE COCO
0118,MAL- CASADO
0118,SCHIMIER DE FRUTA (EXCETO DE CANA)
0118,BEIJO DE MOCA
0118,PICOLE ENSACADO
0118,DINDIM (PICOLE ENSACADO)
0118,SACOLE (PICOLE ENSACADO)
0118,CHUP-CHUP (PICOLE ENSACADO)
0118,PICOLE CASEIRO
0118,SORVETE CASEIRO
0118,GELADINHO
0111,DOCE CONFEITADO DE QUALQUER TIPO
0111,CHURRO
0119,PAMONHA
0118,CHOCOLATE GRANULADO
0118,ADOCANTE NATURAL CONCENTRADO
0118,ADOCANTE CONCENTRADO NATURAL
0118,ALGODAO-DOCE
0118,"COBERTURA DE QUALQUER SABOR (DE SORVETE, ETC.)"
0118,CHOCOLATE EM CREME
0118,NUCITA (CHOCOLATE EM CREME)
0118,IOIO CREME (CHOCOLATE EM CREME)
0118,CREME DE BRIGADEIRO
0118,CREME DE CHOCOLATE
0118,OVO DE PASCOA
0118,COELHINHO DA PASCOA DE CHOCOLATE
0118,CHOCOLATE COELHINHO DA PASCOA
0118,KINDER OVO
0118,PAPAI NOEL DE CHOCOLATE
0118,TORRONE
0118,DOCE TORRONE
0118,MANDOLATE
0118,ARROZ-DOCE
0118,PROPOLIS
0118,GELEIA REAL
0118,ACUCAR INDETERMINADO
0118,ACUCAR
0118,ACUCAR COMUM
0118,ACUCAR DE BAUNILHA
0118,ACUCAR TRITURADO
0118,ACUCAR MOIDO
0118,ADOCANTE INDETERMINADO
0118,ADOCANTE
0118,ADOCANTE EM PO
0118,ADOCANTE LIQUIDO
0111,BARRA DE CEREAIS
0111,BARRA DE CEREAIS DOCE
0111,BARRA DE CEREAL
0119,SOBREMESA DE QUALQUER TIPO (EXCETO INFANTIL)
0118,RABANADA
0118,DOCE NAO-ESPECIFICADO
0118,DOCE
0111,PASTEIS DE SANTA CLARA
0111,SUSPIRO
0118,ACUCAR DEMERARA ORGANICO
0118,ACUCAR MASCAVO ORGANICO
0118,ACUCAR PRETO ORGANICO
0118,ACUCAR MASCAVADO ORGANICO
0118,ACUCAR INDETERMINADO ORGANICO
0118,ACUCAR ORGANICO
0118,ACUCAR COMUM ORGANICO
0118,MEL DE ABELHA ORGANICO
0118,MEL ORGANICO
0111,ARROZ CARAMELIZADO
0118,DOCE DE GERGELIM
0118,CREME DE AVELA
0118,ARROZ DOCE
0111,CASQUINHA DE SORVETE
0118,ACUCAR DE COCO
0118,DOCE DE FRUTAS NAO ESPECIFICADO
0118,DOCE DE CANELA
0118,DOCE DE SAGU
0118,MACA DO AMOR
0118,PALHA ITALIANA
0118,BARRA DE PROTEINA
0118,MOUSSE DE QUALQUER SABOR
0118,CREME DE CASTANHA
0118,PETIT GATEAU
0118,CHEESECAKE
0118,ACHOCOLATADO EM CAPSULA
0118,ALFARROBA
0118,BOMBOCADO
0118,BEIJINHO
0118,DRAGEADO
0118,PASTEL DE BELEM
0111,TARTELETE
0111,TOUCINHO DO CEU
0118,NHA BENTA
0118,ROLINHO BANANA E CHOCOLATE
0118,MISTURA PARA SAGU INDUSTRIALIZADA
0118,FRUTAS COBERTAS COM CHOCOLATE
0118,DOCE PUXA-PUXA
0111,CUPCAKE
0111,BROWNIE
0118,PASTA AMERICANA
0117,TOMATE
0117,TOMATE PAULISTA
0117,TOMATE MACA
0117,TOMATE PERA
0117,TOMATE JAPONES
0117,TOMATE VERDE
0117,TOMATE CAQUI
0117,TOMATE CEREJA
0117,TOMATE SALADA
0117,TOMATE ITALIANO
0117,TOMATE ORGANICO
0117,TOMATE PERA ORGANICO
0117,CEBOLA
0117,CEBOLA CABECA BRANCA
0117,CEBOLA BRANCA
0117,CEBOLA ROXA
0117,CEBOLA DO REINO
0117,CEBOLA PERA
0117,CEBOLA GIGANTE
0117,CEBOLA VERMELHA
0117,CEBOLA EM CABECA BRANCA
0117,CEBOLA ARGENTINA
0117,CEBOLA DE CABECA
0117,CEBOLA AMARELA
0117,CEBOLA NACIONAL
0117,CEBOLA ORGANICA
0117,ALFACE
0117,ALFACE PAULISTA
0117,ALFACE REPOLHUDA
0117,ALFACE AMARGA
0117,ALFACE CRESPA
0117,ALFACE ROMANA
0117,ALFACE MANTEIGA
0117,ALFACE LISA
0117,ALFACE AMERICANA
0117,ALFACE HIDROPONICA
0117,ALFACE ROXA
0117,ALFACE BRANCA
0117,ALFACE MIMOSA
0117,ALFACE ORGANICA
0117,ALFACE AMARGA ORGANICA
0117,ALFACE CRESPA ORGANICA
0117,ALFACE LISA ORGANICA
0117,ALFACE AMERICANA ORGANICA
0117,ALFACE HIDROPONICA ORGANICA
0117,ALFACE ROXA ORGANICA
0117,BERTALHA
0117,CHICORIA
0117,CHICORIA CRESPA
0117,ESCAROLA
0117,ENDIVIA
0119,COENTRO (VERDURA)
0119,COENTRO EM FOLHA
0117,COUVE
0117,COUVE MANTEIGA
0117,COUVE REPOLHUDA
0117,COUVE CRESPA
0117,COUVE DE FOLHAS
0117,COUVE PICADA
0117,COUVE FLOR
0117,ESPINAFRE
0119,MOSTARDA (VERDURA)
0119,MOSTARDA EM FOLHA
0117,REPOLHO
0117,REPOLHO BRANCO
0117,REPOLHO ROXO
0117,REPOLHO VERDE
0117,REPOLHO LISO
0119,SALSA
0119,SALSINHA
0119,SALSINHA VERDE
0117,CEBOLINHA
0117,CEBOLINHA VERDE
0117,CEBOLINHA DE TODO O ANO
0117,CEBOLA DE TODO O ANO (CEBOLINHA VERDE)
0119,CHEIRO VERDE
0119,SALSA E CEBOLINHA
0119,COENTRO E CEBOLINHA
0119,TEMPERO VERDE
0119,AGRIAO
0119,AGRIAO COMUM
0119,AGRIAO DE AGUA
0119,AGRIAO HIDROPONICO
0117,TAIOBA
0117,TAIA
0117,ACELGA
0117,BETERRABA BRANCA (ACELGA)
0117,ALMEIRAO
0117,RADITE
0117,CHICORIA AMARGA (ALMEIRAO)
0117,ALMEIRAO ROXO
0117,COUVE BROCOLOS
0117,COUVE BROCOLIS
0117,BROCOLOS
0117,BROCOLIS
0117,BROCOLIS HIBRIDO
0117,BROCOLIS JAPONES
0117,SERRALHA
0117,CARURU
0117,CUXA
0119,VINAGREIRA
0117,QUIABO AZEDO (CARURU)
0117,QUIABO ROXO (CARURU)
0117,QUIABO ROSA (CARURU)
0117,QUIABO DE ANGOLA (CARURU)
0117,CARIRU
0117,RUCULA
0117,JAMBU
0117,MARIA GORDA
0117,JOAO GOMES
0117,ALCACHOFRA
0111,AMARANTO
0117,AIPO
0117,SALSAO (AIPO)
0117,COUVE CHINESA
0119,ERVA DOCE
0119,AZEDINHA
0117,BROTO DE FEIJAO
0117,MOYASHI
0117,ABOBORA MOGANGA
0117,ABOBORA MOCANGA
0117,ABOBORA MORANGA
0117,ABOBORA CARNEIRA
0117,ABOBORA DE PORCO
0117,MORANGA
0117,MORANGA JAPONESA
0117,MORANGA CABUTIA
0117,ABOBORA MORANGUINHA
0117,ABOBORA JAPONESA
0117,ABOBORA MENINA
0117,ABOBORA GRANDE
0117,ABOBORA GIGANTE
0117,ABOBORA BAIANA
0117,ABOBORA VERMELHA
0117,ABOBORA DA BAHIA
0117,ABOBORA MARANHAO
0117,ABOBORA MELAO
0117,ABOBORA DE AGUA
0117,ABOBORA DAGUA
0117,ABOBRINHA
0117,ABOBRINHA VERDE
0117,ABOBRINHA ITALIANA
0117,ABOBRINHA BRASILEIRA
0117,ABOBORA JAPONESA (ABOBRINHA)
0117,ABOBORA BAIANINHA (ABOBRINHA)
0117,CAXI
0117,ABOBORA VERDE
0117,ABOBORA DE PESCOCO
0117,ABOBORA DE CABOCLO
0117,ABOBORA DO SERTAO
0117,ABOBORA JACARE
0117,JERIMUM
0117,JERIMUM DE LEITE
0117,JERIMUM CABOCLO
0117,JERIMUM JACAREZINHO
0117,ABOBORA CABOCLO
0117,ABOBORA DE LEITE
0117,ABOBORA
0117,ABOBORA COMUM
0117,ABOBORA MADURA
0117,PEPINO
0117,PEPINO JAPONES
0117,CHUCHU
0117,CAXIXE
0117,JILO
0117,JILO PAULISTA
0117,JILO JAPONES
0117,MAXIXE
0117,MAXIXO
0117,MAXIXE DO MATO
0117,PEPININHO (MAXIXE)
0117,PEPINO DE ESPINHO (MAXIXE)
0117,PALMITO IN NATURA
0117,PALMITO DOCE IN NATURA
0117,PALMITO MOLE IN NATURA
0117,PALMITO ACAI IN NATURA
0117,PALMITO JUCARA IN NATURA
0117,GUARIROBA (PALMITO IN NATURA)
0117,GUEIROBA (PALMITO IN NATURA)
0117,GUEROBA (PALMITO IN NATURA)
0117,PIMENTAO
0117,PIMENTAO VERDE
0117,PIMENTAO MADURO
0117,PIMENTAO AMARELO
0117,PIMENTAO VERMELHO
0117,PIMENTAO LARANJA
0117,PIMENTAO ROXO
0117,PIMENTA MALAGUETA
0117,PIMENTA CUMARI IN NATURA
0117,PIMENTA DE CUMARI IN NATURA
0117,PIMENTA DE CHEIRO
0117,PIMENTA MURUPI IN NATURA
0117,PIMENTA BODE IN NATURA
0117,PIMENTA DOCE IN NATURA
0117,PIMENTA CHEIROSA
0117,PIMENTA PASSARINHO IN NATURA
0117,PIMENTINHA CUMARI
0117,CEBOLINHA BRANCA
0117,QUIABO
0117,VAGEM
0117,VAGEM MANTEIGA
0117,FEIJAO VERDE EM VAGEM
0117,FEIJAO VAGEM
0117,COGUMELO IN NATURA
0117,BERINJELA
0117,BRINJELA
0117,ERVILHA EM VAGEM
0117,ERVILHA DE VAGEM
0117,CABACA
0117,CABACA VERDE
0117,CATALONIA
0117,JARDINEIRA (SELETA)
0117,SELETA (JARDINEIRA)
0117,ALHO PORRO
0117,ALHO PORO
0117,ABOBORA PAULISTA
0117,ABOBORA CABOTIAN
0117,ABOBORA CABOTIA
0117,ABOBORA CABUTIA
0117,ABOBORA KABUTIA
0117,ABOBORA GOIANINHA
0117,ABOBORA HIBRIDA
0117,ABOBORA SECA
0117,ABOBRINHA CAIPIRA
0117,ABOBRINHA BRANCA
0117,BROTO DE ALFAFA
0119,ALECRIN
0119,ALECRIM
0117,PIMENTA IN NATURA NAO-DISCRIMINADA
0117,PIMENTA IN NATURA (NAO-DISCRIMINADA)
0117,PIMENTA NAO ESPECIFICADA IN NATURA
0117,PALMITO JUCARA IN NATURA ORGANICO
0117,PIMENTAO ORGANICO
0117,BROCOLIS ORGANICO
0117,COUVE ORGANICA
0117,ESPINAFRE ORGANICO
0117,PIMENTA DEDO DE MOCA
0117,VAGEM ORGANICA
0117,PIMENTA CAMBUCI
0119,SALSA ORGANICA
0117,ALMEIRAO ORGANICO
0119,CAPIM SANTO
0117,RUCULA ORGANICA
0117,ASPARGO (IN NATURA)
0119,MASTRUZ
0117,COUVE DE BRUXELAS
0117,REPOLHO ORGANICO
0117,JILO ORGANICO
0117,PEPINO ORGANICO
0119,ORA PRO NOBIS
0119,CAMOMILA (EM FOLHA)
0119,CARQUEJA (EM FOLHA)
0117,ABOBRINHA ORGANICA
0117,ACELGA ORGANICA
0117,ALCACHOFRA ORGANICA
0117,BERINJELA ORGANICA
0117,CEBOLINHA ORGANICA
0119,HORTELA ORGANICA EM FOLHA
0117,ESCAROLA ORGANICA
0119,SALSINHA ORGANICA
0117,CHUCHU ORGANICO
0119,COENTRO ORGANICO
0117,QUIABO ORGANICO
0117,REPOLHO ROXO ORGANICO
0117,COGUMELO SHITAKE ORGANICO
0117,BELDROEGA
0117,BROTO DE TREVO
0119,MELISSA
0117,PIMENTA BIQUINHO
0117,PIMENTA AMERICANA
0117,ABOBORA NAO ESPECIFICADA
0119,HIBISCO
0119,FOLHA DE PITANGUEIRA
0119,FOLHAS DE GUACO
0119,FOLHAS DE QUIOIO
0119,ERVA LUIZA
0119,BALSAMO
0119,ESTRELA DE ANIS
0119,EUCALIPTO
0119,NIGAGORI
0117,HORTALICA NAO ESPECIFICADA
0117,TREVO DE QUATRO FOLHAS
0117,ALGA (FOLHA)
0117,BROTO DE BROCOLIS
0119,CASCARA SAGRADA
0119,FLOR COMESTIVEL
0116,BANANA DE AGUA
0116,BANANA NANICA
0116,BANANA MANGALO
0116,BANANA INGLESA
0116,BANANA PETICA
0116,BANANA CATARINA
0116,BANANA CHORONA
0116,BANANA PEROA
0116,BANANA CASCA VERDE
0116,BANANA CATURRA
0116,BANANA ANA
0116,BANANA DAGUA
0116,BANANA PRATA
0116,BANANA AMARELA
0116,BANANA BICO VERDE
0116,BANANA BRANCA
0116,BANANA DA PRATA
0116,BANANA OURO
0116,BANANA REAL
0116,BANANA MACA
0116,BANANA COCO
0116,BANANA LEITE
0116,BANANA PERA
0116,BANANA FIGO
0116,BANANA CACAU
0116,BANANA CAFE
0116,BANANA CAIXAO
0116,BANANA CASADA
0116,BANANA CASCA GROSSA
0116,BANANA CHOCOLATE
0116,BANANA CORUJA
0116,BANANA MURICI
0116,BANANA PAO
0116,BANANA ROSA
0116,BANANA TRES QUINAS
0116,MASSA DE BANANA
0116,BANANA MARMELO
0116,BANANA ROXA
0116,BANANA CURTA
0116,BANANA DA TERRA
0116,BANANA PACOVA
0116,BANANA CHIFRE DE VACA
0116,BANANA COMPRIDA
0116,BANANA GRANDE
0116,BANANA PACOVAN
0116,BANANA (NAO-ESPECIFICADA)
0116,BANANA NAO-ESPECIFICADA
0116,BANANA PRATA ORGANICA
0116,BANANA NAO-ESPECIFICADA ORGANICA
0116,BANANA ORGANICA
0116,LARANJA LIMA
0116,LARANJA DOCINHA
0116,LARANJA SERRA DE AGUA
0116,LARANJA ACUCAR
0116,LARANJA DO CEU
0116,LARANJA DE AGUA
0116,LARANJA CELESTE
0116,LARANJA MIMO
0116,LARANJA ILHOA
0116,LARANJA MEL
0116,LARANJA PARATI
0116,LARANJA DA ILHA
0116,LARANJA MIMO DO CEU
0116,LARANJA BAIAO
0116,LARANJA SELETA
0116,LARANJA SELETA DO RIO
0116,LARANJA PAULISTA
0116,LARANJA CAMPISTA
0116,LARANJA FOLHA MURCHA
0116,LARANJA ROSA
0116,LARANJA FLOR
0116,LARANJA MACA
0116,LARANJA PERA
0116,LARANJA NATAL
0116,LARANJA CAPETA
0116,LARANJA OURO
0116,LARANJA ACIDA
0116,LARANJA CASCA FINA
0116,LARANJA CITRICA
0116,LARANJA PERA DO RIO
0116,LARANJA COMUM
0116,LARANJA BAHIA
0116,LARANJA DE UMBIGO
0116,LARANJA BAIANINHA
0116,LARANJA VALENCIA
0116,LARANJA DA TERRA
0116,LARANJA AZEDA
0116,LARANJA BRANCA
0116,LARANJA DE DOCE
0116,LARANJA (NAO-ESPECIFICADA)
0116,LARANJA NAO-ESPECIFICADA
0116,LARANJA CHAMPAGNE
0116,LARANJA CHINA
0116,MACA
0116,MACA ACIDA
0116,MACA DOCE
0116,MACA VERDE
0116,MACA VERMELHA
0116,MACA ARGENTINA
0116,MACA NACIONAL
0116,MACA FUGI
0116,MACA GALA
0116,MACA IMPORTADA
0116,MACA FUJI
0116,MACA ORGANICA
0116,MACA VERDE ORGANICA
0116,MACA VERMELHA ORGANICA
0116,MACA ARGENTINA ORGANICA
0116,MACA NACIONAL ORGANICA
0116,MACA FUGI ORGANICA
0116,MACA GALA ORGANICA
0116,MACA IMPORTADA ORGANICA
0116,MACADAMIA
0116,LIMA
0116,LIMA DA PERSIA
0116,LIMA COMUM
0116,LIMAO COMUM
0116,LIMAO AZEDO
0116,LIMAO DE MOLHO
0116,LIMAO SILVESTRE
0116,LIMAO CHINA
0116,LIMAO ROSA
0116,LIMAO PAULISTA
0116,LIMAO TAITI
0116,LIMAO CRAVO
0116,LIMAO BRANCO
0116,LIMAO HAWAI
0116,LIMAO CAPETA
0116,LIMAO GALEGO
0116,LIMAO VERDADEIRO
0116,LIMAO VERMELHO
0116,LIMAO BERGAMOTA
0116,LIMAO VINAGRE
0116,TANGERINA
0116,MEXERICA
0116,MIXIRICA
0116,MEXERICA RIO
0116,MEXIRICA MURKOT
0116,MIXIRICA MURKOT
0116,MEXIRICA POKAN
0116,MIXIRICA POKAN
0116,MEXIRICA CRAVO
0116,TANGERINA POKAN
0116,TANGERINA CRAVO
0116,MEXIRICA PERA
0116,POKAN
0116,BERGAMOTA
0116,MIMOSA
0116,TANGERINA MONGORT
0116,LARANJA MONGORT
0116,LARANJA CRAVO
0116,LARANJA MORGOT
0116,TANJA
0116,MEXIRICA CARIOCA
0116,MEXIRICA MARICOTA
0116,MARICOTA
0116,LARANJA POKAN
0116,MEXIRICA
0116,MURGOTE (TANGERINA)
0116,MORICOTA
0116,CIDRA
0116,TORANJA
0116,GRAPE FRUIT
0116,KINKAN
0118,CANA DE ACUCAR
0116,ABACAXI
0116,ANANAS
0116,ABACAXI CAIANO
0116,ABACAXI PEROLA
0116,ABACATE
0116,CAQUI
0116,CAQUI CHOCOLATE
0116,CAQUI CAFE
0116,CAQUI DURO
0116,CAQUI FUJI
0116,CAQUI MOLE
0116,FIGO
0116,MAMAO
0116,MAMAO VERDE
0116,MAMAO HAVAI
0116,MAMAO DO AMAZONAS
0116,MAMAO PAPAIA
0116,MAMAO VERMELHO
0116,MAMAO BAIANO
0116,MAMAO FORMOSA
0116,MAMAO PAULISTA
0116,MANGA
0116,MANGA COQUINHO
0116,MANGA ESPADINHA
0116,MANGA UBA
0116,MANGA CORACAO DE BOI
0116,MANGA ITAMARACA
0116,MANGA ROSINHA
0116,MANGA ROSA
0116,MANGA COITE
0116,MANGA CARLOTINHA
0116,MANGA ESPADA
0116,MANGUITO
0116,MANGA BACURI
0116,MANGA DE FIAPO
0116,MANGA TOMMY
0116,MANGA DE MESA
0116,MANGA HADEN
0116,MANGA PALMER
0116,MARACUJA
0116,MARACUJA REDONDO
0116,MARACUJA MELAO
0116,MARACUJA COMUM
0116,MARACUJA DOCE
0116,MARACUJA PEROBA
0116,MARACUJA ACU
0116,MARACUJA AMARELO
0116,MARACUJA MAMAO
0116,MARACUJA DE BOI
0116,MARACUJA GRANDE
0116,MARACUJA AZEDO
0116,MARACUJINA EM FRUTO
0116,MELANCIA
0116,MELAO
0116,MELAO AMARELO
0116,MELAO ESPANHOL
0116,MELAO GAUCHO
0116,MELAO JAPONES
0116,MELAO CAIPIRA
0116,MELAO COLONIAL
0116,MELAO ORANGE
0116,MELAO VALENCIANO
0116,MELAO PELE DE SAPO
0116,MELAO GALIA
0116,PERA
0116,PERA DE AGUA
0116,PERA ACIDA
0116,PERA DAGUA
0116,PESSEGO
0116,FRUTA DE CONDE
0116,PINHA (FRUTA DE CONDE)
0116,ATA
0116,UVA
0116,UVA NIAGARA
0116,UVA MOSCATEL
0116,UVA PRETA
0116,UVA ROSA
0116,UVA NACIONAL
0116,UVA VERDE
0116,UVA ITALIA
0116,UVA ROXA
0116,UVA RUBI
0116,UVA BRANCA
0116,UVA PASSA
0116,UVA BENITAKA
0116,UVA RED GLOBE
0116,UVA THOMPSON
0116,JENIPAPO
0116,JACA
0116,JACA DURA
0116,JACA DA BAHIA
0116,GOIABA
0116,AMEIXA
0116,AMEIXA VERMELHA
0116,AMEIXA PRETA
0116,AMEIXA IMPORTADA
0116,AMEIXA FRESCA
0116,CAJU
0116,CEREJA
0116,CAJA MANGA
0116,CAJARANA
0116,CAJA UMBU
0116,TAPEREBA
0116,CAJA PEQUENO
0116,CARAMBOLA
0116,JABOTICABA
0116,JABUTICATUBA
0116,JABUTICABA
0116,GRAVIOLA
0116,MORANGO
0116,MORANGUINHO
0116,JAMBO
0116,JAMBO ROXO
0116,ATEMOIA
0116,MANGABA
0116,ARACA
0116,GOIABA ARACA (ARACA)
0116,NESPERA
0116,AMEIXA DO JAPAO (NESPERA)
0116,AMEIXA AMARELA (NESPERA)
0116,FRUTA PAO
0116,SAPOTI
0116,UXI
0116,TAMARINDO
0116,TAMARINO
0118,CACAU
0116,PITOMBA
0116,BACURI
0117,INGA
0117,INGA CIPO
0116,PEQUI
0116,PIQUI
0116,PIQUIA
0116,PITANGA
0116,CIRIGUELA
0116,MURICI
0116,UMBU
0116,AMBU
0116,IMBU
0116,BIRIBA
0116,CUPUACU
0116,NECTARINA
0116,MARI
0116,ROMA
0116,ACEROLA
0116,KIWI
0116,MANGOSTIM
0116,MANGOSTAO
0116,JURUBEBA
0116,FRUTA (NAO-ESPECIFICADA)
0116,FRUTA NAO-ESPECIFICADA
0116,UVA ORGANICA
0116,UVA RUBI ORGANICA
0116,UVA BENITAKA ORGANICA
0116,UVA RED GLOBE ORGANICA
0116,PESSEGO ORGANICO
0116,MORANGO ORGANICO
0116,MORANGUINHO ORGANICO
0116,ACEROLA ORGANICA
0116,UVA PASSA ORGANICA
0116,CAJU ORGANICO
0116,LIMAO NAO ESPECIFICADO
0116,GOIABA ORGANICA
0116,AMORA
0116,AMORA PRETA (BLACK BERRY)
0116,LICHIA
0116,LIMAO COMUM ORGANICO
0116,ABACAXI ORGANICO
0116,MANGA ORGANICA
0116,LIMAO ORGANICO
0116,MELAO ORGANICO
0116,MARACUJA ORGANICO
0116,PITAIA
0116,GENIPAPO
0116,LIMAO SICILIANO
0116,CRANBERRY
0116,"AJIRU, AJURU, GUAJURU, UAJURU"
0116,APURUI
0116,GUAVIRA
0116,GUAVIROVA
0116,GUABIROVA
0116,MAMAO ORGANICO
0116,PHYSALIS
0116,GOJI BERRY
0116,MIRTILO
0116,FRAMBOESA
0116,RAMBUTAN
0116,FRUTAS VERMELHAS NAO ESPECIFICADAS
0112,FILE MIGNON
0112,FILE SEM MIGNON
0112,FILE COM MIGNON
0112,MIGNON
0112,CONTRAFILE
0112,FILE CURTO
0112,CHULETA COM OSSO (CONTRAFILE)
0112,FILE ESPECIAL
0112,BISTECA BOVINA
0112,CHULETA BOVINA
0112,ANCHO (CONTRAFILE DIANTEIRO)
0112,PORTERHOUSE
0112,ALCATRA
0112,ALCATRA BOVINA
0112,PONTA DE ALCATRA
0112,ALCATRA COM OSSO
0112,MIOLO DE ALCATRA
0112,CHA DE DENTRO
0112,COXAO MOLE (CHA DE DENTRO)
0112,COXAO DE DENTRO (CHA DE DENTRO)
0112,COXAO MOLE
0112,PATINHO
0112,CABECA DE LOMBO (CARNE BOVINA)
0112,BOLA DO PATINHO
0112,PATINHO COM OSSO
0112,LAGARTO REDONDO
0112,PAULISTA REDONDO
0112,POSTA BRANCA
0112,LAGARTO PAULISTA
0112,TATU (LAGARTO REDONDO)
0112,PAULISTA
0112,LOMBO PAULISTA (CARNE BOVINA)
0112,LAGARTO COMUM
0112,POSTA VERMELHA
0112,LAGARTO PLANO
0112,COXAO DE FORA (LAGARTO COMUM)
0112,COXAO DURO (LAGARTO COMUM)
0112,CHA DE FORA
0112,COXAO DURO
0112,CARNE MOIDA DE PRIMEIRA
0112,GUIZADO (CARNE MOIDA DE PRIMEIRA)
0112,CARNE BOVINA DE PRIMEIRA
0112,CARNE BOVINA DE PRIMEIRA COM OSSO
0112,CHA BOVINA NAO-ESPECIFICADA
0112,LAGARTO BOVINO NAO-ESPECIFICADO
0112,LAGARTO RECHEADO
0112,CARNE DE PRIMEIRA NAO-ESPECIFICADA
0112,CARNE DE PRIMEIRA COM OSSO NAO-ESPECIFICADA
0112,BISTECA NAO-ESPECIFICADA
0112,CHULETA NAO-ESPECIFICADA
0112,FILE NAO-ESPECIFICADO
0112,COXAO NAO-ESPECIFICADO
0112,FILE MIGNON ORGANICO
0112,CONTRAFILE ORGANICO
0112,PICANHA ORGANICA
0112,COXAO DE FORA (LAGARTO COMUM) ORGANICO
0112,CARNE BOVINA DE PRIMEIRA ORGANICA
0112,CARNE BOVINA DE PRIMEIRA COM OSSO ORGANICA
0112,MAMINHA
0112,CHAPEU DE BISPO (MAMINHA)
0112,PICANHA
0112,FILE DUPLO
0112,FILE AMERICANO
0112,MEDALHAO BOVINO
0112,ACEM
0112,LOMBO BOVINO
0112,AGULHA (ACEM)
0112,ACEM COM OSSO
0112,LOMBO BOVINO COM OSSO
0112,AGULHA COM OSSO
0112,PONTA DE AGULHA
0112,MIOLO DE ACEM
0112,MIOLO DE AGULHA
0112,AGULHA SEM OSSO
0112,PA
0112,PONTA DA PA
0112,POSTA GORDA
0112,MIOLO DA PA
0112,PALETA
0112,CRUZ MACHADO
0112,PALETA COM OSSO
0112,PA COM OSSO
0112,MIOLO DE PALETA
0112,MIOLO DA PALETA
0112,PA SEM OSSO
0112,BOLA DA PA
0112,MUSCULO BOVINO
0112,MUSCULO DA PA
0112,MUSCULO DO TRASEIRO
0112,GARRAO
0112,MUSCULO DO DIANTEIRO
0112,CHAMBARIL
0112,CARNE DE PESCOCO
0112,CARNE MARICA BOVINA
0112,CARNE DE VAZIO
0112,VAZIO (CARNE BOVINA)
0112,CARNE BOVINA DO VAZIO
0112,MUSCULO COM OSSO
0112,OSSOBUCO
0112,PEITO BOVINO
0112,PONTA DE PEITO
0112,MIOLO DE PEITO BOVINO
0112,CAPA DE FILE
0112,FRALDINHA (CAPA DE FILE)
0112,CAPA DE CONTRAFILE
0112,COSTELA BOVINA
0112,CARNE CHUPA MOLHO
0112,MATAMBRE
0112,PONTA DE COSTELA
0112,COSTELA DE BOI
0112,CARNE MOIDA DE SEGUNDA
0112,GUIZADO (CARNE MOIDA DE SEGUNDA)
0112,CARNE BOVINA DE SEGUNDA
0112,ALCATRINHA COM OSSO (DIANTEIRO DE SEGUNDA)
0112,CARNE BOVINA COM OSSO NAO-ESPECIFICADA
0112,CONTRA FILE DE SEGUNDA
0112,FILE DE SEGUNDA
0112,ALCATRINHA
0112,CARNE BOVINA DE SEGUNDA COM OSSO
0112,CUPIM
0112,CUPIM BOVINO
0112,MUSCULO NAO-ESPECIFICADO
0112,CARNE DE SEGUNDA SEM OSSO NAO-ESPECIFICADA
0112,CARNE DE SEGUNDA NAO-ESPECIFICADA
0112,PEIXINHO (LAGARTO DO BRACO)
0112,CARRE
0112,CHULETA SUINA
0112,COSTELETA SUINA
0112,PALETA SUINA
0112,BISTECA SUINA
0112,PA SUINA
0112,PERNIL SUINO
0112,COXAO SUINO
0112,QUARTO SUINO
0112,COSTELA SUINA
0112,COSTELINHA SUINA
0112,COSTELA DE PORCO
0112,COSTELINHA DE PORCO
0112,CARNE SUINA COM OSSO NAO-ESPECIFICADA
0112,LOMBO SUINO
0112,LOMBINHO SUINO
0112,LOMBO SUINO RECHEADO E TEMPERADO
0112,COPA SUINA
0112,FILE MIGNON SUINO
0112,TOUCINHO
0112,TOUCINHO FRESCO
0112,TOUCINHO DE TORRESMO
0112,PELE SUINA FRESCA
0112,VISCERA SUINA NAO-ESPECIFICADA
0112,MIUDO SUINO NAO-ESPECIFICADO
0112,FISSURA SUINA NAO-ESPECIFICADA
0112,SARAPATEL SUINO FRESCO
0112,CORACAO SUINO
0112,CARNE SUINA NAO-ESPECIFICADA
0112,CARNE DE PORCO NAO ESPECIFICADA
0112,BUCHO SUINO
0112,TRIPA SUINA
0112,FATO SUINO
0112,FIGADO SUINO
0112,LINGUA SUINA
0112,RABO SUINO
0112,RABINHO SUINO
0112,CABECA SUINA
0112,CABECA DE PORCO
0112,ORELHA SUINA FRESCA
0112,SARRABULHO
0112,OSSO SUINO
0112,OSSADA SUINA
0112,MOCOTO SUINO
0112,CARCACA SUINA
0112,PORCO VIVO
0112,SUINO VIVO
0112,CARNE SUINA DE PRIMEIRA NAO-ESPECIFICADA
0112,ALCATRA SUINA
0112,CARNE SUINA SEM OSSO NAO-ESPECIFICADA
0112,CARNE SUINA EM BIFE
0112,BACO SUINO
0112,SUA SUINA
0112,NARIZ SUINO
0112,PE SUINO FRESCO
0112,JOELHO SUINO
0112,PE DE PORCO FRESCO
0112,PORCO OU LEITAO MORTO EVISCERADO
0112,LEITAO MORTO EVISCERADO
0112,PORCO ABATIDO
0112,CARNE SUINA DE SEGUNDA NAO-ESPECIFICADA
0112,MUSCULO SUINO
0112,LOMBO NAO-ESPECIFICADO
0112,PANCETA SUINA
0112,PICANHA SUINA
0112,MEDALHAO SUINO
0112,BARRIGA DE PORCO
0112,FRALDINHA SUINA
0112,PATINHO SUINO
0112,COSTELA E LOMBO SUINO
0112,PE E ORELHA SUINA
0112,RETALHO DE PORCO
0112,RETALHO DE PERNIL
0113,PEIXE SALGADO DE MAR NAO-ESPECIFICADO
0113,PEIXE EM FILE CONGELADO DE MAR NAO-ESPECIFICADO
0113,PEIXE SALGADO ANCHOVA
0113,PEIXE EM FILE CONGELADO ANCHOVA
0113,PEIXE SALGADO CORVINA
0113,PEIXE EM FILE CONGELADO CORVINA
0113,PEIXE SALGADO CAVALINHA
0113,PEIXE EM FILE CONGELADO CAVALINHA
0113,PEIXE SALGADO PESCADINHA
0113,PEIXE EM FILE CONGELADO PESCADINHA
0113,PEIXE SALGADO SARDINHA
0113,PEIXE EM FILE CONGELADO SARDINHA
0113,PEIXE DEFUMADO SARDINHA
0113,PEIXE SALGADO BAGRE DE MAR
0113,PEIXE EM FILE CONGELADO BAGRE DE MAR
0113,PEIXE SALGADO CAVALA
0113,PEIXE SALGADO MANJUBA
0113,PEIXE EM FILE CONGELADO DOURADO DE MAR
0113,PEIXE SALGADO ATUM
0113,PEIXE EM FILE CONGELADO ATUM
0113,PEIXE EM FILE CONGELADO PARGO
0113,PEIXE SALGADO PESCADA
0113,PEIXE EM FILE CONGELADO PESCADA
0113,PEIXE EM FILE CONGELADO LINGUADO
0113,PEIXE EM FILE CONGELADO XERELETE
0113,PEIXE EM FILE CONGELADO CACAO
0113,PEIXE EM FILE CONGELADO MERLUZA
0113,PEIXE SALGADO BICUDA
0113,PEIXE EM FILE CONGELADO ALBACORA
0113,PEIXE SALGADO AGULHAO
0113,CAMARAO SECO
0113,CAMARAO SALGADO
0113,CAMARAO DEFUMADO
0113,BACALHAU
0113,PEIXE EM FILE CONGELADO SALMAO
0113,PEIXE SALGADO DE AGUA DOCE NAO-ESPECIFICADO
0113,PEIXE EM FILE CONGELADO DE AGUA DOCE NAO-ESPECIFICADO
0113,PEIXE SALGADO TRAIRA
0113,PEIXE EM FILE CONGELADO TRAIRA
0113,PEIXE SALGADO SURUBIM
0113,PEIXE EM FILE CONGELADO SURUBIM
0113,PEIXE SALGADO PIRARUCU
0113,PEIXE EM FILE CONGELADO PIRARUCU
0113,PEIXE SALGADO TILAPIA
0113,PEIXE EM FILE CONGELADO TILAPIA
0113,PEIXE EM FILE CONGELADO TUCUNARE
0113,PEIXE SALGADO TAMBAQUI
0113,PEIXE EM FILE CONGELADO TAMBAQUI
0113,PEIXE EM FILE CONGELADO TRUTA
0113,PEIXE SALGADO NAO-ESPECIFICADO
0113,PEIXE SECO NAO-ESPECIFICADO
0113,PEIXE EM FILE CONGELADO NAO-ESPECIFICADO
0112,CARNE SECA
0112,CARNE DE CHARQUE
0112,JABA
0112,CHARQUE
0112,CARNE DE SAL PRESA
0112,CARNE DE SOL
0112,CARNE DO SERTAO
0112,CARNE DO SOL
0112,CARNE BOVINA DEFUMADA
0112,CARNE BOVINA SALGADA
0112,FIGADO ALEMAO
0112,COSTELA BOVINA SALGADA
0112,CARNE BOVINA DE HAMBURGUER
0112,HAMBURGUER DE CARNE BOVINA
0112,CARNE DE HAMBURGUER BOVINA
0112,CARNE SUINA DEFUMADA
0112,ORELHA DE PORCO DEFUMADA
0112,LOMBO DE PORCO DEFUMADO
0112,COPA DE PORCO DEFUMADA
0112,COSTELA DE PORCO DEFUMADA
0112,TOUCINHO DE PORCO DEFUMADO
0112,BACON NO VAREJO
0112,TOUCINHO DEFUMADO
0112,BACON EMBALADO
0112,BACON
0112,BACON DEFUMADO
0112,RETALHO DE BACON
0112,BACON EM RETALHO
0112,CHISPE DEFUMADO
0112,PE DE PORCO DEFUMADO
0112,CARNE SUINA SALGADA
0112,ORELHA DE PORCO SALGADA
0112,COSTELA DE PORCO SALGADA
0112,LOMBO DE PORCO SALGADO
0112,PE DE PORCO SALGADO
0112,CHISPE SALGADO
0112,RABO DE PORCO SALGADO
0112,TOUCINHO DE PORCO SALGADO
0112,TOUCINHO SALGADO
0112,MIUDO DE PORCO SALGADO
0112,SALSICHA NO VAREJO
0112,SALSICHA EM PACOTE
0112,SALSICHAO NO VAREJO
0112,SALSICHAO EM PACOTE
0112,LINGUICA NO VAREJO
0112,LINGUICA PARA CHURRASCO
0112,LINGUICA NAO-ESPECIFICADA
0112,LINGUICA CALABRESA
0112,LINGUICA CALABREZA
0112,LINGUICA BOVINA
0112,LINGUICA DE FRANGO
0112,LINGUICA SUINA
0112,LINGUICA DEFUMADA
0112,LINGUICA MISTA
0112,LINGUICA TOSCANA
0112,LINGUICA SUINA DEFUMADA
0112,CALABRESA (LINGUICA)
0112,LINGUICA DE PERNIL
0112,LINGUICA DE BODE
0112,LINGUICA DE CHARQUE
0112,LINGUICA DE CORDEIRO
0119,RETALHO PARA PIZZA
0119,QUEIJO E PRESUNTO RETALHADOS PARA PIZZA
0119,PRESUNTO E QUEIJO RETALHADOS PARA PIZZA
0119,QUEIJO E PRESUNTO PICADOS
0112,CHOURICO
0112,MORCELA
0112,MORCILHA
0112,QUEIJO DE PORCO
0112,PAIO
0112,CODEGUIM
0112,MORTADELA
0112,MORTADELA BOVINA
0112,MORTADELA DE FRANGO
0112,MORTADELA SUINA
0112,MORTADELA FATIADA NAO-ESPECIFICADA
0112,RETALHO DE MORTADELA
0112,MORTADELA BOLONHESA
0112,MORTADELA DE CHESTER
0112,MORTADELA DE GALINHA
0112,MORTADELA DE PERU
0112,MORTADELA DEFUMADA
0112,MORTADELA MISTA
0112,SALAME
0112,SALAMINHO
0112,SALAME DEFUMADO
0112,PRESUNTO DE QUALQUER TIPO
0112,PRESUNTO DE PERU
0112,PRESUNTO DE FRANGO
0112,PRESUNTO BOVINO
0112,HAMBURGUER NAO-ESPECIFICADO
0112,CARNE NAO-ESPECIFICADA DE HAMBURGUER
0112,APRESUNTADO
0112,APRESUNTADO FATIADO
0112,RETALHO DE APRESUNTADO
0112,PURURUCA DE PORCO
0112,PELE DE PORCO PREPARADA
0112,"MASSA DE QUIBE, CROQUETE, SALGADINHO DE PEIXE, ETC."
0112,MASSA DE QUIBE
0112,QUIBE SEMIPRONTO
0112,CARNE SALGADA DE FEIJOADA
0112,MISTURA DE CARNES SALGADAS DE FEIJOADA
0112,CARNE SALGADA NAO-ESPECIFICADA PARA FEIJOADA
0112,CARNE BOVINA EMPANADA
0112,ALMONDEGA CONGELADA DE QUALQUER ANIMAL (CRUA)
0112,ALMONDEGA DE QUALQUER ANIMAL CONGELADA
0112,ALMONDEGA DE FRANGO CONGELADA
0112,CARNE SALGADA NAO-ESPECIFICADA
0112,ROSBIFE E BIFE A MILANEZA INDUSTRIALIZADO SEMIPRONTO
0112,BIFE A MILANEZA INDUSTRIALIZADO SEMIPRONTO
0112,MORTADELA LIGHT
0112,MORTADELA DE FRANGO LIGHT
0112,MORTADELA SUINA LIGHT
0112,RETALHO DE MORTADELA LIGHT
0112,MORTADELA DEFUMADA LIGHT
0112,SALSICHA NO VAREJO LIGHT
0112,SALSICHA EM PACOTE LIGHT
0112,LINGUICA DE FRANGO LIGHT
0112,PRESUNTO SUINO LIGHT
0112,PRESUNTO SUINO SEM GORDURA
0112,ESPINHACO DE PORCO SALGADO
0112,ESPINHACO SUINO SALGADO
0112,DOBRADINHA SALGADA
0112,RABO SUINO DEFUMADO
0112,GARGANTA SUINA SALGADA
0112,HAMBURGUER DE CARNE E FRANGO
0112,RETALHO DE PRESUNTO
0112,RETALHO DE FRIOS
0112,HAMBURGUER DE CARNE SUINA
0112,HAMBURGUER DE SOJA
0117,ALMONDEGA DE SOJA
0112,CRACOVIA
0113,CAMARAO EMPANADO SEMIPRONTO
0112,GELEIA SUINA
0112,EMPANADO NAO ESPECIFICADO SEMIPRONTO
0113,PEIXE INTEIRO DE MAR NAO-ESPECIFICADO
0113,PEIXE EM POSTAS DE MAR NAO-ESPECIFICADO
0113,PEIXE EM FILE FRESCO DE MAR NAO-ESPECIFICADO
0113,PEIXE INTEIRO ANCHOVA
0113,PEIXE INTEIRO ENCHOVA
0113,PEIXE EM POSTAS ANCHOVA
0113,PEIXE EM FILE FRESCO ANCHOVA
0113,PEIXE INTEIRO BADEJO
0113,PEIXE EM POSTAS BADEJO
0113,PEIXE EM FILE FRESCO BADEJO
0113,PEIXE INTEIRO CORVINA
0113,PEIXE INTEIRO CORVINA BRASILEIRA
0113,PEIXE INTEIRO CORVINA BACALHAU
0113,PEIXE INTEIRO CURURUCA
0113,PEIXE INTEIRO CORVINOTA
0113,PEIXE EM POSTAS CORVINA
0113,PEIXE EM FILE FRESCO CORVINA
0113,PEIXE CORVINA (FORMA DE COMERCIALIZACAO NAO-DISCRIMINADA)
0113,PEIXE INTEIRO CASTANHA
0113,PEIXE EM POSTAS CASTANHA
0113,PEIXE CASTANHA (FORMA DE COMERCIALIZACAO NAO-DISCRIMINADA)
0113,PEIXE INTEIRO CAVALINHA
0113,PEIXE INTEIRO CARAPAU
0113,PEIXE EM POSTAS CAVALINHA
0113,PEIXE INTEIRO ARRAIA
0113,PEIXE INTEIRO VIOLA
0113,PEIXE INTEIRO CACAO VIOLA
0113,PEIXE INTEIRO TICONHA
0113,PEIXE EM FILE FRESCO VIOLA
0113,PEIXE INTEIRO NAMORADO
0113,PEIXE INTEIRO PESCADINHA
0113,PEIXE INTEIRO PESCADINHA MALHEIRA
0113,PEIXE INTEIRO PESCADINHA DO ALTO MAR
0113,PEIXE EM POSTAS PESCADINHA
0113,PEIXE EM FILE FRESCO PESCADINHA
0113,PEIXE INTEIRO TAINHA
0113,PEIXE INTEIRO TAINHA CURIMA
0113,PEIXE INTEIRO CURIMA
0113,PEIXE INTEIRO CURUMA
0113,PEIXE INTEIRO SAUNA
0113,PEIXE INTEIRO URIACICA
0113,PEIXE EM POSTAS TAINHA
0113,PEIXE EM FILE FRESCO TAINHA
0113,PEIXE INTEIRO SARDINHA
0113,PEIXE INTEIRO SARDINHA LAJE
0113,PEIXE INTEIRO SARDINHA CASCUDA
0113,PEIXE INTEIRO SARDINHA PRATA
0113,PEIXE INTEIRO SARDINHA VERDADEIRA
0113,PEIXE INTEIRO CHARUTO
0113,PEIXE EM POSTAS SARDINHA
0113,PEIXE EM FILE FRESCO SARDINHA
0113,PEIXE INTEIRO VERMELHO
0113,PEIXE INTEIRO ARIACO
0113,PEIXE EM POSTAS VERMELHO
0113,PEIXE INTEIRO CIOBA
0113,PEIXE INTEIRO GUAIUBA
0113,PEIXE EM POSTAS CIOBA
0113,PEIXE INTEIRO BAGRE DE MAR
0113,PEIXE INTEIRO BAGRE AMARELO
0113,PEIXE INTEIRO GUARAJUBA DE MAR
0113,PEIXE INTEIRO BAGRE BANDEIRA
0113,PEIXE INTEIRO BAGRE MANDIM DE MAR
0113,PEIXE INTEIRO BANDEIRADA
0113,PEIXE INTEIRO URITINGA
0113,PEIXE INTEIRO CANGATA
0113,PEIXE EM FILE FRESCO BAGRE DE MAR
0113,PEIXE BAGRE DE MAR ( FORMA DE COMERCIALIZACAO NAO-DISCRIMINADA)
0113,PEIXE INTEIRO CARAPEBA
0113,PEIXE INTEIRO CARATINGA
0113,PEIXE INTEIRO CARA SUJA
0113,PEIXE INTEIRO CAVALA
0113,PEIXE INTEIRO CAVALA SARDINHEIRA
0113,PEIXE EM POSTAS CAVALA
0113,PEIXE CAVALA (FORMA DE COMERCIALIZACAO NAO-DISCRIMINADA)
0113,PEIXE INTEIRO GALO
0113,PEIXE INTEIRO MANJUBA
0113,PEIXE INTEIRO PIPITINGA
0113,PEIXE INTEIRO GINGA
0113,PEIXE INTEIRO PAPATERRA
0113,PEIXE INTEIRO DOURADO DE MAR
0113,PEIXE EM POSTAS DOURADO DE MAR
0113,PEIXE INTEIRO ATUM
0113,PEIXE EM POSTAS ATUM
0113,PEIXE EM FILE FRESCO ATUM
0113,PEIXE INTEIRO ARABAIANA
0113,PEIXE EM POSTAS OLHO DE BOI
0113,PEIXE INTEIRO SERRA
0113,PEIXE INTEIRO SARDA
0113,PEIXE EM POSTAS SERRA
0113,PEIXE SERRA (FORMA DE COMERCIALIZACAO NAO-DISCRIMINADA)
0113,PEIXE INTEIRO PARGO
0113,PEIXE EM POSTAS PARGO
0113,PEIXE EM FILE FRESCO PARGO
0113,PEIXE INTEIRO CORO
0113,PEIXE INTEIRO PESCADA
0113,PEIXE INTEIRO PESCADA AMARELA
0113,PEIXE INTEIRO PESCADA BRANCA
0113,PEIXE INTEIRO PESCADA GO
0113,PEIXE INTEIRO GO
0113,PEIXE EM POSTAS PESCADA
0113,PEIXE EM FILE FRESCO PESCADA
0113,PEIXE PESCADA (FORMA DE COMERCIALIZACAO NAO-DISCRIMINADA)
0113,PEIXE PESCADA AMARELA (FORMA DE COMERCIALIZACAO NAO-DISCRIMINADA)
0113,PEIXE PESCADA BRANCA (FORMA DE COMERCIALIZACAO NAO-DISCRIMINADA)
0113,PEIXE INTEIRO GAROUPA GATO
0113,PEIXE EM FILE FRESCO GAROUPA
0113,PEIXE INTEIRO LINGUADO
0113,PEIXE EM POSTAS LINGUADO
0113,PEIXE EM FILE FRESCO LINGUADO
0113,PEIXE INTEIRO ROBALO
0113,PEIXE INTEIRO CAMURI
0113,PEIXE INTEIRO BICUDO
0113,PEIXE EM POSTAS ROBALO
0113,PEIXE INTEIRO XERELETE
0113,PEIXE INTEIRO XERERETE
0113,PEIXE INTEIRO GUARICEMA
0113,PEIXE INTEIRO ESPADA
0113,PEIXE EM POSTAS ESPADA
0113,PEIXE INTEIRO PRATIQUEIRA
0113,PEIXE INTEIRO CAICA
0113,PEIXE INTEIRO CACAO
0113,PEIXE INTEIRO CANGA
0113,PEIXE INTEIRO ANJO
0113,PEIXE INTEIRO FRANGO
0113,PEIXE EM POSTAS CACAO
0113,PEIXE EM FILE FRESCO CACAO
0113,PEIXE INTEIRO MERLUZA
0113,PEIXE EM POSTAS MERLUZA
0113,PEIXE EM FILE FRESCO MERLUZA
0113,PEIXE INTEIRO TABUA
0113,PEIXE INTEIRO XAREU
0113,PEIXE EM POSTAS XAREU
0113,PEIXE EM FILE FRESCO XAREU
0113,PEIXE XAREU (FORMA DE COMERCIALIZACAO NAO-DISCRIMINADA)
0113,PEIXE INTEIRO MORORO
0113,PEIXE INTEIRO PEROA
0113,PEIXE INTEIRO PORQUINHO
0113,PEIXE EM POSTAS PEROA
0113,PEIXE INTEIRO CAMURUPIM
0113,PEIXE INTEIRO CUMURUPIM
0113,PEIXE INTEIRO GUARAJUBA
0113,PEIXE INTEIRO GARAJUBA
0113,PEIXE INTEIRO GURIJUBA
0113,PEIXE INTEIRO AGULHA
0113,PEIXE INTEIRO GUARAVIRA
0113,PEIXE EM FILE FRESCO GUAIVIRA
0113,PEIXE INTEIRO BARRACUDA
0113,PEIXE INTEIRO BONITO
0113,PEIXE EM POSTAS BONITO
0113,PEIXE INTEIRO SARDELA
0113,PEIXE INTEIRO PALOMBETA
0113,PEIXE INTEIRO PILOMBETA
0113,PEIXE INTEIRO FAVINHA
0113,PEIXE INTEIRO CAICO
0113,PEIXE EM POSTAS PALOMBETA
0113,PEIXE EM POSTAS CHERNE
0113,PEIXE INTEIRO AGULHAO
0113,PEIXE INTEIRO AGULHAO DE VELA
0113,PEIXE EM POSTAS AGULHAO
0113,PEIXE INTEIRO SALMAO PEQUENO (SALMONETE)
0113,PEIXE INTEIRO SARAMUNETE
0113,PEIXE EM FILE FRESCO SALMONETE
0113,CAMARAO
0113,CAMARAO VERMELHO
0113,CAMARAO ROSA
0113,CAMARAO SETE BARBAS
0113,CAMARAO CINZA
0113,CAMARAO DE AGUA SALGADA
0113,CAMARAO PISTOLA
0113,CAMARAO FRESCO
0113,CAMARAO SEM CASCA
0113,SIRI
0113,TESOURA (SIRI)
0113,CARANGUEJO
0113,CARANGUEJO CATADO
0113,CARANQUEJO VIVO
0113,CARNE DE CARANGUEJO
0113,MARISCO
0113,MEXILHAO
0113,SURURU DAS PEDRAS (MARISCO)
0113,MACUNIM
0113,OSTRA
0113,LULA
0113,SURURU
0113,SURURU DE ALAGOAS
0113,SURURU SEM CASCA
0113,LAGOSTA
0113,LAGOSTIM
0113,LAGOSTA VERMELHA
0113,VIEIRA
0113,PEIXE INTEIRO PEDRA
0113,PEIXE INTEIRO CONGRO REAL
0113,OVAS DE PEIXE (QUALQUER ESPECIE)
0113,POLVO
0113,PEIXE EM FILE FRESCO ABROTE
0113,PEIXE INTEIRO SAMBUDA
0113,PEIXE EM POSTAS SALMAO
0113,PEIXE EM FILE FRESCO SALMAO
0113,PEIXE INTEIRO POLACA DO ALASCA
0113,PEIXE EM FILE CONGELADO POLACA DO ALASCA
0113,TURU (CRUSTACEO)
0113,PEIXE INTEIRO DE AGUA DOCE NAO-ESPECIFICADO
0113,PEIXE EM POSTAS DE AGUA DOCE NAO-ESPECIFICADO
0113,PEIXE EM FILE FRESCO DE AGUA DOCE NAO-ESPECIFICADO
0113,PEIXE INTEIRO TRAIRA
0113,PEIXE EM POSTAS TRAIRA
0113,PEIXE INTEIRO ACARA
0113,PEIXE INTEIRO CARA
0113,PEIXE INTEIRO ACARA ACU
0113,PEIXE INTEIRO CORRO
0113,PEIXE INTEIRO APAIARI
0113,PEIXE INTEIRO CARA ACU
0113,PEIXE EM FILE FRESCO ACARA
0113,PEIXE INTEIRO LAMBARI
0113,PEIXE INTEIRO PIABA BRANCA
0113,PEIXE INTEIRO MOCINHA
0113,PEIXE INTEIRO BRANQUINHA
0113,PEIXE INTEIRO BRANQUINHO
0113,PEIXE INTEIRO PIABINHA
0113,PEIXE INTEIRO PIABA DA LAGOA
0113,PEIXE INTEIRO PIABA
0113,PEIXE INTEIRO SURUBIM
0113,PEIXE INTEIRO SURUBIM PINTADO
0113,PEIXE INTEIRO PINTADO
0113,PEIXE INTEIRO SURUBI
0113,PEIXE INTEIRO BICO DE PATO
0113,PEIXE EM POSTAS SURUBIM
0113,PEIXE EM FILE FRESCO SURUBIM
0113,PEIXE PINTADO (FORMA DE COMERCIALIZACAO NAO-DISCRIMINADA)
0113,PEIXE INTEIRO JACUNDA
0113,PEIXE INTEIRO SABAO
0113,PEIXE INTEIRO PIRARUCU
0113,PEIXE EM POSTAS PIRARUCU
0113,PEIXE EM FILE FRESCO PIRARUCU
0113,PEIXE INTEIRO ARACU
0113,PEIXE INTEIRO TILAPIA
0113,PEIXE EM POSTAS TILAPIA
0113,PEIXE EM FILE FRESCO TILAPIA
0113,PEIXE INTEIRO JEJU
0113,PEIXE INTEIRO JIJU
0113,PEIXE INTEIRO CURIMATA
0113,PEIXE INTEIRO CURIMATA (RIO)
0113,PEIXE INTEIRO CURUMBATA
0113,PEIXE INTEIRO CORIMBA
0113,PEIXE INTEIRO CURIMBA
0113,PEIXE INTEIRO CRUMATA
0113,PEIXE CURIMATA (FORMA DE COMERCIALIZACAO NAO-DISCRIMINADA)
0113,PEIXE INTEIRO TUCUNARE
0113,PEIXE INTEIRO ACARI
0113,PEIXE INTEIRO CASCUDO BARBADO
0113,PEIXE INTEIRO CARITO
0113,PEIXE INTEIRO PILATOS
0113,PEIXE INTEIRO BODO
0113,PEIXE INTEIRO CASCUDINHO
0113,PEIXE INTEIRO CASCUDO COMUM
0113,PEIXE INTEIRO ACARI BODO
0113,PEIXE INTEIRO CASCUDO
0113,PEIXE EM POSTAS ACARI
0113,PEIXE INTEIRO PIRAMUTABA
0113,PEIXE INTEIRO PIRAMUTAVA
0113,PEIXE EM POSTAS PIRAMUTABA
0113,PEIXE INTEIRO PIAU
0113,PEIXE INTEIRO PIAU VERDADEIRO
0113,PEIXE EM FILE FRESCO PIAU
0113,PEIXE INTEIRO DOURADO DE AGUA DOCE
0113,PEIXE INTEIRO TAMOATA
0113,PEIXE INTEIRO TAMUATA
0113,PEIXE INTEIRO TAMATA
0113,PEIXE INTEIRO LENHA
0113,PEIXE INTEIRO MAPARA
0113,PEIXE INTEIRO MAPARA DE CAMETA
0113,PEIXE EM POSTAS MAPARA
0113,PEIXE INTEIRO PIRANHA
0113,PEIXE INTEIRO PIRANHA CAJU
0113,PEIXE INTEIRO PIRANHA VERMELHA
0113,PEIXE INTEIRO PIRANHA PRETA
0113,PEIXE INTEIRO PACU
0113,PEIXE INTEIRO PACU AZUL
0113,PEIXE INTEIRO PACUPEBA
0113,PEIXE INTEIRO CARANHA
0113,PEIXE EM POSTAS PACU
0113,PEIXE INTEIRO TAMBAQUI
0113,PEIXE INTEIRO PACU DO AMAZONAS (TAMBAQUI)
0113,PEIXE EM POSTAS TAMBAQUI
0113,PEIXE EM FILE FRESCO TAMBAQUI
0113,PEIXE TAMBAQUI (FORMA DE COMERCIALIZACAO NAO-DISCRIMINADA)
0113,PEIXE INTEIRO BODE
0113,PEIXE INTEIRO CUMBACA (DE AGUA DOCE) (ANUJA)
0113,PEIXE BAGRE DE RIO
0113,PEIXE INTEIRO MANDI
0113,PEIXE INTEIRO JUNDIA
0113,PEIXE INTEIRO SARDINHA DE AGUA DOCE
0113,PEIXE INTEIRO APAPA
0113,PEIXE EM POSTAS SARDINHA DE AGUA DOCE
0113,PEIXE INTEIRO JARAQUI
0113,PEIXE INTEIRO CACHORRO
0113,PEIXE INTEIRO CUBIU
0113,PEIXE INTEIRO PIRAPITINGA
0113,PEIXE EM FILE FRESCO DE PIRAPITINGA
0113,PEIXE INTEIRO FILHOTE
0113,PEIXE INTEIRO PIRATINGA (PIRAIBA)
0113,PEIXE EM FILE FRESCO PIRAIBA
0113,PEIXE INTEIRO BACU
0113,PEIXE INTEIRO CUIU CUIU
0113,PEIXE INTEIRO PIRARARA
0113,PEIXE INTEIRO DOURADA
0113,PEIXE EM POSTAS DOURADA
0113,PEIXE EM FILE FRESCO DOURADA
0113,PEIXE DOURADA (FORMA DE COMERCIALIZACAO NAO-DISCRIMINADA)
0113,PEIXE INTEIRO PIRANAMBU
0113,PEIXE INTEIRO PINTADINHO (DE AGUA DOCE) (PIRANAMBU)
0113,PEIXE FIDALGO (FORMA DE COMERCIALIZACAO NAO-DISCRIMINADA)
0113,PEIXE INTEIRO MANDUBE
0113,PEIXE INTEIRO PIRAPUTANGA
0113,PEIXE INTEIRO JUNDIA DE LAGOA (JAU)
0113,PEIXE INTEIRO PIAPARA
0113,PEIXE INTEIRO ARUANA
0113,PEIXE INTEIRO SULAMBA
0113,PEIXE EM POSTAS ARUANA
0113,PEIXE INTEIRO PIRACANJUBA
0113,PEIXE INTEIRO SABARU
0113,CAMARAO DE AGUA DOCE
0113,PITU (CAMARAO DE AGUA DOCE)
0113,CAMARAO BRACO FORTE (AGUA DOCE)
0113,TRACAJA
0113,PAULISTINHA
0113,PEIXE INTEIRO BAGRE DE AGUA DOCE
0113,MUCUA
0113,PEIXE INTEIRO MATRINXA
0113,PEIXE INTEIRO MATRINXAO
0113,PEIXE INTEIRO JATUARANA
0113,PEIXE EM FILE FRESCO MATRINXA
0113,PEIXE MATRINXA (FORMA DE COMERCIALIZACAO NAO-DISCRIMINADA)
0113,PEIXE INTEIRO CARPA
0113,PEIXE EM FILE FRESCO CARPA
0113,PEIXE INTEIRO FLECHEIRO
0113,PEIXE INTEIRO PIRACATINGA
0113,CARAMUJO
0113,PEIXE INTEIRO TAMBATINGA
0113,PEIXE INTEIRO NAO-ESPECIFICADO
0113,PEIXE EM POSTAS NAO-ESPECIFICADO
0113,PEIXE EM FILE FRESCO NAO-ESPECIFICADO
0113,CABECA DE PEIXE
0113,PEIXE NAO-ESPECIFICADO
0112,VISCERA BOVINA NAO-ESPECIFICADA
0112,FISSURA BOVINA NAO-ESPECIFICADA
0112,MIUDO BOVINO NAO-ESPECIFICADO
0112,PANELADA (VISCERAS BOVINAS NAO-ESPECIFICADAS)
0112,CORACAO BOVINO
0112,RIM BOVINO
0112,BOFE BOVINO
0112,BOBO BOVINO
0112,MIOLO BOVINO
0112,BUCHO BOVINO
0112,ESTOMAGO BOVINO
0112,BUCHADA BOVINA
0112,TRIPA BOVINA
0112,DOBRADINHA FRESCA
0112,FATO BOVINO
0112,MONDONGO (TRIPA BOVINA)
0112,FIGADO BOVINO
0112,FIGADO DE BOI
0112,LINGUA BOVINA
0112,RABADA BOVINA
0112,RABO BOVINO
0112,CABECA BOVINA
0112,FRONTAL DA CABECA (CASCO BOVINO)
0112,MOCOTO BOVINO
0112,PE BOVINO
0112,CORREDOR BOVINO
0112,BRACO BOVINO
0112,PERNA BOVINA
0112,MAO DE VACA
0112,CANELA BOVINA
0112,OSSO BOVINO
0112,OSSADA BOVINA
0112,CARNE MOIDA NAO-ESPECIFICADA
0112,GUIZADO (CARNE MOIDA NAO-ESPECIFICADA)
0112,CARNE DE CABRITO
0112,CARNE DE BODE
0112,CARNE CAPRINA
0112,COSTELA DE BODE
0112,CARNE DE CAPRINO
0112,BODE VIVO
0112,CARNE DE CARNEIRO
0112,CARNE DE OVELHA
0112,COSTELA DE CARNEIRO
0112,COXAO DE CARNEIRO
0112,CARNE OVINA
0112,PALETA DE CARNEIRO
0112,PERNIL DE CARNEIRO
0112,CARNEIRO VIVO
0112,OVELHA VIVA
0112,COSTELA NAO-ESPECIFICADA
0112,PERNIL NAO-ESPECIFICADO
0112,PACA VIVA
0112,TATU VIVO
0112,CUTIA VIVA
0112,PASSARINHA BOVINA
0112,BACO BOVINO
0112,BIFE ROLE CRU
0112,BUCHADA DE CARNEIRO
0112,BUCHADA DE BODE
0112,APARA DE CARNE BOVINA
0112,MUXIBA (GORDURA BOVINA)
0112,GORDURA BOVINA
0112,XAXADO BOVINO
0112,BUCHO NAO-ESPECIFICADO
0112,BUCHADA NAO-ESPECIFICADA
0112,CARNE DE OUTROS ANIMAIS
0112,CARNE DE VEADO
0112,CARNE DE PACA
0112,CARNE DE TATU
0112,CARNE DE COELHO
0112,CARNE DE ANTA
0112,CARNE DE JACARE
0112,CARNE DE CUTIA
0112,CARNE DE JACARE SALGADA
0112,CARNE DE PORCO SILVESTRE
0112,CARNE DE CAPIVARA
0112,CARNE DE MACACO
0112,CARNE DE COTIA
0112,CARNE DE QUEIXADA
0112,CARNE DE PORCO DO MATO
0112,CARNE DE JABUTI
0112,CARNE DE PREGUICA
0112,CARNE DE TAMANDUA
0112,CARNE DE BUFALO
0112,KIT DE CARNE DE CHURRASCO
0112,CARNE DE CHURRASCO (KIT)
0112,MIUDO DE CARNEIRO
0112,FISSURA DE BODE
0112,GARGANTA BOVINA
0112,CARNE NAO-ESPECIFICADA
0112,CARNE EM BIFE
0112,CARNE BOVINA SEM OSSO NAO-ESPECIFICADA
0112,CARNE BOVINA NAO-ESPECIFICADA
0112,BODE ABATIDO
0112,BOFE NAO-ESPECIFICADO
0112,CARNE COM OSSO NAO-ESPECIFICADA
0112,CARNE BOVINA DE TERCEIRA
0112,CARNE MOIDA DE TERCEIRA
0112,OSSO NAO-ESPECIFICADO
0112,OSSADA NAO-ESPECIFICADA
0112,CARNE DE TERCEIRA NAO-ESPECIFICADA
0112,CARNE SEM OSSO NAO-ESPECIFICADA
0112,SUA BOVINA
0112,CABECA DE PACA
0112,PELE BOVINA FRESCA
0112,FIGADO NAO ESPECIFICADO
0112,RETALHO DE CARNE BOVINA
0112,KAFTA NAO ESPECIFICADA
0112,BOI ABATIDO
0112,CARNE MOIDA LIGHT
0112,CARNE MOIDA ORGANICA
0112,CARNE DE JAVALI
0112,PE E RABO NAO ESPECIFICADOS
0112,RETALHO DE COSTELA
0112,MOCOTO NAO ESPECIFICADO
0112,TRIPA NAO ESPECIFICADA
0112,FRANGO ABATIDO
0112,GALINHA ABATIDA
0112,FRANGO INTEIRO
0112,FRANGO CAIPIRA
0112,FRANGO CONGELADO
0112,GALINHA CONGELADA
0112,FRANGO TEMPERADO CONGELADO
0112,GALINHA TEMPERADA CONGELADA
0112,FRANGO RESFRIADO
0112,GALINHA RESFRIADA
0112,FRANGO CONGELADO TEMPERADO
0112,FRANGO INTEIRO CONGELADO
0112,PARTE DE GALINHA OU FRANGO NAO-ESPECIFICADA
0112,FRANGO EM PEDACOS NAO-ESPECIFICADOS
0112,GALINHA EM PEDACOS NAO-ESPECIFICADOS
0112,CARNE DE GALINHA OU FRANGO NAO-ESPECIFICADA
0112,CARNE DE FRANGO NAO ESPECIFICADA
0112,CARNE DE FRANGO DESFIADA
0112,FRANGO DESFIADO
0112,PEITO DE GALINHA OU FRANGO
0112,FILE DE FRANGO
0112,PEITO DE FRANGO
0112,FILE DE PEITO DE FRANGO
0112,MEDALHAO DE FRANGO
0112,COXA DE GALINHA OU FRANGO
0112,SOBRECOXA DE GALINHA OU FRANGO
0112,COXA E SOBRECOXA DE GALINHA OU FRANGO
0112,COXA DE FRANGO
0112,SOBRECOXA DE FRANGO
0112,COXA E SOBRECOXA DE FRANGO
0112,DORSO DE GALINHA OU FRANGO
0112,CARCACA DE GALINHA OU FRANGO
0112,DORSO DE FRANGO
0112,CARCACA FRANGO
0112,ASA DE GALINHA OU FRANGO
0112,DRUMETE DE GALINHA OU FRANGO
0112,ASA DE FRANGO
0112,ASA DE GALINHA
0112,ASA DE FRANGO TEMPERADO
0112,DRUMETE DE FRANGO
0112,COXINHA DA ASA DE GALINHA OU FRANGO
0112,ASINHA DE FRANGO
0112,COXA DE ASA DE FRANGO
0112,PESCOCO DE GALINHA OU FRANGO
0112,PESCOCO DE FRANGO
0112,PE DE GALINHA OU FRANGO
0112,PE DE FRANGO
0112,MIUDO DE GALINHA OU FRANGO NAO-ESPECIFICADO
0112,MIUDO DE FRANGO NAO-ESPECIFICADO
0112,MOELA DE GALINHA OU FRANGO
0112,MOELA DE FRANGO
0112,CORACAO DE GALINHA OU FRANGO
0112,CORACAO DE FRANGO
0112,FIGADO DE GALINHA OU FRANGO
0112,FIGADO DE FRANGO
0112,FRANGO VIVO
0112,GALINHA VIVA
0112,COXA E ASA DE GALINHA OU FRANGO
0112,COXA E ASA DE FRANGO
0112,COXA E PEITO DE FRANGO
0112,CHESTER
0112,TENDER
0112,COSTELA E PE DE GALINHA OU FRANGO
0112,SAMBIQUIRA DE GALINHA OU FRANGO
0112,CARNE MOIDA DE FRANGO
0112,PEITO DE FRANGO LIGHT
0112,FRANGO A PASSARINHO
0112,FIGADO OU MOELA DE FRANGO
0112,FRANGO DESOSSADO
0114,OVO DE GALINHA
0114,OVOS DE GALINHA
0114,OVO DE GALINHA CAIPIRA
0114,OVOS DE GALINHA BRANCO
0114,OVOS DE GALINHA VERMELHO
0112,FRANGO ABATIDO ORGANICO
0112,GALINHA ABATIDA ORGANICA
0112,FRANGO CAIPIRA ORGANICO
0112,GALINHA CONGELADA ORGANICA
0112,FRANGO RESFRIADO ORGANICO
0112,FILE DE FRANGO ORGANICO
0112,FILE DE GALINHA OU FRANGO ORGANICO
0112,PEITO DE GALINHA OU FRANGO ORGANICO
0112,COXA E SOBRECOXA DE FRANGO ORGANICA
0112,COXA DE GALINHA OU FRANGO ORGANICA
0112,SOBRECOXA DE GALINHA OU FRANGO ORGANICA
0112,COXA DE FRANGO ORGANICA
0112,COXA E SOBRECOXA DE GALINHA OU FRANGO ORGANICA
0112,FRANGO EM PEDACOS NAO-ESPECIFICADOS ORGANICO
0112,GALINHA EM PEDACOS NAO-ESPECIFICADOS ORGANICA
0112,CARNE DE GALINHA OU FRANGO NAO-ESPECIFICADA ORGANICA
0112,PARTE DE GALINHA OU FRANGO NAO-ESPECIFICADA ORGANICA
0112,FRANGO ORGANICO INTEIRO
0114,OVO DE GALINHA ORGANICO
0112,PERU ABATIDO
0112,PERU CONGELADO
0112,PERU TEMPERADO CONGELADO
0112,PERU CONGELADO TEMPERADO
0112,PEITO DE PERU
0112,PEITO DE PERU DEFUMADO
0112,COXA DE PERU
0112,ASA DE PERU
0112,COXA DE AVE NAO-ESPECIFICADA
0112,COXA E SOBRECOXA DE AVE NAO-ESPECIFICADA
0112,"NAMBU ABATIDO, CONGELADO OU VIVO"
0112,NUGGETS DE FRANGO
0112,STEAK DE FRANGO
0112,NUGGETS DE GALINHA
0112,STEAK DE GALINHA
0112,"CODORNA ABATIDA, CONGELADA OU VIVA"
0112,CODORNA CONGELADA
0112,PERU EMPANADO
0114,OVO DE PATA
0114,OVO DE CODORNA
0112,"OUTRA AVE ABATIDA, CONGELADA OU VIVA"
0112,"GALINHA DE ANGOLA ABATIDA, CONGELADA OU VIVA"
0112,"GANSO ABATIDO, CONGELADO OU VIVO"
0112,OUTRA AVE CONGELADA
0112,JACU ABATIDO
0112,"PATO ABATIDO, CONGELADO OU VIVO"
0112,PATO VIVO
0112,PATO ABATIDO
0112,CARNE DE PATO NAO-ESPECIFICADA
0112,PESCOCO DE PERU
0112,SOBRECOXA NAO-ESPECIFICADA
0112,OSSO DE PERU
0112,SAMBIQUIRA NAO-ESPECIFICADA
0112,PEITO DE PERU LIGHT
0112,"MARRECO ABATIDO, CONGELADO OU VIVO"
0112,CARNE DE MARRECO
0112,CORACAO DE PERU
0114,OVO DE GUINE
0114,OVO DE JACARE
0112,HAMBURGUER DE FRANGO
0112,CARNE DE FRANGO DE HAMBURGUER
0112,BLANQUET DE PERU
0112,BLANQUETE DE PERU
0112,HAMBURGUER DE PERU
0112,CARNE DE AVES DEFUMADA
0112,PEITO DE GALINHA DEFUMADO
0112,FRANGO EMPANADO
0112,NUGGET DE FRANGO EMPANADO
0112,FILE DE FRANGO EMPANADO
0112,MINI CHICKEN EMPANADO
0112,EMPANADO DE FRANGO
0112,TEKITOS (CARNE DE FRANGO EMPANADA)
0112,HAMBURGUER DE FRANGO LIGHT
0112,BLANQUET DE PERU LIGHT
0112,PRESUNTO DE PERU LIGHT
0112,PRESUNTO DE PERU DEFUMADO LIGHT
0112,FRANGO A PARMEGIANA SEMIPRONTO
0112,PEITO DE FRANGO A MILANESA SEMIPRONTO
0114,LEITE DE VACA INTEGRAL
0114,LEITE TIPO B INTEGRAL
0114,LEITE TIPO C INTEGRAL
0114,LEITE ESPECIAL INTEGRAL
0114,LEITE LONGA VIDA INTEGRAL
0114,LEITE GLUT LONGA VIDA INTEGRAL
0114,LEITE TIPO A INTEGRAL
0114,LEITE PASTEURIZADO INTEGRAL
0114,LEITE ESTERILIZADO INTEGRAL
0114,LEITE INTEGRAL
0114,LEITE DE VACA PASTEURIZADO INTEGRAL
0114,LEITE TIPO C COMUM
0114,LEITE DE VACA FRESCO
0114,LEITE DA ROCA
0114,LEITE DE VACA IN NATURA
0114,LEITE FRESCO
0114,LEITE IN NATURA
0114,LEITE COM SABOR
0114,LEITE ACHOCOLATADO
0114,LEITE LONGA VIDA COM SABOR
0114,ACHOCOLATADO EM LEITE
0114,LEITE VITAMINADO
0114,LEITE VITAMINADO TODDYNHO
0114,LEITE TODDYNHO
0114,LEITE AROMATIZADO
0114,BEBIDA ACHOCOLATADA
0114,NESCAU LIQUIDO
0114,TODDYNHO LIQUIDO
0114,ACHOCOLATADO LIQUIDO
0114,LEITE DE VACA DESNATADO
0114,LEITE DE VACA PASTEURIZADO DESNATADO
0114,LEITE DESNATADO DE VACA
0114,LEITE LIGHT DE VACA
0114,LEITE DE VACA LIGHT
0114,LEITE SEMIDESNATADO DE VACA
0114,LEITE DE VACA SEMIDESNATADO
0114,LEITE DE VACA PASTEURIZADO SEMIDESNATADO
0114,LEITE NAO-ESPECIFICADO PASTEURIZADO
0114,LEITE PASTEURIZADO NAO-ESPECIFICADO
0114,LEITE DE VACA PASTEURIZADO NAO ESPECIFICADO
0114,LEITE EM PO INTEGRAL
0114,LEITE EM PO NINHO INTEGRAL
0114,LEITE EM PO GLORIA INTEGRAL
0114,LEITE EM PO NINHO INSTANTANEO INTEGRAL
0114,LEITE EM PO NESTOGENO 2. SEMESTRE INTEGRAL
0114,LEITE EM PO LACTOGENO INTEGRAL
0114,LEITE EM PO NANON INTEGRAL
0114,LEITE EM PO DESENGORDURADO
0114,LEITE EM PO DESNATADO OU DESENGORDURADO
0114,LEITE EM PO NESTOGENO 1. SEMESTRE DESENGORDURADO
0114,LEITE EM PO MOLICO DESENGORDURADO
0114,LEITE EM PO DESNATADO
0114,LEITE EM PO NAO-ESPECIFICADO
0114,LEITE EM PO COM SABOR
0114,LEITE EM PO SEMIDESNATADO
0114,LEITE EM PO DE ARROZ
0114,QUEIJO PRATO
0114,QUEIJO TIPO LANCHE
0114,QUEIJO COLONIAL
0114,QUEIJO LANCHE
0114,QUEIJO DE COLONIA
0114,QUEIJO BOLA
0114,MUCARELA
0114,QUEIJO MUCARELA
0114,MOZARELA
0114,QUEIJO MOZARELA
0114,MUZARELLA
0114,QUEIJO MUZARELLA
0114,MUSSARELA
0114,QUEIJO MUSSARELA
0114,MUCARELA DE BUFALA
0114,MOZARELA DE BUFALA
0114,MUSSARELA DE BUFALA
0114,QUEIJO MUSSARELA FATIADO
0114,QUEIJO DE BUFALA (MUSSARELA)
0114,QUEIJO DO REINO
0114,QUEIJO CUIA
0114,QUEIJO DE MINAS
0114,QUEIJO MINAS
0114,QUEIJO DE MANTEIGA
0114,QUEIJO DE COALHO
0114,QUEIJO TIPO MINAS
0114,QUEIJO MINAS CURADO
0114,QUEIJO CANASTRA
0114,QUEIJO DE MINAS CURADO
0114,QUEIJO DO SERRO
0114,QUEIJO COALHO
0114,QUEIJO TIPO ESTEPE
0114,QUEIJO MEIA CURA
0114,OUTROS QUEIJOS
0114,QUEIJO SUICO
0114,QUEIJO DE TRANCA
0114,QUEIJO CAVALO
0114,QUEIJO QUARCK
0114,QUEIJO MAASDAMER
0114,NUGGET DE QUEIJO
0114,QUEIJO ESTEPE
0114,QUEIJO RICOTA
0114,QUEIJO PARMEZON
0114,QUEIJO PARMEZAO
0114,QUEIJO RALADO
0114,QUEIJO PARMESAO
0114,QUEIJO PROVOLONE
0114,QUEIJO CAMEMBERT
0114,QUEIJO POLENGUINHO
0114,QUEIJO FUNDIDO
0114,QUEIJO PASTEURIZADO
0114,QUEIJO PASTEURIZADO POLENGUINHO
0114,QUEIJO POLENGUINHO PASTEURIZADO
0114,REQUEIJAO
0114,QUEIJO CREMOSO
0114,QUEIJO TIPO CREME
0114,QUEIJO TIPO DANONINHO
0114,QUEIJO DANONINHO
0114,REQUEIJAO CREMOSO
0114,REQUEIJAO CATUPIRI
0114,QUEIJO MANTEIGA
0114,QUEIJO NAO-ESPECIFICADO
0114,QUEIJO GORGONZOLA
0114,QUEIJO DE SOJA
0114,TOFU
0114,QUEIJO CHEDAR
0114,QUEIJO CHEDDAR
0114,FONDUE DE QUEIJO
0114,QUEIJO BRIE
0114,QUEIJO COTTAGE
0114,QUEIJO CHANCLICHE
0114,QUEIJO GOUDA
0114,CREME DE RICOTA
0114,QUEIJO TIPO GRANA
0114,QUEIJO GRUYERE
0114,QUEIJO EMMENTAL
0114,QUEIJO DE CABRA
0114,QUEIJO DE OVELHA
0114,QUEIJO CABACINHA
0114,QUEIJO SERRANO
0114,QUEIJO MONTANHES
0114,QUEIJO TIPO FONTINA
0114,RETALHO DE QUEIJO
0114,QUEIJO DE IOGURTE
0114,IOGURTE LIGHT
0114,IOGURTE DANONE LIGHT
0114,IOGURTE DESNATADO (LIGHT)
0114,IOGURTE DE QUALQUER SABOR LIGHT
0114,DANONE IOGURTE LIGHT
0114,IOGURTE DIET
0114,IOGURTE DANONE DIET
0114,IOGURTE DE QUALQUER SABOR DIET
0114,DANONE IOGURTE DIET
0114,IOGURTE DIETETICO
0114,IOGURTE DE QUALQUER SABOR DIETETICO
0114,DANONE IOGURTE DIETETICO
0115,MARGARINA VEGETAL COM OU SEM SAL DIET
0115,MARGARINA COM OU SEM SAL DIET
0115,MARGARINA COM SAL DIET
0115,MARGARINA VEGETAL SEM SAL DIET
0115,MARGARINA COM OU SEM SAL DIETETICA
0115,MARGARINA VEGETAL COM OU SEM SAL LIGHT
0115,MARGARINA COM OU SEM SAL LIGHT
0115,MARGARINA COM SAL LIGHT
0115,MARGARINA SEM SAL LIGHT
0115,MARGARINA VEGETAL COM SAL LIGHT
0115,MARGARINA VEGETAL SEM SAL LIGHT
0114,QUEIJO MUZARELLA LIGHT
0114,MUSSARELA LIGHT
0114,QUEIJO MUSSARELA LIGHT
0114,MUSSARELA FATIADA LIGHT
0114,LEITE DE SOJA COM SABOR LIGHT
0114,LEITE CONDENSADO LIGHT
0114,LEITE CONDENSADO DIET
0114,CREME DE LEITE LIGHT
0114,QUEIJO PRATO LIGHT
0114,QUEIJO COLONIAL LIGHT
0114,QUEIJO DE MINAS LIGHT
0114,QUEIJO MINAS LIGHT
0114,QUEIJO DE COALHO LIGHT
0114,QUEIJO MINAS CURADO LIGHT
0114,OUTROS QUEIJOS LIGHT
0114,QUEIJO QUARCK LIGHT
0114,QUEIJO TIPO QUARCK LIGHT
0114,QUEIJO RICOTA LIGHT
0114,QUEIJO RALADO LIGHT
0114,QUEIJO POLENGUINHO LIGHT
0114,REQUEIJAO LIGHT
0114,QUEIJO CREMOSO LIGHT
0114,REQUEIJAO CREMOSO LIGHT
0114,QUEIJO NAO-ESPECIFICADO LIGHT
0114,LEITE ACHOCOLATADO LIGHT
0114,LEITE LONGA VIDA COM SABOR LIGHT
0114,ACHOCOLATADO EM LEITE LIGHT
0114,LEITE TODDYNHO LIGHT
0114,BEBIDA ACHOCOLATADA LIGHT
0114,LEITE LONGA VIDA COM SABOR DIET
0114,BEBIDA ACHOCOLATADA DIET
0114,LEITE COM SABOR DIETETICO
0115,MANTEIGA COM OU SEM SAL LIGHT
0115,MANTEIGA COM SAL LIGHT
0115,MANTEIGA SEM SAL LIGHT
0115,MANTEIGA DE LEITE LIGHT
0114,COALHADA LIGHT
0114,LEITE EM PO LIGHT
0114,BEBIDA LACTEA LIGHT
0114,LEITE FERMENTADO LIGHT
0114,NATA DOCE OU SALGADA LIGHT
0114,LEITE SEM LACTOSE
0114,LEITE ZERO LACTOSE
0114,CREME DE RICOTA LIGHT
0114,IOGURTE SEM LACTOSE
0114,IOGURTE ZERO LACTOSE
0114,REQUEIJAO SEM LACTOSE
0114,QUEIJO MINAS SEM LACTOSE
0114,QUEIJO MUCARELA SEM LACTOSE
0114,QUEIJO PRATO SEM LACTOSE
0114,NATA SEM LACTOSE
0114,CREME DE LEITE SEM LACTOSE
0114,BEBIDA LACTEA SEM LACTOSE
0114,LEITE CONDENSADO SEM LACTOSE
0114,LEITE CONDENSADO ZERO LACTOSE
0114,IOGURTE SEM LACTOSE DIET
0114,QUEIJO SEM LACTOSE
0114,QUEIJO COTTAGE SEM LACTOSE
0114,COALHADA SEM LACTOSE
0114,LEITE EM PO SEM LACTOSE
0114,LEITE EM PO INTEGRAL LIGHT
0114,LEITE DE VACA INTEGRAL ORGANICO
0114,LEITE LONGA VIDA INTEGRAL ORGANICO
0114,LEITE INTEGRAL ORGANICO
0114,LEITE DE VACA FRESCO ORGANICO
0114,LEITE DA ROCA ORGANICO
0114,LEITE DE VACA IN NATURA ORGANICO
0114,LEITE DESNATADO DE VACA ORGANICO
0114,LEITE SEMIDESNATADO DE VACA ORGANICO
0114,CREME DE LEITE ORGANICO
0114,IOGURTE ORGANICO
0114,IOGURTE DESNATADO ORGANICO
0114,IOGURTE NATURAL ORGANICO
0114,QUEIJO DE MINAS FRESCAL ORGANICO
0114,QUEIJO MINAS FRESCAL ORGANICO
0114,QUEIJO DE COALHO FRESCAL ORGANICO
0114,QUEIJO CANASTRA FRESCAL ORGANICO
0114,LEITE DE CABRA
0114,LEITE DE BUFALA
0114,LEITE CONDENSADO
0114,LEITE MOCA
0114,LEITE BEIJINHO
0114,MOCA FESTA
0114,CREME DE LEITE
0114,CHANTILLY
0114,IOGURTE DE QUALQUER SABOR
0114,IOGURTE DANONE
0114,IOGURTE NATURAL
0114,DANONE IOGURTE
0114,DANONINHO
0114,PETIT SUISSE (IOGURTE)
0114,CHAMBINHO (IOGURTE)
0114,IOGURTE ACTIVIA
0114,DANONETE
0114,IOGURTE DESNATADO
0114,IOGURTE LIQUIDO
0114,ACTIVIA (IOGURTE)
0114,IOGURTE GREGO
0114,YAKULT DE QUALQUER SABOR
0114,LEITE FERMENTADO YAKULT
0114,BEBIDA LACTEA
0114,LEITE FERMENTADO
0114,BEBIDA LACTEA DE QUALQUER SABOR
0114,BEBIDA LACTEA COM FRUTA
0114,BEBIDA LACTEA DE FRUTA
0114,LEITE FERMENTADO COM SUCRILHOS
0114,LEITE FERMENTADO INTEGRAL
0114,COALHADA
0114,COALHADA DESNATADA
0114,COALHADA COM AMEIXA
0114,COALHADA COM MORANGO
0115,MANTEIGA COM OU SEM SAL
0115,MANTEIGA COM SAL
0115,MANTEIGA SEM SAL
0115,MANTEIGA DA TERRA
0115,MANTEIGA DE GARRAFA
0115,MANTEIGA DE LEITE
0115,MANTEIGA
0115,MANTEIGA CASEIRA
0115,MANTEIGA DO SERTAO
0115,MARGARINA VEGETAL COM OU SEM SAL
0115,MARGARINA COM OU SEM SAL
0115,MARGARINA COM SAL
0115,MARGARINA DE MILHO
0115,MARGARINA DE SOJA
0115,MARGARINA SEM SAL
0115,MARGARINA VEGETAL COM SAL
0115,MARGARINA VEGETAL SEM SAL
0115,MARGARINA
0114,LEITE DE SOJA COM SABOR
0114,ADES ORIGINAL
0114,LEITE DE SOJA INTEGRAL
0114,LEITE DE SOJA NATURAL
0114,LEITE DE SOJA
0114,BEBIDA DE SOJA
0114,IOGURTE DE SOJA
0114,SUCO DE SOJA
0114,NATA DOCE OU SALGADA
0114,NATA COLONIAL
0114,NATA DOCE
0114,NATA SALGADA
0114,LEITE DE SOJA EM PO
0114,EXTRATO DE SOJA EM PO
0114,CREAM CHEESE
0114,LEITE NAO ESPECIFICADO
0114,LEITE DE AVEIA
0114,LEITE VEGETAL
0114,LEITE DE AMENDOAS
0115,MANTEIGA ORGANICA
0119,RECHEIO PARA PIZZA
0115,MARGARINA DE FORNO E FOGAO
0111,PAO FRANCES
0111,PAO DE AGUA
0111,PAO DE HAMBURGUER
0111,BISNAGA
0111,PAO DE SAL
0111,PAO DE TRIGO
0111,PAO CACETINHO
0111,PAO SUICO
0111,PAO CARECA
0111,PAO FILAO
0111,PAO DE SEMOLINA
0111,PAO BENGALA
0111,PAO BISNAGA
0111,BENGALA
0111,PAO SOVADO
0111,PAO SOVADO CABRITO
0111,PAO CAVAQUINHO
0111,PAO FRANCES BISNAGA
0111,PAO DE CHA
0111,PAO PROVENCO
0111,PAO PROVENCAL
0111,PAO MASSA FINA
0111,PAO VITA SALGADO
0111,PAO CARIOQUINHA
0111,PAO PRESUNTO
0111,PAO DE BANHA
0111,PAO BANQUETE
0111,PAO BAQUETE
0111,PAO BAGUETE
0111,PAO CARTEIRA (SALGADO)
0111,PAO SEDA
0111,PAO PALITO
0111,PAO BAIANO
0111,PAO MANUAL
0111,MINI PAO
0111,MINI PAO FRANCES
0111,MINI BAGUETE
0111,PAO MASSA GROSSA
0111,PAO PIZZA
0111,PAO RECHEADO (SALGADO)
0111,PAO CIABATA
0111,PAO CERVEJINHA
0111,PAO DE CARA
0111,PAO PORTUGUES
0111,PAO SEDINHA
0111,CHIPA
0111,PAO CHIPA
0111,PAO JACO
0111,PAO CILINDRO
0111,PAO MINEIRO (SALGADO)
0111,PAO CARIOCA
0111,PAO FRANCES INTEGRAL
0111,BISCOITO SALGADO
0111,BISCOITO DO REINO
0111,BISCOITO GRISSINI
0111,BISCOITO CREAM CRACKER
0111,PRESUNTINHO BISCOITO
0111,BISCOITO TIPO ITALIANO
0111,BISCOITO DE AGUA
0111,BISCOITO QUEIJINHO
0111,BISCOITO DE COCO SALGADO
0111,BISCOITO DE CAMARAO
0111,BISCOITO DE POLVILHO SALGADO
0111,BISCOITO PRESUNTINHO
0111,BISCOITO INTEGRAL DE AGUA
0111,BISCOITO SALGADO DE COCO
0111,BISCOITO BIT
0111,BISCOITO SALGADINHO
0111,BISCOITO SALGADO DE POLVILHO
0111,BISCOITO CLUB CRACKER
0111,SALGADINHO (BISCOITO)
0111,BISCOITO DE AGUA INTEGRAL
0111,QUEIJINHO BISCOITO
0111,BISCOITO ITALIANO
0111,BOLACHA SALGADA
0111,BOLACHA DE AGUA E SAL
0111,CHIPS (SALGADINHOS)
0111,CROCK (SALGADINHOS)
0111,BACONZITOS
0111,BISCOITO DE AGUA E SAL
0111,BISCOITO CREAM CRACKER INTEGRAL
0111,BISCOITO DE SAL
0111,BISCOITO SALGADO DE MILHO
0111,BISCOITO SALGADO DE PIZZA
0111,BISCOITO SALGADO INTEGRAL
0111,BOLACHA CREAM CRACK
0111,BOLACHA INTEGRAL
0111,BISCOITO DE CEBOLA
0111,BISCOITO DE QUEIJO
0111,BISCOITO AGUA E SAL
0111,BISCOITO CLUB SOCIAL
0111,BISCOITO CLUBE SOCIAL
0111,BOLACHA AGUA E SAL
0111,BOLACHA DE SAL
0111,SALGADINHO DE MILHO
0111,SALGADINHO DE QUEIJO
0111,BISCOITO SALGADO DE GOMA
0111,MENTIRA (BISCOITO SALGADO)
0111,BISCOITO RUFFLES SALGADO
0111,BISCOITO PALITO SALGADO
0111,BISCOITO DOCE
0111,BISCOITO DE MANTEIGA
0111,BOLACHA AMANTEIGADA
0111,SEQUILHO
0111,TARECO
0111,BISCOITO DE GERGELIM
0111,BISCOITO AMANTEIGADO
0111,SOLDA
0111,BISCOITO TOSTINE
0111,BOLACHA DE FUBA
0111,BOLACHA DE MANTEIGA
0111,BREVIDADE
0111,BISCOITO DE MAIZENA
0111,BOLACHA DE MILHO
0111,SEQUILHO DE MILHO
0111,BISCOITO DOCE DE QUEIJO
0111,SEQUILHO DE MAIZENA
0111,BISCOITO DOCE SORTIDO
0111,BISCOITO DE FUBA
0111,BISCOITO SORTIDO
0111,BISCOITO DE COCO DOCE
0111,BISCOITO CREME
0111,BISCOITO DE MILHO
0111,BISCOITO CHAMPANHE
0111,BISCOITO ROSQUINHA DE COCO
0111,BISCOITO BROA DE COCO
0111,BISCOITO ROSCA DE COCO
0111,BOLACHA COM LEITE
0111,BOLACHA DOCE
0111,MARIA MALUCA (BOLACHA DOCE)
0111,BISCOITO DE CHAMPAGNE
0111,BISCOITO MARIA
0111,BISCOITO DE LEITE
0111,BISCOITO DE COCO
0111,BOLACHA DE COCO
0111,BISCOITO DE CHOCOLATE
0111,BISCOITO DE TAPIOCA
0111,BISCOITO ROSQUINHA DE CHOCOLATE
0111,BISCOITO ROSQUINHA DE LEITE
0111,BOLACHA DE CHOCOLATE
0111,BOLACHA DE LEITE
0111,BOLACHA DE LEITE E MEL
0111,BOLACHA DE MAIZENA
0111,BOLACHAO DOCE
0111,BISCOITO DE NATA
0111,CUECA VIRADA (BISCOITO DOCE)
0111,BISCOITO ORELHA DE GATO
0111,BOLACHA PALITO
0111,CAVACO
0111,BISCOITO DE GOMA
0111,BOLACHA DE MEL
0111,MARIA MALUCA
0111,ORELHA DE GATO (BISCOITO DOCE)
0111,BOLACHAO DE COCO
0111,BISCOITO PALITO DE CHOCOLATE
0111,BOLACHA DE GOMA
0111,CROSTOLI
0111,MENTIRA DOCE
0111,COOKIE
0111,BISCOITO DE POLVILHO DOCE
0111,BISCOITO DE POLVILHO SEQUILHO
0111,BISCOITO QUEBRA QUEBRA
0111,BISCOITO DE ARARUTA
0111,BISCOITO DOCE DE POLVILHO
0111,PETA
0111,PETA DE POLVILHO
0111,PETA DE GOMA
0111,PETAS
0111,BISCOITO RECHEADO
0111,MIRABEL
0111,BISCOITO RECHEADO TOSTINE
0111,BISCOITO LANCHE MIRABEL
0111,BISCOITO WAFFER
0111,LANCHE MIRABEL
0111,WAFFER (BISCOITO)
0111,ROSQUINHA RECHEADA DE QUALQUER SABOR
0111,ALFAJORES (BISCOITO)
0111,BOLACHA RECHEADA
0111,BISCOITO CROCANTE
0111,BISCOITO MIRABEL
0111,ROSCA RECHEADA
0111,BISCOITO RECHEADO DE CHOCOLATE
0111,BISCOITO RECHEADO DE MORANGO
0111,CASADINHA (BISCOITO RECHEADO)
0111,AMANDITA (BISCOITO RECHEADO)
0111,BEM CASADO (BISCOITO RECHEADO)
0111,TRAQUINAS (BISCOITO RECHEADO)
0111,BISCOITO CASEIRO
0111,BOLACHA CASEIRA
0111,BISCOITO NAO-ESPECIFICADO
0111,BISCOITO DE POLVILHO NAO-ESPECIFICADO
0111,BOLACHA NAO-ESPECIFICADA
0111,BISCOITO ORGANICO NAO ESPECIFICADO
0111,ROSCA DE LEITE
0111,ROSCA DE GOMA
0111,BOLACHA DE ARROZ
0111,BOLACHA DE TRIGO
0111,ROSCA DE CACHACA
0111,PAO DE FORMA INDUSTRIALIZADO DE QUALQUER MARCA DIET
0111,PAO DE FORMA PLUS VITA DIET
0111,PAO DE FORMA SEVEN BOYS DIET
0111,PAO PLUS VITA DIET
0111,PAO DE FORMA INDUSTRIALIZADO DIET
0111,PAO DIET (DE FORMA INDUSTRIALIZADO)
0111,PAO DIET WICK BOLD
0111,PAO DE FORMA INDUSTRIALIZADO DE QUALQUER MARCA DIETETICO
0111,PAO DE FORMA INDUSTRIALIZADO DIETETICO
0111,PAO DE FORMA INDUSTRIALIZADO DE QUALQUER MARCA LIGHT
0111,PAO PULMEX LIGHT
0111,PAO DE FORMA PLUS VITA LIGHT
0111,PAO DE FORMA DE LEITE PULLMAN LIGHT
0111,PAO PLUS VITA LIGHT
0111,PAO DE CAIXA LIGHT
0111,PAO DE FORMA INDUSTRIALIZADO LIGHT
0111,PAO INTEGRAL LIGHT
0111,PAO INTEGRAL PLUS VITA LIGHT
0111,TORRADA DE QUALQUER PAO LIGHT
0111,PAO TORRADO (TORRADA) LIGHT
0111,TORRADA DE QUALQUER TIPO LIGHT
0111,BOLO DE COCO DIETETICO
0111,BISCOITO RECHEADO LIGHT
0111,BISCOITO RECHEADO TOSTINE LIGHT
0111,BISCOITO WAFFER LIGHT
0111,BOLACHA RECHEADA LIGHT
0111,BISCOITO RECHEADO DIET
0111,BISCOITO WAFFER DIET
0111,ROSQUINHA RECHEADA DE QUALQUER SABOR DIET
0111,BISCOITO RECHEADO DIETETICO
0111,BISCOITO NAO-ESPECIFICADO LIGHT
0111,BISCOITO NAO-ESPECIFICADO DIET
0111,BISCOITO NAO-ESPECIFICADO DIETETICO
0111,BOLACHA NAO-ESPECIFICADA LIGHT
0111,PAO DE FORMA NAO-ESPECIFICADO LIGHT
0111,PAO DE FORMA NAO-ESPECIFICADO DIET
0111,PAO DE SANDUICHE NAO-ESPECIFICADO LIGHT
0111,PAO ARABE LIGHT
0111,PAO SIRIO LIGHT
0111,PAO DOCE DIET
0111,PAO TRANCA COM FAROFA DIET
0111,PAO DE LEITE (PAO DOCE) DIET
0111,PAO MANDI DIET
0111,PANETONE DIET
0111,PAO DE MEL DIETETICO
0111,PANETONE DIETETICO
0111,BISCOITO SALGADO LIGHT
0111,BISCOITO CREAM CRACKER LIGHT
0111,BISCOITO TIPO ITALIANO LIGHT
0111,BISCOITO DE COCO SALGADO LIGHT
0111,BISCOITO DE POLVILHO SALGADO LIGHT
0111,BISCOITO INTEGRAL DE AGUA LIGHT
0111,BISCOITO SALGADINHO LIGHT
0111,BISCOITO CLUB CRACKER LIGHT
0111,SALGADINHO (BISCOITO) LIGHT
0111,BOLACHA SALGADA LIGHT
0111,BOLACHA DE AGUA E SAL LIGHT
0111,CHIPS (SALGADINHOS) LIGHT
0111,BOLO DE QUALQUER MARCA E SABOR LIGHT
0111,ROCAMBOLE LIGHT
0111,BOLO DE QUALQUER MARCA E SABOR DIET
0111,BISCOITO DOCE LIGHT
0111,SEQUILHO LIGHT
0111,BISCOITO DE MAIZENA LIGHT
0111,BISCOITO DOCE SORTIDO LIGHT
0111,BISCOITO SORTIDO LIGHT
0111,BISCOITO DE COCO DOCE LIGHT
0111,BOLACHA DOCE LIGHT
0111,BISCOITO MARIA LIGHT
0111,BISCOITO DOCE DIET
0111,BISCOITO DOCE DE QUEIJO DIET
0111,BISCOITO DOCE DIETETICO
0111,BISCOITO DE LEITE DIETETICO
0111,PAO DE FORMA NAO ESPECIFICADO LIGHT
0111,PAO PRETO LIGHT
0111,PAO DE CENTEIO LIGHT
0111,PAO FRANCES DIET
0111,PAO DE SOJA LIGHT
0111,BISCOITO SALGADO DIET
0111,BISCOITO SEM LACTOSE
0111,BISCOITO DOCE SEM GLUTEN
0111,BOLACHA SEM LACTOSE
0111,BISCOITO NAO ESPECIFICADO SEM GLUTEN
0111,PAO SEM GLUTEN E SEM LACTOSE
0111,BOLO DE QUALQUER MARCA E SABOR SEM GLUTEN
0111,PAO SEM LACTOSE
0111,PAO FRANCES LIGHT
0111,TORTA SALGADA SEM GLUTEN
0111,PAO SEM GLUTEN
0111,PAO DOCE
0111,PAO ALMOFADINHA
0111,CHINEQUE
0111,PAO DOCE COM COCO
0111,PAO DOCE COMUM
0111,PAO BOLACHAO
0111,PAO DOCE COM CREME
0111,PAO DOCE COM RECHEIO
0111,PAO DOCE SEM COCO
0111,PAO DOCE ESPECIAL
0111,PAO TRANCA COM FAROFA
0111,PAO DE LEITE (PAO DOCE)
0111,MASSINHA DOCE (PAO DOCE)
0111,PAO DOCE DE LEITE
0111,CHINEQUE COM FAROFA
0111,PAO LANCHE
0111,PAO DE LANCHE
0111,PAO DOCE COM MEL
0111,PAO DOCE COM OVOS
0111,PAO DE COCO
0111,PAO AMANTEIGADO (DOCE)
0111,PAO SUPER FOFO
0111,PAO DE MEL
0111,PAO CARTEIRA (DOCE)
0111,PAO ALEMAO
0111,PAO MANDI
0111,PAO MANDIM
0111,PANETONE
0111,PAO MANTEIGA
0111,PAO RECHEADO (DOCE)
0111,BISNAGUINHA
0111,FORROZINHO (PAO DOCE)
0111,COLOMBA DE PASCOA
0111,CROISSANT
0111,CHOCOTONE
0111,PAO BISNAGUINHA
0111,PAO DE CHOCOLATE
0111,PAO AUSTRALIANO (DOCE)
0111,PAO FOLHADO
0111,PAO CABRITINHO
0111,BISNAGUINHA INTEGRAL
0111,PAO DE FORMA DE PADARIA (ADOCICADO)
0111,PAO DE SANDUICHE DE PADARIA (ADOCICADO)
0111,PAO DE FORMA DE PADARIA (SALGADO)
0111,PAO DE SANDUICHE DE PADARIA (SALGADO)
0111,PAO DE FORMA INDUSTRIALIZADO DE QUALQUER MARCA
0111,PAO SEVEN BOYS
0111,PAO DE FORMA PLUS VITA
0111,PAO DE FORMA DE LEITE PULLMAN
0111,PAO DE FORMA SEVEN BOYS
0111,PAO DE FORMA PETROPOLIS
0111,PAO PLUS VITA
0111,PAO DE CAIXA
0111,PAO INGLES
0111,PAO RECIFE
0111,PAO ITALIANO
0111,PAO PULLMAN
0111,PAO DE FORMA PULMEX
0111,PAO DE FORMA PULLMAN
0111,PAO DE SANDUICHE INDUSTRIALIZADO DE QUALQUER MARCA
0111,PAO DE ARROZ
0111,PAO DE QUEIJO
0111,PAO DE CACHORRO QUENTE
0111,PAO DE BATATA
0111,PAO DE MILHO
0111,PAO DE FORMA DE MILHO
0111,PAO DE FUBA
0111,PANHOCA DE MILHO
0111,PAO BROTE
0111,BROTE (PAO)
0111,PAO DE AIPIM
0111,PAO DE GOMA
0111,PAO DE MANDIOCA
0111,PAO DE MACAXEIRA
0111,PAO DE CENTEIO
0111,PAO PRETO
0111,PAO CRIOULO
0111,PAO INTEGRAL
0111,PAO INTEGRAL PLUS VITA
0111,PAO DE FORMA INTEGRAL
0111,PAO NAO-ESPECIFICADO
0111,PAO CASEIRO
0111,PAO DE AVEIA
0111,PAO DE RABANADA
0111,TORRADA DE QUALQUER PAO
0111,PAO TORRADO (TORRADA)
0111,TORRADA DE QUALQUER TIPO
0111,ROSCA DOCE
0111,ROSQUINHA DOCE
0111,ROSQUINHA DE NATA
0111,ROSCA DE TRIGO DOCE
0111,ROSCA DE NATA
0111,ROSCA DE MILHO
0111,ROSQUINHA AMANTEIGADA
0111,ROSQUINHA DE MILHO
0111,ROSCA DOCE DE TRIGO
0111,ROSCA DE COCO
0111,ROSQUINHA DE COCO
0111,ROSCA AMANTEIGADA
0111,ROSCA DE CHOCOLATE
0111,ROSCA SALGADA
0111,ROSCA SALGADA DE TRIGO
0111,ROSCA DE BATATA
0111,ROSCA DE TRIGO SALGADA
0111,ROSQUINHA SALGADA
0111,BOLO DE QUALQUER MARCA E SABOR
0111,ROCAMBOLE
0111,CUCA DE QUALQUER TIPO
0111,FATIA DE BOLO DE QUALQUER SABOR
0111,BOLO DE OVOS
0111,BOLO DE QUEIJO
0111,BOLINHO DE QUEIJO
0111,BOLO DE MILHO
0111,BROA DE MILHO
0111,BROINHA DE MILHO ADOCICADA
0111,BROA DE FUBA
0111,BROINHA DE FUBA
0111,BOLINHO AMIDOMIL
0111,GRUSTOLI (BOLINHO DOCE)
0111,BOLINHO DE MILHO
0111,BOLINHO DE FUBA
0111,BOLO DE FUBA
0111,BOLO DE AIPIM
0111,BOLO DE TAPIOCA
0111,BOLO DE MACAXEIRA
0111,BOLO DE GOMA
0111,BROA DE MANDIOCA
0111,BROINHA DE MANDIOCA
0111,BROA DE GOMA
0111,BOLO DE MANDIOCA
0111,BOLO DE BATATA DOCE
0111,BOLO DE ARROZ
0111,BOLO DE CENTEIO
0111,BROA DE CENTEIO
0111,BROA PRETA
0111,MISTURAS INDUSTRIAIS DE PAES
0111,MASSAS INDUSTRIAIS DE PAES
0111,"MISTURAS INDUSTRIAIS DE BOLOS, TORTAS, BISCOITOS, ETC."
0111,"MASSAS INDUSTRIAIS DE BOLOS, TORTAS, BISCOITOS, ETC."
0111,MASSA FOLHADA
0111,MASSA PARA BOLO
0111,MASSA DE BOLO
0111,MISTURA DE BOLO
0111,MISTURA PARA BOLO
0111,PREPARO PARA BOLO
0111,TORTAS DOCES DE QUALQUER SABOR
0111,TORTAS SALGADAS DE QUALQUER SABOR
0111,SONHO
0111,FILHOS (BOLINHO DE FARINHA DE TRIGO E OVOS)
0111,BOLO DE CHOCOLATE
0111,PAO BRIOCHE
0111,BRIOCHE
0111,PAO DE MASSA FOLHADA
0111,BOLO DE LARANJA
0111,BOLO DE COCO
0111,BOLO DE CENOURA
0111,"PAO DE CENOURA, ALHO, CEBOLA, TORRESMO, ETC."
0111,PAO DE TORRESMO
0111,PAO DE ALHO
0111,PAO DE CEBOLA
0111,PAO DE GERGELIM
0111,PAO DE ERVA DOCE
0111,PAO DE CALABRESA
0111,PAO DE FRIOS
0111,PAO DE LARANJA
0111,PAO DE PASSAS
0111,PAO DE GOIABA
0111,BROA DE COCO
0111,BOLO DE TRIGO
0111,PAO DE LO
0111,BROA
0111,BROINHA
0111,BROA DE LEITE
0111,PAO CARTEIRA NAO-ESPECIFICADO
0111,PAO DE FORMA NAO-ESPECIFICADO
0111,PAO DE SANDUICHE NAO-ESPECIFICADO
0111,TORTA NAO-ESPECIFICADA
0111,ROSCA NAO-ESPECIFICADA
0111,ROSQUINHA NAO-ESPECIFICADA
0111,ROSCA DE TRIGO NAO-ESPECIFICADA
0111,ROSCA DE POLVILHO NAO-ESPECIFICADA
0111,ROSQUINHA DE POLVILHO NAO-ESPECIFICADA
0111,CREPE
0111,PAO BOLA
0111,PAO ARABE
0111,PAO SIRIO
0111,BOLO DE BANANA
0111,BROA DE QUEIJO
0111,AVOADOR
0111,PAO DE LINHO OU LINHACA
0111,BOLINHO DE QUALQUER MARCA E SABOR
0111,BROA DOCE
0111,BROA INTEGRAL
0111,BROA SALGADA
0111,BOLO SALGADO
0111,PAO DE GUARANA
0111,PAO MULTIGRAOS
0111,PAO DE MINUTO
0111,PAO DE TAPIOCA
0111,PAO COM MANTEIGA
0111,PAO DE OVOS
0111,PAPEL DE ARROZ
0111,PAO DE ABOBORA
0111,PAO INTEGRAL ORGANICO
0115,OLEO DE SOJA
0115,AZEITE DE OLIVA
0115,AZEITE IMPORTADO DE OLIVA
0115,AZEITE DOCE
0115,AZEITE TEMPERADO
0115,AZEITE COMPOSTO DE OLIVA E OLEO DE SOJA
0115,AZEITE VERDE
0115,AZEITE EXTRA VIRGEM
0115,AZEITE DE DENDE
0115,OLEO DE MILHO
0115,OLEO DE AMENDOIM
0115,OLEO DE ALGODAO
0115,OLEO DE COCO BABACU
0115,OLEO DE GIRASSOL
0115,OLEO DE ARROZ
0115,OLEO DE PEIXE
0115,OLEO DE AMENDOA
0115,OLEO DE UVA
0115,OLEO DE COCO LICURI
0115,BANHA SUINA
0115,BANHA DE PORCO
0115,BANHA VEGETAL
0115,GORDURA SUINA
0115,GORDURA VEGETAL
0115,OLEO DE GERGELIM
0115,OLEO DE COCO DA BAHIA
0115,OLEO DE CANOLA
0115,BANHA BOVINA
0115,BANHA NAO-ESPECIFICADA
0115,OLEO NAO-ESPECIFICADO
0115,AZEITE MISTO DE SOJA E OLIVA
0115,AZEITE MISTO DE OLIVA E SOJA
0115,OLEO COMPOSTO DE SOJA E OLIVA
0115,OLEO DE BANANA
0115,OLEO DE DENDE
0115,OLEO DE COCO NAO-ESPECIFICADO
0115,GORDURA HIDROGENADA
0115,AZEITE DE COCO BABACU
0115,AZEITE DE SOJA
0115,AZEITE DE GIRASSOL
0115,AZEITE ORGANICO
0122,CAFE MOIDO
0122,PO DE CAFE
0122,CAFE EM PO
0122,CAFE MOIDO ORGANICO
0122,PO DE CAFE ORGANICO
0121,CAJUINA
0121,SUCO DE FRUTA OU VEGETAL ARTIFICIAL EM PO LIGHT
0121,SUCO DE FRUTA OU VEGETAL ENGARRAFADO LIGHT
0121,SUCO DE FRUTA OU VEGETAL ENGARRAFADO DIET
0121,SUCO DE FRUTA OU VEGETAL ENCARTONADO LIGHT
0121,SUCO DE FRUTA OU VEGETAL EM CAIXA LIGHT
0121,SUCO DE FRUTA OU VEGETAL EM CAIXA DIET
0121,SUCO DE FRUTA OU VEGETAL ENCARTONADO DIETETICO
0121,SUCO DE FRUTA OU VEGETAL EM CAIXA DIETETICO
0121,SUCO DE FRUTA OU VEGETAL NAO-ESPECIFICADO DIET
0121,SUCO DE FRUTA OU VEGETAL NAO-ESPECIFICADO DIETETICO
0122,CAFE CAPUCCINO SOLUVEL DIET
0121,ACAI EM EMULSAO
0121,ACAI
0121,JUCARA
0121,ACAI FRUTA
0121,JUSSARA
0121,ACAI EM PAPA
0121,PAPA DE ACAI
0121,ACAI EM POLPA
0121,PAPA DE BURITI
0121,EMULSAO DE PATAUA
0121,GUARANA EM PO NATURAL
0121,GUARANA NATURAL EM PO
0121,POLPA DE FRUTA CONGELADA
0121,MARACUJA EM POLPA
0121,POLPA DE MARACUJA
0121,POLPA DE COCO
0121,POLPA DE ABACAXI
0121,POLPA DE CAJU
0121,POLPA DE CUPUACU
0121,POLPA DE GRAVIOLA
0121,POLPA DE TANGERINA
0121,POLPA DE MANGA
0121,POLPA DE CAJA
0121,POLPA DE GOIABA
0121,POLPA DE PITANGA
0121,POLPA DE MORANGO
0121,POLPA DE UVA
0121,POLPA DE ACEROLA
0121,POLPA DE FRUTA DE MANGABA
0121,POLPA DE TAMARINDO
0121,POLPA DE BURITI
0121,POLPA DE BACURI
0121,POLPA DE CARAMBOLA
0121,POLPA DE LIMAO
0121,POLPA DE LARANJA
0121,POLPA DE MAMAO
0121,POLPA DE MURICI
0121,POLPA DE AMEIXA
0121,POLPA DE CIRIGUELA
0121,POLPA DE CACAU
0114,MILK SHAKE
0114,MILK SHAKE DE MORANGO
0121,CALDO DE CANA
0121,GARAPA
0121,SUCO DE FRUTA OU VEGETAL ENGARRAFADO
0121,SUCO DE UVA INTEGRAL
0121,SUCO DE FRUTA OU VEGETAL ARTIFICIAL EM PO
0121,Q-SUCO
0121,SUCO ARTIFICIAL EM PO
0121,QSUCO
0121,SUCO EM PO
0122,CAFE SOLUVEL
0122,NESCAFE
0611,LEVEDO DE CERVEJA
0122,CAFE DE CEVADA
0122,CEVADA EM PO
0122,CEVADA MOIDA
0122,CAFE EM GRAO
0122,CAFE COM LEITE EM PO
0121,SUCO DE FRUTA OU VEGETAL ENCARTONADO
0121,SUCO DE FRUTA OU VEGETAL EM CAIXA
0118,"GELO EM CUBO, PEDRA, ETC."
0118,GELITO
0122,CAFE DESCAFEINADO
0121,SUCO DE FRUTA OU VEGETAL EM LATA
0121,SUCO DE FRUTA OU VEGETAL EM SACO PLASTICO
0121,SUCO DE FRUTA OU VEGETAL NAO-ESPECIFICADO
0122,CAFE CAPUCCINO SOLUVEL
0122,CAFE SOLUVEL CAPUCCINO
0122,CAFE COM LEITE SOLUVEL
0121,SUCO DE FRUTA OU VEGETAL ORGANICO ENGARRAFADO
0121,SUCO DE FRUTA OU VEGETAL ORGANICO ENCARTONADO
0121,SUCO DE FRUTA OU VEGETAL ORGANICO EM CAIXA
0121,SUCO DE FRUTA OU VEGETAL ORGANICO EM LATA
0121,SUCO DE FRUTA OU VEGETAL ORGANICO NAO-ESPECIFICADO
0122,CAFE SOLUVEL ORGANICO
0122,NESCAFE ORGANICO
0122,CAFE DESCAFEINADO ORGANICO
0121,SUCO DE FRUTA OU VEGETAL EM COPO PLASTICO
0122,CAFE NAO ESPECIFICADO
0122,CAFE EM CAPSULAS
0121,GUARANA NATURAL
0121,SUMO DE LIMAO ESPREMIDO
0117,AZEITONA
0117,AZEITONA EM CONSERVA
0117,AZEITONA VERDE
0117,AZEITONA PRETA
0117,AZEITONA RECHEADA EN CONSERVA
0117,AZEITONA SEM CAROCO
0117,AZEITONA FATIADA EM CONSERVA
0117,ERVILHA EM CONSERVA
0117,PETIT POIS
0117,ERVILHA COM CENOURA EM CONSERVA
0117,ERVILHA E CENOURA EM CONSERVA
0117,MILHO VERDE EM CONSERVA
0117,MILHO EM CONSERVA
0117,PALMITO EM CONSERVA
0117,COGUMELO EM CONSERVA
0117,CHAMPIGNON EM CONSERVA
0117,FUNGHI SECO
0117,ASPARGO EM CONSERVA
0117,CENOURA EM CONSERVA
0117,CHUCRUTE
0117,TOMATE SEM PELE EM CONSERVA
0117,LEGUME NAO-ESPECIFICADO EM CONSERVA
0117,LEGUME EM CONSERVA NAO-ESPECIFICADO
0119,SOPA INFANTIL DE QUALQUER SABOR
0119,SOPA INFANTIL COM LEGUMES OU VERDURAS
0119,ALIMENTO INFANTIL CREMOSO (EXCETO SOBREMESA)
0119,ALIMENTO INFANTIL EM PASTA (EXCETO SOBREMESA)
0119,PAPINHA (ALIMENTO INFANTIL)
0119,SOPINHA PARA BEBE
0119,SOPA DE LEGUMES EM CONSERVA
0119,SOPA DESIDRATADA DE QUALQUER SABOR
0119,SOPA EM PACOTE DE QUALQUER SABOR
0119,SOPA CONCENTRADA EM PACOTE DE QUALQUER SABOR
0119,CREME DE CEBOLA (SOPA DESIDRATADA)
0119,CREME DE LEGUMES (SOPA DESIDRATADA)
0119,YAKISSOBA (SOPA DE LEGUMES DESIDRATADA)
0119,CANJA DESIDRATADA
0119,SOPA DE LEGUMES (SOPA DESIDRATADA)
0117,MILHO VERDE COM ERVILHA EM CONSERVA
0117,ERVILHA E MILHO EM CONSERVA
0117,MILHO E ERVILHA EM CONSERVA
0117,ERVILHA E MILHO VERDE EM CONSERVA
0117,MILHO VERDE E ERVILHA EM CONSERVA
0117,PIMENTA MALAGUETA EM CONSERVA
0117,PIMENTA BODE EM CONSERVA
0117,PIMENTA NAO-ESPECIFICADA EM CONSERVA
0117,MOLHO DE PIMENTA NAO-ESPECIFICADA
0117,PIMENTA EM CONSERVA NAO-ESPECIFICADA
0117,FEIJOADA EM CONSERVA
0117,FEIJOADA COMPLETA EM CONSERVA
0117,FEIJOADA PRONTA EM CONSERVA
0119,DOBRADINHA COM FEIJAO BRANCO EM CONSERVA
0112,PATE DE FIGADO EM CONSERVA
0112,PATE DE CARNE EM CONSERVA
0112,PASTA DE CARNE EM CONSERVA
0112,PATE DE CALABRESA
0112,PATE DE PRESUNTO EM CONSERVA
0112,PASTA DE PRESUNTO EM CONSERVA
0112,PATE DE GALINHA EM CONSERVA
0112,PASTA DE GALINHA EM CONSERVA
0112,PATE DE FRANGO EM CONSERVA
0112,CARNE BOVINA EM CONSERVA
0112,ALMONDEGA EM CONSERVA
0112,KITUTE BOVINO
0112,ALMONDEGA AO MOLHO EM CONSERVA
0112,CORNED BEEF
0112,QUITUTE BOVINO
0112,CARNE SUINA EM CONSERVA
0112,PRESUNTADA
0112,QUITUTE SUINO
0112,FIAMBRE
0112,SALSICHA EM CONSERVA
0112,LINGUICA EM CONSERVA
0113,PEIXE SARDINHA EM CONSERVA
0113,SARDINHA EM CONSERVA
0113,SARDINHA EM LATA
0113,PEIXE ANCHOVA EM CONSERVA
0113,PEIXE ENCHOVA EM CONSERVA
0113,PEIXE CORVINA EM CONSERVA
0113,PEIXE CAVALINHA EM CONSERVA
0113,CAVALINHA EM CONSERVA
0113,PEIXE ATUM EM CONSERVA
0113,ATUM EM CONSERVA
0113,ATUM RALADO
0113,ATUM SOLIDO
0113,SAVELHA EM CONSERVA
0117,PEPINO EM CONSERVA
0117,CEBOLA EM CONSERVA
0113,PATE DE PEIXE EM CONSERVA
0113,PASTA DE PEIXE EM CONSERVA
0117,PICLES
0113,PEIXE BONITO EM CONSERVA
0117,LENTILHA EM CONSERVA
0112,MORTADELA EM CONSERVA
0113,PEIXE PESCADA EM CONSERVA
0113,PESCADA EM CONSERVA
0112,CARNE DE FRANGO EM CONSERVA
0112,QUITUTE DE FRANGO
0112,PATE DE PERU EM CONSERVA
0112,PASTA DE PERU EM CONSERVA
0113,PEIXE TAINHA EM CONSERVA
0112,FIAMBRE DE CHESTER
0112,PRESUNTO DE CHESTER
0112,STROGONOFF EM CONSERVA
0112,STROGONOFF ENCARTONADO
0112,STROGONOFF EM PACOTE
0112,CARNE EM CONSERVA NAO-ESPECIFICADA
0117,PIMENTA CUMARI EM CONSERVA
0119,ALIMENTO INFANTIL NAO-ESPECIFICADO
0113,KANI KAMA
0113,SALMAO EM CONSERVA
0119,SOPA DESIDRATADA DE QUALQUER SABOR LIGHT
0119,SOPA EM PACOTE DE QUALQUER SABOR LIGHT
0119,SOPA CONCENTRADA EM PACOTE DE QUALQUER SABOR LIGHT
0119,CREME DE LEGUMES (SOPA DESIDRATADA) LIGHT
0113,SARDINHA EM CONSERVA LIGHT
0113,SARDINHA EM LATA LIGHT
0113,PEIXE ATUM EM CONSERVA LIGHT
0113,ATUM EM CONSERVA LIGHT
0113,ATUM RALADO LIGHT
0113,ATUM SOLIDO LIGHT
0112,FIAMBRE DE CHESTER LIGHT
0112,PRESUNTO DE CHESTER LIGHT
0117,BETERRABA EM CONSERVA
0112,LANCHE PEPERI (PRESUNTOS SUINO E DE FRANGO)
0114,OVO DE CODORNA EM CONSERVA
0117,SELETA DE LEGUMES EM CONSERVA
0117,PASTA DE AZEITONA
0117,PATE DE AZEITONA
0117,COUVE FLOR EM CONSERVA
0117,CEBOLINHA CRISTAL EM CONSERVA
0117,AZEITONA VERDE LIGHT
0117,SALSICHA VEGETAL EM CONSERVA
0117,BROCOLIS EM CONSERVA
0113,PATE DE ATUM EM CONSERVA
0119,PASTA DE ALHO EM CONSERVA
0117,CHUCHU EM CONSERVA
0119,CONSERVA EM LATA NAO ESPECIFICADA
0117,PASTA DE ASPARGOS
0117,PASTA DE TOMATE SECO
0113,PATE DE SARDINHA
0113,PASTA DE ANCHOVA
0119,TAHINI
0119,PASTA NAO ESPECIFICADA
0117,COGUMELO DESIDRATADO
0117,PASTA DE GRAO DE BICO
0112,PATE DE PRESUNTO EMBUTIDO
0112,PATE DE CARNE EMBUTIDO
0112,PASTA DE CARNE EMBUTIDA
0112,PATE DE FIGADO EMBUTIDO
0112,PATE DE GALINHA EMBUTIDO
0117,PATE DE BERINJELA
0119,PATE NAO-ESPECIFICADO
0112,PATE DE PRESUNTO EMBUTIDO LIGHT
0112,PATE DE PERU LIGHT
0112,PATE DE FIGADO LIGHT
0112,PATE DE TORRESMO
0119,MASSA DE TOMATE
0119,EXTRATO DE TOMATE
0119,POLPA DE TOMATE
0119,MAIONESE
0119,MAIONESE COM LIMAO
0119,MAIONESE COM ATUM
0119,MAIONESE COM AZEITONA
0119,MOLHO DE MAIONESE
0119,MAIONESE DE QUALQUER SABOR
0119,MAIONESE DE LEITE
0119,MAIONESE LIGHT
0119,SAL REFINADO
0119,SAL IODADO
0119,SAL REFINADO LIGHT
0119,SAL IODADO LIGHT
0117,ALHO
0117,ALHO ROXO
0117,ALHO BRANCO
0117,ALHO ARGENTINO
0117,ALHO A GRANEL
0117,ALHO CABECA
0117,ALHO EM CABECA
0117,ALHO DESCASCADO
0119,HORTELA (MOLHO)
0119,HORTELA EM FOLHA
0119,MANGERICAO
0119,MANJERONA
0119,OREGANO (MOLHO)
0119,SAL GROSSO
0119,SAL TRITURADO
0119,SAL MOIDO
0119,SAL GROSSO TEMPERADO
0119,SAL AMONIACO
0119,TEMPERO MISTO INDUSTRIALIZADO EM PASTA
0119,CONDIMENTO MISTO INDUSTRIALIZADO EM PASTA
0119,ARISCO
0119,TEMPERO ARISCO
0119,ALHO EM PASTA
0119,PURE DE ALHO
0119,CREME DE ALHO
0119,MASSA DE ALHO
0119,TEMPERO ALHO E SAL
0119,TEMPERO COMPLETO EM PASTA
0119,BICARBONATO DE SODIO
0119,BICARBONATO
0119,FERMENTO EM PO
0119,FERMENTO
0119,FERMENTO BIOLOGICO
0119,GLUTAMATO MONOSSODICO
0119,AJINOMOTO
0119,REALCADOR DE SABOR
0119,BAUNILHA EM PO
0119,ESSENCIA DE BAUNILHA
0119,ESSENCIA DE CEREJA
0119,CANELA EM PO
0119,CANELA EM PAU
0119,CANELA EM FOLHA
0119,CRAVO (TEMPERO INDUSTRIALIZADO)
0119,CRAVO DA INDIA
0119,COLORAU
0119,COLORIFICO
0119,URUCU
0119,URUCUM
0119,COLORAU COM PIMENTA
0119,PAPRIKA
0119,NOZ MOSCADA (TEMPERO INDUSTRIALIZADO)
0119,MOSTARDA (TEMPERO INDUSTRIALIZADO)
0119,LOURO (TEMPERO INDUSTRIALIZADO)
0119,LOURO EM PO
0119,LOURO EM FOLHA
0119,FOLHA DE LOURO
0119,ACAFRAO EM PO
0119,COMINHO EM GRAO
0119,CUMINHO EM GRAO
0119,MOLHO DE TOMATE COM ERVAS
0119,MANGERICAO DE MOLHO (TEMPERO INDUSTRIALIZADO)
0119,MANGERICAO (TEMPERO INDUSTRIALIZADO)
0119,MOLHO DE MANGERICAO
0119,OREGANO (TEMPERO INDUSTRIALIZADO)
0119,OREGAO (TEMPERO INDUSTRIALIZADO)
0119,HORTELA (TEMPERO INDUSTRIALIZADO)
0117,ALCAPARRA EM CONSERVA
0119,MANJERONA SECA
0119,MANJERONA DESIDRATADA
0119,COENTRO (TEMPERO INDUSTRIALIZADO)
0119,COENTRO EM PO
0119,SEMENTE DE COENTRO
0119,COENTRO EM GRAO
0119,ALHO EM PO
0117,ALHO DESIDRATADO
0117,CEBOLA DESIDRATADA
0119,CEBOLA EM FLOCOS
0119,CHEIRO VERDE EM PO
0119,PIMENTAO EM PO
0119,PIMENTA DO REINO EM PO OU EM GRAO
0119,PIMENTA DO REINO EM PO
0119,PIMENTA DO REINO EM GRAO
0119,PIMENTA DO REINO CLARA
0119,PIMENTA DA INDIA (PIMENTA DO REINO)
0119,PIMENTA DO REINO BRANCA
0119,PIMENTA DO REINO PRETA
0119,PIMENTA DO REINO ESCURA
0119,PIMENTA DO REINO
0119,MIX DE PIMENTA DO REINO
0119,PIMENTA DO REINO E COMINHO
0119,COMINHO E PIMENTA DO REINO
0119,VINAGRE DE ALCOOL
0119,VINAGRE DE CANA
0119,VINAGRE DE VINHO
0119,VINAGRE DE UVA
0119,VINAGRE DE MACA
0119,MOLHO DE SOJA
0119,MOLHO JAPONES
0119,SHOYO
0119,SAKURO
0119,MOLHO SHOYU
0119,MOLHO INGLES
0119,LEITE DE COCO
0119,MOLHO TARTARO
0119,TEMPERO DE SALADAS
0119,MOLHO DE TUCUPI COM PIMENTA
0119,TUCUPI COM PIMENTA
0119,CALDO DE GALINHA
0119,CALDO DE CARNE
0119,CALDO DE PICANHA
0119,CURRY
0119,MOLHO DE TOMATE
0119,KETCHUP
0119,CATCHUP
0119,CAT-CHUP
0119,KAT-CHUP
0119,MOLHO REFOGADO DE TOMATE
0119,KATCHUP
0119,MOLHO BOLONHESA
0119,MOLHO A BOLONHESA
0119,MOLHO DE TOMATE COM CARNE
0119,MOLHO DE MACARRONADA
0119,MOLHO XADREZ
0119,COMINHO EM PO
0119,CUMINHO EM PO
0119,TEMPERO MISTO EM PO
0119,TEMPERO MISTO EM GRAO
0119,PIMENTA SIRIA
0119,CALDO DE LEGUMES
0119,TEMPERO DE MASSAS
0119,SAL DIET
0119,SAL DIETETICO
0119,SAL IODADO DIET
0119,TEMPERO DE FEIJAO
0119,CALDO DE FEIJOADA KNORR
0119,AMACIANTE DE CARNE
0119,FONDOR
0119,PIMENTA EM PO
0119,MOLHO DE FUNGHI
0119,MOLHO DE COGUMELOS
0117,ERVILHA FRITA EM PO OU GRAO
0119,MISSO
0119,SALSA DESIDRATADA
0119,MOLHO DE PIZZA
0119,MOLHO PARA PIZZA
0119,TUCUPI EM CALDO SEM PIMENTA
0119,CALDO DE TUCUPI SEM PIMENTA
0119,MOLHO BRANCO
0119,CALDO DE BACON
0114,CREME DE QUEIJO
0114,MOLHO QUATRO QUEIJOS
0114,PATE DE QUEIJO
0114,MOLHO TRES QUEIJOS
0119,CALDO NAO-ESPECIFICADO
0119,TEMPERO NAO-ESPECIFICADO EM TABLETE
0119,CALDO DE PEIXE
0119,CALDO DE CAMARAO
0119,MOLHO NAO-ESPECIFICADO
0119,MOLHO DE ALHO
0119,EXTRATO DE ALHO
0119,COALHO
0119,COAGULANTE LIQUIDO
0119,TEMPERO EM PO NAO-ESPECIFICADO
0119,TEMPERO NAO-ESPECIFICADO
0119,CONDIMENTO NAO-ESPECIFICADO
0119,TEMPERO CASEIRO NAO-ESPECIFICADO
0119,SAL AMARGO
0119,SALVIA EM FOLHA (TEMPERO INDUSTRIALIZADO)
0119,TOMILHO EM FOLHA (TEMPERO INDUSTRIALIZADO)
0119,VINAGRE NAO-ESPECIFICADO
0119,VINAGRE DE ARROZ
0119,VINAGRE DE MILHO
0119,GERGELIM EM PO
0119,GERGELIM EM GRAO
0119,MOLHO DE PIMENTA
0119,MOLHO MADEIRA
0119,MOLHO PARA SALADA
0119,MOLHO AGRIDOCE
0119,MOLHO BARBECUE
0119,MOLHO DE FRANGO
0119,TEMPERO DE FRANGO
0119,MOLHO PARA CARNE
0119,MOLHO TEMPERADO PARMESAO
0117,TOMATE SECO
0119,LEITE DE COCO LIGHT
0119,MOLHO DE SALADAS LIGHT
0119,MOLHO DE TOMATE LIGHT
0119,KETCHUP LIGHT
0119,KETCHUP DIET
0119,CALDO DE CEBOLA
0119,CALDO DE COSTELA
0119,CALDO DE MANDIOCA
0116,COCO EM FLOCOS
0116,FLOCOS DE COCO
0119,COAGULANTE LIQUIDO (CLORETO DE MAGNESIO)
0119,EMUSTAB (EMULSIFICANTE)
0119,LIGA NEUTRA
0119,PIMENTA CALABRESA
0119,TEMPERO SAZON
0119,SAZON (TEMPERO)
0119,SAZON
0119,VINAGRE DE ALCOOL E VINHO (COMPOSTO)
0119,AGRIN
0119,CALDO DE ARROZ
0119,TEMPERO NAO-ESPECIFICADO EM PACOTE
0119,TEMPERO MISTO LIQUIDO
0119,TEMPERO LIQUIDO MISTO
0119,TEMPERO LIQUIDO DE CEBOLA E ALHO
0119,TEMPERO LIQUIDO COMPLETO
0119,VINAGRE DE LIMAO
0119,VINAGRE BALSAMICO
0119,ERVA DOCE (TEMPERO INDUSTRIALIZADO)
0119,VINAGRE DE MACA ORGANICO
0119,MOLHO CHIMICHURRI
0119,MOLHO PESTO
0119,VINAGRE DE CAMARAO
0119,LEMON PEPPER (TEMPERO INDUSTRIALIZADO)
0119,ALECRIM DESIDRATADO
0119,MOLHO VINAGRETE
0119,ZAATAR
0119,SAL MARINHO
0119,SAL ROSA
0119,MOLHO DE CHAMPIGNON
0119,FURIKAKE (TEMPERO JAPONES)
0119,TEMPERO DE ERVAS FINAS
0119,WASABI (TEMPERO JAPONES)
0119,BICARBONATO DE AMONIO
0119,MOLHO DE BETERRABA
0119,MOLHO DE CENOURA
0119,MOLHO DE CHEDDAR
0119,MOLHO DE ALMEIRAO
0119,MOLHO DE ALHO PORO ORGANICO
0119,MOLHO DE RUCULA ORGANICO
0119,MOLHO DE PEQUI
0119,MOLHO DE CEBOLA ORGANICA
0119,MOLHO DE SALSA
0119,MOLHO DE ESPINAFRE
0119,MANDIOQUINHA PALHA
0119,BATATA CHIPS
0119,BOLINHA DE QUEIJO SEMIPRONTA
0119,SANDUICHE SEMIPRONTO
0119,PAELLA
0119,REFEICAO PRONTA PARA VIAGEM
0119,MARMITA PARA VIAGEM
0119,QUENTINHA PARA VIAGEM
0119,MARMITEX PARA VIAGEM
0119,ALMOCO PARA VIAGEM
0119,ALMOCO EM QUENTINHA PARA VIAGEM
0119,JANTAR PARA VIAGEM
0119,JANTAR EM QUENTINHA PARA VIAGEM
0119,VIANDA PARA VIAGEM
0119,SALGADINHO PARA VIAGEM
0119,PASTEL PARA VIAGEM
0119,CROQUETE PARA VIAGEM
0119,"BOLINHO SALGADO DE CARNE, CAMARAO, ETC. PARA VIAGEM"
0119,COXINHA PARA VIAGEM
0119,EMPADA PARA VIAGEM
0119,RISOLE PARA VIAGEM
0119,PIZZA EM PEDACO PARA VIAGEM
0119,ACARAJE PARA VIAGEM
0119,TORRESMO PARA VIAGEM
0119,QUIBE PARA VIAGEM
0119,ABARA PARA VIAGEM
0119,PACOCA DE CARNE DE SOL PARA VIAGEM
0119,POLENTA FRITA PARA VIAGEM
0119,MACAXEIRA FRITA PARA VIAGEM
0119,ANGU DE MILHO PARA VIAGEM
0119,POLENTA PARA VIAGEM
0119,"BOLINHO DE CARNE, CAMARAO, ETC. PARA VIAGEM"
0119,BOLINHO SALGADO DE CAMARAO PARA VIAGEM
0119,ESFIRRA PARA VIAGEM
0119,ESFIRRA DE CARNE PARA VIAGEM
0119,ESFIRRA DE QUEIJO PARA VIAGEM
0119,ESFIRRA DE FRANGO PARA VIAGEM
0119,ENROLADINHO PARA VIAGEM
0119,BOLINHO DE AIPIM PARA VIAGEM
0119,EMPADINHA PARA VIAGEM
0119,BOLINHO DE BACALHAU PARA VIAGEM
0119,SALGADO PARA VIAGEM
0119,SANDUICHE PARA VIAGEM
0119,CACHORRO QUENTE PARA VIAGEM
0119,HAMBURGUER PARA VIAGEM
0119,CHEESBURGUER PARA VIAGEM
0119,BAURU PARA VIAGEM
0119,"TORRADA COM QUEIJO, PRESUNTO, OVO, ETC. PARA VIAGEM"
0119,MISTO QUENTE OU FRIO PARA VIAGEM
0119,SANDUICHE DE QUEIJO PRATO PARA VIAGEM
0119,SANDUICHE DE PRESUNTO PARA VIAGEM
0119,SANDUICHE DE QUEIJO PRATO COM PRESUNTO PARA VIAGEM
0119,SANDUICHE DE MORTADELA PARA VIAGEM
0119,CHEESE TUDO PARA VIAGEM
0119,SANDUICHE NATURAL PARA VIAGEM
0119,CHEESE SALADA PARA VIAGEM
0121,SUCO PARA VIAGEM
0121,SUCO DE ABACAXI PARA VIAGEM
0121,SUCO DE ACEROLA PARA VIAGEM
0121,SUCO DE BETERRABA PARA VIAGEM
0121,SUCO DE CUPUACU PARA VIAGEM
0121,SUCO DE GOIABA PARA VIAGEM
0121,SUCO DE LARANJA PARA VIAGEM
0121,SUCO DE LARANJA E CENOURA PARA VIAGEM
0121,SUCO DE MANGA PARA VIAGEM
0121,SUCO DE MARACUJA PARA VIAGEM
0121,SUCO DE MORANGO PARA VIAGEM
0121,SUCO DE PESSEGO PARA VIAGEM
0121,SUCO DE PESSEGO EM CALDA PARA VIAGEM
0121,SUCO DE MACA PARA VIAGEM
0121,VITAMINA PARA VIAGEM
0121,VITAMINA DE FRUTAS OU VEGETAIS PARA VIAGEM
0121,VITAMINA DE BANANA PARA VIAGEM
0121,VITAMINA DE MAMAO PARA VIAGEM
0121,VITAMINA DE MORANGO PARA VIAGEM
0121,VITAMINA MISTA PARA VIAGEM
0119,ALIMENTO PRONTO CONGELADO PARA VIAGEM
0119,CONGELADO PRONTO PARA VIAGEM
0117,MANDIOCA CONGELADA PARA VIAGEM
0117,AIPIM CONGELADO PARA VIAGEM
0119,"SALADA OU VERDURA COZIDA, EXCETO DE FRUTA PARA VIAGEM"
0119,SALADA DE MAIONESE PARA VIAGEM
0119,VERDURA COZIDA OU FRITA PARA VIAGEM
0119,VERDURA FRITA PARA VIAGEM
0119,MASSA PRONTA PARA VIAGEM
0119,"PIZZA, NHOQUE, CANELONI, CAPELETI, FETUTINE, RAVIOLE PARA VIAGEM"
0119,PIZZA PRONTA PARA VIAGEM
0119,LAZANHA PRONTA PARA VIAGEM
0119,NHOQUE PRONTO PARA VIAGEM
0119,CANELONI PRONTO PARA VIAGEM
0119,CAPELETI PRONTO PARA VIAGEM
0119,FETUTINE PRONTO PARA VIAGEM
0119,CALZONE PRONTO PARA VIAGEM
0119,MASSA CASEIRA PRONTA PARA VIAGEM
0119,MACARRAO PRONTO PARA VIAGEM
0119,PANQUECA PRONTA PARA VIAGEM
0119,PIZZA CALABRESA PARA VIAGEM
0119,PIZZA MUZZARELA PARA VIAGEM
0119,PIZZA PRESUNTO PARA VIAGEM
0119,PIZZA PORTUGUESA
0119,MACARRAO COM MOLHO PARA VIAGEM
0119,MACARRONADA COM QUEIJO
0119,PIZZA PARA VIAGEM
0119,FRANGO ASSADO OU DEFUMADO PARA VIAGEM
0119,GALINHA ASSADA OU DEFUMADA PARA VIAGEM
0119,GALETO ASSADO OU DEFUMADO PARA VIAGEM
0119,GALETO PARA VIAGEM
0119,FRANGO A PASSARINHO PARA VIAGEM
0119,FRANGO DEFUMADO PARA VIAGEM
0119,GALETO DEFUMADO PARA VIAGEM
0119,ESPETINHO DE FRANGO PARA VIAGEM
0119,COXA E SOBRECOXA DE FRANGO ASSADO PARA VIAGEM
0119,FRANGO ASSADO PARA VIAGEM
0119,CHURRASQUINHO DE FRANGO PARA VIAGEM
0119,FRANGO FRITO PARA VIAGEM
0119,CHURRASCO DE FRANGO PARA VIAGEM
0119,FILE DE FRANGO GRELHADO PARA VIAGEM
0119,FILE DE FRANGO EMPANADO PARA VIAGEM
0119,FRANGO COZIDO PARA VIAGEM
0119,CARNE ASSADA OU BIFE PREPARADO PARA VIAGEM
0119,ESPETINHO DE CARNE PARA VIAGEM
0119,CHURRASQUINHO PARA VIAGEM
0119,COSTELA ASSADA PARA VIAGEM
0119,BIFE PREPARADO PARA VIAGEM
0119,CARNE COZIDA PARA VIAGEM
0119,CARNE DE SOL PREPARADA PARA VIAGEM
0119,BIFE A MILANEZA PARA VIAGEM
0119,CARNE ASSADA PARA VIAGEM
0119,FILET A PARMEGIANA PARA VIAGEM
0111,PIPOCA PARA VIAGEM
0111,PIPOCA DOCE OU SALGADA PARA VIAGEM
0111,PIPOCA SALGADA PARA VIAGEM
0111,PIPOCA DE MILHO INDUSTRIALIZADA PARA VIAGEM
0122,CAFE PREPARADO PURO PARA VIAGEM
0122,CAFE COM LEITE PREPARADO PARA VIAGEM
0122,CAFE TIPO EXPRESSO PARA VIAGEM
0122,CAFE TIPO CAPUCCINO PARA VIAGEM
0111,MILHO VERDE COZIDO PARA VIAGEM
0111,MILHO COZIDO OU ASSADO PARA VIAGEM
0111,MILHO ASSADO PARA VIAGEM
0117,BATATA FRITA PARA VIAGEM
0117,BATATA PALITO PARA VIAGEM
0117,BATATA PALHA PARA VIAGEM
0119,PERNIL SUINO ASSADO PARA VIAGEM
0119,LOMBO SUINO ASSADO PARA VIAGEM
0119,PEIXE FRITO PARA VIAGEM
0119,PEIXE ASSADO PARA VIAGEM
0119,PEIXE COZIDO PARA VIAGEM
0119,MUNGUZA PARA VIAGEM
0119,MUNGUNZA PARA VIAGEM
0119,CURAU PARA VIAGEM
0119,BOLINHO NAO-ESPECIFICADO PARA VIAGEM
0119,FAROFA PARA VIAGEM
0119,MINGAU PARA VIAGEM
0119,TACACA PARA VIAGEM
0119,BOLINHO DE COCO
0119,PERU ASSADO OU DEFUMADO PARA VIAGEM
0119,RISOTO PARA VIAGEM
0119,VATAPA PARA VIAGEM
0119,FAROFA PRONTA EM PACOTE PARA VIAGEM
0117,BATATA CONGELADA PARA VIAGEM
0117,BATATA COZIDA PARA VIAGEM
0117,BATATA A VACUO PARA VIAGEM
0117,BATATA CONGELADA PARA FRITAR
0117,BATATA ASSADA PARA VIAGEM
0119,CALDO PARA VIAGEM
0119,CALDO DE CARNE PARA VIAGEM
0119,CALDO DE FEIJAO PARA VIAGEM
0119,CALDO DE MOCOTO PARA VIAGEM
0119,CALDO DE FRANGO PARA VIAGEM
0119,BOLINHO DE POLVILHO PARA VIAGEM
0117,BANANA PARA VIAGEM
0119,BAIAO DE DOIS PARA VIAGEM
0119,LANCHE PARA VIAGEM
0119,CHESTER DEFUMADO PARA VIAGEM
0119,CHURRASCO PARA VIAGEM
0119,BOLINHO DOCE PARA VIAGEM
0119,FOLHADO DOCE PARA VIAGEM
0119,BOLINHO DE ARROZ PARA VIAGEM
0119,BOLINHO DE COCO PARA VIAGEM
0119,SUSHI PARA VIAGEM
0119,SUSHI PRONTO PARA VIAGEM
0119,BOLINHO DE TAPIOCA PARA VIAGEM
0116,SALADA DE FRUTAS PARA VIAGEM
0119,SOPA PARA VIAGEM
0119,SALGADINHO SEMIPRONTO PARA VIAGEM
0119,SALSICHAO PARA VIAGEM
0119,SALSICHAO ASSADO PARA VIAGEM
0119,SALPICAO PARA VIAGEM
0119,ARROZ PRONTO PARA VIAGEM
0119,ARROZ COZIDO PARA VIAGEM
0119,CANJICA PARA VIAGEM
0119,CHARUTO DE REPOLHO PARA VIAGEM
0119,SALGADINHO DE PELE (PACOTE) PARA VIAGEM
0119,ARROZ A GREGA PARA VIAGEM
0119,ARRUMADINHO PARA VIAGEM
0119,EMPADAO PARA VIAGEM
0119,FAROFA DE BANANA PARA VIAGEM
0119,FEIJAO TROPEIRO PARA VIAGEM
0119,GALINHA COM ARROZ PARA VIAGEM
0119,GALINHADA PARA VIAGEM
0119,MOQUECA PARA VIAGEM
0119,OMELETE PARA VIAGEM
0119,QUICHE PARA VIAGEM
0119,TUTU PARA VIAGEM
0119,MANICOBA PARA VIAGEM
0119,CALDO VERDE PARA VIAGEM
0118,CHOCOLATE PARA VIAGEM
0119,ACAI COM GRANOLA VIAGEM
0119,ACAI COM COMPLEMENTOS PARA VIAGEM
0121,SUCO ORGANICO PARA VIAGEM
0121,SUCO DE GOIABA ORGANICO PARA VIAGEM
0121,SUCO DE LARANJA ORGANICO PARA VIAGEM
0121,SUCO DE MANGA ORGANICO PARA VIAGEM
0119,"PIZZA, NHOQUE, CANELONI, CAPELETI, FETUTINE, RAVIOLE LIGHT PARA VIAGEM"
0119,PIZZA PORTUGUESA LIGHT PARA VIAGEM
0119,CAFTA PARA VIAGEM
0119,SALADA OU VERDURA CRUA (EXCETO DE FRUTA) PARA VIAGEM
0119,SALADA DE FOLHAS (VERDURAS) PARA VIAGEM
0119,SALADA DE LEGUMES PARA VIAGEM
0119,ESPETINHO DE QUEIJO PARA VIAGEM
0119,FEIJAO PREPARADO PARA VIAGEM
0119,FEIJOADA PARA VIAGEM
0119,LINGUICA ASSADA PARA VIAGEM
0119,BANANA DA TERRA FRITA PARA VIAGEM
0119,ARROZ COM CARNE SECA PARA VIAGEM
0119,CANJA DE GALINHA PARA VIAGEM
0119,YAKISSOBA PARA VIAGEM
0119,DOBRADINHA PARA VIAGEM
0119,BATATA PALHA LIGHT PARA VIAGEM
0122,CAFE DA MANHA (VARIOS ALIMENTOS)
0117,BANANA SALGADA PARA VIAGEM
0119,AMARRADINHO PARA VIAGEM
0119,ENROLADINHO DE BUCHO PARA VIAGEM
0119,CALDO DE BUCHO PARA VIAGEM
0119,LENTILHA PARA VIAGEM
0119,SALADA DE MACARRAO PARA VIAGEM
0117,ABOBORA PARA VIAGEM
0119,ESCONDIDINHO PARA VIAGEM
0119,SASHIMI PARA VIAGEM
0119,ESPETINHO DE LINGUICA PARA VIAGEM
0119,PETISCO PARA VIAGEM
0119,ALMONDEGA PARA VIAGEM
0114,OVO FRITO PARA VIAGEM
0119,ANEIS DE CEBOLA SEMIPRONTO
0119,JOELHO SUINO ASSADO PARA VIAGEM
0119,COMIDA JAPONESA PARA VIAGEM
0119,PIZZA COM REFRIGERANTE PARA VIAGEM
0119,BRUSCHETA PARA VIAGEM
0119,FRICASSE DE FRANGO PARA VIAGEM
0119,MANGALO COZIDO PARA VIAGEM
0119,PUCHERO PARA VIAGEM
0119,JILO EMPANADO PARA VIAGEM
0118,CESTA DE PASCOA
0119,CESTA DE NATAL
0119,CESTA DE CAFE DA MANHA
0119,CESTA BASICA
0119,SACOLA COBAL
0119,FEIRINHA
0119,SACOLAO
0116,AGREGADO (FRUTAS)
0119,AGREGADO (FRUTAS E LEGUMES)
0117,AGREGADO (LEGUMES E VERDURAS)
0117,AGREGADO (LEGUMES)
0117,AGREGADO (VERDURAS)
0119,AGREGADO (FRUTAS E VERDURAS)
0119,AGREGADO (ALIMENTOS)
0112,"AGREGADO (CARNES BOVINA, SUINA, DE AVES)"
0119,"AGREGADO (FRUTAS, VERDURAS, LEGUMES)"
0119,AGREGADO (FRIOS)
0119,"AGREGADO (CARNES, VERDURAS, FRUTAS)"
0119,"AGREGADO (FRANGO, VERDURAS, LEGUMES)"
0111,AGREGADO (PAES)
0119,AGREGADO (TEMPEROS)
0119,AGREGADO (FRUTAS E TEMPEROS)
0112,AGREGADO (CARNES BOVINAS)
0111,"QUITANDAS (PAES, BOLOS, BISCOITOS, ROSCAS, DOCES, ETC)"
0119,AGREGADO (VERDURAS E PEIXES)
0113,AGREGADO (PEIXES)
0117,AGREGADO (LEGUMES E VERDURAS ORGANICOS)
0118,AGREGADO (DOCES)
0112,AGREGADO (CARNES)
0451,ENERGIA ELETRICA (KWH)
0452,GAS ENCANADO
0452,GAS DE BOTIJAO (COMBUSTIVEL DOMESTICO)
0452,GAS DE BUJAO (COMBUSTIVEL DOMESTICO)
0451,TAXA DE RELIGACAO DE LUZ
0451,TAXA DE LIGACAO DE LUZ
0452,TAXA DE INSTALACAO DE GAS
0453,QUEROSENE (COMBUSTIVEL DOMESTICO)
0453,ALCOOL (COMBUSTIVEL DOMESTICO)
0453,OLEO DIESEL (COMBUSTIVEL DOMESTICO)
0454,CARVAO (COMBUSTIVEL DOMESTICO)
0454,LENHA (COMBUSTIVEL DOMESTICO)
0453,GASOLINA (COMBUSTIVEL DOMESTICO)
0454,PO DE SERRA (COMBUSTIVEL DOMESTICO)
0454,CARVAO VEGETAL PARA CHURRASCO
0454,CARVAO PARA CHURRASCO
0452,BOTIJAO DE GAS VAZIO
0313,AVENTAL PARA SERVICOS DOMESTICOS
0313,CABIDE
0452,REGISTRO DE BOTIJAO DE GAS
0612,NEBULIZADOR ELETRICO
0312,"BLUSA, CAMISA OU CAMISETA MASCULINA"
0312,BLUSA MASCULINA
0312,CAMISA MASCULINA
0312,CAMISETA MASCULINA
0312,CALCA COMPRIDA MASCULINA
0312,"BERMUDA, CALCAO OU SHORT MASCULINO"
0312,BERMUDA MASCULINA
0312,CALCAO MASCULINO
0312,SHORT MASCULINO
0312,CONJUNTO DE CALCA E CAMISA MASCULINA
0312,CONJUNTO DE SHORT E CAMISA MASCULINA
0312,"ROUPA ESPORTIVA MASCULINA (ACADEMIA, FUTEBOL, ETC.)"
0312,CAMISA MASCULINA (UNIFORME DE ESPORTE)
0312,MEIAO MASCULINO (UNIFORME DE ESPORTE)
0312,UNIFORME ESPORTIVO MASCULINO
0312,UNIFORME DE TRABALHO MASCULINO
0312,JALECO MASCULINO
0312,FARDAMENTO MILITAR MASCULINO
0312,CUECA
0312,SUNGA
0312,MEIA MASCULINA
0312,PIJAMA MASCULINO
0312,"AGASALHO MASCULINO (CASACO, JAQUETA, ETC.)"
0312,CASACO MASCULINO
0312,JAQUETA MASCULINA
0312,SUETER MASCULINO
0313,CACHECOL MASCULINO
0312,BLUSA DE LA MASCULINA
0312,ABRIGO MASCULINO
0312,TERNO MASCULINO
0312,PALETO OU BLAZER MASCULINO
0312,PALETO MASCULINO
0312,BLAZER MASCULINO
0313,GRAVATA MASCULINA
0314,ALUGUEL DE ROUPA MASCULINA
0312,CONJUNTO DE CALCA E JAQUETA MASCULINA
0312,MACACAO DE MOTOQUEIRO
0312,ROUPAO DE BANHO MASCULINO
0313,GORRO MASCULINO
0313,"LUVA DE COURO, MALHA OU TECIDO MASCULINA"
0313,LUVA DE COURO  MASCULINA
0313,LUVA DE MALHA MASCULINA
0313,LUVA DE TECIDO MASCULINA
0312,UNIFORME DE JUDO MASCULINO (QUIMONO)
0312,COLETE MASCULINO
0312,MACACAO MASCULINO (EXCETO DE MOTOQUEIRO)
0312,CONJUNTO DE MOLETON MASCULINO
0312,CEROULA
0312,"BLUSA, CAMISA OU CAMISETA FEMININA"
0312,BLUSA FEMININA
0312,CAMISA FEMININA
0312,CAMISETA FEMININA
0312,BABY LOOK FEMININO
0312,BATA (BLUSA FEMININA)
0312,CALCA COMPRIDA FEMININA
0312,CALCA TERMICA
0312,BERMUDA OU SHORT FEMININO
0312,BERMUDA FEMININA
0312,SHORT FEMININO
0312,SAIA
0312,VESTIDO
0312,MACACAO FEMININO (EXCETO DE MOTOQUEIRA)
0312,JARDINEIRA FEMININA
0312,CONJUNTO DE CALCA E BLUSA FEMININO
0312,CONJUNTO DE SHORT E BLUSA FEMININO
0312,CONJUNTO DE BERMUDA E BLUSA FEMININO
0312,CONJUNTO DE SAIA E BLUSA
0312,"ROUPA ESPORTIVA FEMININA (ACADEMIA, FUTEBOL, ETC.)"
0312,CALCAO FEMININO (UNIFORME DE ESPORTE)
0312,MEIAO FEMININO (UNIFORME DE ESPORTE)
0312,COLLANT FEMININO
0312,ROUPA DE GINASTICA FEMININA
0312,UNIFORME ESPORTIVO FEMININO
0312,UNIFORME DE TRABALHO FEMININO
0312,JALECO FEMININO
0312,CALCINHA
0312,CUECA FEMININA
0312,SUTIA
0312,CONJUNTO DE CALCINHA E SUTIA
0312,MAIO OU BIQUINI
0312,MAIO
0312,BIQUINI
0312,MEIA FEMININA
0312,MEIA-CALCA
0312,CAMISOLA
0312,PIJAMA FEMININO
0312,"AGASALHO FEMININO (CASACO, JAQUETA, ETC.)"
0312,CASACO FEMININO
0312,JAQUETA FEMININA
0312,SUETER FEMININO
0313,CACHECOL FEMININO
0312,BLUSA DE LA FEMININA
0312,CHALE FEMININO
0314,ALUGUEL DE ROUPA FEMININA
0312,MODELADOR
0312,TOP
0312,ROBE FEMININO
0312,BABY DOLL
0312,ROUPAO DE BANHO FEMININO
0313,GORRO FEMININO
0313,"LUVA DE COURO, MALHA OU TECIDO FEMININA"
0313,LUVA DE COURO FEMININA
0313,LUVA DE MALHA FEMININA
0313,LUVA DE TECIDO FEMININA
0312,TERNINHO FEMININO
0312,BLAZER FEMININO
0312,SAIDA DE PRAIA
0312,CANGA
0312,ANAGUA
0312,VESTIDO DE NOIVA
0312,SOBRETUDO FEMININ0
0313,CINTA FEMININA
0312,BUSTIE
0312,COLETE FEMININO
0312,UNIFORME DE JUDO FEMININO (QUIMONO)
0312,MACAQUITO FEMININO
0312,MACAQUINHO FEMININO
0312,CONJUNTO DE SAIA E BLAZER
0312,CONJUNTO DE CALCA E JAQUETA FEMININA
0312,CONJUNTO DE CASACO E BLUSA FEMININA
0312,BODY FEMININO
0313,ECHARPE
0312,"BLUSA, CAMISA OU CAMISETA INFANTIL"
0312,BLUSA INFANTIL
0312,CAMISA INFANTIL
0312,CAMISETA INFANTIL
0312,CALCA COMPRIDA INFANTIL
0312,CALCA LEGGING INFANTIL
0312,"BERMUDA, CALCAO OU SHORT INFANTIL"
0312,BERMUDA INFANTIL
0312,CALCAO INFANTIL
0312,SHORT INFANTIL
0312,SAIA INFANTIL
0312,VESTIDO INFANTIL
0312,MACACAO INFANTIL
0312,JARDINEIRA INFANTIL
0312,CONJUNTO DE CALCA E CAMISA INFANTIL
0312,CONJUNTO DE SHORT E CAMISA INFANTIL
0312,CONJUNTO DE SAIA E BLUSA INFANTIL
0312,"ROUPA ESPORTIVA INFANTIL (ACADEMIA, FUTEBOL, ETC.)"
0312,CAMISA INFANTIL (UNIFORME DE ESPORTE)
0312,MEIAO INFANTIL (UNIFORME DE ESPORTE)
0312,COLLANT INFANTIL
0312,CONJUNTO ESPORTIVO INFANTIL
0312,CUECA INFANTIL
0312,CALCINHA INFANTIL
0312,SUTIA INFANTIL
0312,CONJUNTO DE CALCINHA E SUTIA INFANTIL
0312,"SUNGA, MAIO OU BIQUINI INFANTIL"
0312,SUNGA INFANTIL
0312,MAIO INFANTIL
0312,BIQUINI INFANTIL
0312,MEIA INFANTIL
0312,MEIA-CALCA INFANTIL
0312,PIJAMA INFANTIL
0312,FRALDA DE TECIDO
0312,"AGASALHO INFANTIL (CASACO, JAQUETA, ETC.)"
0312,CASACO INFANTIL
0312,JAQUETA INFANTIL
0312,SUETER INFANTIL
0312,CACHECOL INFANTIL
0314,ALUGUEL DE ROUPA INFANTIL
0312,CONJUNTO DE BERMUDA E BLUSA INFANTIL
0312,CONJUNTO DE CALCA E JAQUETA INFANTIL
0312,BABY DOLL INFANTIL
0312,ROUPAO DE BANHO INFANTIL
0313,GORRO INFANTIL
0313,TOUCA INFANTIL
0313,"LUVA DE COURO, MALHA OU TECIDO INFANTIL"
0313,LUVA DE COURO INFANTIL
0313,LUVA DE MALHA INFANTIL
0313,LUVA DE TECIDO INFANTIL
0312,TERNO INFANTIL
0312,BLAZER INFANTIL
0312,SAIDA DE PRAIA INFANTIL
0312,BUSTIE INFANTIL
0312,COLETE INFANTIL
0313,GRAVATA INFANTIL
0312,UNIFORME DE JUDO INFANTIL (QUIMONO)
0312,VESTIDO DE DAMA DE HONRA INFANTIL
0312,CONJUNTO PARA PRIMEIRA COMUNHAO INFANTIL
0312,MACAQUITO INFANTIL
0312,CONJUNTO PAGAO
0312,CONJUNTINHO PAGAO
0312,MIJAOZINHO (CALCA DE MALHA PARA BEBE)
0312,CALCA ENXUTA PARA BEBE
0313,BABADOR DE BEBE
0312,SAPATINHO DE LA OU LINHA INFANTIL
0312,CAMISOLA INFANTIL
0312,CONJUNTO DE MOLETON INFANTIL
0312,BODY INFANTIL
0312,TOUCA PARA BEBE
0312,ENXOVAL DE BEBE
0312,CONJUNTO PARA BEBE
0313,SUSPENSORIO INFANTIL
0313,AVENTAL INFANTIL
0312,AGREGADO
0313,CUEIRO
0313,CINTO
0313,BONE
0313,CHAPEU
0314,"ALUGUEL (BOLSA, CALCADO, CINTO, CHAPEU, ETC.)"
0313,VISEIRA
0313,CAPA DE CHUVA
0313,BOINA
0313,"ARTIGOS DE ARMARINHO (LINHA, AGULHA, BOTAO, ETC.)"
0313,LINHA
0313,AGULHA
0313,BOTAO
0313,ALFINETE
0313,RENDA
0313,NOVELO DE LA
0311,ELASTICO
0312,CADARCO
0311,BARBANTE
0313,CORDAO
0313,FITA DE TECIDO
0313,AGULHA DE CROCHE
0313,AGULHA DE MAQUINA DE COSTURA
0313,BICO PARA VESTIDO
0313,COLA PARA TECIDO
0313,FECHO (ZIPER)
0313,FIVELA
0313,OMBREIRAS PARA ROUPA
0313,MICANGA
0313,PEROLAS
0311,TECIDO PARA VESTUARIO
0311,NAPA PARA VESTUARIO
0311,COURO PARA VESTUARIO
0313,TINTA DE TECIDO
0313,PLASTICO PARA ARTIGOS DO LAR E CORTINADO
0311,ENTRETELA
0313,LACO DE FITA
0732,ONIBUS URBANO
0732,ONIBUS INTERMUNICIPAL
0732,ONIBUS INTERESTADUAL
0732,"TRANSPORTE ALTERNATIVO (VAN, KOMBI, LOTADA, ETC.)"
0732,VAN
0732,KOMBI
0732,LOTADA
0732,CAMINHAO
0732,CAMIONETE
0732,CARONA EM AUTOMOVEL
0732,CARONA EM MOTO
0732,TAXI
0732,AUTOMOVEL DE ALUGUEL (TAXI)
0732,MOTO-TAXI
0732,TAXI-MOTO
0731,METRO
0731,TREM
0734,"TRANSPORTE AQUAVIARIO (BARCA, BALSA, NAVIO, ETC.)"
0734,BARCA
0734,BARCO
0734,BALSA
0734,FERRY-BOAT
0734,CATRAIA
0735,INTEGRACAO TREM-METRO
0735,INTEGRACAO TREM-ONIBUS
0735,INTEGRACAO METRO-ONIBUS
0731,VLT
0735,INTEGRACAO BARCA-ONIBUS
0732,UBER
0732,CABIFY
0722,GASOLINA COMUM (COMBUSTIVEL DE VEICULO)
0722,GASOLINA ADITIVADA (COMBUSTIVEL DE VEICULO)
0722,GASOLINA ESPECIAL (COMBUSTIVEL DE VEICULO)
0722,ALCOOL (COMBUSTIVEL DE VEICULO)
0723,LAVAGEM (SEM LUBRIFICACAO)
0723,LAVA-JATO
0723,CONSERTO OU OUTROS SERVICOS DE BICICLETA (PECA+MAO-DE-OBRA)
0723,CONSERTO OU OUTROS SERVICOS DE BICICLETA (MAO-DE-OBRA)
0721,PECA OU ACESSORIOS DE BICICLETA
0721,PNEU DE BICICLETA
0721,EIXO DE BICICLETA
0721,CABO DE FREIO DE BICICLETA
0721,BORRACHA DE FREIO DE BICICLETA
0721,ARO DE BICICLETA
0721,CAMARA DE BICICLETA
0721,BOMBA PARA ENCHER PNEU DE BICICLETA
0723,CONSERTO DE VEICULO (PECA+MAO-DE-OBRA)
0723,REVISAO DE VEICULO (PECA+MAO-DE-OBRA)
0723,CONSERTO DE VEICULO (MAO-DE-OBRA)
0723,CONSERTO DE VIDRO DE VEICULO (MAO-DE-OBRA)
0723,REPARO DE ARRANHOES DE PINTURA DE VEICULO (MAO-DE-OBRA)
0723,MANUTENCAO DE VEICULO (MAO-DE-OBRA)
0723,PINTURA DE VEICULO
0723,ALINHAMENTO DE RODAS
0723,GEOMETRIA DE RODAS
0723,LUBRIFICACAO (COM OU SEM LAVAGEM)
0723,LUBRIFICACAO COM LAVAGEM
0723,REBOQUE
0723,GUINCHO (REBOQUE)
0721,PECA ELETRICA OU MECANICA DE VEICULO
0721,PECA ELETRICA DE VEICULO
0721,PECA MECANICA DE VEICULO
0721,CAMARA OU PNEU DE VEICULO
0721,CAMARA DE VEICULO
0721,PNEU DE VEICULO
0721,PNEU DE MOTOCICLETA
0721,FAROL DE VEICULO
0721,ARO DE FAROL
0721,RETROVISOR
0721,BATERIA DE VEICULO
0721,BATERIA DE AUTOMOVEL
0721,BATERIA DE MOTOCICLETA
0721,MOTOR DE VEICULO
0721,MOTOR DE MOTOCICLETA
0721,MOTOR DE LANCHA
0721,AR CONDICIONADO DE VEICULO
0721,CAPACETE DE MOTOQUEIRO
0721,VISEIRA DE CAPACETE DE MOTOQUEIRO
0722,OLEO LUBRIFICANTE (COMPLEMENTACAO OU TROCA)
0722,COMPLEMENTACAO DE OLEO LUBRIFICANTE
0722,TROCA DE OLEO LUBRIFICANTE
0722,ADITIVOS
0722,AGUA DESTILADA DA BATERIA DE VEICULO
0723,BALANCEAMENTO DE RODAS
0723,CARGA DE BATERIA DE VEICULO
0723,RECARGA DE BATERIA DE VEICULO
0723,CONVERSAO DE MOTOR PARA GAS
0723,INSTALACAO DE SOM DE VEICULO
0723,TRANSPORTE DE VEICULOS
0721,GPS VEICULAR
0721,TAPETE DE VEICULO
0721,ALARME OU TRANCA
0721,ALARME
0721,PARA-CHOQUE
0722,FLUIDO DE FREIO
0722,OLEO DE FREIO
0721,ESTOFAMENTO
0721,SHAMPOO DE VEICULO
0721,CADEIRINHA INFANTIL PARA AUTOMOVEL
0721,LIMPA-PARA-BRISA
0721,POLIDOR DE VEICULO
0721,TINTA DE PINTURA DE VEICULO
0721,INSULFILM DE VEICULO
0721,PELICULA PARA VEICULO
0721,MASSA DE LANTERNAGEM DE VEICULO
0721,PASTILHA DE FREIO
0721,AMORTECEDOR DE VEICULO
0721,BUZINA
0721,ACESSORIO DE VEICULO NAO ESPECIFICADO
0721,PECA OU ACESSORIO NAO ESPECIFICADO
0721,VIDRO DE VEICULO
0721,BANCO DE VEICULO
0721,ESPELHO DE VEICULO
0721,PAINEL DE VEICULO
0721,VOLANTE DE VEICULO
0721,CAPA DE VOLANTE
0721,CAPA DE BANCO PARA VEICULO
0721,CAPA PARA COBRIR VEICULO
0723,MONTAGEM DE VEICULO
0721,ADAPTADOR PARA NANISMO
0721,ACESSORIO DE LANTERNAGEM
0721,BAULETO PARA MOTOCICLETA
0721,ENGATE PARA REBOQUE DE VEICULO
0721,TAMPA DE PORTA MALAS
0721,TAMPA NAO ESPECIFICADA DE VEICULO
0721,PROTETOR DE SOL PARA JANELA
0721,CERA AUTOMOTIVA
0721,GRAXA DE VEICULO
0721,GAS PARA AR CONDICIONADO DE VEICULO
0721,DESCARBONIZANTE SPRAY
0721,MACACO HIDRAULICO
0721,MASSA DE POLIMENTO
0721,KIT GAS GNV
0732,ONIBUS INTERNACIONAL
0734,NAVIO
0733,AVIAO (VIAGEM NACIONAL)
0733,AVIAO (VIAGEM INTERNACIONAL)
0722,COMBUSTIVEL DE VEICULO
0733,AVIAO
0722,OLEO DIESEL (COMBUSTIVEL DE VEICULO)
0722,GAS VEICULAR
0722,QUEROSENE (COMBUSTIVEL DE VEICULO)
0611,PARA DOR E FEBRE (ANALGESICO E ANTITERMICO)
0611,ANALGESICO E ANTITERMICO
0611,ANALGESICO
0611,ANTITERMICO
0611,PARA ENXAQUECA
0611,PARA TOSSE E RESFRIADO (ANTIGRIPAL E ANTITUSSIGENO)
0611,ANTIGRIPAL E ANTITUSSIGENO
0611,ANTIGRIPAL
0611,ANTITUSSIGENO
0611,ANTIGRIPAL HOMEOPATICO
0611,EXPECTORANTE (XAROPE)
0611,MEL MEDICINAL (QUALQUER TIPO)
0611,PARA PRESSAO ALTA (ANTI-HIPERTENSIVO)
0611,VASODILATADOR/PRESSAO ARTERIAL
0611,PARA PRESSAO ARTERIAL
0611,PARA DIABETE
0611,PARA REDUCAO DE COLESTEROL OU TRIGLICERIDEOS
0611,PARA COLESTEROL
0611,REDUTOR DE COLESTEROL
0611,PARA TRIGLICERIDEOS
0611,REDUTOR DE TRIGLICERIDEOS
0611,PARA ESTRESSE (CALMANTE)
0611,PARA ESTRESSE
0611,CALMANTE
0611,ANSIOLITICO
0611,CALMANTE NATURAL
0611,SONIFERO
0611,PARA PROBLEMA CARDIACO OU CIRCULATORIO
0611,PARA INSUFICIENCIA CARDIOVASCULAR
0611,PARA O CORACAO (INSUFICIENCIA CARDIOVASCULAR)
0611,PARA REUMATISMO (ANTI-REUMATICO)
0611,ANTI-REUMATICO
0611,PARA FIBROMIALGIA
0611,PARA INFECCAO
0611,ANTI-INFECCIOSO
0611,ANTIBIOTICO
0611,ANTIBACTERIANO
0611,ANTIVIROTICO
0611,PARA HERPES
0611,PARA ALERGIA (ANTIALERGICO)
0611,ANTIALERGICO HOMEOPATICO
0611,CREME ANTIALERGICO
0611,REMEDIO ANTIALERGICO
0611,PARA AZIA (ANTIACIDO)
0611,ANTI-REFLUXIVO GASTRICO
0611,PARA REFLUXO GASTRICO
0611,ANTIACIDO
0611,PARA DEPRESSAO (ANTIDEPRESSIVO)
0611,ANTIDEPRESSIVO
0611,PARA O SISTEMA NERVOSO
0611,ANTIEPILEPTICO
0611,ANTICONVULSIVO
0611,PARA CONVULSAO
0611,PARA EPILEPSIA
0611,ANTIPSICOTICO
0611,PARA ALZHEIMER
0611,PARA DERRAME CEREBRAL
0611,ANTIPARKSONIANO
0611,PARA O MAL DE PARKINSON
0611,REMEDIO NEUROLOGICO
0611,PARA MEMORIA
0611,PARA TONTURA
0611,PARA VERTIGEM
0611,PARA PSICOSE
0611,PARA ESQUIZOFRENIA
0611,PARA TRANSTORNO DEFICIT ATENCAO
0611,PARA TRANSTORNO BIPOLAR
0611,PARA PROBLEMAS NO CEREBRO
0611,PARA TIREOIDE
0611,ANTITIREOIDISMO
0611,PARA PROBLEMA GINECOLOGICO
0611,CREME VAGINAL
0611,REMEDIO GINECOLOGICO
0611,POMADA VAGINAL
0611,ANTIABORTIVO
0611,PARA VERMES (VERMIFUGO)
0611,PARA VERMES
0611,VERMIFUGO
0611,PARA PRISAO DE VENTRE (LAXANTE)
0611,LAXANTE E PURGATIVO
0611,LAXANTE
0611,PURGATIVO
0611,OLEO (LAXATIVO)
0611,PARA DIARREIA
0611,PARA PROBLEMAS DE PELE
0611,REMEDIO DERMATOLOGICO
0611,CREME DERMATOLOGICO
0611,OLEO DERMATOLOGICO
0611,LOCAO DERMATOLOGICA
0611,ANTIFUNGICO
0611,ANTIMICOTICO
0611,CREME ANTIMICOTICO
0611,PARA MICOSE (DERMATOLOGICO)
0611,CREME PARA QUEIMADURAS
0611,CREME CICATRIZANTE
0611,PARA LUPUS
0611,VASELINA
0611,OLEO PARA ASSADURA
0611,PARA ASSADURA
0611,CREME PARA ASSADURA
0611,"PARA PROBLEMA DE BOCA, OUVIDO, NARIZ OU GARGANTA"
0611,REMEDIOS OTOLOGICOS
0611,PASTILHA PARA GARGANTA
0611,PARA SINUSITE
0611,PARA LABIRINTITE
0611,PARA INFECCOES DA BOCA E GARGANTA
0611,PARA AFTA
0611,DESCONGESTIONANTE NASAL
0611,DESCONGESTIONANTE NASAL HOMEOPATICO
0611,PARA ENJOO E VOMITO (ANTIEMETICO)
0611,PARA ENJOO
0611,PARA VOMITO
0611,PARA PROBLEMA DE ESTOMAGO
0611,REMEDIO DIGESTIVO
0611,PARA GASTRITE
0611,PARA ESTOMAGO
0611,PARA PROBLEMA OCULAR (OFTALMOLOGICO)
0611,COLIRIOS
0611,SOLUCAO OFTALMICA (PARA A VISTA)
0611,ANTICONCEPCIONAL
0611,HORMONIO
0611,PARA MENOPAUSA
0611,VITAMINA
0611,VITAMINA B12
0611,VITAMINA COMPLEXO B
0611,COMPLEXO VITAMINICO
0611,VITAMINA C
0611,VITAMINA D
0611,PARA ASMA E BRONQUITE
0611,PARA ASMA
0611,PARA BRONQUITE
0611,PARA NEBULIZACAO
0611,BRONCODILATADORES
0611,PARA PROBLEMAS RESPIRATORIOS
0611,PARA PNEUMONIA
0611,PARA ANEMIA
0611,ANTIANEMICO
0611,PARA OS OSSOS E ARTICULACOES
0611,PARA OSTEOPOROSE
0611,ANTIOSTEOPOROSE
0611,CALCIO PARA OSTEOPOROSE
0611,CALCIO (CALCIFICANTE OSSEO)
0611,PARA OS OSSOS
0611,PARA AS ARTICULACOES
0611,MODERADOR DE APETITE
0611,CONTROLADOR DE APETITE
0611,EMAGRECEDOR
0611,PARA EMAGRECER
0611,"PARA O FIGADO, PANCREAS E VIAS BILIARES"
0611,PARA O FIGADO (HEPATICO)
0611,HEPATICO (PARA O FIGADO)
0611,PARA HEPATITE
0611,PARA O PANCREAS
0611,PARA VESICULA
0611,PARA OS RINS
0611,RENAL (PARA OS RINS)
0611,DIURETICO
0611,PARA GASES E COLICA
0611,ANTIESPASMODICO
0611,ANTICOLICA
0611,FORTIFICANTE E ESTIMULANTE DO APETITE
0611,FORTIFICANTE
0611,OLEO FORTIFICANTE
0611,ESTIMULANTE DO APETITE
0611,COMPLEMENTO ALIMENTAR
0611,AMINOACIDO
0611,ESTIMULANTE SEXUAL
0611,PARA VARIZES
0611,REMEDIO PARA VARIZES
0611,PARA HEMORROIDAS
0611,PARA AIDS
0611,TRATAMENTO DE AIDS
0611,COMBATE AO ALCOOLISMO E TABAGISMO
0611,ADESIVOS ANTITABAGISMO
0611,ANTITABAGISMO
0611,PARA TRATAMENTO DO ALCOOLISMO
0611,PARA DOENCAS INFECCIOSAS E ENDEMICAS
0611,PARA DOENCA DE CHAGAS
0611,PARA MALARIA
0611,PARA O PULMAO
0611,PARA TUBERCULOSE
0611,ANTI-HANSENIASE
0611,PARA PROBLEMAS DE COAGULACAO
0611,ANTICOAGULANTE
0611,COAGULANTE
0611,ANTI-HEMORRAGICO
0611,PARA PROBLEMAS MUSCULARES
0611,ANESTESICO
0611,PARA COLUNA
0611,PARA DORES MUSCULARES
0611,RELAXANTE MUSCULAR
0611,PARA CONTUSAO (ANALGESICO)
0611,"PARA SARNA, PIOLHO, ETC."
0611,PARA SARNA
0611,PARA PIOLHO
0611,PARA PROSTATA E VIAS URINARIAS
0611,PARA PROSTATA
0611,PARA VIAS URINARIAS
0611,PARA FIMOSE
0611,PARA CANCER
0611,ANTINEOPLASICO (TRATAMENTO DE CANCER)
0611,SEDATIVO (MORFINA)
0611,QUIMIOTERAPICO
0611,PARA QUIMIOTERAPIA
0611,VACINAS
0611,VACINA ANTITETANICA
0611,VACINA DE HEPATITE B
0611,VACINA ANTIPOLIO
0611,VACINA TRIPLICE
0611,VACINA PARA GRIPE
0611,MEDICAMENTO PARA GENGIVA DE BEBE
0611,SUPOSITORIO
0611,ADESIVOS
0611,DEPURATIVO SANGUINEO
0611,DEPURADOR SANGUINEO
0611,DEPURADOR DE SANGUE
0611,DEPURATIVO DE SANGUE
0611,REMEDIO ORTOMOLECULAR
0611,PARA INFLAMACAO
0611,ANTI-INFLAMATORIO
0611,POMADA NAO ESPECIFICADA
0611,PARA ARTROSE
0611,PARA ARTRITE
0611,OMEGA TRES
0611,COLAGENO
0611,PARA IMUNIDADE
0611,MEDICAMENTOS IMUNOSSUPRESSORES
0611,PARA ACIDO URICO
0611,PARA PROBLEMAS NO INTESTINO
0611,MEDICAMENTO NAO ESPECIFICADO
0611,SUPLEMENTO ALIMENTAR
0611,PARA AUTISMO
0611,PARA ESCLEROSE MULTIPLA
0611,PARA TRATAMENTO PARA FERTILIDADE
0611,PARA INTOLERANCIA A LACTOSE
0611,DST
0611,PARA ESTIMULAR O ALEITAMENTO
0611,AGREGADO
0612,CURATIVO
0612,"ANTI-SEPTICO (MERCURIO CROMO, MERTHIOLATHE, ETC.)"
0612,MERTHIOLATHE
0612,"DESINFETANTE TOPICO (AGUA OXIGENADA, ALCOOL IODADO, ETC.)"
0612,AGUA OXIGENADA
0612,ALCOOL (PARA DESINFECCAO)
0612,AGUA DESTILADA
0612,AGUA BORICADA
0612,"MATERIAL PARA CURATIVO (ALGODAO, ESPARADRAPO, ETC.)"
0612,ALGODAO
0612,ESPARADRAPO
0612,GAZE
0612,ATADURA
0612,FITA ADESIVA PARA CURATIVO
0612,LUVA CIRURGICA
0612,"MATERIAL PARA AUTODIAGNOSTICO (TERMOMETRO, TESTE DE GRAVIDEZ, ETC.)"
0612,TERMOMETRO
0612,TESTE DE GRAVIDEZ
0612,FITA PARA MEDICAO DE GLICOSE
0612,APARELHO DE MEDIDOR DE GLICOSE
0612,APARELHO PARA MEDIR PRESSAO
0612,"MATERIAL PARA APOIO TERAPEUTICO (SONDA, BOMBA PARA INALACAO, ETC.)"
0612,SONDA (QUALQUER TIPO)
0612,BOLSA TERMICA PARA COMPRESSA
0612,BOMBA PARA INALACAO
0612,BOMBA PARA HIGIENE NASAL
0612,EQUIPAMENTO DE MASSAGEM
0612,"MATERIAL DE INJECAO (AGULHA, SERINGA, ETC.)"
0612,AGULHA DE INJECAO
0612,SERINGA DE INJECAO
0613,MATERIAL PARA HIGIENE DE LENTE DE CONTATO
0613,SOLUCAO PARA LENTE DE CONTATO
0613,SORO FISIOLOGICO PARA LENTE DE CONTATO
0613,LUBRIFICANTE PARA LENTE DE CONTATO
0613,LIQUIDO PARA LENTE DE CONTATO
0611,FIXADOR DE DENTADURA
0611,SOLUCOES HIDRATANTES
0611,"REPOSITOR ELETROLITICO (CLORETO DE POTASSIO, SODIO, ETC.)"
0611,SORO FISIOLOGICO HIDRATANTE
0612,BOLSA DE COLOSTOMIA
0613,FRALDA GERIATRICA
0613,ABSORVENTE GERIATRICO
0613,OCULOS DE GRAU (ARMACAO E LENTE)
0613,ARMACAO DE OCULOS DE GRAU
0613,LENTE DE OCULOS DE GRAU
0613,"ARTIGO ORTOPEDICO (SAPATO, MULETA, CADEIRA DE RODAS, ETC.)"
0613,SAPATO ORTOPEDICO
0613,CADEIRA DE RODAS
0613,BOTA ORTOPEDICA
0613,PALMILHA ORTOPEDICA
0613,PROTETOR DE JOELHO
0613,CINTA TERMICA (CORRETIVA)
0613,CAMA HOSPITALAR
0613,APARELHO DE SURDEZ
0613,LENTE INTRAOCULAR
0612,MEIA ELASTICA PARA VARIZES
0613,LENTE DE CONTATO
0612,PRESERVATIVO E LUBRIFICANTE INTIMO
0612,PRESERVATIVO MASCULINO
0611,LUBRIFICANTE INTIMO
0612,CAMISINHA (PRESERVATIVO MASCULINO)
0612,DIU
0313,AVENTAL ESCOLAR
0732,TRANSPORTE ESCOLAR
0312,UNIFORME ESCOLAR
0312,BECA OU CHAPEU DE FORMATURA
0111,MASSA PARA BISCUIT
0314,COSTUREIRA
0314,ALFAIATE
0314,BORDADEIRA
0314,LAVANDERIA
0314,PINTURA EM CAMISA
0314,IMPRESSAO EM CAMISA
0732,"ALUGUEL DE VEICULO PARA CASAMENTO, ANIVERSARIO, ETC."
0451,ENERGIA ELETRICA DE OUTROS IMOVEIS
0612,MASCARA PROTETORA (PROTECAO PROFISSIONAL)
0111,ARROZ
0111,MAÍZ
0111,QUINOA
0111,AVENA
0111,OTROS CEREALES N.C.P.
0111,HARINA DE TRIGO BLANCA
0111,HARINAS DE OTROS CEREALES N.C.P.
0111,PAN CORRIENTE A GRANEL
0111,PAN ESPECIAL A GRANEL
0111,PAN ENVASADO
0111,TORTILLAS DE RESCOLDO Y SIMILARES
0111,GALLETAS DULCES CON RELLENO
0111,GALLETAS DULCES SIN RELLENO
0111,GALLETAS NO DULCES
0111,GALLETAS NO IDENTIFICADAS
0111,TORTAS Y MASAS DULCES GRANDES
0111,PASTELES Y MASAS DULCES PEQUEÑAS O POR PORCIÓN
0111,PREPIZZA
0111,MASAS SALADAS SIN RELLENO Y SIN AGREGADOS PARA COCINAR
0111,CEREALES PARA EL DESAYUNO
0111,ESPAGUETIS
0111,ESPIRALES
0111,CORBATAS
0111,CABELLOS DE ÁNGEL
0111,OTRAS PASTAS SECAS SIN RELLENO
0111,"PASTAS SECAS DE TODOS LOS TIPOS, CON RELLENO"
0111,PASTAS FRESCAS DE TODOS LOS TIPOS (CON O SIN RELLENO)
0111,CUSCÚS
0111,OTROS PRODUCTOS DE PASTA N.C.P.
0111,MEZCLAS Y PASTAS PARA LA PREPARACIÓN DE PRODUCTOS DE PANADERÍA
0119,"SNACKS, CHIPS Y FRITURAS A BASE DE CEREAL"
0111,OTROS CEREALES Y PRODUCTOS DE MOLINERÍA N.C.P.
0112,ANIMALES TERRESTRES VIVOS
0112,CARNE DE VACUNO CORTE ASIENTO
0112,CARNE DE VACUNO CORTE LOMO VETADO
0112,CARNE DE VACUNO CORTE LOMO LISO Y FILETE
0112,CARNE DE VACUNO CORTE POSTA
0112,CARNE DE VACUNO MOLIDA
0112,OTROS CORTES DE CARNE DE VACUNO
0112,CORTES DE CARNE DE VACUNO NO IDENTIFICADOS
0112,CARNE DE CERDO CORTE CHULETA
0112,CARNE DE CERDO CORTE COSTILLAR
0112,CARNE DE CERDO CORTE PULPA
0112,OTROS CORTES DE CARNE DE CERDO
0112,CORTES DE CARNE DE CERDO NO IDENTIFICADOS
0112,CARNE DE PAVO MOLIDA
0112,PECHUGA DE PAVO
0112,TRUTRO DE PAVO
0112,OTROS CORTES DE CARNE DE PAVO
0112,CORTES DE CARNE DE PAVO NO IDENTIFICADOS
0112,PECHUGA DE POLLO
0112,POLLO ENTERO
0112,TRUTRO DE POLLO
0112,OTROS CORTES DE CARNE DE POLLO
0112,CORTES DE CARNE DE POLLO NO IDENTIFICADOS
0112,CARNE DE OTRAS AVES
0112,CARNE DE CORDERO Y OVEJA
0112,"CARNE FRESCA, REFRIGERADA O CONGELADA NO IDENTIFICADA"
0112,"CARNE FRESCA, REFRIGERADA O CONGELADA DE OTROS TIPOS DE ANIMALES N.C.P."
0112,"CORTES DE CARNE SECA, SALADA, EN SALMUERA O AHUMADA"
0112,CECINAS SECAS Y SEMISECAS
0112,CECINAS Y FIAMBRES DE CERDO COCIDOS
0112,CECINAS Y FIAMBRES DE PAVO COCIDOS
0112,CECINAS Y FIAMBRES DE POLLO COCIDOS
0112,CECINAS Y FIAMBRES NO IDENTIFICADOS
0112,OTRAS CECINAS Y FIAMBRES COCIDOS DE OTROS TIPOS DE ANIMALES
0112,SUBPRODUCTOS Y MENUDENCIAS COMESTIBLES DE VACUNO
0112,SUBPRODUCTOS Y MENUDENCIAS COMESTIBLES DE CERDO
0112,SUBPRODUCTOS Y MENUDENCIAS COMESTIBLES DE PAVO
0112,SUBPRODUCTOS Y MENUDENCIAS COMESTIBLES DE POLLO
0112,SUBPRODUCTOS Y MENUDENCIAS COMESTIBLES DE OTROS TIPOS DE ANIMALES N.C.P.
0112,VIENESAS TRADICIONALES
0112,VIENESAS DE AVE
0112,VIENESAS DE CARNE DE OTROS TIPOS DE ANIMALES
0112,PATÉS Y PASTAS DE UNTAR
0112,OTROS EMBUTIDOS FRESCOS
0112,HAMBURGUESAS DE VACUNO
0112,HAMBURGUESAS DE AVE
0112,HAMBURGUESAS DE CERDO
0112,HAMBURGUESAS NO IDENTIFICADAS
0112,HAMBURGUESAS DE CARNE DE OTROS TIPOS DE ANIMALES
0112,"CROQUETAS, NUGGETS Y APANADOS DE AVE"
0112,"OTROS PROCESADOS DE CARNE, DESPOJOS, SANGRE Y OTRAS PARTES DE ANIMALES SACRIFICADOS N.C.P."
0113,"MERLUZAS VIVAS, FRESCAS, REFRIGERADAS O CONGELADAS"
0113,"REINETAS O PALOMETAS DEL SUR VIVAS, FRESCAS, REFRIGERADAS O CONGELADAS"
0113,"SALMONES VIVOS, FRESCOS, REFRIGERADOS O CONGELADOS"
0113,"PECES VIVOS, PESCADOS FRESCOS, REFRIGERADOS O CONGELADOS NO IDENTIFICADOS"
0113,"OTROS TIPOS DE PECES VIVOS, PESCADOS FRESCOS, REFRIGERADOS O CONGELADOS N.C.P."
0113,"PESCADOS SECOS, SALADOS, EN SALMUERA O AHUMADOS"
0113,HAMBURGUESAS Y CROQUETAS DE PESCADO
0113,ATÚN EN CONSERVA
0113,JUREL EN CONSERVA
0113,OTROS TIPOS DE PESCADOS EN CONSERVA
0113,PESCADOS EN CONSERVA NO IDENTIFICADOS
0113,OTROS PROCESADOS DE PESCADO N.C.P.
0113,"ALMEJAS VIVAS, FRESCAS O REFRIGERADAS, EN SU CONCHA O CONGELADAS"
0113,"CAMARONES VIVOS, FRESCOS, REFRIGERADOS O CONGELADOS"
0113,"CHOLGAS O CHORITOS VIVOS, FRESCOS O REFRIGERADOS, EN SU CONCHA O CONGELADOS"
0113,"MACHAS VIVAS, FRESCAS O REFRIGERADAS, EN SU CONCHA O CONGELADAS"
0113,MARISCOS NO IDENTIFICADOS
0113,"OTROS TIPOS DE MARISCOS VIVOS, FRESCOS, REFRIGERADOS O CONGELADOS N.C.P."
0113,"MARISCOS SECOS, SALADOS, EN SALMUERA O AHUMADOS"
0113,MARISCOS EN CONSERVA
0113,OTROS PROCESADOS DE MARISCOS N.C.P.
0113,"HÍGADOS, HUEVAS Y DESPOJOS DE PESCADOS Y MARISCOS EN TODAS LAS FORMAS"
0114,LECHE LÍQUIDA ENTERA
0114,LECHE LÍQUIDA DESCREMADA Y SEMIDESCREMADA
0114,LECHE EN POLVO
0114,LECHE CONCENTRADA
0114,CREMAS DE LECHE
0114,OTRAS LECHES N.C.P.
0114,LECHE DE ORIGEN NO ANIMAL
0114,QUESO GOUDA
0114,QUESO CHANCO O MANTECOSO
0114,QUESO RALLADO
0114,QUESILLO
0114,QUESOS FRESCOS
0114,QUESO UNTABLE
0114,QUESOS DE ORIGEN NO ANIMAL
0114,QUESOS NO IDENTIFICADOS
0114,OTROS QUESOS N.C.P.
0114,YOGUR SIN PROBIÓTICOS O LACTOBACILOS (BATIDO)
0114,YOGUR CON PROBIÓTICOS O LACTOBACILOS
0114,YOGUR DE LECHE DE ORIGEN NO ANIMAL
0114,"YOGUR Y OTROS TIPOS DE LECHE, FERMENTADOS Y ACIDIFICADOS"
0114,POSTRES Y BEBIDAS A BASE DE LECHE SIN PROBIÓTICOS O LACTOBACILOS
0114,POSTRES Y BEBIDAS A BASE DE LECHE CON PROBIÓTICOS O LACTOBACILOS
0114,"HUEVOS DE GALLINA, FRESCOS Y CON CÁSCARA"
0114,"HUEVOS DE OTRAS AVES Y OTROS ANIMALES, FRESCOS Y CON CÁSCARA"
0114,HUEVOS EN OTRO FORMATO Y OTROS PRODUCTOS DERIVADOS DEL HUEVO
0114,OTROS PRODUCTOS LÁCTEOS
0115,"ACEITES VEGETALES, DE FRUTA O SEMILLAS"
0115,ACEITE DE OLIVA
0115,MANTECAS VEGETALES
0115,MANTEQUILLAS
0115,OTRAS GRASAS Y ACEITES DERIVADOS DE LA LECHE
0115,MARGARINAS Y PREPARACIONES SIMILARES
0115,ACEITE ANIMAL
0115,MANTECA ANIMAL
0115,OTROS ACEITES Y GRASAS ANIMALES N.C.P.
0116,PLÁTANOS FRESCOS
0116,MANGOS FRESCOS
0116,PIÑAS FRESCAS
0116,CHIRIMOYAS FRESCAS
0116,"HIGOS Y BREVAS, FRESCOS"
0116,PAPAYAS FRESCAS
0116,PALTAS FRESCAS
0116,"OTRAS FRUTAS TROPICALES Y SUBTROPICALES, FRESCAS N.C.P"
0116,"POMELOS Y TORONJAS, FRESCAS"
0116,NARANJAS FRESCAS
0116,"MANDARINAS, TANGERINAS Y CLEMENTINAS, FRESCAS"
0116,"LIMONES Y LIMAS, FRESCAS"
0116,OTRAS FRUTAS CÍTRICAS FRESCAS N.C.P.
0116,MANZANAS FRESCAS
0116,PERAS FRESCAS
0116,"DURAZNOS Y NECTARINAS, FRESCOS"
0116,CIRUELAS FRESCAS
0116,DAMASCOS FRESCOS
0116,"CEREZAS Y GUINDAS, FRESCAS"
0116,MEMBRILLOS FRESCOS
0116,"OTRAS FRUTAS DE CUESCO Y FRUTAS DE PEPITA, FRESCAS N.C.P."
0116,FRUTILLAS FRESCAS
0116,"MORAS Y ZARZAMORAS, FRESCAS"
0116,FRAMBUESAS FRESCAS
0116,ARÁNDANOS FRESCOS
0116,OTRAS BAYAS FRESCAS N.C.P.
0116,GRANADAS FRESCAS
0116,UVAS FRESCAS
0116,KIWIS FRESCOS
0116,MELONES FRESCOS
0116,SANDÍAS FRESCAS
0116,TUNAS FRESCAS
0116,PEPINOS DULCES FRESCOS
0116,FRUTAS FRESCAS NO DESGLOSADAS
0116,OTRAS FRUTAS FRESCAS N.C.P.
0116,FRUTAS CONGELADAS
0116,FRUTAS DESHIDRATADAS O DESECADAS
0116,FRUTOS SECOS
0116,"FRUTOS SECOS SALADOS, TOSTADOS O AHUMADOS"
0116,MIX DE FRUTOS SECOS CON FRUTAS DESHIDRATADAS
0116,FRUTAS ENLATADAS Y EN CONSERVA
0116,OTRAS PREPARACIONES DE FRUTAS Y FRUTOS SECOS N.C.P.
0117,LECHUGAS FRESCAS O REFRIGERADAS
0117,APIOS FRESCOS O REFRIGERADOS
0117,ACELGAS FRESCAS O REFRIGERADAS
0117,ESPINACAS FRESCAS O REFRIGERADAS
0117,ALCACHOFAS FRESCAS O REFRIGERADAS
0117,ESPÁRRAGOS FRESCOS O REFRIGERADOS
0117,REPOLLOS FRESCOS O REFRIGERADOS
0117,COLIFLORES FRESCAS O REFRIGERADAS
0117,BRÓCOLIS FRESCOS O REFRIGERADOS
0117,"OTRAS HORTALIZAS DE HOJA O TALLO, FRESCAS O REFRIGERADAS N.C.P"
0117,AJÍES FRESCOS O REFRIGERADOS
0117,ZAPALLOS FRESCOS O REFRIGERADOS
0117,PEPINOS (HORTALIZAS) FRESCOS O REFRIGERADOS
0117,PIMENTONES Y MORRONES FRESCOS O REFRIGERADOS
0117,BERENJENAS FRESCAS O REFRIGERADAS
0117,ZAPALLOS ITALIANOS FRESCOS O REFRIGERADOS
0117,TOMATES FRESCOS O REFRIGERADOS
0117,"OTRAS HORTALIZAS FRUTALES, FRESCAS O REFRIGERADAS N.C.P."
0117,ARVEJAS FRESCAS O REFRIGERADAS
0117,POROTOS VERDES FRESCOS O REFRIGERADOS
0117,HABAS FRESCAS O REFRIGERADAS
0117,OTRAS LEGUMINOSAS VERDES FRESCAS O REFRIGERADAS N.C.P.
0117,BETARRAGAS FRESCAS O REFRIGERADAS
0117,AJOS FRESCOS O REFRIGERADOS
0117,ZANAHORIAS FRESCAS O REFRIGERADAS
0117,RÁBANOS Y NABOS FRESCOS O REFRIGERADOS
0117,CEBOLLAS FRESCAS O REFRIGERADAS
0117,CHOCLOS FRESCOS O REFRIGERADOS
0117,HONGOS COMESTIBLES FRESCOS O REFRIGERADOS
0117,ALGAS MARINAS COMESTIBLES FRESCAS O REFRIGERADAS
0117,"OTRAS HORTALIZAS, FRESCAS O REFRIGERADAS N.C.P."
0117,PAPAS Y OTROS TUBÉRCULOS
0117,PLÁTANOS Y BANANAS PARA COCINAR
0117,POROTOS SECOS
0117,LENTEJAS SECAS
0117,GARBANZOS SECOS
0117,ARVEJAS SECAS
0117,OTRAS LEGUMBRES SECAS N.C.P.
0117,"OTRAS HORTALIZAS, TUBÉRCULOS, PLÁTANOS Y BANANAS PARA COCINAR, SECAS Y DESHIDRATADAS"
0117,CHOCLOS CONGELADOS
0117,ARVEJAS CONGELADAS
0117,MIX DE VERDURAS CONGELADAS
0117,"OTRAS HORTALIZAS, TUBÉRCULOS, PLÁTANOS, BANANAS PARA COCINAR, CONGELADOS N.C.P."
0117,"HARINAS DE LEGUMBRES, HORTALIZAS, TUBÉRCULOS, PLÁTANOS Y BANANAS PARA COCINAR"
0117,LEGUMBRES ENLATADAS Y EN CONSERVA
0117,"HORTALIZAS, TUBÉRCULOS Y BANANAS PARA COCINAR, EN CONSERVA"
0117,PAPAS PRECOCINADAS CONGELADAS
0117,SNACKS Y CHIPS DE PAPAS FRITAS ENVASADAS
0117,PURÉ DE PAPAS
0117,"SUSTITUTOS DE CARNE A BASE DE SOJA, VERDURAS Y FRUTOS SECOS"
0117,VERDURAS ENCURTIDAS
0117,"OTRAS HORTALIZAS, LEGUMBRES Y TUBÉRCULOS CONSERVADOS O PROCESADOS N.C.P."
0118,AZÚCAR DE CAÑA Y REMOLACHA
0118,ENDULZANTES Y EDULCORANTES
0118,"OTRAS AZÚCARES, SUSTITUTOS DEL AZÚCAR Y SALSAS DULCES N.C.P"
0118,MERMELADAS
0118,DULCES DE FRUTAS
0118,MIEL NATURAL
0118,POSTRES NO LÁCTEOS PREPARADOS
0118,"PURÉS DE FRUTOS SECOS, MANTEQUILLAS DE FRUTOS SECOS Y PASTAS DE FRUTOS SECOS"
0118,CHOCOLATES DE TODO TIPO
0118,CACAO
0118,OTROS PRODUCTOS ALIMENTICIOS A BASE DE CACAO
0118,HIELO COMESTIBLE
0118,HELADOS FAMILIARES (CASSATA Y SIMILARES)
0118,HELADOS INDIVIDUALES
0118,POSTRES DE HELADOS
0118,HELADOS COMESTIBLES NO IDENTIFICADOS
0118,"HORTALIZAS, FRUTAS Y FRUTOS SECOS CONFITADOS O CONSERVADOS EN AZÚCAR"
0118,CARAMELOS Y CHICLES
0119,PRODUCTOS PARA REPOSTERÍA
0119,OTROS PRODUCTOS DE CONFITERÍA Y POSTRES N.C.P.
0119,"PIZZAS CON INGREDIENTES LISTAS PARA HORNEAR, FREÍR O CALENTAR"
0119,"EMPANADAS SALADAS RELLENAS O CON AGREGADOS PARA HORNEAR, FREÍR O CALENTAR"
0119,"OTROS TIPOS DE MASAS SALADAS RELLENAS O CON INGREDIENTES PARA HORNEAR, FREÍR O CALENTAR"
0119,"PLATOS DE FONDO PARA HORNEAR, DESCONGELAR O CALENTAR"
0119,ENSALADAS PREPARADAS FRESCAS
0119,PLATOS DE FONDO LISTOS PARA SU CONSUMO
0119,MENÚS LISTOS PARA SU CONSUMO
0119,"SÁNDWICHES, COMPLETOS, PIZZAS, EMPANADAS Y MASAS SALADAS CON RELLENO LISTOS PARA SU CONSUMO"
0119,"PAPAS FRITAS, SOPAIPILLAS Y OTROS ALIMENTOS DE PICOTEO LISTOS PARA SU CONSUMO"
0119,COMBOS O PROMOCIONES DE COMIDA RÁPIDA LISTOS PARA SU CONSUMO
0119,POLLOS ASADOS LISTOS PARA SU CONSUMO
0119,"FÓRMULAS, CEREALES Y SIMILARES PARA BEBÉS"
0119,ALIMENTOS HOMOGENEIZADOS PARA BEBÉS
0119,SAL
0119,SALSAS DE TOMATE
0119,MAYONESAS
0119,KÉTCHUP
0119,MOSTAZAS
0119,"SALSAS, CREMAS, PULPAS O PASTAS DE AJÍ"
0119,VINAGRES
0119,OTROS CONDIMENTOS O SALSAS N.C.P.
0119,ESPECIAS Y SEMILLAS
0119,HIERBAS FRESCAS Y SECAS
0119,SOPAS Y CREMAS EN POLVO
0119,CALDOS Y CONCENTRADOS
0119,LEVADURAS Y POLVOS DE HORNEAR
0119,POSTRES EN POLVO
0114,MANJAR (DULCE DE LECHE)
0119,SUPLEMENTOS ALIMENTICIOS Y NUTRICIONALES
0114,SABORIZANTES PARA LECHES
0119,OTROS PRODUCTOS ALIMENTICIOS N.C.P.
0121,JUGOS LÍQUIDOS
0121,JUGOS CONCENTRADOS Y PULPAS
0121,JUGOS Y REFRESCOS EN POLVO
0122,CAFÉ
0122,SUCEDÁNEOS DE CAFÉ
0119,GASTOS NO DESGLOSADOS EN ALIMENTOS Y BEBIDAS NO ALCOHÓLICAS
0111,Arroz para seco
0111,Arroz para sopa
0111,"Pastas o fideos para sopa: letras, conchitas, etc."
0111,"Pastas para seco: espaguetis, raviolis, macarrones, tallarines, etc."
0111,Avena molida
0111,Avena en hojuelas
0111,Cebada perlada
0111,Cuchuco de cebada para preparar
0111,Cuchuco de trigo para preparar
0111,Harina de trigo (incluye tempura)
0111,Salvado de trigo
0111,"Maíz blanco, amarillo, trillado, peto, porva, pira, millo para preparar"
0111,Cuchuco de maíz para preparar
0111,Harina precocida de maíz
0111,Fécula de maíz para preparar
0111,"Pan corriente, con queso,  aliñado, mogolla, relleno, pan de coco, calado, tajado, árabe., para consumo en el hogar"
0111,Pan francés para consumo en el hogar
0111,Pan integral para consumo en el hogar
0111,"Harina para preparar tortas, natilla, buñuelos, etc."
0111,Harina para coladas
0117,Almidones de papa o yuca
0111,Cereales para el desayuno
0119,Cereales para la alimentación infantil (papilla)
0111,"Ajonjolí, soya, quinua, sorgo (para preparar)"
0111,"Masas para la preparación de productos de panadería o pastelería  (trigo, maíz, soya)"
0111,Arepas crudas o precocidas
0119,"Bollos y envueltos precocidos, quiches, tamales"
0119,"Gérmen de trigo, lecitina, levadura, linaza"
0119,"Comidas preparadas precocidas a base de cereales (lasagna, pizza, empanadas)"
0117,"Carne vegetal, embutidos y otros alimentos vegetarianos (a base de soya, glúten, lenteja, quinua, etc.) sin cocinar"
0111,Galletas de sal para consumo en el hogar
0111,Galletas de dulce (de panadería y de paquete) para consumo en el hogar
0111,Galletas integrales (de panadería y de paquete) para consumo en el hogar
0111,"Otros productos de panadería no mencionados previamente: brownies, obleas, ponques, bizcochos (pudines en Costa Atlántica) para consumo en el hogar"
0112,Carne de res sin hueso o pulpa
0112,Carne de res con hueso
0112,Hueso de res
0112,Carne molida de res
0112,Lengua de res
0112,"Hígado, riñones, corazón, sesos, mondongo,  tripa y otras vísceras de res"
0112,"Patas, manos, cola  y cabeza de res"
0112,Carne de cerdo sin hueso o pulpa
0112,Carne de cerdo con hueso
0112,Carne molida de cerdo
0112,Hueso de cerdo (espinazo y otros huesos)
0112,Tocino y garra
0112,"Hígado, riñones, corazón, tripa y otras vísceras de cerdo"
0112,"Patas, manos, cola  y cabeza de cerdo"
0112,Gallina o pollo vivo
0112,Carne de gallina o de pollo (entero o en presas)
0112,"Carne de Pavo, Pichón, Zuro, Palomo, Pato  Ganso, codorniz"
0112,Menudencias de gallina o pollo
0112,"Conejo, liebre, Curí o cuy para consumo en el hogar"
0112,"Cordero, chivo, cabro para consumo en el hogar"
0112,Chigüiro para consumo en el hogar
0112,Caballo para consumo en el hogar
0112,"Carne preparada de pavo, pollo,cerdo, lomo ahumado para consumo en el hogar"
0112,Salchichas para consumo en el hogar
0112,Jamón y jamoneta para consumo en el hogar
0112,Chorizo para consumo en el hogar
0112,Tocineta
0112,Hamburguesa para consumo en el hogar
0112,Carnes frías enlatadas
0112,"Otros embutidos de proteina animal (longaniza, butifarra, génovas, salchichón, salami, cábanos, patés, etc) para consumo en el hogar"
0112,"Otros alimentos no especificados: Hormigas culonas, etc."
0113,Pescado de río fresco o congelado
0113,Pescado de mar fresco o congelado
0113,Camarones frescos o congelados
0113,"Pescado y crustáceos enlatados (sardinas, atún, salmón, mejillones, etc.)"
0113,"Otros mariscos, crustáceos y moluscos frescos o congelados"
0113,Otros productos de pescado y derivados para consumo en el hogar
0114,Leche cruda para consumo en el hogar
0114,"Leche pasteurizada (entera, descremada, semidescremada, deslactosada y enriquecida) para consumo en el hogar"
0114,"Leche larga vida (entera, descremada, semidescremada, deslactosada y enriquecida) para consumo en el hogar"
0114,"Leche en polvo (entera, descremada, semidescremada) para consumo en el hogar"
0114,Queso campesino para consumo en el hogar
0114,Queso doble crema para consumo en el hogar
0114,"Cuajada, quesillo para consumo en el hogar"
0114,"Otros quesos: pera, mozarella, paipa, parmesano, etc. para consumo en el hogar"
0114,Huevos crudos de gallina y otras aves para consumo en el hogar
0114,Huevos crudos de iguana y de tortuga para consumo en el hogar
0114,"Leche condensada, leche condensada y evaporada y crema chantilly para consumo en el hogar"
0114,Yogurt para consumo en el hogar
0114,Kumis para consumo en el hogar
0114,"Suero costeño, queso crema, crema agria"
0114,Natas para consumo en el hogar
0114,Postres lácteos para consumo en el hogar
0114,Bebidas lácteas saborizadas no achocolatadas (avena) para consumo en el hogar
0115,"Aceite de girasol, maíz, soya y palma"
0115,"Otros aceites comestibles: canola, cacahuete, coco, almendras, dietéticos, etc."
0115,Mantequilla de vaca
0115,Margarinas
0115,Manteca vegetal
0115,Manteca de cerdo
0115,"Otras grasas y aceites (aceite de pescado y otros animales marinos, mantequilla de maní)"
0116,Naranjas
0116,Limones
0116,Mandarinas
0116,Toronjas
0116,Limas
0116,Cidras
0116,Bananos
0116,Manzanas
0116,Peras
0116,Melones
0116,Mango
0116,Guayabas
0116,Guanábanas
0116,Zapotes
0116,Tamarindo
0117,Tomate de árbol
0116,Moras
0116,Curubas
0116,Maracuyá
0116,Lulos
0116,Patilla o sandía
0116,Granadillas
0116,Piña
0116,Papaya
0116,Papayuela
0116,Uvas (verdes y rojas)
0116,Fresas
0116,Cocos
0116,Albaricoques
0116,Brevas
0116,Duraznos
0116,Chontaduros
0116,Ciruelas
0116,Aguacate
0116,Mangostino
0116,Kiwi
0116,Feijoa
0116,Higo
0116,Chirimoya
0116,Frutas congeladas o en pulpa
0116,"Almendras y otras nueces (maní, cacahuete, pistacho, etc) para consumo en el hogar"
0116,"Frutas deshidratadas y cristalizadas: peras, uvas y ciruelas pasas, etc para consumo en el hogar"
0116,"Frutas en conserva: melocotón, piña, brevas, lychees, etc. para consumo en el hogar"
0117,Tomate
0117,Cebolla cabezona
0117,"Cebolla larga o en rama (bermuda, junca)"
0117,Cebollin
0117,Zanahoria
0117,Remolacha
0117,Pepino Cohombro
0117,Pepino para guisar o rellenar
0117,Nabos
0117,Rábanos
0117,Ajos
0117,Ají
0117,Lechuga
0117,Espinaca
0117,Acelga
0117,"Repollo, Repollitas"
0117,Coliflor
0117,Brócoli
0117,Coles (tallos)
0117,Apio en rama
0117,Alcachofas
0117,Espárragos
0117,Ahuyama
0117,Calabaza
0117,Calabacín
0117,Fríjol verde en vaina
0117,Fríjol verde desgranado
0117,Arveja verde en vaina
0117,Arveja verde desgranada
0117,Habas verdes en vaina
0117,Habas verdes desgranadas
0117,Habichuelas
0111,Mazorcas y maíz dulce para consumo en el hogar
0117,Berenjenas
0117,Champiñones y otros hongos comestibles para consumo en el hogar
0117,Verduras frescas amarradas (macitos de la costa atlántica)
0117,"Ensalada o Verduras picadas en bandeja, en bolsa o tarro (revuelto verde) para consumo en el hogar"
0117,"Otras verduras y leguminosas frescas: berros, chachafruto, algas comestibles, etc"
0117,"Fríjol seco: bolaroja, cargamanto, guarzo, guandul, zaragoza, blanquillo, etc."
0117,Arveja seca
0117,Habas secas para consumo en el hogar
0117,Lentejas
0117,Garbanzos
0117,"Verduras, hortalizas y legumbres enlatadas: arveja, fríjoles, maíz, espárrago, zanahoria, habichuelas, ensalada"
0117,"Aceitunas, alcaparras, pepinillos y otros encurtidos en tarro"
0117,Legumbres y hortalizas deshidratadas
0117,Plátano verde para consumo en el hogar
0117,Plátano maduro  para consumo en el hogar
0117,"Colicero, guineo, mataburro"
0117,"Papa común: pastusa, tocarreña, R12"
0117,Papa criolla o amarilla
0117,Yuca para consumo en el hogar
0117,Arracacha
0117,Ñame
0117,"Ullucos, cubios, hibias, chuguas, rubas"
0117,"Papa, yuca y plátano precocidos"
0117,"Harina de plátano, de yuca, de achiras, puré de papas"
0117,"Otras raíces y tubérculos: mafafa, achira, batata, etc"
0118,Azúcar refinada
0118,Azúcar natural o morena
0118,"Endulzantes dietéticos: aspartame, fructosa, sucralosa, otras"
0118,Panela cruda para consumo en el hogar
0118,Jaleas y mermeladas
0118,Compotas para consumo en el hogar
0118,Bocadillos para consumo en el hogar
0118,Arequipe para consumo en el hogar
0118,"Herpos, tumes y otros dulces de arequipe y bocadillo para consumo en el hogar"
0118,Gelatina de pata negra o blanca para consumo en el hogar
0118,"Gelatinas, flanes y pudines,en vaso listos para el consumo en el hogar"
0118,"Miel de abejas, maple o arce, melazas y almíbares"
0118,"Pasta de chocolate para ponqué, cobertura de chocolate y crema de avellana y cacao (Nutella)"
0118,"Dulces, confites, caramelos, bombones, chocolatinas, chicles, masmelos, cocadas para consumo en el hogar"
0118,"Helados, conos, paletas, vasitos, refrescos congelados y tortas heladas para consumo en el hogar"
0118,"Gelatinas, flanes y pudines en polvo para preparar"
0118,Polvo para preparar helados
0119,Salsa de tomate
0119,"Mostaza, salsa rosada"
0119,Pasta de tomate
0119,Vinagre
0119,"Otras salsas: salsa de soya, salsa china, salsa tártara, salsa de ají, ají picante, etc"
0119,Sal
0119,Cominos
0119,Laurel
0119,Tomillo
0119,Color
0119,"Ajo en polvo o en pasta, canela, clavos, nuez moscada"
0119,"Hierbas culinarias: perejil, cilantro, romero, orégano, etc."
0119,"Sopas: de vegetales, de carne, de pollo, de pescado, cremas de sobre, sopas para bebé para consumo en el hogar"
0119,Caldos y consomés concentrados (cubos y polvo)
0119,Bases para preparar carnes y otros alimentos
0119,"Frituras: papas fritas, chitos, maizitos, patacones, besitos, etc"
0119,Levaduras y esencias (polvo para hornear)
0119,Leche en polvo para lactantes
0119,"Otros alimentos precocidos y preparados: ajiaco, lenteja, frijol, lechona enlatada y similares"
0122,Café molido
0122,Café o crema instantáneo en polvo o granulado
0122,Café en grano
0122,Extractos y esencias de café
0122,"Otras bebidas preparadas a base de café: capuchino, mocachino, café con leche, café en lata para consumo en el hogar"
0118,Hielo
0311,"Telas y materiales (fibras naturales o sinteticas) para la confección de ropa de hombre, mujer, niño, niña y bebé"
0312,Camisas para hombre
0312,"Camisetas, franelas, esqueletos, polos para hombre"
0312,"Calzoncillos, pantaloncillos, boxer para hombre"
0312,Medias y calcetines para hombre
0312,Pantalones para hombre
0312,Jeans para hombre
0312,"Bermudas, pantalonetas y pantalón corto para hombre"
0312,"Vestido completo (sólo pantalón, chaqueta y/o chaleco) para hombre"
0312,"Blazers, chaquetas, chaquetones, chompas y sacos de sport en paño, cuero, gamuza y otros materiales para hombre"
0312,"Buzos, chalecos, sacos de lana y similares para hombre"
0312,"Gabardinas, gabanes, abrigos y sobretodos para hombre"
0312,Capas e impermeables para hombre
0312,"Sudaderas, trusas y bicicleteros para hombre"
0312,Pantalonetas de baño para hombre
0312,Pijamas y batas para hombre
0312,Otros artículos de vestir para hombre (depotivos y formales)
0312,Blusas y camisas para mujer
0312,"Camisetas, franelas y bodies para mujer"
0312,"Pantalones, slacks y leggins"
0312,"Shorts, bermudas y pantalonetas para mujer"
0312,Jeans para mujer
0312,Faldas para mujer
0312,"Brassieres, tops y sostenes para mujer"
0312,Pantys (interiores) para mujer
0312,Media de lana y otros materiales diferente a velada para mujer
0312,Medias veladas para mujer
0312,"Enaguas, fondos y combinaciones para mujer"
0312,Vestidos confeccionados para mujer
0312,"Buzos, chalecos, sacos de lana y similares, sacos de sport en cuero, paño, gamuza y otros materiales"
0312,"Blazers, chaquetas, chaquetones y sacos de sport en paño, cuero, gamuza y otros materiales para mujer"
0312,"Gabardinas, gabanes, abrigos y sobretodos para mujer"
0312,Capas e impermeables para mujer
0312,"Sudaderas, trusas y bicicleteros para mujer"
0312,Trajes de baño para mujer
0312,Pijamas y batas para mujer
0312,Otros artículos de vestir para mujer (deportivos y formales)
0312,Camisas para niño
0312,"Camisetas, franelas, esqueletos, polos para niño"
0312,"Calzoncillos, pantaloncillos, boxer para niño"
0312,Medias y calcetines para niño
0312,Pantalones para niño
0312,Jeans para niño
0312,"Bermudas, pantalonetas y pantalón corto para niño"
0312,"Vestido completo (sólo pantalón, chaqueta y/o chaleco) para niño"
0312,"Blazers, chaquetas, chompas y sacos de sport en paño, cuero, gamuza y otros materiales para niño"
0312,"Buzos, chalecos, sacos de lana y similares para niño"
0312,"Gabardinas, gabanes, abrigos y sobretodo para niño"
0312,Capas e impermeables para niño
0312,"Sudaderas, trusas y bicicleteros para niño"
0312,Pantalonetas de baño para niño
0312,Pijamas y batas para niño
0312,Otros artículos de vestir para niño (deportivos y formales)
0312,Blusas y camisas para niña
0312,"Camisetas, franelas y bodies para niña"
0312,"Pantalones, slacks y leggins para niña"
0312,"Shorts, bermudas y pantalonetas para niña"
0312,Jeans para niña
0312,Faldas para niña
0312,Vestidos confeccionados para niña
0312,"Enaguas, fondos, combinaciones para niña"
0312,Pantys (interiores) para niña
0312,"Brassieres, sostenes, tops  y acostumbradores para niña"
0312,"Media tobillera, media pantalón, media media (velada, de lana y otros materiales) para niña"
0312,"Buzos, chalecos, sacos de lana y similares para niña"
0312,"Blazers, chaquetas, chaquetones y sacos de sport en paño, cuero, gamuza y otros materiales para niña"
0312,"Gabardinas, gabanes, abrigos y sobretodos para niña"
0312,Capas e impermeables para niña
0312,"Sudaderas, trusas y bicicleteros para niña"
0312,Traje de baño para niña
0312,Pijamas y batas para niña
0312,Otros artículos de vestir para niña (deportivos y formales)
0312,"Camisas, franelas para bebé"
0312,"Vestidos confeccionados, mamelucos, etc. para bebé"
0312,"Escarpines, patines, mitones, zapatos de tela, medias, gorritos y bufandas para bebé"
0312,Pijamas y talegos de dormir para bebé
0312,"Buzos, ruanas, sacos de lana y similares para bebé"
0312,Pañales de tela para bebé
0312,"Pantalones de tela, plástico, caucho y similares para bebé"
0312,Fajeros y cambiadores
0312,Otros artículos de vestir para bebé
0312,"Uniformes (diario, gala, deportes)"
0313,Corbatas y corbatines para hombre
0313,"Correas, tirantas y calzonarias para hombre"
0313,Pañuelos y pañoletas para hombre
0312,Ruanas y ponchos para hombre
0313,"Bufandas, pashiminas y guantes para hombre"
0313,"Sombreros, gorros, cachuchas, boinas, viseras para hombre"
0313,Pañuelos y pañoletas para mujer
0313,Cinturones y tirantas para mujer
0312,"Ruanas, chales, pañolones y ponchos para mujer"
0313,"Bufandas, pashminas y guantes para mujer"
0313,"Sombreros, gorros, cachuchas, boinas, viseras para mujer"
0313,"Guantes de jardinería o de trabajo en material diferente a caucho (nylon, lycra, hilo, mitrillo, etc.); careta, tapones de oidos, lentes de seguridad."
0721,Cascos protectores para ciclista y motociclista
0313,"Hilos, cremalleras, botones, metro de costura, hombreras, encajes, broches, ganchos para ropa, hebillas, cordones y caucho para ropa  cintas, ribetes"
0313,"Baberos, broches y ganchos para bebé"
0313,"Madejas de lana y otros materiales para coser, tejer y bordar"
0314,"Confección y reparación de prendas de vestir en general (hombre, mujer, niños, niñas, bebés)"
0314,Teñido de prendas de vestir
0314,"Lavado y planchado de ropa fuera del hogar (en lavandería, otro hogar u establecimiento)"
0314,"Alquiler de prendas de vestir en general (hombre mujer, niños, niñas y bebés)"
0613,"Accesorios para calzado: Plantillas, hormas, adaptadores para calzado y calzadores"
0451,"Instalación, conexión y contador del servicio de energía eléctrica"
0451,Servicio de energía eléctrica
0451,Reconexión del servicio de energía eléctrica
0452,Compra de gas propano en pipeta o cilindro
0452,"Instalación, conexión y contador del servicio de gas natural"
0452,Servicio de gas natural por tubería
0452,Reconexión del servicio de gas natural
0453,"Combustibles líquidos para cocinar: gasolina, kerosene, petróleo, alcohol, etc."
0454,"Combustibles sólidos para cocinar: leña, carbón vegetal, carbón mineral, etc."
0452,Pipetas o cilindros de gas (envase sin incluir el gas)
0613,"Vasenilla, micas o patos médicos"
0611,Analgésicos y Antiinflamatorios
0611,Antiácidos y medicamentos para la Gastritis
0611,Antibióticos topicos y sistémicos
0611,Medicamentos antialérgicos (antihistamínicos)
0611,Antigripales y Antitusivos no homeopáticos
0611,"Antiparasitarios, antimibianos, purgantes y laxantes"
0611,Antiartríticos y Antirreumáticos
0611,Antidiabéticos e Insulinas
0611,Antiespasmódicos y Antidiarréicos
0611,Medicamentos para la tensión arterial y cardiovasculares
0611,Desinfectantes
0611,Suero oral y sales de rehidratación
0611,Vacunas
0611,"Suplementos dietarios, vitaminas, reconstituyentes, calcio, otros minerales y aceite de higado de bacalao"
0611,Medicamentos para nivelar los niveles de colesterol
0611,Medicamentos para tratamientos contra el cancer
0611,Medicamentos para tratar la disfuncion erectil
0611,Medicamentos para tratar afecciones de la tiroides
0611,Medicamentos para el tratamiento de enfermedades psiquiátricas y antidepresivas
0611,Medicamentos para el tratamiento del VIH (SIDA)
0611,Productos dermatológicos con formula médica (incluso los protectores solares medicados)
0611,Fórmula médica completa (hace referencia a todos los medicamentos que el informante NO puede desargregar y no fueron registrados  en los anteriores artículos)
0611,"Gotas para tratamiento de afecciones de oidos, ojos, naríz y suero fisiológico"
0611,"Anticonceptivos orales (píldoras), óvulos, inyecciones, cremas anticonceptivas, parches"
0611,"Medicamentos homeopáticos, medicamentos de origen natural y bioenergéticos;esencias naturales o florales medicinales."
0612,Termómetros clínicos
0612,"Jeringas, agujas hipodérmicas"
0612,"Esparadrapo, vendas, gasas, curitas."
0612,Botiquines de primeros auxilios
0612,Dispositivo de prueba rápida de embarazo
0612,Inhaladores
0612,"Otros implementos médicos: bolsas de agua caliente, bolsas de hielo, paquetes de gel, etc."
0612,Dispositivos de planificacion familiar: intrauterinos e implante intradérmico.
0612,Preservativos (condones)
0613,"Anteojos, gafas o lentes de contacto formulados"
0613,"Sillas de ruedas, camas y colchones especiales (de hospital para uso en el hogar)"
0613,Muletas y bastones ortopédicos
0613,Zapatos ortopédicos
0613,"Compra de equipo terapéutico: plantillas ortopédicas, soportes de cuello, ferula, bragueros, fajas quirúrgicas, medias elásticas para traumatología, soportes para rodilla, pie, brazo, caminadoras, etc."
0613,"Prótesis (miembros artificiales), dentaduras postizas"
0613,Aparatos ortopédicos y de salud visual y ocular: ojo de cristal
0612,"Tensiómetros (eléctricos, manuales y de otro tipo), estetoscopios, glucómetros"
0613,Aparatos de salud auditiva: audífonos ortopédicos y clínicos
0721,"Llantas y neumáticos, rines para vehículo"
0721,"Productos para la limpieza y conservación del  vehículo: pintura, limpiadores, selladores, shampoo, ceras, ambientadores, eliminador de olores, pañitos húmedos para vehículos, etc."
0721,"Productos y accesorios para carrocería: pijamas, tapetes, barras de seguridad, ceniceros, organizador para carro, cubre asiento, bombillos (papa farolas, stops, laterales), etc."
0721,"Herramientas para vehículos de transporte personal (equipo de carretera, cruceta y gato, infladores, etc)"
0721,"Piezas para bicicleta: llantas, neumáticos, rines, manzanas, cadenas, cambios, piñones, guallas, sillines, candados y cable candado, luces, etc."
0721,Motores para vehículo
0721,"Bujías, inyectores, filtros, amortiguadores, baterías, carburadores, distribuidores de corriente, vidrios, condensadores, correas de ventilador, etc."
0722,Gasolina corriente y extra
0722,Gas vehicular
0722,Combustible diesel
0722,"Aditivos, valvulinas, líquido para frenos, refrigerantes, agua para batería, etc."
0723,"Mantenimiento y reparaciones efectuadas en el taller: engrase, sincronización, revisiones técnicas, instalaciones de partes y accesorios, balanceo de ruedas, despinchada, lavado y polichado, servicios de grúa, etc."
0723,Compra y cambio de aceite
0723,Servicios de latonería y pintura
0723,Cuotas a clubes o compañias de servicios especiales para el vehículo  como los centros de reparacion y mantenimiento de cosesionarios de marcas especificas
0731,Pasaje en tren
0731,Pasaje en metro
0732,"Pasaje urbano en bus, buseta y colectivo"
0735,"Pasaje en sistema integrado de transporte masivo (Transmilenio, SITP, MIO, Megabus, Metrolinea, Transmetro, Metroplus, etc)"
0732,Taxi urbano
0732,"Otros transportes urbanos: servicio pirata, bicitaxi, mototaxi, funicular, telesférico, etc"
0732,"Pasaje intermunicipal en bus, buseta, colectivo, taxi, aero vans, chiva, campero, etc."
0732,Pasaje en transporte internacional terrestre
0732,Alquiler de vehículo con conductor
0732,Pasaje en transporte interveredal y a ciudades dormitorio
0732,Otro tipo de transporte intermunicipal
0732,Transporte escolar prestado por el colegio (con buses propios o con empresa contratada)
0732,Transporte escolar particular contratado por los padres
0733,Transporte de pasajeros y equipaje en avión (incluye pagos por exceso de equipaje)
0733,Transporte de pasajeros y equipaje en helicóptero
0734,"Transporte de pasajeros y equipajes por mar, rios, caños, lagos, etc. en buque, navío, aerodeslizador, vehículo de colchón de aire (incluye transporte de vehículos privados por este medio)"
0734,"Transporte de pasajeros y equipajes por mar, ríos, caños, lagos, etc. en ferry, planchón, canoa y lancha"
0735,Servicio en dos o más medios de transporte cuando el gasto no se puede discriminar
0111,BONETE O PAN CENA SALADO (PAN BAGEL)
0111,CROTONES
0111,ESPIGA DE PAN CON QUESO
0111,PAN BASE PARA PIZZA
0111,"PAN BAGUETTE CON QUESO, AJONJOLI, ETC."
0111,PAN BAGUETTE CORRIENTE O PAN ITALIANO
0111,"PAN BLANCO, MANITA O PIÑA (PAN FRANCES)"
0111,"PAN CHAPATA, PAN ESPAÑOL Y PAN DE NEGRO"
0111,PAN CUADRADO CORRIENTE (BLANCO)
0111,"PAN CUADRADO DE ANIS, LINAZA, ZANAHORIA"
0111,PAN INTEGRAL DE PANADERIA
0111,PAN CUADRADO INTEGRAL (THINS INTEGRAL EMPACADO)
0111,"PAN CUADRADO LIGHT O 0% GRASA, (THINS EMPACADO)"
0111,"PAN CUADRADO MULTIGRANO, DOBLE FIBRA O CENTENO"
0111,"PAN DE ESPECIES (AJO, CEBOLLA, ETC)"
0111,PAN MOLIDO
0111,PAN PARA HAMBURGUESA
0111,PAN PARA HOT DOG (PERRO CALIENTE) O PAN EUROPEO EMPACADO
0111,PAN PITA O ARABE
0111,"PAN RELLENO SALADO (PAN RELLENO DE QUESO CREMA, ETC.)"
0111,TOSTADAS EMPACADAS O DE PANADERIA
0111,OTROS PANES SALADOS
0111,BOLLO DE PAN DULCE
0111,BONETE DE PAN DULCE O PAN CASERO
0111,PAN CON FRUTAS (PAN BON)
0111,"PAN RELLENO DULCE (PAN RELLENO CON DULCE DE LECHE, CREMA PASTELERA, ETC.)"
0111,TRENZA O PAN DE CANELA (ROLLO DE CANELA)
0111,OTROS PANES DULCES
0111,TORTILLA DE HARINA
0111,TORTILLA DE MAIZ PAQUETE
0111,TORTILLA DE HARINA INTEGRAL
0111,PAN PIZZA
0111,OTRAS TORTILLAS
0111,ALMOJABANA
0111,"BIZCOCHOS, ROSQUILLAS, MANTECADOS, PALITOS SALADOS DE HARINA O QUESO"
0111,BIZCOCHO DE NATILLA Y QUESO
0111,CANGREJO O CROISSANT SALADO
0111,"ENCHILADA, PASTELILLO O EMPANADA DE HOJALDRE, ARGENTINAS Y CHILENAS"
0111,PASTEL CONGELADO LISTO PARA HORNEAR
0119,PIZZA CONGELADA LISTA PARA HORNEAR
0111,REPOSTERIA MACROBIOTICA (PALITOS DE AJONJOLI)
0111,TRENZA O ARROLLADO DE QUESO
0111,OTROS TIPOS DE REPOSTERIA SALADA
0111,ALFAJORES
0111,"ARROLLADO DULCE, GATO, BORRACHO, MERENDINA, ETC."
0111,BUDIN
0111,"CACHO, PAÑUELO O PRUSIANO RELLENOS CON LUSTRE, CREMA PASTELERA O DULCE DE LECHE"
0111,CREMITA O E-CLIAR RELLENO CON CREMA PASTELERA
0111,COSTILLA Y TOSTEL
0111,"DONA, CHURRO O BUÑUELO SIMPLE"
0111,"DONA, CHURRO O BUÑUELO RELLENO"
0111,"EMPANADA DE PIÑA, GUAYABA O JALEA"
0111,MUFFIN CON LUSTRE O RELLENO (CUP CAKE)
0111,"OREJAS, PALMERAS, PRESTIÑOS"
0111,QUEQUE CON LUSTRE O RELLENO Y CARLOTA
0111,"QUEQUE NAVIDEÑO, QUEQUE CON FRUTOS SECOS (PASAS) O SEMILLAS"
0111,QUEQUE SECO O DE ZANAHORIA
0111,"QUESADILLA DULCE, PUPUSA DE QUESO Y AZUCAR"
0111,"ROSQUILLAS DULCES, ILUSTRADOS"
0111,"STRUDEL, PASTELILLO, TARTALETA O FLAUTA DE FRUTAS"
0111,"TAMAL DE MAIZ, MAICENA, ASADO, PAN DE ELOTE"
0111,TARTARA O COCADAS
0111,TORTA CHILENA
0111,WAFFLES EMPACADOS
0111,OTROS TIPOS DE REPOSTERIA DULCE
0111,BARQUILLOS DE CHOCOLATE O RELLENOS
0111,BARQUILLOS DE VAINILLA O COMBINADOS
0111,CONOS CORRIENTES
0111,CONOS O CANASTAS AZUCARADAS
0111,GALLETAS DE ARROZ
0111,GALLETAS DE AVENA
0111,GALLETAS DULCES INTEGRALES Y EXTRA FIBRA (FIBRA MIEL)
0111,"GALLETAS DULCES SIMPLES SIN RELLENO (DEDOS DE SEÑORA O BIZCOTELAS, MARIA Y GALLETAS DE PANADERIA)"
0111,GALLETAS LIBRES DE AZUCAR O LIGH
0111,GALLETA SALADAS
0111,GALLETAS SALADAS INTEGRALES Y EXTRA FIBRA
0111,GALLETAS SALADAS RELLENAS
0111,SORBETOS
0111,OTRAS GALLETAS
0111,MEZCLA PARA PANCAKES
0111,MEZCLA PASTA PARA PIZZA
0111,MEZCLA PARA QUEQUE DE CHOCOLATE O BROWNIES
0111,MEZCLA PARA QUEQUES DE VAINILLA O TRES LECHES
0111,OTRAS MEZCLAS PARA REPOSTERIA
0111,AFRECHO O SALVADO
0117,ALMIDON DE YUCA
0111,AVENA INTEGRAL
0111,BARRAS DE CEREAL
0111,BARRAS DE GRANOLA
0111,CEREAL DE AVENA
0111,CEREAL AZUCARADO
0111,CEREAL DE CHOCOLATE
0111,CEREAL DE GALLETAS
0111,"CEREAL EN HOJUELAS DE MAIZ, CORRIENTE"
0111,CEREAL INTEGRAL
0111,CEREAL KOMPLETE
0111,CEREAL LIGHT
0111,CEREAL PARA BEBES
0111,FECULA DE MAIZ
0111,MAICENA SABOR A FRUTAS O VAINILLA
0111,"ARROZ CRUDO PREPARADO (C/ MARISCOS, CON POLLO O VERDE)"
0111,ARROZ DE JAZMIN
0111,ARROZ GRANO ENTERO
0111,ARROZ PARA RISOTTO
0111,ARROZ PARA SUSHI
0111,ARROZ PRECOCIDO
0111,PUNTILLAS DE ARROZ
0111,HARINA DE MAIZ (MASA) Y MASA PREPARADA PARA CHORREADAS
0117,HARINA DE SOYA
0111,HARINA DE TRIGO (CORRIENTE)
0111,HARINA INTEGRAL
0111,OTROS TIPOS DE HARINA
0111,"PASTA CARACOLITOS, CABELLO DE ANGEL, LENGUA, CANELONES, CHOP SUEY, ESPAGUETIS, LASAÑA, ETC."
0111,PASTA CON ESPINACAS SIN PREPARAR
0111,"PASTA CON SALSA BLANCA, ALFREDO O A LA CARBONARA SIN PREPARAR"
0111,PASTA CON SALSA DE QUESO
0111,PASTA DE ARROZ
0111,RAVIOLES
0111,OTRAS PASTAS
0119,"ENSALADAS CON ATUN ENVASADAS (CARACOLITOS, RUSA, ETC.)"
0111,MAIZ CASCADO
0111,MAIZ DESGRANADO
0111,MAIZ PARA PALOMITAS DE MICROONDAS
0111,SNACKS DULCES A BASE DE MAIZ
0111,PALOMITAS DE MAIZ PREPARADAS
0111,SNACKS DE MAIZ SABOR A QUESO
0111,"TORTILLAS TOSTADAS (PARA CHALUPAS, TACOS SIN CARNE)"
0111,TOSTADAS DE MAIZ CONDIMENTADAS
0111,OTROS BOCADILLOS O SNACKS
0111,CEBADA
0112,BISTEC O CARNE DE RES PARA ASAR
0112,CARNE DE TERNERO
0112,CARNE MOLIDA DE RES
0112,"CECINA, QUITITEÑA, GALLINITA O PARA DESMECHAR DE RES"
0112,COLA DE LOMO DE RES
0112,COSTILLA DE RES
0112,HIGADO DE RES
0112,"JARRETE, HUESO DE PESCUEZO, OSOBUCO, POSTA CON HUESO"
0112,LENGUA DE RES
0112,LOMITO DE AGUJA DE RES
0112,"LOMO DE RES, VUELTA DE LOMO DE RES"
0112,MANO DE PIEDRA DE RES
0112,MILANESA DE RES
0112,MONDONGO DE RES
0112,POSTA O TROCITOS DE RES
0112,TORTAS DE RES PARA HAMBURGUESA
0112,"VISCERAS DE RES (BOFE, CORAZON, MORCILLA, RIÑONES, ETC.)"
0112,OTRAS CARNES DE RES
0112,"BISTEC, POSTA DE CERDO O TROCITOS DE CERDO"
0112,CHULETA DE CERDO CORRIENTE
0112,"CHULETA DE CERDO AHUMADA, CARNE DE CERDO PRENSADA"
0112,COSTILLA DE CERDO
0112,LECHON Y FALDA DE CERDO
0112,LOMO O LOMITO DE CERDO
0112,MOLIDA DE CERDO
0112,MORCILLA O MORONGA
0112,PANZADA DE CERDO
0112,PELLEJO DE CERDO
0112,"PEZUÑA DE CERDO, RABO, CABEZA Y OREJAS"
0112,PIERNA DE CERDO O CARNE PARA CHICHARRONES
0112,TOCINO
0112,"VISCERAS DE CERDO (SESOS, HIGADO, CORAZON, ETC.)"
0112,OTRAS CARNES DE CERDO
0112,ALAS DE POLLO
0112,"FILETE DE PECHUGA DESHUESADA, FAJITAS DE PECHUGA DE POLLO"
0112,GALLINA ENTERA O GALLO ENTERO
0112,MENUDOS O VISCERAS DE POLLO
0112,MOLIDA DE POLLO
0112,MUSLITO DE ALA DE POLLO
0112,MUSLITOS O NUGGETS DE POLLO CRUDOS
0112,MUSLO DE POLLO CON PIEL
0112,MUSLO DE POLLO DESHUESADO
0112,MUSLO DE POLLO SIN PIEL
0112,PECHUGA DE POLLO CON PIEL Y HUESO
0112,TORTAS DE POLLO
0112,TROCITOS DE POLLO
0112,CARNE DE CONEJO
0117,CARNE DE SOYA
0112,PAVO ENTERO
0112,OTRAS CARNES
0112,"CANTONES, PREPARADO PARA ARROZ"
0112,"CARNE PRENSADA DE RES, AHUMADA"
0112,CHORIZO DE CERDO
0117,CHORIZO DE SOYA
0112,CHORIZO PRECOCIDO
0112,JAMON DE PAVO
0112,JAMON DE PAVO LIGHT
0112,JAMON DE POLLO LIGHT
0112,JAMON DE POLLO O CONEJO
0112,JAMON DE RES O CERDO
0117,JAMON DE SOYA
0112,MORTADELA BOLOGNA (RES Y CERDO)
0112,MORTADELA DE POLLO
0112,MORTADELA JAMONADA (RES Y CERDO)
0112,MORTADELA LIHGT
0113,PATE DE ATUN
0112,PATE DE CERDO O RES
0112,PATE DE POLLO
0112,PEPERONI (RES Y CERDO)
0112,SALAMI
0112,SALCHICHA DE PAVO
0112,SALCHICHA DE POLLO
0112,SALCHICHA DE RES O CERDO
0112,SALCHICHA RELLENA DE QUESO
0112,SALCHICHON DE POLLO
0112,SALCHICHON DE RES O CERDO
0112,TOCINETA
0112,CHORIZO DE POLLO
0112,OTROS EMBUTIDOS
0112,CHICHARRONES TOSTADOS
0113,ALMEJA FRESCA O BERBERECHOS
0113,"ATUN CON VEGETALES (CON MAIZ, CON JALAPEÑOS, ETC.)"
0113,ATUN EN ACEITE
0113,ATUN EN AGUA O LIGHT
0113,ATUN TROZO O FILETE
0113,BACALAO
0113,CABEZAS DE PESCADO (RECORTES)
0113,CALAMARES ENLATADOS
0113,CALAMARES FRESCOS
0113,CAMARONES EMPANIZADOS CONGELADOS
0113,CAMARONES FRESCOS
0113,CAMARONES SECOS
0113,CANGREJO
0113,CHUCHECA
0113,CHULETA DE PESCADO
0113,CORVINA O CORVINETA FILETE
0113,DORADO FILETE
0113,FILETE DE PESCADO
0113,MACARELA O VELA
0113,MARISCADA PARA PAELLA
0113,MARLINES
0113,MEJILLONES EN ACEITE ENLATADOS
0113,MEJILLONES EN ESCABECHE ENLATADOS
0113,MEJILLONES FRESCOS
0113,PARGO FILETE
0113,PESCADO ENTERO
0113,PULPO EN ACEITE ENLATADO
0113,SALMON ENLATADO
0113,SALMON FILETE
0113,SARDINAS EN ACEITE ENLATADAS (ARENQUE)
0113,SARDINAS EN SALSA DE TOMATE O ESCABECHE ENLATADAS
0113,SURIME
0113,TIBURON FILETE
0113,TILAPIA EMPANIZADA CONGELADA
0113,TILAPIA ENTERA
0113,TILAPIA FILETE
0113,"TORTAS CONGELADAS DE PESCADO, DEDOS DE PESCADO EMPANIZADOS"
0113,TRUCHA FILETE
0113,OTROS PESCADOS Y MARISCOS
0114,LECHE AGRIA
0114,CREMA DULCE
0114,DULCE DE LECHE
0114,LECHE CON CEREALES (ARROZ O MAIZ)
0114,LECHE CONDENSADA
0114,LECHE CONDENSADA LIGHT
0114,LECHE DE CABRA (FLUIDA)
0114,LECHE DE SOYA EN POLVO
0114,LECHE DE SOYA FLUIDA
0114,LECHE DESCREMADA BLANCA LIQUIDA (0% GRASA)
0114,LECHE DESCREMADA EN POLVO
0114,LECHE ENTERA FORTIFICADA
0114,LECHE EVAPORADA
0114,LECHE EVAPORADA 0% GRASA O LIGHT
0114,LECHE FRESCA O INTEGRA LIQUIDA
0114,LECHE INLINE 1% O DELACTOMY INLINE LIQUIDA
0114,LECHE INTEGRA EN POLVO
0114,LECHE O CREMA DE COCO
0114,LECHE SEMIDESCREMADA EN POLVO
0114,LECHE SEMIDESCREMADA LIQUIDA
0114,ROMPOPE EN POLVO
0114,ROMPOPE SIN LICOR
0114,LECHE DE ALMENDRA FLUIDA
0114,CHANTILLY PREPARADA SABOR CHOCOLATE O FRESA
0114,CHANTILLY PREPARADA SABOR VAINILLA
0114,CREMA PARA CHANTILLY EN POLVO
0119,"DIPS (DE CEBOLLA, ESPARRAGOS, TOCINETA, CHIPOTLE, VEGETALES, ETC.)"
0114,NATILLA
0114,NATILLA LIGHT
0114,YOGURT CON AZUCAR SABOR A FRUTAS
0114,YOGURT CON TOPPING
0114,YOGURT LIGHT
0114,YOGURT NATURAL
0114,CUAJADA
0114,QUESILLO REQUESON
0114,QUESO AHUMADO
0114,QUESO AZUL O FETA
0114,QUESO CHEDDAR
0114,QUESO COTTAGE
0114,QUESO CREMA (QUESO PARA UNTAR)
0114,QUESO CREMA LIGHT
0114,QUESO DE SOYA (TOFU)
0114,"QUESO DURO O SEMIDURO (PARA FREIR, DADOS DE QUESO)"
0114,QUESO ENMENTAL
0114,QUESO MADURO (EDAM)
0114,QUESO MANCHEGO
0114,QUESO MOZARELLA
0114,QUESO PALMITO
0114,QUESO PARA NACHOS (DE UNTAR)
0114,QUESO PARMESANO
0114,QUESO PIZZERO
0114,QUESO PROCESADO (AMARILLO)
0114,QUESO PROCESADO AMARILLO LIGHT O MOZARELA LIGHT
0114,QUESO PROVOLONE
0114,QUESO RICOTA
0114,QUESO SECO RAYADO (QUESO MOLIDO)
0114,"QUESO TIERNO, BLANCO (TURRIALBA)"
0114,OTRAS VARIEDADES DE QUESO
0114,HUEVOS DE CODORNIZ FRESCOS O EN CONSERVA
0114,HUEVOS DE GALLINA (BLANCOS O ROJOS)
0114,LECHE SABORIZADA CORRIENTE O DELACTOSADA
0115,ACEITE DE AJONJOLI
0115,ACEITE DE CANOLA
0115,ACEITE DE GIRASOL
0115,ACEITE DE MAIZ
0115,ACEITE DE PALMA AFRICANA
0115,ACEITE DE SOYA
0115,AJO EN ACEITE
0115,ACEITES EN AEROSOL
0115,ACEITE DE COCO
0115,LACTOCREMA
0115,MANTECA DE CERDO
0115,MANTECA VEGETAL
0115,MANTEQUILLA
0115,MANTEQUILLA DE AJO
0118,MANTEQUILLA DE MANI
0115,MANTEQUILLA LIVIANA Y SIN SAL
0115,MARGARINA CON MIEL
0115,MARGARINA DIETETICA O LIGHT
0115,MARGARINA NORMAL O SUAVE CON SAL
0119,ACHIOTE (EN PASTA)
0119,AJO EN PASTA
0116,AGUACATE HASS O CRIOLLO
0116,ANONA
0116,ARANDANOS
0117,BANANOS MADURO
0117,BANANOS VERDE
0118,CACAO FRUTO
0116,CAIMITO
0118,CAÑA DE AZUCAR (BOLSA)
0116,CAS
0116,CEREZA
0116,CIRUELA ROJA O AMARILLA
0116,COCO RAYADO
0116,COCO TIERNO
0116,COCOS SECOS
0117,CUADRADO MADURO
0117,CUADRADO VERDE
0116,DURAZNO
0116,FRAMBUESA O FRUTILLA
0116,FRESA (CAJA)
0116,FRUTA DE PAN
0116,GRANADILLA
0116,GUABA
0116,GUANABANA
0116,GUAYABA
0116,HIGOS
0116,JOCOTE
0116,KIWIS
0116,LIMON ACIDO CRIOLLO O MESINO
0116,LIMON DULCE
0116,LIMON MANDARINA
0116,MAMON CHINO
0116,MAMON CRIOLLO
0116,MANDARINA
0116,MANGA MADURA
0116,MANGA VERDE
0116,MANGO MADURO
0116,MANGO VERDE
0116,MANZANA
0116,MANZANA DE AGUA
0116,MARACUYA
0116,MARAÑON
0116,MELOCOTON
0116,MELON
0116,MORA O ZARZAMORA (BOLSA)
0116,NANCE (BOLSA)
0116,NARANJA AGRIA
0116,NARANJA DULCE
0116,NARANJILLA
0116,NISPEROS
0116,PAPAYA
0116,PEJIBAYE
0116,PIÑA
0116,PIPA
0116,PITAHAYA
0116,SANDIA
0116,TORONJA
0116,UCHUVA
0116,YUPLON
0116,ZAPOTE
0116,PULPAS O CONCENTRADOS DE FRUTAS
0116,OTRAS FRUTAS FRESCAS
0116,CEREZAS EN CONSERVA
0116,COCTEL DE FRUTAS EN ALMIBAR
0116,MANGO EN CONSERVA
0116,MELOCOTONES EN CONSERVA
0116,PEJIBAYE EN CONSERVA
0119,AJONJOLI
0116,ALMENDRAS O AVELLANAS
0119,CHAN
0119,LINAZA
0116,"MANI A LA BARBACOA, SALADO O PICANTE"
0116,MANI CON CASCARA
0116,"MANI GARAPIÑADO, HONNEY ROST"
0116,MANI SIMPLE SIN CASCARA
0116,NUECES
0116,PASAS
0116,PASAS CON SEMILLAS
0116,PISTACHO
0119,SEMILLAS DE GIRASOL
0119,SEMILLAS DE MARAÑON
0119,SEMILLAS MIXTAS
0119,MORINGA (SEMILLA O MOLIDA)
0119,CHIA (SEMILLA O MOLIDA)
0119,OTRAS SEMILLAS
0117,BANANO DESHIDRATADO (PASADOS)
0116,CIRUELA PASA
0118,FRUTA CONFITADA O CRISTALIZADA
0116,"OTRAS FRUTAS DESHIDRATADAS (MIXTAS, MANGO, PIÑA, KIWI)"
0117,HARINA DE YUCA O PEJIBAYE
0117,GUINEO VERDE
0117,PLATANO MADURO
0117,PLATANO VERDE
0117,AJO
0117,ALCACHOFA
0117,ALCAPARRAS
0117,ALFALFA
0117,APIO FRESCO
0117,ARUGULA O RUGULA
0117,AYOTE SAZON Y CALABAZA
0117,AYOTE TIERNO
0117,BERENJENA
0117,BERROS
0117,BROCOLI
0117,CEBOLLIN
0117,CHAYOTE
0117,CHAYOTE COCORO
0117,CHAYOTE SAZON
0117,CHILE DULCE O PIMIENTO
0117,CHILE PICANTE O JALAPEÑO
0116,CHIVERRE
0117,COL DE BRUSELAS
0117,COLIFLOR CRUDA
0119,CULANTRO CASTILLA
0119,CULANTRO COYOTE
0111,ELOTE BLANCO Y AMARILLO
0117,ESPARRAGOS FRESCOS
0117,ESPINACAS
0117,FLOR DE ITABO
0119,HIERBA BUENA FRESCA
0117,HONGOS FRESCOS
0117,"LECHUGA AMERICANA, VERONICA"
0117,LECHUGA CRIOLLA
0117,MINIVEGETALES
0117,MOSTAZA EN HOJAS
0117,PALMITO (BOLSA)
0117,PIPIAN
0117,PUERRO
0117,REPOLLO MORADO
0117,REPOLLO VERDE
0117,TACACO
0117,TOMATES CHERRIES
0117,VAINICA
0117,ZAPALLO O ZUQUINI
0117,"VERDURAS PICADAS (ZANAHORIAS, VAINICAS, ETC.)"
0117,CHILE PANAMEÑO
0117,OTROS VEGETALES Y HORTALIZAS FRESCOS
0117,"ARVEJA, PETIT POIS O CHICHAROS FRESCOS"
0117,CUBACES
0117,FRIJOL DE SOYA
0117,FRIJOLES BLANCOS
0117,FRIJOLES NEGROS
0117,FRIJOLES ROJOS
0117,FRIJOLES TIERNOS O NACIDOS
0117,GARBANZOS
0117,LENTEJAS
0117,ARRACACHE
0117,CAMOTE
0117,CEBOLLA (BLANCA O MORADA)
0117,MALANGA
0117,ÑAME
0117,ÑAMPI
0117,PAPA
0117,RABANO LARGO
0117,RABANO REDONDO
0117,RAIZ DE CHAYOTE
0117,REMOLACHA
0117,TIQUISQUE
0117,YUCA
0117,ZANAHORIA
0119,AROS DE CEBOLLA CONGELADOS
0119,PAPAS CONGELADAS LISTAS PARA FREIR
0117,"PREPARADO PARA PURE DE PAPA, YUCA Y CAMOTE"
0119,PURES O COLADOS DE VERDURA Y CARNES
0117,VERDURAS PARA OLLA CARNE CRUDAS
0117,ACEITUNAS EN CONSERVA
0117,ACEITUNAS RELLENAS EN CONSERVA
0117,"ARVEJAS, GUISANTES O PETIT POIS EN CONSERVA"
0117,CEBOLLITAS EN CONSERVA
0117,CHILE CHIPOTLE EN CONSERVA
0117,CHILERO DE VEGETALES
0117,CHILES JALAPEÑOS EN CONSERVA
0117,ELOTES EN CONSERVA
0117,ENCURTIDOS DE VEGETALES EN MOSTAZA
0117,ENCURTIDOS DE VEGETALES EN VINAGRE
0117,ESPARRAGOS EN CONSERVA
0117,FRIJOLES MOLIDOS EN CONSERVA
0117,FRIJOLES PREPARADOS EMPACADOS
0117,GARBANZOS EN CONSERVA
0117,HONGOS EN CONSERVA
0117,MAIZ DULCE EN CONSERVA
0117,PALMITO EN CONSERVA
0117,PEPINILLOS EN CONSERVA
0117,TOMATES EN CONSERVA
0117,VEGETALES MIXTOS EN CONSERVA
0117,PAPAS TOSTADAS
0117,PLATANITOS Y YUQUITAS TOSTADAS
0118,POLEN
0118,APRETADOS
0118,BOLIS
0118,HELADOS A BASE DE AGUA (PALETA O PALITO)
0118,"HELADOS A BASE DE LECHE (PALETA, PALITO, CAJITA O GALON)"
0118,HELADOS DE YOGURT O LIGHT
0118,QUEQUE HELADO O HELADO CON GALLETA
0118,PURES O COLADOS DE FRUTAS
0118,AZUCAR MORENO
0118,AZUCAR REFINADA (EN POLVO)
0118,AZUCAR REGULAR
0118,DULCE EN POLVO
0118,TAPA DE DULCE
0118,EDULCORANTES
0118,"SACARINA, CRISTALOSA Y OTROS SUSTITUTOS DEL AZUCAR"
0118,JALEA O MERMELADA DE FRUTAS
0118,JALEA O MERMELADA DE FRUTAS DIETETICA
0118,"MELAZA O MIEL DE CHIVERRE, MIEL DE AYOTE"
0118,MIEL DE ABEJA
0118,MIEL O SIROPE DE MAPLE
0118,MIEL DE TAPA DULCE LIQUIDA
0118,"SIROPES DE CHOCOLATE, FRESA O CARAMELO PARA POSTRES"
0118,"SIROPES DE SABORES (ROJO, VERDE, NARANJA, MORADO, AMARETTO, ETC.)"
0118,SIROPES DE SABORES O MAPLE LIGH
0118,OTRAS MIELES O MERMELADAS
0118,BOMBONES DE CHOCOLATE Y BOTONETAS
0118,CAJETAS (TORONJA RELLENA)
0118,"CARAMELOS, TURRONES SIN AZUCAR"
0118,"CARAMELOS, TURRONES Y MELCOCHAS"
0118,CHCLES SIN AZUCAR
0118,CHICLES (GOMA DE MASCAR)
0118,CHOCOLATES EN BARRA PARA DIABETICOS
0118,CHOCOLATES EN BARRA U OTRAS PRESENTACIONES
0118,"CONFITES, CHUPAS O POPIS, GOMITAS"
0118,CONFITILLOS PARA DECORAR
0118,FLAN DE CAJITA
0118,GELATINA EN POLVO
0118,GELATINA LIGHT EN POLVO
0118,GELATINA SIN SABOR (POLVO O LAMINA)
0118,LUSTRE DE CHOCOLATE
0118,MARSHMALLOWS
0118,NUTELLA
0118,"PUDIN DE VAINILLA, LIMON O CHOCOLATE EN POLVO"
0118,SUSPIROS
0118,OTRAS GOLOSINAS O PREPARADOS PARA POSTRES
0114,CREMA PARA FRESCO
0119,MEZCLAS PARA BEBIDAS ARTIFICIALES SIN AZUCAR
0119,MEZCLA PARA BEBIDAS
0118,HIELO
0118,GELATINA PREPARADA
0118,PUDIN O TAPIOCA PREPARADO
0119,FORMULA NUTRITIVA
0119,"LECHE FORMULA MATERNIZADA, EN POLVO"
0119,SUPLEMENTOS LACTEOS PARA BEBES
0119,SUPLEMENTOS PARA DEPORTISTAS
0119,SUSTITUTOS DE COMIDAS
0119,OTROS SUCEDANEOS LACTEOS
0119,MAYONESA CORRIENTE
0119,MAYONESA DE SOYA
0119,MAYONESA LIGHT
0119,MAYONESA Y SALSA TARTARA
0119,ALBAHACA FRESCA
0119,"HOJAS DE RABANO, REMOLACHA, QUELITES Y MALVA"
0119,MANZANILLA FRESCA
0119,OREGANO FRESCO
0119,PEREJIL FRESCO
0119,ROMERO FRESCO
0119,TOMILLO FRESCO
0119,"ENSALADAS DE VEGETALES EMPACADAS (CESAR, ETC.)"
0119,ENYUCADOS CON CARNE O QUESO CONGELADOS
0119,GUACAMOLE EMPACADO
0119,PICO DE GALLO EMPACADO O SERVIDO
0119,AJINO MOTO
0119,AJO EN POLVO
0119,ALBAHACA PROCESADA
0119,ANIS DE ESTRELLA
0119,APIO EN SEMILLAS
0119,AZAFRAN
0119,CANELA
0119,CEBOLLA EN POLVO
0119,"CHILE EN POLVO, PAPRIKA O PIMENTON"
0119,CLAVO DE OLOR
0119,"COLORANTE (AMARILLO, ROJO, VERDE VEGETAL)"
0119,COMINO
0119,CONDIMENTO MIXTO O BOMBA
0119,CONSOME O CUBITOS
0119,CREMOR TARTARO
0119,CULANTRO MOLIDO
0119,CURCUMA
0119,CURRY EN POLVO
0119,EMPANIZADOR DE PESCADO
0119,EMPANIZADOR DE POLLO
0119,EMPANIZADOR PARA TEMPURA
0119,ESENCIAS CULINARIAS
0119,"ESPIRITU DE ANIS, MENTA, CANELA, ETC."
0119,JAMAICA EN SEMILLAS O MOLIDA
0119,JENGIBRE
0119,LAUREL
0119,LEVADURA
0119,NUEZ MOSCADA
0119,OREGANO PROCESADO
0119,PEREJIL EN POLVO
0119,PIMIENTA BLANCA
0119,PIMIENTA NEGRA (ENTERA Y EN POLVO)
0119,PIMIENTA ROJA O CAYENA
0119,POLVOS PARA HORNEAR
0119,ROMERO PROCESADO
0119,ROSA DE JAMAICA
0119,SAL FINA O GRUESA
0119,SAL MARINA
0119,SAZONADOR COMPLETO
0119,TOMILLO PROCESADO
0119,VAINILLA
0119,PASTILLA. LIQUIDO O CUAJO PARA CORTAR EL QUESO
0119,OTROS CONDIMENTOS Y SIMILARES
0119,ADEREZO FRANCES
0119,ADEREZO ITALIANO
0119,ADEREZO MOSTAZA MIEL
0119,ADEREZO PARA SANDWICH CON PEPINILLOS
0119,"ADEREZO RANCH, CESAR, MIL ISLAS"
0119,ADEREZO PARA ENSALADA LIGHT
0119,MOSTAZA COMERCIAL
0119,"PASTAS DE TOMATE, TOMATINAS, NATURAS, SOFRITOS, RANCHERAS, ITALIANAS"
0119,SALSA A LA BARBACOA
0119,SALSA AL PESTO
0119,SALSA BLANCA
0119,SALSA CON TROZOS DE TOMATE
0119,SALSA DE OSTION
0119,SALSA CHINA O DE SOYA
0119,SALSA DE TOMATE
0119,"SALSA INGLESA, SALSA DE VEGETALES"
0119,SALSA INGLESA LIGH O REDUCIDA EN SAL
0119,SALSA PICANTE Y TABASCO
0119,SALSA ROSADA
0119,SALSA TERIYAKI
0119,SALSAS PARA CARNES
0119,"VINAGRE BLANCO U OSCURO (DE ARROZ, SINTETICO)"
0119,VINAGRES FRUTALES
0119,OTROS ADEREZOS O SALSAS
0114,CREMAS DESHIDRATADAS
0114,CREMAS PREPARADAS ENVASADAS
0119,SOPA DE POLLO O PESCADO DESHIDRATADA
0119,SOPA DE RES O FRIJOLES DESHIDRATADA
0119,SOPAS DE MICROONDAS (CON FIDEOS)
0119,SOPAS PREPARADAS ENVASADAS
0119,OTRAS SOPAS O CREMAS
0119,BURRITOS CONGELADOS
0119,TACOS Y FLAUTAS LISTOS PARA FREIR
0114,CREMA PARA CAFE
0114,CREMA PARA CAFE LIGHT
0122,CAFE EN GRANO
0122,CAFE INSTANTANEO O SOLUBLE
0122,CAFE MOLIDO
0122,CAFE MOLIDO SABORIZADO
0121,BATIDOS DE FRUTAS Y VEGETALES
0121,JUGO DE VEGETALES (TOMATE)
0311,TELAS PARA CONFECCIONAR PRENDAS DE VESTIR
0312,ABRIGO PARA BEBE
0312,BLUSA O CAMISA PARA BEBE
0312,CALZON O CALZONCILLO PARA BEBE
0312,CAMISETA PARA BEBE
0312,ESCARPINES PARA BEBE
0312,FAJERO PARA BEBE
0312,"JUEGO (PANTALON, SHORT, ENAGUA Y CAMISA, CAMISETA, BLUSA ETC.) PARA BEBE"
0312,JUEGO DE ROPA INTERIOR PARA BEBE
0312,LICRA PARA BEBE
0312,MAMELUCO PARA BEBE
0312,MANTILLAS PARA BEBE
0312,MEDIAS O CALCETAS PARA BEBE
0312,OVEROL PARA BEBE
0312,PANTALON PARA BEBE
0312,PANTALONETA DE BAÑO PARA BEBE
0312,PANTIMEDIA O LEGGING PARA BEBE
0312,PIJAMA PARA BEBE
0312,SHORT DE BEBE O PANTALONETA DE VESTIR PARA BEBE
0312,TRAJE DE BAÑO
0312,UNIFORME ESCOLAR PARA BEBE
0312,VESTIDO PARA BEBE
0312,ABRIGO PARA NIÑA O NIÑO
0312,BATA DE BAÑO PARA NIÑA O NIÑO
0312,BUZO PARA NIÑA O NIÑO
0312,"BOXER, CALZON O CALZONCILLO PARA NIÑA O NIÑO"
0312,BLUSA O CAMISA PARA NIÑA O NIÑO
0312,CAMISETA PARA NIÑA O NIÑO
0312,ENAGUA PARA NIÑA
0312,ENTERIZO PARA NIÑA
0312,JUEGO DE ROPA INTERIOR PARA NIÑA O NIÑO
0312,GABACHA PARA NIÑA O NIÑO
0312,JACKET O CHAQUETA PARA NIÑA O NIÑO
0312,"JUEGO (PANTALON, SHORT, ENAGUA Y CAMISA, CAMISETA, BLUSA ETC.) PARA NIÑA O NIÑO"
0312,LICRA PARA NIÑA
0312,MANGANO Y PESCADOR PARA NIÑA MENOR DE 12 AÑOS
0312,MEDIAS O CALCETAS PARA NIÑA O NIÑO
0312,OVEROL PARA NIÑA O NIÑO
0312,PANTALON PARA NIÑA O NIÑO
0312,PANTALONETA DE BAÑO PARA NIÑO
0312,SHORT DE NIÑA O PANTALONETA DE VESTIR PARA NIÑO
0312,PANTIMEDIA O LEGGING PARA NIÑA
0312,PIJAMA PARA NIÑA O NIÑO
0312,TOP PARA NIÑA
0312,UNIFORME DEPORTIVO PARA NIÑA O NIÑO
0312,UNIFORME ESCOLAR PARA NIÑA O NIÑO
0312,VESTIDO PARA NIÑA
0312,OTRAS PRENDAS DE VESTIR PARA NIÑA O NIÑO
0312,ABRIGO PARA HOMBRE
0312,BERMUDA PARA HOMBRE
0312,BUZO PARA HOMBRE
0312,CALZONCILLO O BOXER PARA HOMBRE
0312,CAMISA PARA HOMBRE
0312,CAMISETA PARA HOMBRE
0312,CHALECO PARA HOMBRE
0312,GABACHA PARA HOMBRE
0312,JACKET O CHAQUETA PARA HOMBRE
0312,MEDIAS O CALCETAS PARA HOMBRE
0312,PANTALON PARA HOMBRE
0312,PANTALONETA DE BAÑO PARA HOMBRE
0312,PANTALONETA DE VESTIR PARA HOMBRE
0312,PIJAMA PARA HOMBRE
0312,SACO PARA HOMBRE
0312,TRAJE ENTERO PARA HOMBRE
0312,UNIFORME DEPORTIVO PARA HOMBRE
0312,UNIFORME ESCOLAR O COLEGIAL PARA HOMBRE
0312,OTRAS PRENDAS DE VESTIR PARA HOMBRES
0312,ABRIGO O SUETER PARA MUJER
0312,BATA PARA MUJER
0312,BLUSA PARA MUJER
0312,BOXER PARA MUJER
0312,BRASSIER PARA MUJER
0312,"CALZON, TANGA, HILO PARA MUJER"
0312,CAMISETA PARA MUJER
0312,CHALECO PARA MUJER
0312,"CONJUNTO (ENAGUA Y SACO, PANTALON Y SACO, ETC.) PARA MUJER"
0312,ENAGUA O FALDA PARA MUJER
0312,ENTERIZO PARA MUJER
0312,FUSTAN (CHINGO) PARA MUJER
0312,GABACHA PARA MUJER
0312,JACKET O CHAQUETA PARA MUJER
0312,JUEGO DE ROPA INTERIOR PARA MUJER
0312,LICRA PARA MUJER
0312,LIGAS O LIGUEROS PARA MUJER
0312,MANGANO Y PESCADOR PARA MUJER
0312,MEDIAS O CALCETAS PARA MUJER
0312,OVEROL PARA MUJER
0312,PANTALON PARA MUJER
0312,PANTIMEDIA O LEGGING PARA MUJER
0312,PIJAMA PARA MUJER
0312,SACO PARA MUJER
0312,SHORT PARA MUJER
0312,TOP PARA MUJER
0312,UNIFORME DEPORTIVO PARA MUJER
0312,UNIFORME ESCOLAR Y COLEGIAL PARA MUJER
0312,UNIFORME PARA TRABAJO PARA MUJER
0312,VESTIDO DE BAÑO Y BIKINI PARA MUJER
0312,VESTIDO DE NOVIA Y VELO PARA MUJER
0312,VESTIDO PARA MUJER
0312,PANTALONETA PARA MUJER
0312,OTRAS PRENDAS DE VESTIR PARA MUJERES
0313,BOTONES
0313,BROCHES DE PRESION Y DE CABEZA
0313,"CINTA DE RUEDO, VIVO, CABALLITO, CORDON, ETC."
0313,ELASTICO
0313,HILO (DE COSER Y DE TEJER)
0313,LANA
0313,ZIPPER
0313,"OTROS ARTICULOS DE PASAMANERIA, BAZAR O BISUTERIA"
0313,INSIGNIAS ESCOLARES Y COLEGIALES
0313,BABERO PARA BEBE
0313,BUFANDA
0721,CASCOS PROTECTORES PARA MOTOCICLISTAS (QUE UTILICEN MOTOCICLETA COMO MEDIO DE TRANSPORTE)
0313,CORBATA O CORBATIN
0313,DELANTAL
0313,FAJA
0313,"GORRA, GORRO, BOINA Y SIMILARES"
0313,"GUANTES (PARA VESTIR, JARDINERIA, TRABAJO Y OTROS DISTINTOS A LOS DE LATEX O LIMPIEZA)"
0313,MANGAS PROTECTORAS DEL SOL
0313,PAÑOLETA O PASHMINA
0313,PAÑUELO DE TELA
0313,SOMBRERO
0313,OTROS ACCESORIOS DE VESTIR
0314,LAVADO O LIMPIEZA DE PRENDAS DE VESTIR
0314,TINTE DE PRENDAS DE VESTIR
0314,ALQUILER DE TRAJE ENTERO
0314,ALQUILER DE VESTIDO DE MUJER
0314,CONFECCION DE PRENDAS DE VESTIR
0314,REPARACION Y MODIFICACION DE PRENDAS DE VESTIR
0451,INSTALACION O RECONEXION DEL MEDIDOR DE ELECTRICIDAD
0451,ELECTRICIDAD
0452,CILINDROS PARA GAS LICUADO
0452,RECARGA DE GAS LICUADO (DE COCINA)
0453,CANFIN
0454,CARBON
0454,LEÑA
0455,OTROS COMBUSTIBLES
0611,ANALGESICO COMUN
0611,ANTIACIDO COMUN
0611,ANTIGRIPAL/ANTIHISTAMINICO COMUN
0611,ANTISOMNIFERO
0611,"GOTAS OTICAS, OFTALMICAS Y OTRAS SIMILARES DE VENTA SIN PRESCRIPCION MEDICA"
0611,LAXANTE COMUN
0611,PASTILLA CONTRA EL VOMITO
0611,PLANTA MEDICINAL
0611,"ACEITE DE BACALAO, HIGADO DE MERO U OTROS SIMILARES"
0611,"ANTICONCEPTIVOS ORALES, INYECTABLES Y PARCHES PARA HUMANOS"
0611,ESTROGENOS (HORMONAS) PARA HUMANOS
0613,LIMPIADOR DE LENTES DE CONTACTO
0611,MEDICAMENTOS CONTRA ALERGIAS
0611,MEDICAMENTOS CONTRA ANEMIA
0611,MEDICAMENTOS CONTRA ARTRITIS
0611,"MEDICAMENTOS CONTRA ASMA (JARABES, PASTILLAS, INHALADORES)"
0611,MEDICAMENTOS CONTRA CANCER
0611,MEDICAMENTOS CONTRA COLESTEROL
0611,MEDICAMENTOS CONTRA COLICOS
0611,MEDICAMENTOS CONTRA COLITIS
0611,MEDICAMENTOS CONTRA CONGESTION NASAL
0611,MEDICAMENTOS CONTRA DIABETES
0611,MEDICAMENTOS CONTRA DIARREA
0611,MEDICAMENTOS CONTRA DOLOR (ANALGESICOS)
0611,MEDICAMENTOS CONTRA ESTREÑIMIENTO
0611,MEDICAMENTOS CONTRA FIEBRE
0611,MEDICAMENTOS CONTRA GASTRITIS
0611,MEDICAMENTOS CONTRA GRIPE
0611,MEDICAMENTOS CONTRA INFECCION (ANTIBIOTICOS)
0611,MEDICAMENTOS CONTRA INFLAMACION
0611,MEDICAMENTOS CONTRA MIGRAÑA
0611,"MEDICAMENTOS CONTRA NERVIOS, ANSIEDAD, ESTRES O DEPRESION"
0611,MEDICAMENTOS CONTRA OSTEOPOROSIS
0611,MEDICAMENTOS CONTRA PADECIMIENTO EN LA PROSTATA
0611,MEDICAMENTOS CONTRA PADECIMIENTO EN LA VEJIGA
0611,MEDICAMENTOS CONTRA PARASITOS
0611,MEDICAMENTOS CONTRA PRESION ARTERIAL ALTA
0611,MEDICAMENTOS CONTRA PROBLEMAS CEREBRALES
0611,MEDICAMENTOS CONTRA PROBLEMAS CIRCULATORIOS
0611,MEDICAMENTOS CONTRA PROBLEMAS DE ESPALDA
0611,MEDICAMENTOS CONTRA PROBLEMAS DE PIEL
0611,MEDICAMENTOS CONTRA PROBLEMAS OCULARES
0611,MEDICAMENTOS CONTRA REUMATISMOS
0611,MEDICAMENTOS CONTRA SINUSITIS
0611,MEDICAMENTOS CONTRA TIROIDES
0611,MEDICAMENTOS CONTRA TOS
0611,MEDICAMENTOS CONTRA ULCERAS
0611,MEDICAMENTOS MACROBIOTICOS VARIOS
0611,MEDICAMENTOS NO COMUNES CONTRA PROBLEMAS CARDIACOS
0611,PRODUCTOS HOMEOPATICOS
0611,PRODUCTOS MACROBIOTICOS
0611,SUERO PARA HUMANOS
0611,VACUNAS (TODO TIPO)
0611,VITAMINAS Y MINERALES PARA HUMANOS
0611,MEDICAMENTOS CONTRA OTRAS ENFERMEDADES
0611,DESPARASITANTE PARA HUMANOS
0611,MEDICAMENTO ANTIMICÓTICO
0611,MEDICAMENTO PARA EL COLON
0612,OTROS PRODUCTOS FARMACEUTICOS
0612,OTROS TRATAMIENTOS
0612,ALCOHOL
0612,ALGODON
0612,"ANTICONCEPTIVOS MECANICOS PARA HUMANOS (PRESERVATIVOS MASCULINOS Y FEMENINO, DIU Y DIAFRAGMA)"
0612,COMPRESA DE GEL
0612,CURITA
0612,GASAS ESTERILES
0612,GUANTES ESTERILES DE LATEX U OTROS MATERIALES
0612,JERINGA Y AGUJA
0612,PRUEBA DE EMBARAZO
0611,UNGÜENTO
0612,VENDAS ADHESIVAS O NO ADHESIVAS (PARCHES O CALLICIDAS ADHESIVOS)
0612,YODO
0612,OTROS PRODUCTOS MEDICOS
0613,ANTEOJOS GRADUADOS (INCLUYE LENTES Y ARO)
0613,AROS PARA ANTEOJOS GRADUADOS
0613,AUDIFONOS PARA PERSONAS CON PROBLEMAS DE AUDICION
0613,CAMA ORTOPEDICA
0613,CUELLO ORTOPEDICO
0612,EQUIPO PARA NEBULIZACION
0613,FERULA PARA MUÑECAS O TOBILLOS
0612,GLUCOMETRO
0613,LENTES DE CONTACTO GRADUADOS
0613,LENTES GRADUADOS
0612,MEDIDORES DE PRESION ARTERIAL
0613,MULETAS
0613,PLANTILLA ORTOPEDICA
0613,RODILLERA ORTOPEDICA
0613,SILLA DE RUEDAS
0612,TIRAS REACTIVAS PARA GLUCOMETRO
0613,ZAPATOS ORTOPEDICOS
0613,BASTON
0612,TERMÓMETRO (CUALQUIER TIPO)
0613,ANDADERA ORTOPÉDICA
0613,OTROS APARATOS Y EQUIPOS TERAPEUTICOS
0721,ALARMA PARA AUTO
0721,ALFOMBRAS PARA AUTO
0721,ALTERNADOR
0721,AMORTIGUADORES
0721,"AROS PARA AUTO, BICICLETA O MOTOCICLETA"
0721,"ASIENTOS PARA AUTOS, MOTOS O BICICLETAS"
0721,BATERIA PARA AUTOS O MOTOS
0721,BOMBAS DE AGUA
0721,BOMBAS DE COMBUSTIBLE
0721,BOMBAS DE FRENOS (AUXILIAR Y PRINCIPAL)
0721,BUJIAS
0721,BUSHING
0721,"CABLE PARA FRENOS, CLUTCH Y BUJIAS"
0721,"CADENA Y PIÑON PARA BICICLETA, MOTO Y CARRO"
0721,CARBURADOR
0721,CATALIZADOR
0721,CERA Y ABRILLANTADOR PARA AUTOS
0721,CHAMPU PARA AUTOS
0721,CINTURON DE SEGURIDAD
0721,COBERTORES PARA VOLANTES Y ASIENTOS PARA VEHICULOS
0721,COMPENSADORES
0721,DISCO DE CLUTCH
0721,EJE DE TIJERETAS
0721,EMPAQUES
0721,ESCOBILLAS
0721,ESPEJOS PARA VEHICULO
0721,FIBRAS DE FRENOS
0721,FILTROS DE AIRE
0721,FILTRO DE ACEITE
0721,FILTROS PARA COMBUSTIBLE
0721,FOCOS Y HALOGENOS PARA VEHICULO
0721,GATA PARA AUTOS
0721,GRASAS
0721,INFLADOR PARA LLANTAS
0721,LIMPIADOR DE VIDRIOS PARA AUTOMOVIL
0721,"LLANTA PARA AUTOS, BICICLETA Y MOTOCICLETA (NUEVA, USADA, REENCAUCHADA)"
0721,LLAVINES PARA VEHICULO
0721,MANILLA DE FRENOS
0721,"MANIVELA PARA AUTO, BICICLETA Y MOTO"
0721,MOTOR
0721,MUFLA
0721,"NEUMATICOS PARA AUTOS, BICICLETA Y MOTOCICLETA (NUEVOS, USADOS, RECAUCHUTADOS)"
0721,PEDALES PARA BICICLETA
0721,"PINTURA PARA AUTOS, MOTO Y BICICLETA"
0721,PITO O PITORETA
0721,PLATOS DE CLUTCH
0721,RADIADORES
0722,REFRIGERANTES
0721,RETENEDORES
0721,ROLES
0721,ROTULAS
0721,SELLADOR
0721,SOPORTES DE MOTOR
0721,SUSPENSION PARA CARROS
0721,TACOS PARA FRENOS DE BICICLETA
0721,TRIANGULO O CONOS REFLECTORES
0721,OTRAS PIEZAS DE REPUESTO Y ACCESORIOS PARA BICICLETA
0721,OTRAS PIEZAS DE REPUESTO Y ACCESORIOS PARA MOTOCICLETA
0721,OTRAS PIEZAS Y ACCESORIOS PARA AUTO
0722,DIESEL
0722,GASOLINA REGULAR
0722,GASOLINA SUPER
0722,GASOLINA PLUS
0722,ACEITE DE TRANSMISION
0722,ACEITE PARA MEZCLA
0722,ACEITE PARA MOTOR
0722,ADITIVOS PARA COMBUSTIBLE
0722,AGUA PARA BATERIA DE CARRO
0722,ANTICONGELANTE
0722,LIQUIDO DE FRENOS O DE TRANSMISION
0722,LIQUIDOS REFRIGERANTES (COOLANT) Y ADITIVOS
0722,OTROS COMBUSTIBLES Y LUBRICANTES PARA EQUIPO DE TRANSPORTE PERSONAL
0723,AFINAMIENTO
0723,ALINEAMIENTO DE DIRECCION
0723,BALANCEO DE LLANTAS
0723,CALIBRACION DE VALVULAS
0723,"CAMBIO DE ACEITE, FILTRO Y ENGRASE"
0723,CAMBIO DE CLUTCH
0723,"CAMBIO DE EMPAQUES, RETENEDORES"
0723,CAMBIO DE FAJA DE DISTRIBUCION (EXCEPTO SI TIENE SISTEMA DE CADENA)
0723,CAMBIO DE FIBRAS
0723,ENDEREZADO Y PINTADO DE VEHICULOS
0723,FUGAS DE AGUA EN MANGUERAS O RADIADOR
0723,INSTALACION DE PARTES Y ACCESORIOS
0723,PULIMENTO DE PINTURA A VEHICULOS
0723,REPARACION DE PROBLEMAS DE GENERACION
0723,REPARACION Y MANTENIMIENTO DE BICICLETAS
0723,REPARACION Y MANTENIMIENTO DE CAJA DE CAMBIOS
0723,REPARACION Y MANTENIMIENTO DE CARROCERIA DE VEHICULOS
0723,REPARACION Y MANTENIMIENTO DE MOTOCICLETAS
0723,REPARACION Y MANTENIMIENTO DE NEUMATICOS DE VEHICULOS
0723,REPARACION Y MANTENIMIENTO DE PROBLEMAS ELECTRONICOS (SENSORES VARIOS)
0723,REPARACION Y MANTENIMIENTO DE RADIADOR
0723,REPARACION Y MANTENIMIENTO DE SISTEMA ELECTRICO EN VEHICULOS
0723,REPARACION Y MANTENIMIENTO O REVISION DEL AIRE ACONDICIONADO PARA VEHICULO
0723,REPARACION Y MANTENIMIENTO Y AJUSTE DE FRENOS
0723,"REVISION, REPARACION Y MANTENIMIENTO DE MOTOR"
0723,SOLDADURAS
0723,TAPIZADO DE ASIENTOS
0723,TRAMADO DE VEHICULOS
0723,TUNE-UP
0723,"OTROS SERVICIOS DE REPARACION, MANTENIMIENTO Y CONSERVACION DE VEHICULOS (HONORARIOS PAGADO A UN MECANICO)"
0723,LAVADO DE VEHICULOS
0723,LAVADO DE MOTOR Y CHASIS
0723,REVISION TECNICA DE VEHICULOS (INCLUYE REINSPECCION)
0721,RASTREO DE VEHICULO
0731,TRANSPORTE REGULAR EN TREN
0732,TRANSPORTE REGULAR COLECTIVO (TAXIS O CARROS PRIVADOS Y TAXI PIRATA)
0732,TRANSPORTE REGULAR BUS O MICROBUS ENTRE PROVINCIAS
0732,TRANSPORTE REGULAR PRIVADO EN TAXI
0732,TRANSPORTE REGULAR EN BUS DENTRO DE LA MISMA PROVINCIA
0732,TRANSPORTE REGULAR EN BUS DEL EXTERIOR
0732,SERVICIO EXPRESS (EXCLUSIVO TRANSPORTE)
0732,OTROS GASTOS DE TRANSPORTE REGULAR
0732,TRANSPORTE INTERURBANO EN BUS O MICROBUS (DENTRO DEL PAIS)
0732,TRANSPORTE TERRESTRE EN BUS FUERA DEL PAIS
0732,TRANSPORTE TERRESTRE EN TAXI DENTRO DEL PAIS
0732,TRANSPORTE TERRESTRE EN TAXI FUERA DEL PAIS
0732,OTROS SERVICIOS DE TRANSPORTE DE PASAJEROS POR CARRETERA
0733,TRANSPORTE INTERNACIONAL EN AVION O AVIONETA
0733,TRANSPORTE NACIONAL EN AVION O AVIONETA
0734,TRANSPORTE REGULAR EN FERRY
0734,TRANSPORTE REGULAR EN LANCHA
0734,TRANSPORTE AL EXTERIOR DEL PAIS POR VIA MARITIMA
0734,TRANSPORTE AL INTERIOR DEL PAIS POR VIA MARITIMA
0734,OTROS SERVICIOS DE TRANSPORTE DE PASAJEROS POR MAR O CURSOS INTERNOS
0721,DASH CAM
0612,COMPRA DE EQUIPO PARA ESTUDIANTES DE CARRERAS DE CIENCIAS DE LA SALUD
0111,Pan de agua
0111,Pan sobado
0111,Pan de leche
0111,Pan de mantequilla
0111,Pan baguette blanco
0111,Pan baguette integral
0111,Pan camarón
0111,Pan integral
0111,Pan telera
0111,Pan de pita
0111,Pan de sándwich rebanado blanco
0111,Pan de sándwich rebanado integral
0111,Pan de hot dog
0111,Pan de avena
0111,Pan de hamburguer
0111,Pan de cereal
0111,Pan de papa
0111,Pan dulce
0111,Pan de linaza
0111,Pan quimbo (rizo)
0111,Pan de ajonjolí
0111,Pan de puerro y cebolla
0111,Pan de anís
0111,Galletas con ajonjolí
0111,Galletas de harina / Galleta de manteca
0111,Galletas de soda
0111,Galletas dulces
0111,Galletas integrales
0111,Galletas María
0111,Galletas saladas
0111,Galletas de Avena / Granola
0111,Galletas de huevo
0111,Galletas de ajo
0111,Galletas rellenas de queso
0111,Pan de maíz entero
0111,Polvorones
0111,Palomitas de maíz para microondas
0111,Violados
0111,Dulces de harina rellenos
0111,Arepitas fritas
0111,Bienmesabe
0111,Lengüita
0111,Mantecados
0111,Masitas
0111,Conconete
0111,Cazabe
0111,Churros sin relleno
0111,Tortilla de maíz (para tacos)
0111,Pan de batata
0111,Pudín de pan
0119,Catibía de pollo
0119,Catibía de queso
0111,Croissant
0119,Quipe de pollo
0119,Quipe de queso
0119,Quipe de res
0119,Yaniqueques
0111,Pan de yautía
0111,Bizcocho envasado sin huevo
0111,Bizcocho envasado de chocolate
0111,Bizcocho envasado de limón
0111,Bizcocho envasado de vainilla
0111,Bizcocho envasado de zanahoria
0119,Pastelito de pollo
0119,Pastelito de res
0119,Pastelito de queso amarillo
0119,Pastelito de jamón y queso
0119,"Pastelito de queso, pollo y maíz"
0119,Quipes de camarón
0112,Croquetas de pollo y jamón
0112,Croquetas de chorizo
0111,Donas de pastel
0119,Bollitos en hojaldre de queso
0119,Bollitos en scone de queso
0119,Catibia de res
0111,Macarons
0111,Brownies
0111,Churros con dulce de leche
0111,Donas de azucar
0111,Arepa dulce
0111,Arepa salada
0112,Croquetas de pollo
0119,Pastelito de pollo y vegetales
0119,Palitos de ajo
0119,Empanada de carne de cerdo (tapao de cerdo)
0111,Dona de chocolate
0111,Bizcocho envasado de maíz
0111,Tortilla de trigo
0111,Pastelito de huevo
0111,Roquetas
0111,Pan de licor
0119,Pastelito de pollo y maíz
0119,Pastelito de pepperoni y queso
0119,Quipe precocido de res
0119,Croqueta precocida de queso
0111,Bizcocho envasado con mermelada
0111,Bizcocho entero de chocolate
0111,Bizcocho entero de vainilla
0111,Bizcocho entero con relleno
0111,Bizcocho tres leche entero
0119,Cazabe con ajo
0119,Catibía de jamón y queso
0111,Bollo de maíz con coco crudo
0111,"Masapan (Dulce) de leche condensada, leche en polvo, azucar pulverizada"
0111,Dona rellena de crema
0119,Catibía de cerdo
0111,Bollito de harina de maíz crudo
0111,Harinas de maíz
0111,Maicena (fécula de maíz) /Maicera (harina de maíz procesada)
0111,Harina de negrito (fécula de trigo)
0111,Harina de panqueques
0117,Harina de plátano
0111,Sémola de maíz
0111,Masa de pastelitos
0111,Masa para empanada de harina
0111,Harina integral
0111,Masa para pizza
0111,Masa para empanada de yuca
0111,Arroz súper-selecto o premium
0111,Arroz selecto
0111,Arroz corriente
0111,Gofio
0111,Avena en hojuela o entera
0111,Avena molida saborizada (Frescavena y otras)
0111,Cereales de arroz
0111,Cereales con frutas
0111,Cereales de trigo
0111,"Corn Flakes (incluye rice flakes, cereales de chocolates, frutas y demás)"
0111,Granola
0111,"Cereales integrales (corn flakes integral, bran flakes y demás)"
0111,Barra de cereales (de granola y otros)
0111,Trigo
0111,Germen de trigo
0111,Maíz en mazorca seco
0111,Maíz en grano
0111,Maíz para hacer rositas (palomitas)
0111,"Maíz triturado (para chaca, chenchén, etc.)"
0111,Maíz molido
0111,Avena integral
0111,Avena molida no saborizada
0111,Quínoa
0111,Coditos
0111,Fideos
0111,Spaghetti
0111,Tallarines
0111,Pastas integrales
0111,Lasagña
0111,Macarrones
0111,Macarroni & Cheese
0111,Espirales
0111,Mostachones
0111,Linguinis
0112,Bola de lomo
0112,Boliche limpio
0112,Cadera limpia
0112,Carne no. 7
0112,Carne preparada para bistec
0112,Rotí
0112,Pecho
0112,Filete
0112,Bistec de palomilla
0112,Pata de res
0112,Carne corriente de res
0112,Cabeza de res
0112,Hueso de vaca
0112,Costillas de res
0112,Carne molida de ternera
0112,Albondiga de res
0112,Pollo fresco
0112,Pollo congelado
0112,Pechuga de pollo
0112,Filete de pechuga (deshuesada) de pollo
0112,Muslos de pollo
0112,Alitas de pollo
0112,Carne molida de pollo
0112,Carne de gallina
0112,Carne de guinea
0112,Carne de pato
0112,Carne de pavo
0112,Pico y pala de pollo
0112,Asadura de pollo
0112,Escalopines de pollo
0112,Muslo de pavo
0112,Alas de pollo
0112,Pechuga de pavo (Cruda)
0112,Alas de pavo
0112,Lomo de Cerdo
0112,Masa de cerdo
0112,Pierna de cerdo
0112,Carne corriente de cerdo
0112,Carne de cabeza decerdo
0112,Capa de carne cerdo
0112,Chuleta de cerdo fresca
0112,Costillas-pecho de cerdo
0112,Patica de cerdo
0112,Filete de cerdo
0112,Escalopines de cerdo
0112,Carne de chivo
0112,Costillas de chivo
0112,Carne ahumada de pollo
0112,Carne de Chimichurri
0112,Hamburguesas para cocinar de carne
0112,Chuleta ahumada
0112,Lacón ahumado
0112,Tocino
0112,Carne de cerdo sazonada
0112,Carne de res sazonada
0112,Carne salada
0112,Costillita ahumada
0112,Nuggets de pollo crudo
0112,Chorizos
0112,Jamón ahumado
0112,Jamón bolo
0112,Jamón de pavo
0112,Jamón de pollo
0112,Jamón picnic
0112,Jamón serrano
0112,Jamoneta
0112,Longaniza
0112,Morcillas
0112,Salami corriente
0112,Salami súper especial
0117,Salami vegetal
0112,"Salchichas alemanas, suizas"
0112,Salchichas de carne de cerdo
0112,Salchichas de hot-dog
0112,Salchichas de freír
0112,Salchichas tipo Viena
0112,Salchichas de carne de pavo
0112,Salchicha italiana
0112,Pepperoni
0112,Salchicha de pollo
0112,Salami de pavo
0112,Salami de pollo
0112,Jamón Corriente
0112,Salami guisado en lata
0112,Pollo enlatado
0112,Pollos vivos
0112,Gallinas vivas
0112,Patos vivos
0112,Guineas vivas
0112,Cerdo vivo
0112,Rabo de res
0112,Bofe de res
0112,Corazón de res
0112,Hígado de res
0112,Mondongo de res
0112,Riñón de res
0112,Mondongo de res sancochado o cocido
0112,Hígado de pollo
0112,Molleja de pollo
0112,Rabo de cerdo
0112,Lengua de cerdo
0112,Mondongo de cerdo
0112,Entresijo de cerdo
0112,Patica de cerdo hervida
0112,Pipián
0112,Hígado de cerdo
0113,Bocayate
0113,Bonito
0113,Carite
0113,Chillo
0113,Cojinúa
0113,Colirubia
0113,Colorado
0113,Dorado
0113,Mero
0113,Picúa
0113,Róbalo
0113,Salmón
0113,Sardinas frescas
0113,Tilapia
0113,Banano
0113,Atún
0113,Camarones
0113,Cangrejo de mar
0113,Cangrejo de agua dulce (jaiba)
0113,Langosta y langostino
0113,Lambí
0113,Pulpo
0113,Pescado trucha
0113,Pescado lisa o anguila
0113,Pescado sable
0113,Pescado loro
0113,Cabeza de pescado
0113,Pescado puerco
0113,Pescado machuelo
0113,Arenque
0113,Filete de arenque
0113,Bacalao
0113,Filete de bacalao
0113,Sardinas en aceite
0113,Sardinas en agua y sal
0113,Sardinas en salsa de tomate
0113,Salmón ahumado enlatado
0113,Atún en trozo en aceite
0113,Atún en trozo en agua
0113,Atún desmenuzado en aceite
0113,Atún desmenuzado en agua
0113,Masa de cangrejo
0113,Albóndigas de pescado
0113,Filete de basa (pescado)
0113,Sardinas en salsa de coco
0114,Leche fresca o cruda de vaca
0114,Leche entera liquida con UHT
0114,Leche semidescremada liquida con UHT
0114,Leche descremada liquida con UHT
0114,Leche líquida con chocolate
0114,Leche líquida con vainilla
0114,Leche con avena envasado
0114,Leche entera liquida sin lactosa
0114,Leche descremada liquida sin lactosa
0114,Leche líquida saborizada sin lactosa
0114,Leche liquida pasteurizada (no UHT)
0114,Leche en polvo entera
0114,Leche en polvo semidescremada
0114,Leche en polvo descremada
0114,Leche evaporada
0114,Leche condensada
0114,"Leches reforzadas con hierro y minerales (fórmula infantil),"
0119,"Leche maternizada (sustituto de lactancia materna, hasta 1 año)"
0119,Suplementos alimenticios (Ensure y similares)
0114,Leche evaporada con sabor a queso
0114,Leche en polvo entera sin lactosa
0114,Queso cheddar amarillo
0114,Queso danés
0114,Queso blanco corriente
0114,Queso blanco de freír
0114,Queso crema
0114,Queso de hoja
0114,Queso de soya
0114,"Queso holandés (Geo, gouda y similares)"
0114,Queso mozzarella
0114,Queso picantino parmesano rallado
0114,Queso manchego
0114,Queso Azul
0114,Queso cheddar blanco
0114,Queso amarillo de freir
0114,Yogurt bebible saborizado
0114,Yogurt con trozos de frutas
0114,Yogurt bebible natural
0114,Boruga
0114,Yogurt batido
0114,Yogurt orgánico
0114,Leche de soya
0114,Leche de coco
0114,Leche de almendra
0114,Flan enlatado
0114,Flan entero
0114,Flan de leche en cajita
0114,Huevos criollos (gallina)
0114,Huevos de granja (gallina)
0114,Huevos de codorniz
0114,Huevos de pato
0114,Huevo de guinea
0115,Aceite de soya
0115,Aceite de coco
0115,Aceite de maní
0115,Aceite de canola
0115,Aceite de ajonjolí
0115,Margarina dietética
0118,Mantequilla de maní
0115,Mantequilla
0117,Plátano maduro
0117,Plátano verde
0117,Rulo
0116,Cereza
0116,Chinola
0116,Coco de agua
0116,Fresa
0116,Granadillo
0116,Guanábana
0116,Guayaba
0117,Guineo maduro (banano)
0117,Guineo verde (guineíto)
0116,Jagua
0116,Lechosa
0116,Zapote
0116,Limón agrio
0116,Limón dulce
0116,Limoncillo
0116,Manzana de oro
0116,Melón cantaloupe redondo
0116,Melón liso
0116,Naranja agria
0116,Naranja/china
0116,Toronja
0116,Uvas rojas
0116,Uvas verdes
0116,Níspero
0116,Pan de fruta
0116,Sandía (patilla)
0116,Cajuil
0116,Carambola
0116,Buen pan o castaña
0116,Trozos de caña
0116,Cranberry (fruta)
0116,Manzana roja
0116,Manzana verde
0116,Manzana amarilla
0116,Mamón
0116,Granada (fruta)
0116,Ciruela (fruta)
0116,Caimito
0116,Jobo
0116,Maní tostado
0116,Nueces y semillas surtidas
0116,Cocos secos
0116,Coctel de Frutas en almíbar
0119,Ajonjolí
0116,Ciruela deshidratada
0116,Pasa deshidratada
0116,Almendras
0116,Pistacho
0116,Manzana en conservas enlatadas
0116,Semillas de cajuil
0117,Habichuelas blancas secas
0117,Habichuelas negras secas
0117,Habichuelas pintas secas
0117,Habichuelas rojas secas
0117,Habichuelas verdes
0117,Habichuelas blanditas
0117,Frijolitos
0117,Guandules verdes en cáscara
0117,Guandules secos
0117,Guandules verdes desgranados
0117,Habas
0117,Arvejas
0116,"Maní con o sin cáscara, sin procesar"
0117,Guandules blanditos
0117,Habichuela Yacomelo
0117,Yautía amarilla
0117,Yautía blanca
0117,Yautía coco o pipiota
0117,Yuca
0117,Papas
0117,Mapuey
0117,Batata
0117,Cepa de apio
0117,Ñame diablón
0117,Ñame blanco
0117,Ñame amarillo
0117,Ají grande (cubanela)
0117,Ají gustoso o cachucha
0117,Ají picante
0117,Ají morrón
0117,"Apio planta, apio gusto"
0117,Rábano
0117,Auyama
0117,Tomates de ensalada
0117,Berenjena china
0117,Berenjena corriente
0117,Berro
0117,Brócolis
0117,Brócolis y coliflores congelados
0117,Cebolla blanca
0117,Cebolla roja
0117,Cebollín
0117,Pepino
0117,Puerro
0117,Repollo chino
0117,Repollo corriente
0117,Repollo morado
0117,Tayota
0117,Tomate Barceló o Bugalú
0117,Tomates chinos (cherry)
0117,Vainitas chinas
0117,Lechuga romana
0117,Lechuga repollada
0117,Zucchini
0117,Molondrones
0111,Maíz en mazorca tierno
0117,Ensalada cruda (Varias hortalizas)
0117,Remolacha hervida
0117,Vegetales mixtos empacados
0117,Aceitunas verdes con semillas
0117,Aceitunas verdes rellenas
0117,Alcaparrado (aceitunas y alcaparras)
0117,Alcaparras
0117,Garbanzos enlatados
0117,Guandules secos en lata
0117,Guandules verdes en lata
0117,Guisantes enlatados (petit-pois)
0117,Habichuelas blancas enlatadas (alubias)
0117,Habichuelas negras enlatadas
0117,Habichuelas rojas enlatadas
0117,Hongos y champiñones enlatados
0117,Maíz en mazorca envasado
0117,Maíz enlatado
0117,Pepinillos encurtidos
0117,Tomates en conserva o enlatados
0117,Vegetales mixtos enlatados
0117,Pimientos encurtidos
0117,Guandules con coco
0117,Habichuela negra con coco en lata
0117,Habichuela roja con coco en lata
0117,Apio en conserva
0117,Puré de papa deshidratado o instantáneo
0117,Papa pre cocida congelada
0117,Papas fritas (snack y picaderas)
0118,Azúcar blanca refinada
0118,Azúcar morena
0118,Azúcar dietética y sucedáneos del azúcar (Splenda y otros similares)
0118,Edulcorantes naturales (Fructosa y similares)
0118,Canquiña
0118,Melaza
0114,Dulce de coco
0118,"Mermeladas, dietéticas o no, jarabe de fructuosa"
0118,"Miel, polen y propóleo, jalea real"
0118,Habichuelas con dulce
0118,Majarete
0118,Dulce de maní
0118,Dulce de ajonjolí
0118,Suspiros
0118,Dulces de navidad surtidos
0118,Palitos de coco
0118,Dulce frío entero
0118,Pulpa de frutas
0118,Dulce de almendra
0118,Dulce de naranja agria
0118,Sirup para panques
0118,Dulce de coco con leche
0118,Dulce de cereza
0118,Gelatina preparada
0118,Mashmellow
0118,Majarete en polvo
0118,Soufflé de chinola
0118,Dulce de guayaba
0118,Jalao (dulce)
0118,Gomitas dulces
0118,Jalea de batata
0118,Dulce de piña
0118,Dulce de jagua
0111,Dulce de tres leche
0118,Esquimalito
0118,Frío frío
0118,Helados de fruta a base de leche
0118,Malteada (helados)
0118,Helados de sabores artificiales
0118,Helados caseros de todo tipo
0118,Hielo industrializado
0118,Hielo casero
0118,Helado en paleta en sabores artificiales
0118,Helado en paleta a base de leche
0118,Frappé de frutas
0118,Helado a base de yogurt (yogen fruz)
0118,Bombones y chocolates dulces
0118,"Caramelos, chicles"
0118,Chocolate amargo
0118,"Paletas, mentas"
0118,Sirope de chocolate
0118,Turrones
0118,Bombón relleno de nuez (pirulín)
0119,Sal molida refinada
0119,Sal marina
0119,Sal en grano
0119,Pimientos maduros en polvo
0119,Jengibre
0119,Perejil
0119,Albahaca
0119,Cilantro
0119,Cilantrico o verdura
0119,Hojas de Menta
0119,Romero
0119,Hierbabuena
0119,Ajinomoto
0119,Anís
0119,Canela en astilla
0119,Canelilla
0119,Clavo dulce
0119,Malagueta
0119,Nuez moscada
0119,Manzanilla
0119,Flor de tilo
0119,Pimienta en polvo
0119,Orégano en polvo
0119,Ajo en pasta
0119,Ajo en polvo
0119,Bija en polvo
0119,Bija entera en granos
0119,Canela en polvo
0119,Pimienta en granos
0119,Azafrán
0119,Agrio de naranja
0119,Alhucema
0119,Cilantro molido
0119,Diten o tomillo
0119,Hoja de ruda
0119,Hoja de sen
0119,Perejil seco el polvo
0119,Cilantro en grano
0119,Chía (semilla)
0119,Cúrcuma
0119,Linaza
0119,Semillas de girasol
0119,Kétchup
0119,Aderezos para sándwich
0119,Salsa BBQ
0119,Pasta de tomate(**)
0119,Salsa china
0119,"Salsa Alfredo, de queso y similares"
0119,Preparado líquido de Salsa de tomate (Ragú y similares)
0119,Salsa francesa
0119,Salsa picante
0119,Sazón en polvo
0119,Sazón líquido
0119,Vinagre dorado
0119,Vinagre blanco
0119,Vinagre balsámico
0119,Extracto de vainilla
0119,Pimentón rojo
0119,Vainilla blanca
0119,Vainilla negra
0119,Colorante vegetal
0119,Sobre de naranja agria en polvo
0119,Extracto de almendra
0119,Vinagre de manzana
0119,Caldo de pollo (Sopita Concentrada)
0119,Sopa instantánea (sopa china)
0118,Compota
0119,Cremas de vegetales
0114,Cremora
0118,Gelatina en polvo
0119,Snacks y picaderas de todo tipo (excepto papitas fritas)
0119,Suplementos alimenticios balanceados en polvo (proteínas)
0119,Caldo de pollo en polvo
0118,Fresalina
0119,Royal (levadura)
0119,"Sopa crema (Maggie, Knorr y similares)"
0119,"Sopa con fideo (Maggie, Knorr y similares)"
0122,Café soluble instantáneo
0118,Chocolate en barra
0118,Chocolate en bola
0118,Cacao en bola
0121,Jugo concentrado de chinola
0121,Jugo concentrado de fruit-punch
0121,Jugo concentrado de guayaba
0121,Jugo concentrado de naranja
0121,Jugo concentrado de piña
0121,Jugo concentrado de tamarindo
0121,Jugo concentrado de uva
0121,Jugo envasado de albaricoque
0121,Jugo envasado de chinola
0121,Jugo envasado de manzana
0121,Jugo envasado de melocotón
0121,Jugo envasado de naranja
0121,Jugo envasado de pera
0121,Jugo envasado de piña
0121,Jugo envasado de tamarindo
0121,Jugo envasado de toronja
0121,Jugo envasado de uvas
0121,Jugo envasado de coctel de frutas (fruit punch)
0121,Jugo envasado de cereza
0121,Jugo envasado de mango
0121,Jugo envasado de guayaba
0121,Jugo de fresa envasado
0121,Jugo envasado de limón
0121,Jugo envasado de guineo
0121,Jugo de sandía con limón envasado
0121,Jugo envasado de pera-piña
0121,Jugo envasado de kiwi
0311,Tela de algodón
0311,Tela de casimir
0311,Tela de dacrón
0311,Tela de gabardina
0311,Tela de lino
0311,Tela de lycra
0311,Tela de poliéster
0311,Tela de rayón
0311,Tela de Satín
0311,Tela de seda
0311,Tela de hilo
0311,Hilo de lana
0312,Sacos (chaquetas) para hombre
0312,Trajes para hombres
0312,Sacos (chaquetas) para mujer
0312,Conjunto de jeans para mujer
0312,Trajes o conjunto para mujeres
0312,Pantalón corto (shorts) o bermuda para hombre
0312,Pantalón en jeans para hombre
0312,Pantalón de vestir para hombre
0312,Pantalón sport o casual para hombre
0312,Pantalón corto (shorts) o bermuda para mujer
0312,Pantalón jeans para mujer
0312,Overol para mujer
0312,Pantalón de vestir para mujer
0312,Pantalón sport o casual para mujer
0312,Pantalón corto (shorts) o bermuda para niño y niña
0312,Pantalón jeans para niño y niña
0312,Overol para niño y niña
0312,Pantalón de vestir para niño y niña
0312,Pantalón sport o casual para niño y niña
0312,Chacabana de lino para hombre
0312,Camisa para hombre
0312,Camisa para mujer
0312,Blusa para mujer
0312,Blusa para niña
0312,Camisa para niño y niña
0312,T-shirt para hombre
0312,T-shirt para mujer
0312,T-shirt para niño y niña
0312,Poloshirt para hombre
0312,Poloshirt para mujer
0312,Poloshirt para niño y niña
0312,"T-shirt, franela para hombre"
0312,"T-shirt, franela para mujer"
0312,"T-shirt, franela para niño y niña"
0312,Sweater para hombre
0312,Sweater para mujer
0312,Sweater para niño y niña
0312,Conjunto para bebé
0312,Camisa para bebé
0312,Franela para bebé
0312,Jumsuit para bebé
0312,Jaquecitos para bebé
0312,Poloshirt para bebé
0312,Pantaloncitos para bebé
0312,Pantis para bebé
0312,Pijama para bebés
0312,Monos de dormir para bebé
0312,Medias para bebé
0312,Pantalones para bebé
0312,Abrigo para bebé
0312,Gorrito o cachucha para bebé
0312,Baticas para bebé
0312,Guantes para bebé
0312,Blusa para bebé
0312,Vestido para bebé
0312,Pantaloncillo para hombre
0312,Pantaloncillo para niño
0312,Bata de salir del baño para niño
0312,Camiseta de dormir para hombre
0312,Camiseta de dormir para niño
0312,Pantaloncillo tipo short (bóxer) para hombre
0312,Pantaloncillo tipo short (bóxer) para niño
0312,Pijama para hombre
0312,Pijama para niño
0312,Franela para hombre
0312,Franela para niño
0312,Faja entera para mujer
0312,Medio fondo para mujer
0312,Baby Doll/Negligee para mujer
0312,Body para mujer
0312,Body para niña
0312,Brasier para mujer
0312,Brasier de niña
0312,Bata para mujer
0312,Pantis para mujer
0312,Pantis para niña
0312,Pijama para mujer
0312,Pijama para niña
0312,Faja pantis para mujer
0312,Faja pantis para niña
0312,Medias largas de nylon para mujer
0312,Medias de nylon para mujer
0312,Medias pantis (Pantyhose) para mujer
0312,Medias pantis (Pantyhose) para niña
0312,Medias deportiva para mujer
0312,Medias deportiva para niña
0312,Medias de vestir para niñas
0312,Medias deportiva para hombre
0312,Medias deportiva para niño
0312,Medias de vestir para hombre
0312,Medias de vestir para niño
0312,Falda de mujer (no jeans)
0312,Falda de niña (no jeans)
0312,Falda jeans mujer
0312,Falda jeans de niña
0312,Uniforme escolar
0312,Vestido para niñas
0312,Conjunto de Jeans para niño y niña
0312,Ropa deportiva para hombre
0312,Ropa deportiva para mujer
0312,Ropa deportiva para niño y niña
0312,Conjunto para niño y niña
0312,Sello o distintivo escolar
0312,Traje de baño para hombre
0312,Traje de baño para mujer
0312,Traje de baño para niño y niña
0312,Uniforme de deporte (ropa deportiva escolar)
0312,Jumper (yompa) para mujer
0312,Jumper (yompa) para niña
0312,Jackets para hombre
0312,Vestido para mujer
0312,Enterizo jeans para mujer
0312,Enterizo jeans para niña
0312,Abrigo para mujer
0312,Abrigo para hombre
0312,Abrigo para niño y niña
0312,Enterizo de vestir para mujer
0312,Traje de niño
0313,Delantales
0313,Baberos
0313,Corbatas
0313,Gorro y cachucha
0313,Gorro y cachucha para niño y niña
0313,Pañuelos de mano
0313,Sombrero y boinas
0313,Correa de cuero
0313,Correa de material sintético
0313,Pañoletas
0313,Guantes de jardinería y trabajo (no de goma)
0313,Casco de motocicleta
0313,Bata de laboratorio
0313,Bufanda
0313,Correa de tela
0313,Cintas o centímetro
0313,Conito de hilo para coser
0313,Elásticos
0313,Encajes
0313,Zipper
0313,Hilo de tejer
0314,Confección de pantalones
0314,Confección de camisas
0314,Confección de faldas
0314,Confección de blusas
0314,Confección de vestido
0314,Confección de traje sastre
0314,"Zurcido, arreglo, reparación, modificación de prendas de ves"
0314,Reparación de correas
0314,Recorte de tela o retazo
0314,Lavado o limpieza de ropa de vestir
0314,Planchado de prendas de vestir
0314,Lavado y Planchado en lavandería
0451,Pago de contrato de electricidad
0451,Pago de factura de energía eléctrica
0451,Pago de re-conexión
0451,Pre-pago de electricidad
0452,Compra de tanques de gas (solo el recipiente)
0452,Adquisición de gas licuado en tanques de 100 libras o menos
0452,Regulador de gas
0453,Kerosén
0453,Trementina
0454,Carbón vegetal de leña
0454,Leña
0454,Cuaba
0611,"Analgésicos no narcóticos, antifebriles, antipirético"
0611,Antiartrósicos o antirreumáticos
0611,Antiinflamatorios no esteroides (AINE)
0611,Analgésicos oftálmicos (gotas para los ojos)
0611,Antiinflamatorios esteroides
0611,"Analgésicos - Antiinflamatorios tópicos (ungüento, gel )"
0611,Antimigrañosos
0611,Analgésicos narcóticos
0611,Antileprosos
0611,Antimicóticos vía oral
0611,Antivirales
0611,Medicamento oncológico
0611,"Antiparasitarios (Antichagásicos, antihelmínticos, antipalúdico )"
0611,Antiinfecciosos y antisépticos urinarios
0611,Antimicóticos oftálmicos
0611,Antibióticos tópicos
0611,Antimicóticos tópicos
0611,Antiinfecciosos vaginales
0611,Antibióticos
0611,Antiácidos
0611,Antidiarréicos
0611,Antidispéptico
0611,Antieméticos
0611,Antiespasmódicos
0611,Antiespasmódicos con analgésicos (ELIXIR)
0611,Antiflatulentos
0611,Antihemorroidales
0611,Antiinfecciosos gastrointestinales
0611,Antisépticos - Astringentes intestinales
0611,Antiulcerosos y antisecretores
0611,Laxantes/purgantes
0611,Enzimas pancreáticas
0611,Gastrocinéticos
0611,Restauradores de la flora intestinal
0611,Medicamento Digestivo
0611,Antiasmáticos
0611,Antigripales
0611,"Antitusivos,broncodilatadores, expectorantes y mucolíticos"
0611,Descongestivos para las vías respiratorias
0611,Humectantes de la mucosa nasal
0611,Oxigenadores
0611,Medicamentos para dejar el tabaquismo
0611,Corticosteroides
0611,Antialérgicos nasales
0611,Antialérgicos tópicos
0611,Antialérgicos y antihistamínicos
0611,Aminoácidos
0611,Complejo B
0611,Vitamina A
0611,Vitamina C
0611,Vitamina E
0611,Complejo B más vitamina C
0611,Complejo oseínico mineral
0611,Compuestos de calcio
0611,Emulsión de lípidos
0611,Oligometales endovenosos
0611,Suplementos de hierro
0611,Multivitamínicos
0611,Omega 3
0611,Vitamina B9 (ácido fólico)
0611,Vitamina D
0611,Vitamina K
0611,Aceite de bacalao
0611,Vitamina B12
0611,Fibra dietética
0611,"Antihipertensivos, hipotensores y vasodilatadores (medicamentos para la presión arterial)"
0611,"Antiarrítmicos, cardiotónicos, antianginosos, beta-adrenérgicos y betabloqueadores"
0611,"Antivaricosos - Capilaroprotectores, vasoprotectores"
0611,Diuréticos y antidiuréticos
0611,"Medicamento para el colesterol (estatina, lípidos, triglicéridos, grasa)"
0611,Rehidratantes orales (suero)
0611,Estimulantes de granulocitos y macrófagos
0611,Hormonas y antagonistas hormonales
0611,Anticonceptivos y anovulatorios
0611,Inductores de la ovulación
0611,Lubricantes vaginales
0611,Soluc. p/diálisis peritoneal y hemodiálisis
0611,Terapia de reemplazo hormonal (TRH)
0611,Antioxidantes
0611,Medicamento para tiroides
0611,Insulinas
0611,Prostaglandinas
0611,Estimulantes Sexuales
0611,Sueros e inmunoglobulinas
0611,Toxoides tetánicos
0611,"Ansiolíticos, hipnóticos y sedantes"
0611,Anticonvulsivos
0611,Antidepresivos
0611,Antiepilépticos
0611,Antineuríticos
0611,Antiparkinsonianos
0611,Antipsicóticos
0611,Antivertiginosos - Anticinetósicos
0611,Neurolépticos
0611,Tratamiento del Alzheimer
0611,Anestésicos odontológicos
0611,Gotas lubricantes oculares
0611,Antiacneicos
0611,Antiseborreicos
0611,Cicatrizantes
0611,Sangre lista para trasfundir
0611,Anticoagulantes
0611,Antihemofílicos
0611,Antitrombóticos
0611,Estimulante de la eritropoyesis
0611,Aceite de higuereta
0611,Medicamento para la diabetes (no insulina)
0611,Medicamento para la próstata
0611,Medicamento para Osteoporosis
0611,Productos Homeopáticos
0611,Gotas de oídos
0611,Medicamento para el higado
0611,Medicamento para oxigenar el cerebro
0611,Medicamento para los riñones
0611,Medicamentos para la artritis
0611,Medicamentos para las nauseas
0611,Retrovirales (VIH) tratamiento
0611,Gotas oftálmicas para el glaucoma
0611,Medicamentos para adenoides
0611,Medicamentos para el lupus
0611,Medicamento para la alopecia
0611,Medicamentos para adelgazar
0611,Medicamento para incontinencia urinaria
0612,Ácido bórico
0612,Agua oxigenada
0612,Alcanfor
0612,Alcohol isopropílico
0612,Bálsamo o ungüento
0612,Bay rum
0612,Bicarbonato de sodio
0612,Desinfectantes de heridas
0612,Mentol
0612,Prueba de embarazo (comprada en farmacia **)
0613,Medias ortopédicas
0613,Soportes para rodilla
0612,Algodón para usos varios
0612,Jeringas
0612,Botiquín
0613,Plantillas ortopédicas
0612,"Botella de raíces (curanderos, brujos, etc.)"
0612,Gasa
0612,"Vendas adhesivas o no adhesivas (parches adhesivos, vendas deportivas)"
0612,Curitas
0613,Tobillera ortopédica
0613,Muletas
0613,Soportes ortopédicos
0613,Calzado ortopédico
0613,Marcapasos
0612,Aparato para medir la glucemia (Medidor personal)
0612,Aparato para medir presión arterial
0613,Audífonos para personas con problemas de audición
0613,Anteojos de corrección sin prescripción médica (lentillas)
0613,Lentes de contacto sin prescripción médica
0613,Silla de rueda
0613,Placa metálica para pierna
0613,Placa metálica para cadera
0613,Anteojos de corrección con prescripción médica
0613,Lentes de contacto con prescripción médico
0613,Andador de adultos
0613,Férula ortopédica
0613,Yeso removible ortopédico
0612,Catéter
0613,Silla baño portátil para enfermos
0612,Nebulizador (aparato)
0613,Prótesis ortopédica
0721,Filtros
0721,Baterías para automóvil y motocicleta
0721,Motor completo de automóvil
0721,Bujías de automovil y motocicleta
0721,Radiador
0721,Discos de frenos
0721,Correas de automovil y motocicleta
0721,Válvula de motocicleta
0721,Transmisión
0721,Amortiguadores
0721,Anillas de motor
0721,Pistones
0721,Carburador
0721,Tubo para neumático de vehículo
0721,Cadena para motocicleta
0721,Catalina de motocicleta
0721,Pintura para vehículos
0721,Equipo de gas para vehículos
0721,Platos de fricción
0721,Discos de clutch
0721,Bombas de Frenos
0721,Puntas de eje
0721,Aros de vehículo
0721,Cristales de vehículo
0721,Rayos de motocicleta
0721,Tambor de freno
0721,Bandas de freno
0721,Parrilla de motocicleta
0721,Asientos de motocicleta
0721,Retrovisor
0721,Manecilla de clutch
0721,Válvula solenoide para el gas
0721,Sistema de pateo para vehículos automotor
0721,Pata de estacionamiento (Burro)
0721,Puños para timón
0721,Micas
0721,Bombilla led para vehículo
0721,Muffler
0721,Tanque de motocicleta
0721,Aros de motocicleta
0721,Tubo (bicicleta)
0721,Gomas o neumáticos de bicicleta
0721,Caja de bola (Bicicleta)
0721,Motor de arranque
0721,Sello del motor de vehículo
0721,Juego de retenedoras para vehículo
0721,Palanca de cambio
0721,Gomas o neumáticos de Automóvil o carro
0721,Gomas o neumáticos de motocicleta
0721,Cubre polvo de carro
0721,Cable de acelerador
0721,Cable de freno
0721,Bola esférica de carro
0721,Piña de motor
0721,Estribos de motocicleta
0721,Junta de motor
0721,Pitón del motor
0721,Gato hidráulico
0721,Bushing (busin)
0721,Pantallas delanteras y traseras (micas y faroles) de motocicleta o pasola
0721,Esprines de cloche de motocicleta o pasola
0721,Cloche de motocicleta o pasola
0721,Rolito de motocicleta o pasola
0721,Bobina de vehículo
0721,Crucetas de vehículo
0721,Tapa de ignición de vehículo
0721,Cable de ignición de vehículo
0721,Sistema de encendido de pasola
0721,Cadena para motor de vehículo
0721,Silenciador de muffler
0721,Puerta de vehículo
0721,Millero de vehículo
0721,Switch de encender vehículo
0721,Bomba de agua de vehículos
0721,Cable de Bateria
0721,Cilindro de motor
0721,Cigueñal de motor
0721,Plásticos para vehículo
0721,Esprines de automóvil
0721,Ignición de la corriente de vehículo
0721,Motor para motocicleta (Máquina)
0721,Forro de asientos de vehículos
0721,Termostato para motor de vehículo
0721,Junta de cilindro de automóvil
0721,Cable de Bujía
0721,Pantallas delanteras y traseras (micas y faroles) de automóvil
0721,Cables de luces para vehículo
0721,Guarda lodo
0721,Catre de goma
0721,Bomba hidráulica
0721,Abanico para vehículo
0721,Evaporador del vehículo
0721,Cable de cloche
0721,Retenedora de motor
0721,Tapabocina de vehíiculo (cubre gomas)
0721,Caja de la maquina de motocicleta
0721,Caja de bola (motocicleta)
0721,Sensor de temperatura (vehículo)
0721,Culata para motocicleta
0721,Barra estabilizadora para vehículo
0721,Bomba de gasoil
0721,Centro de cloché
0721,Extintor o extinguidor para equipo de transporte
0721,Falda de pasola
0721,Gas refrigerante de aire acondicionado
0721,Plásticos para motocicleta o pasola
0721,Frentil de automóvil
0721,Eje de cambio de motocicleta
0721,Junta de cilindro de motocicleta o pasola
0721,Terminales o links de vehículo
0721,Manubios de cristal de automovil
0721,Tren delantero
0721,Asientos de automóvil
0721,Selenio para motocicleta
0721,Manguera para vehículo de motor
0721,Tapa de tanque de combustible para motocicleta
0721,Palanca de freno (motocicleta)
0721,Goma de reposapiés para motocicleta
0721,Tuerca de vehículo
0721,Escobillas limpiavidrio para vehículo
0721,Regulador de combustible para motocicleta
0721,Silicón para vehículo
0721,Bomba para el aceite del motor
0722,Gasolina regular
0722,Gasolina premium
0722,Gas licuado (GLP)
0722,Gasoil regular
0722,Gasoil premium
0722,Aditivo para combustible
0722,Gas natural
0722,Aceite lubricante para motor de vehículo
0722,Líquido de freno
0722,Coolant
0722,Aditivo para motor
0722,Aceite hidráulico
0723,Brillado de pintura de vehículo
0723,Lavado del vehículo
0723,"Reparación de la carrocería completa y piezas, desabolladura y pintura"
0723,Alineación y balanceo
0723,Reparación de bicicletas para transporte o deportiva
0723,"Servicio de reparación motor de vehiculos (anillado, reparar pistones, cadena de tiempo y poleas de la correa)"
0723,"Servicio de reparación de gomas (pinches, cambio de válvulas de aire)"
0723,Servicio de lavado a presión de motor
0723,Servicio de engrase y sopleteo
0723,"Servicio de mantenimiento de vehículos (cambio de aceite, líquido de frenos, bujías, filtros, etc.)"
0723,"Instalación de accesorios del vehículos (Jalón de remolque, defensas, estribos, etc.)"
0723,Instalación de alarmas de vehículos
0723,Tapicería de asientos de vehículos
0723,Servicio de reparación de cerradura de autos
0723,Reparación de aire acondicionado de vehículo
0723,Reparación de radiador
0723,Reparación de transmisión
0723,Reparación de tren delantero
0723,Servicio de electricidad de vehículo
0723,Reparación de freno
0723,Reparación de mufflers
0723,Reparación de rodamiento
0723,Reparación de cremalleras
0723,Reparación de tanque de motocicleta
0723,Servicio de reparación de motor de motocicleta o pasola
0723,Reparación de bomba de combustible
0723,Servicio de Instalación de bandas de freno
0723,Reparación de chasis
0723,Instalación de sistema de gas
0723,Reparación de batería de vehículo
0723,Reparación de bomba hidráulica
0723,Instalación de rayos
0723,Cambio de inyectores de vehículo
0723,Reparación de cama de vehículo
0723,Servicio de reparación de convertidor de gas
0723,Cambio de válvula solenoide para el gas
0723,"Chequeo del vehículo (Diagnóstico mecánico, eléctrico, escáner)"
0731,Metro
0732,Carro público (de concho)
0732,Autobús (guagua) OMSA
0732,Autobús urbano y suburbano (incluye guagua y minibus)
0732,Motoconcho (en motocicleta)
0732,Taxi urbano y suburbano
0732,Transporte de pasajero urbano y suburbano en camioneta
0732,Transporte en vehículos de la empresa
0732,Pasajes por viajes en guaguas sindicalizadas (no expreso) / guaguas voladoras
0732,Pasajes por viajes en guaguas sindicalizadas de expreso
0732,"Pasajes viajes por guaguas de empresas privadas (Metro, Caribe Tours y similares)"
0732,Transporte de pasajero interurbano en camioneta
0732,Transporte de pasajero interurbano en motocicleta
0732,Taxi interurbano
0732,Transporte en vehículos alquilado con chofer
0732,Servicio de transporte escolar
0732,Transporte universitario
0733,Pasaje de avión
0735,Transporte combinado de metro y teleférico
0735,"Transporte de turismo, pagado por separado (trenes, lanchas, barcos)"
0732,Servicio de transporte en animal
0111,Masa de maíz
0111,Tortilla de maíz
0111,Tostadas
0111,Otros productos de maíz
0111,Tortilla de harina
0111,Pasta para sopa
0111,"Pan blanco: bolillo, telera, baguete, etcétera"
0111,Pan dulce en piezas
0111,Pan dulce empaquetado
0111,"Pan para sándwich, hamburguesa, hot-dog y tostado"
0111,Pasteles y pastelillos en piezas o a granel
0111,Pasteles y pastelillos empaquetados
0111,Otros productos de trigo
0111,Arroz en grano
0111,Otros productos de arroz
0111,"Cereal de maíz, de trigo, de arroz, de avena, de granola, etcétera"
0119,"Botanas: frituras, palomitas, cheetos, doritos etcétera (excepto papas)"
0119,Sopas instantáneas
0111,Otros cereales
0112,Bistec de res (de cualquier parte que se saque)
0112,"Arrachera, filete"
0112,Milanesa de res
0112,Chamorro de res
0112,Chuleta de costilla de res
0112,"Agujas, aldilla, chambarete, diezmillo, espinazo, fajilla de res para asar, retazo, tampiqueia"
0112,Cocido de res
0112,Cortes especiales de res
0112,Hamburguesas de res para asar
0112,Molida de res
0112,Pulpa de res en trozo
0112,Carne de otras partes de la res
0112,Vísceras de res
0112,Bistec de puerco (de cualquier parte que se saque)
0112,Pierna de puerco en trozo
0112,Pulpa de puerco en trozo
0112,Molida de puerco
0112,Costilla y chuleta de puerco
0112,Espaldilla de puerco
0112,Codillo de puerco
0112,Carne de otras partes del puerco
0112,Vísceras de puerco
0112,Carne enchilada
0112,Chicharrón de puerco
0112,Chorizo con cualquier condimento y color y longaniza
0112,Chuleta ahumada de puerco
0112,Machaca y carne seca
0112,Jamón de puerco
0112,"Mortadela, queso de puerco y salami, bolonia de carnes surtidas"
0112,Lardo procesado (tocino)
0112,Salchichas y salchichón
0112,Otras carnes procesadas
0112,"Pierna, muslo o pechuga de pollo con hueso"
0112,"Pierna, muslo o pechuga de pollo sin hueso"
0112,"Pollo entero o en piezas excepto, pierna, muslo y pechuga"
0112,Vísceras y otras partes del pollo
0112,"Chorizo de pollo, jamón y nugget, salchicha, mortadela, etcétera"
0112,Borrego: carnero y borrego
0112,Chivo y cabrito
0112,"Otras carnes: caballo, conejo, iguana, jabalí, rana, tortuga, venado"
0113,Pescado entero limpio y sin limpiar
0113,Filete de pescado
0113,Atún enlatado
0113,Salmon y bacalao procesado
0113,"Pescado ahumado, seco, nugget, sardina, etcétera"
0113,"Anguilas, angulas, hueva de pescado, mantarraya, pejelagarto, etcétera"
0113,Camarón fresco
0113,Mariscos frescos
0113,Mariscos procesados
0114,Leche pasteurizada de vaca
0119,Leche modificada o maternizada
0114,Leche no pasteurizada (leche bronca)
0114,"Otras leches: de burra, de cabra, de soya"
0114,Queso amarillo en rebanadas o para untar
0114,Queso añejo y cotija
0114,Queso chihuahua
0114,Queso fresco
0114,Queso oaxaca o asadero
0114,Crema
0114,Bebidas fermentadas de leche
0114,Otros derivados de la leche
0114,Huevo de gallina blanco y rojo
0114,"Otros huevos: codorniz, pata, pava etcétera"
0115,"Aceite vegetal: canola, cártamo, girasol, maíz, etcétera"
0115,"Aceite de coco, oliva, soya"
0115,Manteca de puerco
0115,"Otros aceites: de bacalao, de tiburón, de tortuga, enjundia"
0117,Betabel y camote
0117,Papa
0117,Otros tubérculos
0117,Harina para pure de papa
0117,Papas fritas en bolsa o a granel
0117,"Acelgas, espinacas y verdolagas"
0117,Calabacita y calabaza
0117,Cebolla
0117,Chayote
0117,Chácharo
0117,Chile jalapeño
0117,Chile poblano
0117,Chile serrano
0117,Otros chiles
0117,Col y repollo
0117,Ejote
0111,Elote
0119,Epazote
0117,Jitomate
0117,Nopal
0119,Perejil y yerbabuena
0117,Tomate verde
0117,Otras verduras
0111,"Germinados de maíz, de soya, de trigo"
0117,Chiles envasados
0117,Chile secos o en polvo
0117,Verduras y legumbres envasadas
0117,Verduras y legumbres congeladas
0117,Frijol en grano
0117,Garbanzo en grano
0117,Haba amarilla o verde en grano
0117,Lenteja en grano
0117,Otras leguminosas en grano
0117,Frijol procesado
0117,Otras leguminosas procesadas
0119,Semillas a granel
0119,Semillas envasadas
0119,Semillas procesadas
0116,"Anona, chirimoya, guanábana"
0116,"Cereza, frambuesa, fresa, zarzamora"
0116,"Chabacano, durazno, melocotón"
0116,Chicozapote y mamey
0116,Ciruela y jobo
0116,Lima
0116,"Mandarina, nectarina, tangerina"
0116,Manzana y perón
0116,Melón
0116,Pitahaya y tuna
0117,Plátano macho y de castilla
0117,Plátano verde y tabasco
0117,"Otros plátanos (chiapas, dominico, guineo, manzano, dorado, portalimon y roatan)"
0116,Sandia
0116,Uva
0116,"Otras frutas: garambullo, granada, higo, jícama, kiwi, etcétera"
0116,Frutas en almíbar y conserva
0116,"Frutas cristalizadas, enchiladas y secas"
0118,Azúcar blanca y morena
0118,Miel de abeja
0118,Otras azucares y mieles
0122,Café tostado en grano molido
0122,Café tostado soluble
0118,Chocolate en tableta
0118,Chocolate en polvo
0118,Otros chocolates
0119,Canela
0119,Clavo
0119,Yerbas de olor
0119,Concentrados de pollo y tomate
0119,Mole en pasta o en polvo
0119,Salsas dulces y picantes
0119,"Otros aderezos, especies y salsas"
0119,"Cereal de arroz, avena, plátano, manzana, mixto para bebe"
0119,Papillas para bebe
0119,Jugos de frutas y verduras de cualquier combinación para bebe
0119,Pizzas preparadas
0119,Barbacoa y birria
0119,Carnitas
0119,Pollo rostizado
0119,"Otros alimentos preparados: atole, flautas, guisados, hot-dog, emparedados, sopas, tacos, tamales, tortas, sopes, menudo, pozole, arroz con leche, etcétera"
0117,"Hongos frescos: champiñones, huitlacoche y setas"
0112,"Insectos: chapulines, chinicuiles, escamoles, gusanos de maguey, hormigas (chicatana), jumiles"
0118,"Flanes, gelatinas y pudines en polvo"
0114,"Cajetas, dulces de leche, jamoncillos y natillas"
0118,"Ates, crema de cacahuate, jaleas, mermelada"
0118,"Helados, nieves y paletas de hielo"
0118,Otras golosinas
0121,Agua preparada y jugos naturales
0121,Jugos y néctares envasados
0731,Metro o tren ligero
0732,Autobus
0731,Trolebús o metrobus
0732,"Colectivo, combi o microbus"
0732,"Taxi, radio-taxi (sitio)"
0732,Autobus foraneo
0734,"Otros transportes: lancha, panga o peaje"
0722,Gasolina Magna
0722,Gasolina Premium
0722,Diesel y gas
0722,Aceites y lubricantes
0723,Reparación de llantas
0723,Lavado y engrasado
0723,"Otros servicios: encerado, inflado de llantas, etcétera"
0452,Gas licuado de petróleo
0453,Petróleo
0453,Diesel
0454,Carbón
0455,Combustible para calentar
0454,"Otros combustibles: cartón, papel, etcétera"
0312,Pantalones para niño de 0 a 4 años
0312,"Trajes, sacos, conjuntos, abrigos, gabardinas e impermeables para niño de 0 a 4 años"
0312,Camisas para niño de 0 a 4 años
0312,Playeras para niño de 0 a 4 años
0312,Camisetas para niño de 0 a 4 años
0312,"Suéteres, sudaderas y chambritas para niño de 0 a 4 años"
0312,Pants para niño de 0 a 4 años
0312,Trusas y bóxer para niño de 0 a 4 años
0312,"Calcetines, calcetas y tines para niño de 0 a 4 años"
0312,Calzones de hule para niño de 0 a 4 años
0314,"Telas, confecciones y reparaciones para niño de 0 a 4 años"
0313,"Otras prendas de vestir: baberos, delantales, fajillas, batas, pijamas, etcétera para niño de 0 a 4 años"
0312,Pantalones para niña de 0 a 4 años
0312,"Trajes, sacos, conjuntos, abrigos, gabardinas e impermeables para niña de 0 a 4 años"
0312,Vestidos y faldas para niña de 0 a 4 años
0312,Playeras para niña de 0 a 4 años
0312,Camisetas para niña de 0 a 4 años
0312,"Suéteres, sudaderas y chambritas para niña de 0 a 4 años"
0312,Blusas para niña de 0 a 4 años
0312,Pants para niña de 0 a 4 años
0312,Pantaletas para niña de 0 a 4 años
0312,"Calcetas, tobilleras y tines para niña de 0 a 4 años"
0312,Calzones de hule para niña de 0 a 4 años
0314,"Telas, confecciones y reparaciones para niña de 0 a 4 años"
0313,"Otras prendas de vestir: baberos, delantales, fajillas, batas, pijamas, etcétera ( para niña de 0 a 4 años"
0312,Pantalones para niño de 5 a 17 años
0312,Camisas para niño de 5 a 17 años
0312,Playeras para niño de 5 a 17 años
0312,"Trajes, sacos, abrigos, gabardinas e impermeables para niño de 5 a 17 años"
0312,Chamarras para niño de 5 a 17 años
0312,Suéteres y sudaderas para niño de 5 a 17 años
0312,Trusas y bóxer para niño de 5 a 17 años
0312,Camisetas para niño de 5 a 17 años
0312,"Calcetines, calcetas y tines para niño de 5 a 17 años"
0312,Pants para niño de 5 a 17 años
0314,"Telas, confecciones y reparaciones para niño de 5 a 17 años"
0312,"Otras prendas de vestir para hombre: corbatas, batas, pijamas, etcétera para niño de 5 a 17 años"
0313,Pantalones para niña de 5 a 17 años
0312,Blusas para niña de 5 a 17 años
0312,Playeras para niña de 5 a 17 años
0312,"Trajes, sacos, conjuntos, abrigos, gabardinas e impermeables para niña de 5 a 17 años"
0312,Vestidos para niña de 5 a 17 años
0312,Faldas para niña de 5 a 17 años
0312,Suéteres y sudaderas para niña de 5 a 17 años
0312,Chamarras para niña de 5 a 17 años
0312,"Calcetas, tobilleras, tines y mallas para niña de 5 a 17 años"
0312,Pantaletas y fajas para niña de 5 a 17 años
0312,Brassieres para niña de 5 a 17 años
0312,Fondos y corpiños para niña de 5 a 17 años
0312,"Medias, pantimedias y tobimedias para niña de 5 a 17 años"
0312,Pants para niña de 5 a 17 años
0314,"Telas, confecciones y reparaciones para niña de 5 a 17 años"
0312,"Otras prendas de vestir para mujer: rebozo, pijamas, camisones, batas, etcétera para niña de 5 a 17 años"
0312,Pantalones para hombre de 18 o más años
0312,Camisas para hombre de 18 o más años
0312,Playeras para hombre de 18 o más años
0312,"Trajes, sacos, conjuntos, abrigos, gabardinas e impermeables para hombre de 18 o más años"
0312,Suéteres y sudaderas para hombre de 18 o más años
0312,Chamarras para hombre de 18 o más años
0312,Trusas y bóxer para hombre de 18 o más años
0312,Camisetas para hombre de 18 o más años
0312,"Calcetines, calcetas y tines para hombre de 18 o más años"
0312,Pants para hombre de 18 o más años
0314,"Telas, confecciones y reparaciones para hombre de 18 o más años"
0312,"Otras prendas de vestir para hombre: corbatas, batas, pijamas, etcétera para hombre de 18 o más años"
0312,Pantalones para mujer de 18 o más años
0312,Blusas para mujer de 18 o más años
0312,Playeras para mujer de 18 o más años
0312,"Trajes, sacos, conjuntos, abrigos, gabardinas e impermeables para mujer de 18 o más años"
0312,Vestidos para mujer de 18 o más años
0312,Faldas para mujer de 18 o más años
0312,Suéteres y sudaderas para mujer de 18 o más años
0312,Chamarras para mujer de 18 o más años
0312,"Calcetas, tobilleras, tines y mallas para mujer de 18 o más años"
0312,Pantaletas y fajas para mujer de 18 o más años
0312,Brassieres para mujer de 18 o más años
0312,Fondos y corpiños para mujer de 18 o más años
0312,"Medias, pantimedias y tobimedias para mujer de 18 o más años"
0312,Pants para mujer de 18 o más años
0314,"Telas, confecciones y reparaciones para mujer de 18 o más años"
0312,"Otras prendas de vestir para mujer: rebozos, pijamas, camisones, batas, etcétera para mujer de 18 o más años"
0313,Diademas
0313,"Sombreros, gorros y cachuchas"
0312,"Uniformes y prendas de vestir para actividades educativas, artísticas y deportivas"
0312,Prendas de vestir para eventos especiales derivados de la educación
0314,"Telas, confecciones y reparaciones"
0314,"Telas, confecciones y reparaciones de artículos anteriores"
0313,"Hilos, hilazas y estambres"
0611,"Medicamentos recetados, durante el embarazo"
0611,"Vitaminas y complementos alimenticios, durante el embarazo"
0611,"Hierbas medicinales, remedios caseros, etcétera, durante el embarazo"
0611,"Medicamentos recetados para: diarrea, infecciones y malestar estomacal"
0611,Medicamentos recetados para: gripe
0611,Medicamentos recetados para: piel
0611,Medicamentos recetados para: alergias
0611,Medicamentos recetados para: tos
0611,Medicamentos recetados para: infecciones de la garganta
0611,Medicamentos recetados para: fiebre
0611,Medicamentos recetados para: inflamación
0611,Medicamentos recetados para: otras infecciones (antibióticos)
0611,Medicamentos recetados para: dolor de cabeza y migraña
0611,Medicamentos recetados para: otro tipo de dolores
0611,Medicamentos recetados para: presión arterial
0611,Medicamentos recetados para: diabetes
0611,Medicamentos recetados para: vitaminas
0611,Medicamentos recetados para: anticonceptivos
0611,Otros medicamentos recetados
0611,Medicamentos y productos para el control de peso
0611,Medicamentos recetados y material de curación
0611,"Medicamentos sin receta para: diarrea, infecciones y malestar estomacal"
0611,Medicamentos sin receta para: gripe
0611,Medicamentos sin receta para: piel
0611,Medicamentos sin receta para: alergias
0611,Medicamentos sin receta para: tos
0611,Medicamentos sin receta para: infecciones de la garganta
0611,Medicamentos sin receta para: fiebre
0611,Medicamentos sin receta para: inflamación
0611,Medicamentos sin receta para: otras infecciones (antibióticos)
0611,Medicamentos sin receta para: dolor de cabeza y migraña
0611,Medicamentos sin receta para: otro tipo de dolores
0611,Medicamentos sin receta para: vitaminas
0611,Medicamentos sin receta para: presión arterial
0611,Medicamentos sin receta para: diabetes
0611,Medicamentos sin receta para: anticonceptivos
0611,Otros medicamentos sin receta
0612,"Algodón, gasas, vendas, etcétera."
0611,"Alcohol, merthiolate, solución antiséptica, etcétera"
0611,"Medicamento naturista, hierbas medicinales, remedios caseros"
0611,Medicamento homeopático
0613,Anteojos y lentes de contacto
0613,Aparatos para sordera
0613,"Aparatos ortopédicos y para terapia, silla de ruedas, andadera, muletas, etcétera"
0452,Tanque de gas e instalación
0731,Transporte ferroviario
0733,Transporte aéreo
0721,Llantas
0721,Acumulador
0721,"Refacciones: bujías, bandas, filtros, etcétera"
0721,"Partes de vehículos: vidrios, salpicaderas, etcétera"
0721,"Accesorios: espejos, manijas, antenas, etcétera"
0723,"Servicios de afinación, alineación y balanceo"
0723,"Otros servicios: ajuste de motor, de frenos, hojalatería, pintura, etcétera"
0451,Energía eléctrica
0452,Gas natural
0111,Biscochos
0111,Galletas de soda (envasada)
0111,Galletas de soda (a granel)
0111,Galleta dulce (envasada)
0111,Galleta dulce (a granel)
0111,Galleta de agua
0111,Galleta todo tipo (rellenitas de todo)
0111,Pan baguette
0111,Pan bico
0111,Pan bollo
0111,Pan carioca (especial)
0111,Pan de yema (especial)
0111,Pan de molde envasado
0111,Pan dulce (chancay)
0111,Pan de papa (papa-pan)
0111,Pan de manteca
0111,Pan de cebada
0111,Pan latachuta
0111,"Pan de leche (colisa, chileno)"
0111,Pan de camote (camote-pan)
0111,Pan familiar
0111,Pan frances
0111,Pan popular
0111,Pan tolete (labranza)
0111,Pan batido (marraqueta)
0111,"Panes, otros (shute y de chirimoya)"
0111,Panetones
0111,"Pasteles corrientes (alfajor,cachito,milhojas,etc)"
0111,"Pasteles especiales (biscotela,chantilly,chocolate)"
0111,Pasteles similares (churros)
0119,Pizzas
0111,Queques
0111,Tortas
0111,Tostadas a granel
0111,Tostadas envasada
0111,"Otros pasteles y dulces (cachanga,pudin)"
0111,Otros productos de panaderia
0111,Pan corriente o comun
0111,Pan cuay
0111,Pan chapla
0111,King kong
0111,Pan taparaco
0111,Pan torta
0111,Pan charqui
0111,Pan huaro
0111,Pan de torata
0111,Arroz corriente a granel
0111,Arroz superior
0111,Arroz extra
0111,Arroz familiar
0111,Avena a granel
0111,Avena envasada
0111,Canigua entera
0111,Cebada entera tostada
0111,Cebada entera
0111,Centeno (grano seco)
0117,Harina de quinua
0117,Harina de cebada
0111,Harina de trigo o cebada tostada (macro)
0111,Harina sin prep. de trigo (envasada)
0111,Harina sin prep. de trigo (a granel)
0111,Harina de maiz (chochoca)
0111,Polenta (harina de maiz)
0111,Harina prep. de trigo (envasada)
0111,Harina de trigo (a granel)
0111,Harina de centeno
0111,Maicillo molido
0111,Maiz (jora)
0111,Maicena envasada (maiz)
0111,Maicena suelta (maiz)
0111,Maiz amarillo (cancha)
0111,Maiz blanco corriente (cancha)
0111,Maiz pardo cancha
0111,Maiz hojuelas (corn flakes)
0111,Maiz morado
0111,Maiz pelado (mote)
0111,"Maiz reventon (americano, pop-corn)"
0111,Maiz tostado (cancha)
0111,Maiz otras variedades
0111,Malta
0111,Moron
0111,Quinua hojuelas (flakes)
0111,Quinua entera
0111,Semola a granel
0111,Semola  (envasada)
0111,Trigo grano entero
0111,Trigo pelado (mote)
0111,Trigor (trigo chancado)
0111,Otras harinas de cereales y derivados
0111,Fideos tallarin (a granel)
0111,Fideos tallarin envasados
0111,Fideos env. popular
0111,Fideos a granel
0111,Otros fideos ( envasados)
0111,Macarrones (pasta)
0111,Ravioles (pastas)
0111,Wantan
0111,Pastas diversas
0111,Otros cereales y derivados (kiwicha)
0111,Tallarin de casa
0111,Maiz cachin
0111,Trigo remojado
0111,Maiz blaco cuzco (cancha)
0111,Maiz chulpe o paccho (cancha)
0111,Trigo resbalado (shambar)
0111,Harina de maiz
0111,Polenta a granel
0112,Carne de alpaca
0112,Cabeza o pata de alpaca
0112,Mondongo de alpaca
0112,Cabra; carne
0112,Mondongo de caprino
0112,Cabrito; carne
0112,Higado de carnero (incl.lengua)
0112,Cabeza o pata de carnero
0112,Mondongo de carnero
0112,"Carnero, chuleta"
0112,"Carnero, pierna, brasuelo"
0112,Carne de carnero
0112,Higado de chancho (incl. lengua)
0112,Cabeza o pata de chancho
0112,"Chancho, testa"
0112,Carne de chancho
0112,Pellejo
0112,"Chancho, chuleta, pierna"
0112,"Chancho, lomo"
0112,Conejo; carne
0112,Cuy; carne
0112,Gallina eviscerada
0112,Menudencia de gallina
0112,Pollo con visceras (entero)
0112,Llama; carne
0112,Mondongo de llama
0112,Cabeza o pata de llama
0112,Mono (carne)
0112,Paloma
0112,Pato (eviscerado)
0112,Pavo
0112,"Menudencia de pato, pavo, etc."
0112,Pichon de paloma domestico (carne)
0112,Pollo eviscerado
0112,Pierna de pollo
0112,Menudencia de pollo
0112,Milanesa de pollo
0112,Otras carnes de aves
0112,Sangre de aves
0112,Rana: carne
0112,Bofe de res (pulmon)
0112,Higado de res
0112,Cola de res
0112,Res; asado
0112,Res; bisteck
0112,Res; carne sin hueso
0112,Res; churrasco
0112,Res; lomo
0112,Res; sancochado
0112,Corte unico de res
0112,Sachavaca; carne
0112,Sajino; carne
0112,Tortuga; carne
0112,Venado; carne
0112,Mondongo nep
0112,Alpaca; charqui
0112,Alpaca; carne seca o cecina
0112,Alpaca; chalona
0112,Cabra: carne seca o cecina
0112,Carnero; chalona
0112,Carnero; carne seca o cecina
0112,Costillas ahumadas (chancho)
0112,Chancho; carne seca o cecina
0112,Hot dog
0112,Tocino ahumado
0112,Chorizo
0112,Jamonada
0112,Jamon del pais
0112,Relleno de chancho
0112,Chicharron de prensa
0112,Queso de chancho
0112,Pate de higado
0112,Salchicha (tipo natural)
0112,Chicharron de chancho
0112,"Huangana; carne seca (cecina), charqui"
0112,Llama; charqui
0112,Llama: carne seca o cecina
0112,Llama: chalona
0112,Res; carne seca (cecina)
0112,Res; chalona
0112,Carne en conserva (enlatada)
0112,Carne seca nep
0112,Cecina nep
0112,Chalona nep
0112,Charqui nep
0112,Embutidos diversos
0119,Empanadas de carne
0119,Empanadas de pollo
0119,Empanadas rellenas
0112,Animales vivos para consumo
0112,Animales vivos para autoconsumo (crianza)
0112,"Higado y molleja de pollo (automercado, congelado)"
0112,Corazon de res
0112,Jamon ingles
0112,Jamon prensado (huaraz)
0112,Criadilla
0112,Rinon
0112,Ceso de res
0112,Ceso de carnero
0112,Carachapa carne (roedor)
0112,Menudencia de taricaya motelo (totuga)
0112,Higado de pollo
0112,Sangre de carnero
0112,Sangre de otras reses
0117,Algas serranas
0117,Algas marinas
0113,Almejas
0113,Calamar-pota
0113,Camaroncito seco (chino)
0113,Cangrejos
0113,Caracoles
0113,Choros
0113,Conchas negras
0113,Conchas blancas
0113,"Conchita, palabritas frescas (norte)"
0113,"Conchita, palabritas saladas (norte)"
0113,"Conchitas, (maruchas frescas)"
0113,"Conchitas, (maruchas secas)"
0113,Erizo
0113,Hueveras de pescado(caviar)
0113,Langosta de mar
0113,Langostino
0113,Lapas (mariscos)
0113,Machas secas
0113,Machas frescas
0113,"Mariscos en conserva (cholgas,etc.)"
0113,Mejillon
0113,Muy-muy
0117,Yuyos marinos
0113,Otros moluscos y mariscos
0113,Aguarachi
0113,Aguja
0113,Albacora
0113,Atun
0113,Bacalao seco (pescado)
0113,Bacalao fresco
0113,Bagre
0113,Bonito fresco
0113,Bonito seco o salada
0113,Caballa fresca
0113,Caballa congelada
0113,Caballa seca o salada
0113,Cabrilla
0113,Cachema o ayanque
0113,Cachema o ayanque seco
0113,Carachama
0113,Cabinza
0113,Chauchilla (bonito chico)
0113,Chavelo
0113,Chita
0113,Cojinova
0113,Congrio
0113,Corvina
0113,Corvinilla
0113,Doncella
0113,Gamitana
0113,Guitarra fresca
0113,Guitarra seco (salado)
0113,Julilla
0113,Jurel
0113,Lenguado
0113,Life
0113,Liza
0113,Lorna
0113,Machete
0113,Mojarrilla
0113,Mero fresco
0113,Pescado mero seco o salado
0113,Ojo de uva
0113,Paiche ahumado
0113,Paiche fresco
0113,Paiche seco o salado
0113,Palometa
0113,Peje
0113,Peje blanco
0113,Peje sapo
0113,Perico fresco
0113,Perico congelado
0113,Pescado perico salado
0113,Pintadilla
0113,"Raya, batea o manta"
0113,Robalo
0113,Salmon
0113,Sardina
0113,Sierra
0113,Suche
0113,Coco
0113,Tollo fresco
0113,Tollo seco o salado
0113,Trucha fresca
0113,Trucha congelada
0113,Trucha seco o salado
0113,"Visceras (cabeza, espinazo, etc.)"
0113,Zungaro
0113,Grated de atun
0113,Filete de atun
0113,Conserva jurel
0113,Conserva merluza
0113,Grated de sardina
0113,Conserva sardina (filete)
0113,Conserva sardina (salsa de tomate)
0113,Otros pescados
0113,Otros pescados en conserva
0113,Boquichico
0113,Carachi
0113,Dorado de la region
0113,Corvina de la region
0113,Sabalo
0113,Conchas de abanico
0113,Jurel congelado
0113,Lorna congelado
0113,Chanco de mar
0113,Acahuarasu fresco
0113,Paco fresco
0113,Ractacari fresco
0113,Shambira fresco
0113,Tucumare fresco
0113,Yambina fresco o yahuarachi
0113,Boquichico seco
0113,Chula fresco
0113,Concha pata burro
0113,Chiu-chiu (fresco)
0113,Tilapia (moyobamba)
0113,Maporeto seco
0113,Sardina seca
0113,Yashaco fresco
0113,Otros pescados secos
0114,Leche cortada o cuajada
0114,Leche condensada (nestle)
0114,Leche en polvo
0114,Leche fresca de cabra
0114,Leche fresca envasada
0114,Leche reconstituida
0119,Leche en polvo maternizada
0114,Leche fresca de vaca
0114,"Otras leches (chocolatada, malteada)"
0114,Quesillo
0114,Queso fresco (vaca)
0114,Queso fresco (cabra)
0114,Queso gruyere
0114,Queso mantecoso
0114,Queso parmesano
0114,Yogurt de cabra
0114,Queso serrano
0114,Queso otros
0114,Requezon
0114,Yogourt
0114,Huevos a granel de gallina
0114,Huevo de charapa
0114,Huevos de motelo
0114,Huevos de pata
0114,Huevos de pava
0114,Huevos de taricaya (tortuga)
0114,Huevos envasados
0114,Huevos de corral
0114,Queso artesanal
0114,Queso paria
0114,Yogurt con cereales
0115,Aceite vegetal envasado
0115,Aceite vegetal a granel
0115,Aceite compuesto envasado
0115,Aceite compuesto a granel
0115,Aceite de maiz
0115,Aceite de olivo
0115,Aceite crudo de semillas oleaginosas
0115,Manteca vegetal (envasada)
0115,Manteca vegetal (a granel)
0115,Manteca de chancho
0115,Mantequilla envasada
0115,Mantequilla a granel
0115,Margarina envasada
0115,Margarina a granel
0115,Sebo
0115,Otras grasas y aceites
0117,Aji limo
0117,Aji escabeche
0117,Aji pimiento
0117,"Aji seco entero (mirasol, panca y amar.)"
0117,Aji rocoto
0117,Aji otras variedades
0117,Alcachofa
0117,Apio
0117,Alverja verde (criolla)
0117,Berenjena
0117,Berros
0117,Beterraga
0117,Brocoli
0117,Caigua
0117,"Calabaza (chiclayo, lacayote)"
0117,Cebolla china
0117,Cebolla roja de cabeza
0117,Cebolla de cola
0117,Cebolla regional (blanca)
0117,Chileno verde
0111,Choclo criollo
0111,Choclo serrano
0117,Col china (pacchoy)
0117,Col crespa
0117,Col corazon
0117,Coliflor (sin hojas)
0119,Culantro
0117,Esparragos verdes
0117,Esparragos en conserva
0117,Frijol verde
0117,Frijolito chino (nacido)
0117,Haba verde
0119,Huacatay
0117,Lechuga americana
0117,Lechuga criolla
0117,Nabo
0119,Oregano en ramas (porcion)
0117,Pepinillo
0117,Platano verde (inguiri)
0117,Poro
0117,Rabanito
0119,Sacha-culantro
0117,Tomate redondo
0117,Tomate italiano
0117,Vainita verde (americana)
0117,Verdura picada
0117,Zapallo macre
0117,Zapallo italiano
0117,Zapallo loche
0117,Otras verduras y legumbres en conserva
0117,Otras verduras y legumbres frescas
0119,"Asnapa; huacatay,oregano, culantro,perejil"
0117,Aji dulce
0117,Aji verde
0117,Pallar verde
0117,Zapallo de carga
0117,Aji charapita
0117,Aji ojo de pollo
0111,Choclo de la region
0117,Chonta
0117,Lechuga de la region
0119,Curcuma (especeria)
0117,Tomate de la region
0119,Crema de aji envasado
0119,Esencia de maiz morado
0119,Esencia de maracuya
0119,Esencia de tamarindo
0119,Esencia de camu camu
0119,Esencia de cocona
0117,Zanahoria chica de la region
0111,Mezclas para reposteria
0119,Mezclas para apanar
0119,Concentrado de pollo
0119,Concentrado de res
0119,Concentrado de pescado
0116,Aguaje;palmera
0116,Albaricoque
0116,Almendra
0116,Ayrampito
0116,Capuli
0116,Castana
0116,Sidra
0116,Ciruela seca
0116,Coco
0116,Cocona
0116,Datiles (palmera)
0116,Durazno blanquillo
0116,Orejones
0116,Durazno en conserva
0116,Huesillo
0116,Frutilla
0116,Granadilla
0116,Guaba o pacae (chambira)
0116,Guinda
0116,Guindon (seco)
0116,"Higo (breva, higo blanco)"
0116,Higo (seco)
0116,Limon
0116,Limon dulce
0116,Lucuma
0116,Macambo
0116,Mamey
0116,Mango criollo
0116,Manzana corriente
0116,Manzana delicia
0116,Chilena
0116,Maracuya
0116,Melon
0116,Membrillo
0116,Naranja de jugo
0116,Naranja de mesa
0116,Naranjilla (naranja china)
0116,Nispero
0116,Nueces (durazno seco s/pepa)
0116,Palta (criolla o corriente)
0116,Palta fuerte
0116,Palta negrita
0116,Palta otras variedades
0116,Pecana
0117,Pera de agua
0117,Pera corriente (perilla)
0116,Manzana pero
0116,Pijuayo
0116,Pina
0117,Platano guayaquil
0117,Platano de la isla
0117,Platano de seda
0117,Platano biscocho
0117,Platano congo
0117,Platano manzano
0117,Platano; otras variedades
0116,Pomarrosa
0116,Taperiba; palmera
0116,Toronja pomelo
0116,Tumbo (norte)
0116,Tuna
0116,Uva blanca (italia)
0116,Pasas sin pepa (a granel)
0116,Uvillas
0116,"Uvas; otros (borgono, mollar)"
0116,Zapote maduro
0116,"Otras frutas frescas (cana dulce, etc.)"
0116,Otras frutas secas
0116,Otras frutas en conserva (ensalada de fruta)
0121,Jugo de fruta (en lata)
0116,Durazno melocoton (abridor)
0116,Manzanas otras (especial)
0116,Papaina (abancay)
0116,Palta de la region
0116,Maranon fruta (cerro de pasco)
0116,Granada
0116,Guanabana
0116,Camucamu (iquitos)
0116,Arandano
0116,Humari
0117,Arveja seca entera
0117,Arveja seca partida
0117,Arvejon seco
0117,Chocho o tarhui (seco)
0117,Frejol palo
0117,Frejol bayo
0117,Frejol caballero
0117,Frejol canario
0117,Frejol castilla
0117,"Frejol chileno; yunya, bocon, sarandaja"
0117,Frejol chiclayo
0117,Frejol chuncho
0117,Frejol cocacho
0117,"Frejol huasca poroto, huascar"
0117,Frejol negro
0117,Frejol nuna
0117,Frejol pardo
0117,Frejol pintado
0117,Frejol panamito
0117,Frejol ucayalino
0117,"Frejol, otras variedades"
0117,Garbanzo
0117,Habas secas
0117,Harina de habas
0117,Harina de soya
0117,Harina de arveja
0117,Lenteja bocona seca
0117,Lenteja
0117,Lentejones
0116,Mani pelado crudo
0117,Pallar
0117,Soya grano seco
0117,Otras harinas de menestras
0117,Otras menestras
0117,Preparados de soya (carne de soya)
0117,Menestras en conserva
0117,Frejol rosino
0117,Frejol rojo
0117,Garbanzo remojado
0117,Habas remojadas
0117,Otras menestras remojadas
0117,Frejol chino seco
0116,Mani con cascara (crudo)
0117,Arracacha (camote blanco)
0117,Camote morado
0117,Camote amarillo
0111,Harina de chuno
0117,Harina de nemanete
0111,Harina de moroya
0117,Harina de yuca (farina)
0117,Harina tocosh
0117,Izano
0117,Mashua
0117,Oca (kaya)
0117,Olluco
0117,Papa amarilla
0117,Papa amarga
0117,Papa blanca
0117,Papa chuno
0117,Papa guadalina o chaucha
0117,Papa huayro
0117,Papa seca
0117,Papa compis
0117,Papa otras variedades
0117,Sacha papa
0117,Yuca amarilla
0117,Yuca blanca
0117,Otros tuberculos y raices
0117,Camote nemanente
0117,Papa color
0117,Chuno entero
0117,Chuno remojado
0117,Papa larga
0117,Maca
0117,Yacon
0117,Pituca
0117,Dale dale
0118,Azucar blanca
0118,Azucar en cubitos
0118,Azucar en polvo (impalpable)
0118,Azucar rubia
0118,Otros azucares (de remolacha)
0118,Endulzante natural
0118,Endulzante granulado
0118,Chocolate en pasta
0118,Cacao semillas (grano seco)
0118,Chocolates
0118,Cocoa envasada
0118,Cocoa a granel
0118,Otros derivados del cacao
0122,Cafe instantaneo filtrante
0122,Cafe grano entero (crudo)
0122,Cafe grano entero (tostado)
0122,Cafe instantaneo en lata
0122,Cafe tostado molido a granel
0122,Cafe tostado molido envasado
0122,Cafe instantaneo
0118,Leche asada (envasada)
0118,Chocolate instantaneo
0119,Albahaca molida
0119,Ajonjoli
0118,Algarrobina
0118,Bombones
0118,Caramelos
0118,Caramelos a granel
0118,Confites (envasados)
0116,Coco rayado
0118,Chancaca
0119,"Esencias (vainilla, etc.)"
0118,Flan (envasado)
0118,Frutas confitadas o acarameladas
0118,Gelatina envasada
0118,Gelatina (a granel)
0118,Gomas de mascar
0117,Harina de platano
0118,Helado para preparar (envasado)
0118,Jalea real
0111,Mazamorra envasada
0114,Manjar blanco
0118,Mermelada (vaso)
0118,Miel de cana
0118,Toffes (envasados)
0119,"Papillas (chisitos,etc. envasado)"
0119,Chisitos y papitas fritas (envasado)
0119,Habitas fritas (envasado)
0119,Camote frito (en sobre)
0118,Pudin (envasado)
0117,"Pures (envasado:knorr, etc.)"
0117,Aceituna de botija
0117,Aceituna seca-negra (preparada)
0117,Aceituna verde
0119,Achiote entero
0119,Aji molido panca (especial)
0117,Ajo entero
0119,Ajo molido (envasado)
0119,Ajo molido  (a granel)
0119,Aji molido rocoto
0119,Aji molido amarillo
0119,Sazonador en sobre
0119,Aji no moto
0119,Canela entera (a granel)
0119,Canela entera (envasada)
0119,Canela molida
0119,Canela molida (a granel)
0119,Clavo de olor (envasado)
0119,Clavo de olor (a granel)
0119,Comino molido (a granel)
0119,Comino molido
0119,Comino entero (a granel)
0114,Cremas envasadas (ocopa)
0119,Culantro molido
0112,Hamburguesa cruda
0119,Hongos y laurel (a granel)
0119,Hongos y laurel (envasado)
0119,Huacatay molido
0119,Kion entero (jengibre)
0119,"Polvo de hornear (royal, etc.)"
0116,Mani molido
0116,Mani tostado entero
0119,Oregano seco (a granel)
0119,Oregano seco (envasado)
0119,Palillo (envasado)
0119,Palillo (a granel)
0119,Pasta de tomate (tuco)
0117,Pimenton (envasado)
0117,Pimenton (a granel)
0117,Pimiento (envasado)
0119,Salsa de ocopa
0119,Pimienta entera (envasado)
0119,Pimienta entera (a granel)
0119,Pimienta molida (a granel)
0119,Pimienta molida
0114,Queso rallado parmesano
0119,Sal de cocina entera (granel)
0119,Sal a granel
0119,Sal de cocina yodada (envasada)
0119,Sal gema (piedra)
0119,Sal yodada de mesa (envasada)
0119,Colorante y saborizante (sibarita)
0119,Alimentos en cubitos
0119,"Sopas (knorr, maggi, nicolini)"
0119,Condimentos saborizantes (sillao)
0119,Vinagre corriente
0119,Vinagre fino
0119,Otros condimentos y colorantes
0119,Wantan (para freir)
0119,Otros alimentos listos para cocinar
0119,"Otros alimentos (salsa tamarindo,curry, colapiz)"
0119,Salsa de papa a la huancaina
0119,Ajo comun
0119,Suprema
0119,Espinaca molida
0119,Comino entero (envasado)
0119,Chicha morada (sobre)
0114,Crema volteada (envasada)
0117,"Hoja para envoltura (hoja de:bijao,plantano,panca,tamales)"
0119,Azafran
0119,Chifle
0117,Platano (cocinado para llevar)
0112,Cuy en pie o vivo
0112,Pollo en pie o vivo
0112,Gallina en pie o vivo
0112,Pato en pie o vivo
0112,Carnero en pie o vivo
0112,Chancho en pie o vivo
0112,Cabrito en pie o vivo
0112,Sajino en pie o vivo
0112,Conejo pie o vivo
0112,Paloma pie o vivo
0112,Pavo pie o vivo
0112,Mono en pie o vivo
0112,Rana en pie o vivo
0112,Llama en pie o vivo
0112,Alpaca en pie o vivo
0112,Ronsoco en pie o vivo
0121,Nectar de frutas
0119,Esencia de licor
0119,P.v.m. (polvo)
0119,Protivan (polvo)
0119,Bicarbonato de sodio
0722,Gasolina
0722,Petróleo
0723,Reparación y conservación de vehículo
0732,Transporte publico urbano e interurbano para menores de 14 años
0732,Transporte en mototaxi para menores de 14 años
0732,Otros
0311,Telas
0312,Prendas de vestir para adultos
0312,Prendas de vestir para niños
0314,"Otros gastos (confección, etc.)"
0451,Vivienda - Electricidad
0453,Vivienda - Kerosene
0452,Vivienda - Gas (GLP)
0452,Vivienda - Gas Natural
0454,Vivienda - Carbón
0454,Vivienda - Leña
0452,Vivienda - Petróleo
0453,Vivienda - Gasolina
0455,Vivienda - Otro
0454,"Vivienda - Bosta, estiercol"
0312,Educación - Uniforme escolar
0732,Educación - Movilidad particular al centro de enseñanza
0611,Salud - Medicinas / Insumos
0613,Salud - Compra de lentes
0611,Salud - Anticonceptivos
0732,Otros gastos - Transporte público urbano e interurbano - Mototaxi
0732,Otros gastos - Transporte público urbano e interurbano - Microbus
0732,Otros gastos - Transporte público urbano e interurbano - Ómnibus
0732,"Otros gastos - Transporte público urbano e interurbano - Camioneta Rural (combi, custer) ....................................................."
0732,Otros gastos - Transporte público urbano e interurbano - Colectivo
0732,Otros gastos - Transporte público urbano e interurbano - Taxi
0111,Flauta grande o familiar con sal
0111,Flauta grande o familiar sin sal
0111,Pan francés o flauta común con sal
0111,Pan francés o flauta común sin sal
0111,Baguette
0111,Pan catalán
0111,Felipe con sal
0111,Felipe sin sal
0111,Marsellés
0111,Miñon
0111,Pan Porteño
0111,Pan integral de molde
0111,Flauta integral
0111,Miñon integral
0111,Tortuga
0111,Pan de pancho o de Viena
0111,Pebetes
0111,Pan casero
0111,Pan de Manteca
0111,Galleta de campaña chica
0111,Galleta de campaña grande
0111,Pan blanco (Americano) Paquete chico
0111,Pan blanco (Americano) Paquete grande
0111,Pan Integral o de Salvado Paquete chico
0111,Pan Integral o de Salvado Paquete grande
0111,Pan de Tortuga envasado
0111,Pan de Pancho (de Viena) envasado
0111,Pebetes envasados
0111,Pan  de Pita envasado
0111,Bizcochos  comunes
0111,Bizcochos de manteca
0111,"Bizcochos secos: coquitos, plantillas"
0111,"Bizcochos secos: polvorones, ojitos y coquitos"
0111,"Borlas o ""bolas"" de fraile, mantequillas"
0111,Merengues
0111,Pionono
0111,Bizcochuelo entero
0111,"Magdalenas, muffins"
0111,Torta dulce entera rellena
0111,Tarta de frutas entera
0111,Saladitos
0111,Galletas marina c/sal
0111,Galletas malteada c/sal
0111,Galletas al agua  c/sal
0111,Galletas integrales  c/sal
0111,Galletas integrales con semillas  c/sal
0111,Grisines  c/sal
0111,"Marina, Malteada, grisines, integrales con semilla s/sal"
0111,Galletitas dulces sin relleno con fibras o semillas
0111,"Galletitas dulces sin relleno, barquillo sin relleno"
0111,Galletitas dulces rellenas sin cobertura
0111,Galletitas dulces rellenas con cobertura
0111,Galletitas dulces surtidas
0111,Waffles (galletitas)
0111,Barquillos rellenos
0111,Alfajores chicos
0111,Alfajores grandes (comunes)
0111,Alfajores extra grandes
0111,"Pan Dulce, Budín inglés"
0111,Rosca dulce
0111,Rosca salada
0111,"Panes especiales saborizados (de ajo, cebolla, etc.)"
0111,Panes y alimentos en base de harina sin glutem
0111,"Harina integral, salvado de trigo"
0111,"Fécula de maíz, almidón de maiz"
0111,"Avena, salvado de avena, sémola, semolín, mazamorra"
0117,"Harina de arroz, de soja, de garbanzo, de mandioca"
0111,"Arroz común (blanco, integral, paraboiled, medio grano)"
0111,Arroz con gustos
0111,Quinua (quinoa)
0111,"Copos de cereal, granola, muesli, fitoestrógenos"
0111,Galletas de arroz (todas)
0111,Pop (palomitas de maíz preparadas)
0111,Maíz pisingallo
0111,Barritas de cereales chica
0111,Barrita de cereales grande
0111,"Fideos, pastas secas, capelletis secos y capas para lasagnas"
0111,Pasta fresca sin relleno suelta o envasada
0111,"Sorrentinos, romanitos, panzotis, raviolones, envasados"
0111,"Ravioles, capeletis (unidades pequeñas), envasados"
0111,"Sorrentinos, romanitos, panzotis, raviolones, sueltos"
0111,"Ravioles, capeletis (unidades pequeñas), sueltos"
0111,Lasañas rellena para cocinar
0111,"Masas, prepizzas, tapas de empanadas, capas de lasagnas"
0119,"Tortas saladas, empanadas, congeladas"
0119,"Pizzas,muzarella congeladas"
0119,"Pastas rellenas con salsa o tuco preparadas, congeladas"
0119,Otras comidas semielaboradas congeladas a base de pastas
0112,Asado de nalga
0112,Picaña
0112,Carne para milanesa
0112,"Cadera, rueda"
0112,Carne picada común
0112,Carne picada especial
0112,Carne picada magra
0112,Asado de tira
0112,Matambre
0112,"Osobuco, cogote, garrón"
0112,Costillas con lomo
0112,"Costilla redonda, costilla sin lomo"
0112,"Vaca, novillo, entero"
0112,"Cordero entero, oveja entera"
0112,"Carne ovina, cortes de cordero y oveja"
0112,Lechón y cerdo entero
0112,"Costillas de cerdo, pechito y asado de espinazo"
0112,Carré y pulpa de cerdo
0112,Milanesas de cerdo para cocinar
0112,Otras partes del cerdo (cortes traseros con hueso)
0112,"Pollo entero, congelado o fresco, con o sin menudos"
0112,"Pollo, cortes con hueso"
0112,"Pollo, pulpa de pechuga, supremas"
0112,"Pamplona de pollo, cruda"
0112,Gallina entera
0112,Pavo entero
0112,Pavita entera
0112,Jamón cocido de corte
0112,Lomito de corte
0112,Paleta de corte
0112,"Bondiola, pastrami de corte"
0112,Jamón cocido envasado al vacío
0112,Lomito envasado al vacío
0112,Paleta envasado al vacío
0112,"Bondiola, pastrami envasado al vacío"
0112,Leonesa de corte
0112,Mortadela de corte
0112,Matambre de carne cortado
0112,Leonesa envasado al vacío
0112,Mortadela envasado al vacío
0112,"Matambre de carne cortado, envasado al vacío"
0112,"Panceta y tocino, de corte"
0112,"Panceta y tocino, envasado al vacío"
0112,Longaniza de corte
0112,Salchichón de corte
0112,Salame de corte
0112,Longaniza envasados al vacío
0112,Salchichón envasados al vacío
0112,Salame envasados al vacío
0112,"Longaniza, chacarero, cantimpalo (secos)"
0112,"Corned beef, pasta de jamón o ternera, salchichas de Viena"
0112,"Paté de carne o hígado, embutido, butifarra"
0112,Frankfurters sueltos
0112,Frankfurters envasados al vacío
0112,Salchichas alemanas o suizas
0112,Húngaras
0112,Pildoritas sueltas
0112,Pildoritas envasadas al vacío
0112,Salchicha parrillera (rueda)
0112,Patés de pollo o pavita
0112,"Frankfurters y leonesa de pollo, matambre de pollo"
0112,"Milanesa de carne, preparada para cocinar"
0112,Hamburguesas de carne para cocinar
0112,Hamburguesas de pollo para cocinar
0112,Milanesas de pollo para cocinar
0112,Milanesa de jamon y queso para cocinar
0112,"Carnes de liebre, conejo y otros animales de caza"
0112,"Menudencias, achuras de vaca, mondongo"
0112,"Seso, molleja"
0112,"Menudos de ave, otros"
0112,"Menudencias, achuras ovinas"
0113,Pescados frescos (no fileteado)
0113,"Bifes: merluza, corvina, cazón, brótola, pejerrey, pescadilla"
0113,"Bifes: pangasius, tilapia"
0113,Milanesas de pescado para cocinar
0113,"Atún en rodajas, fresco o envasado al vacío"
0113,Bifes de pez espada
0113,Lomos de abadejo
0113,"Anchoas, sardinas frescas"
0113,"Bifes de salmón, salmón ahumado"
0113,"Pescado congelado fileteado (merluza, otros no grasos)"
0113,"Pescado congelado fileteado (atún, otros grasos)"
0113,Miniaturas de pescado congeladas
0113,"Pescados congelados (no fileteados), otros"
0113,Mejillones frescos con cáscara
0113,"Pulpa de mariscos: mejillones, berberechos, almejas"
0113,Camarones y Langostinos
0113,Pulpo y calamar
0113,"Pescados  secos, ahumados o salados"
0113,Pescados enlatados al natural (en agua)
0113,Pescados enlatados en aceite
0113,Pescados enlatados en salsa
0113,Pescados enlatados reducido en sodio
0113,"Comidas preparadas a base de pescado, empanados congelados"
0114,"Quesos untables, ricota, queso blanco, requesón (con sal)"
0114,"Quesos untables, ricota, queso blanco, requesón (sin sal)"
0114,Queso muzarella
0114,Queso de sandwich
0114,Queso Colonia
0114,Queso magro con sal
0114,Queso magro sin sal
0114,"Quesos frescos, otros"
0114,Bastones de muzzarella congelados
0114,"Quesos especiales: Camembert, Brie, Fondue, Mascarpone"
0114,Queso duro o semiduro
0114,"Leche común entera, envasada"
0114,"Leche entera, envasada, con vitaminas o minerales"
0114,Leche entera larga vida en caja
0114,Leche descremada envasada
0114,"Leche descremada envasada ,con vitaminas o minerales"
0114,Leche descremada larga vida en caja
0114,Leche de tambo no pasteurizada
0114,"Leches, otras (saborizadas, de crecimiento)"
0119,Leche de fórmula
0114,Yogurt común (natural o con sabores)
0114,Yogurt dietético (natural o con sabores)
0114,"Yogurt, otros"
0114,Crema doble
0114,Postres y flanes preparados con leche entera
0114,Postres y flanes preparados bajas calorías
0114,Productos lácteos que no contengan leche de vaca
0114,"Huevos, otros"
0115,Aceites comestibles de girasol
0115,Aceite comenstible de soja
0115,Aceite comestible de canola
0115,Aceite de girasol alto - oleico
0115,Aceite de Arroz
0115,"Otros aceites: avellana, nuez, etc."
0115,Grasas vegetales: margarina con sal
0115,Grasas vegetales: margarina sin sal
0115,Grasas vegetales: otras
0115,Manteca con sal
0115,Manteca sin sal
0115,"Grasa animal comestible: vaca, capón, cerdo"
0116,"Bergamota, naranja"
0116,Pomelo blanco y rosado
0116,Sandía
0116,"Durazno, damasco, pelón"
0116,Kiwis
0116,Frutillas
0116,Bananas
0116,Ananá fresco
0116,Uvas
0116,Frutas frescas otras
0116,Frutas secas con cáscara
0116,Frutas secas sin cáscara
0116,Frutas secas y semillas
0116,Fruta desecada y abrillantada
0119,"Semillas de girasol, lino, sésamo"
0116,Frutas envasadas en almíbar
0117,Apio tallos
0117,Coliflores y coles frescos
0117,Repollo
0117,"Nabizas, nabos"
0117,Puerros
0117,Pepinos
0117,Zapallitos y zucchini
0117,Repollitos de Bruselas
0117,"Tomate común, grande (americano, larga vida)"
0117,Tomate perita
0117,Tomate cherry
0117,Zanahorias
0117,"Cebollas, cebollines, cebolla de verdeo"
0117,"Zapallo criollo, calabaza y kabutiá"
0119,Morrón
0117,Ají catalán
0111,Choclo fresco (sin conservar)
0117,Remolachas
0117,Rúcula
0117,Habas frescas
0117,"Verduras para puchero, en bandeja o similar"
0117,"Brotes  de soja, alfalfa y brócoli"
0117,Champignon y otros hongos frescos
0117,"Verduras lavadas y cortadas, ralladas, ensaladas en bandeja"
0117,Escarola
0117,"Papas, papines"
0117,Boniatos
0117,"Espinacas, acelgas congeladas"
0117,Brócolis y coles congelados
0117,"Arvejas, choclo, chauchas congeladas"
0117,Papas preparadas congeladas
0119,"Croquetas, papa, arroz, verduras con salsa blanca, congeladas o para cocción"
0117,"Mix de verduras  congeladas, ensaladas"
0117,Sopa juliana y otras verduras  congeladas
0117,"Verduras frescas, otras"
0117,"Lentejas, lentejones (peladas o no)"
0117,"Porotos de manteca, alubia, soja, frutilla, negros, pallares"
0117,Arvejas enlatadas
0117,Aceitunas en conserva
0117,Hongos desecados y tomates secos
0111,"Choclo en grano o crema, enlatado"
0117,"Porotos, garbanzos, lentejas en lata"
0117,"Verduras en conserva, otras"
0117,Puré de papas y/o de zapallo instantáneo deshidratado
0117,Milanesa vegetal o de soja
0119,"Comida china, congelada (Chop suey, otras)"
0118,Azúcar blanco refinada
0118,"Azucares, otros"
0118,"Mermeladas, jaleas (dietéticas o no), jarabe de frutas"
0118,Dulces de corte
0118,"Helados  (cassatta, barra, tortas heladas)"
0118,Helados y postres Dieteticos
0118,Maní con chocolate
0118,Garrapiñada
0118,"Caramelos, chicles, chupetines"
0118,Pastillas paquete
0118,Confituras
0118,"Chocolates, bombones, chocolatines"
0118,Sucedáneos artificiales del azúcar
0118,Edulcorantes naturales
0119,Sal común
0119,"Otras sales, con gusto, modificada, sustitutos sin sodio"
0119,Especies y condimentos naturales
0119,Esencias y colorantes
0119,Hierbas aromáticas culinarias
0119,Condimentos y aderezos procesados
0119,Condimentos líquidos
0119,Salsas de tomate y otros similares
0119,Tucos y otros similares preparados
0119,"Mayonesa, salsa golf, mostaza, ketchup, salsa de soja"
0119,Caldos en cubos y dietéticos
0119,"Sopas concentradas, salsa blanca"
0119,"Levadura, polvos de hornear"
0119,"Helados, postres, flanes, gelatinas instantáneos (en polvo)"
0117,Papas fritas con o sin sal para copetín
0119,"Otros productos para copetín, meriendas y snacks"
0119,Productos macrobióticos
0119,"Alimentos para bebé (cereales, papillas)"
0119,Complementos nutricionales y fórmulas infantiles
0122,Café o cebada soluble instantáneo
0122,Cebada (no instantánea)
0122,Café de filtro
0121,Jugos naturales (líquidos)
0121,Jugos concentrados en polvo
0121,Jugos concentrados líquidos
0121,Jugos no concentrados artificiales líquidos
0311,Telas para prendas de vestir
0311,"Lana, fibras sintéticas o mezcla, en ovillos, madejas"
0311,Cuero para confeccionar prendas de vestir y accesorios
0312,"Ropa interior hombre: Calzoncillo, slip o similar"
0312,Ropa interior hombre: Camiseta
0312,Ropa interior hombre: Pijama
0312,"Ropa interior hombre: Salto de cama, salida de baño"
0312,Ropa interior hombre: Medias o calcetines
0312,"Ropa interior mujer: Soutién, bombacha, body"
0312,Ropa interior mujer: Camiseta
0312,"Ropa interior mujer: Camisón, pijama"
0312,"Ropa interior mujer: Salto de cama, salida de baño"
0312,Ropa interior mujer: Medias o calcetines
0312,"Ropa interior niños: Bombacha, calzoncillo, camiseta"
0312,Ropa interior niños: Pijama o Camisón
0312,"Ropa interior niños: Salto de cama, salida de baño"
0312,Ropa interior niños: Medias
0312,"Ropa interior bebé: Pañales de tela, chiripás"
0312,Ropa interior bebé: Bombacha de goma
0312,Ropa de hombre: Traje
0312,"Ropa de hombre: Pantalones, no vaqueros"
0312,Ropa de hombre: Jean o vaqueros
0312,Ropa de hombre: Campera liviana (no tejida ni de cuero)
0312,"Ropa de hombre: Campera de abrigo, sobretodo (no tejida ni de cuero)"
0312,Ropa de hombre: Campera de cuero
0312,Ropa de hombre: Campera tejida o de punto
0312,Ropa de hombre: Saco sport de tela
0312,"Ropa de hombre: Buzo, polera, saco, chaleco tejidos"
0312,"Ropa de hombre: Buzo, polera, saco, remera no tejidos"
0312,Ropa de hombre: Camisa
0312,"Ropa de hombre: Bermudas, short, traje de baño"
0312,"Ropa de mujer: Traje, blazer, chaqueta (no de cuero)"
0312,Ropa de mujer: Pantalón no vaquero
0312,Ropa de mujer: Calzas
0312,Ropa de mujer: Jean o vaquero
0312,"Ropa de mujer: Tapado, chaquetón, otros de abrigo"
0312,Ropa de mujer: Campera o chaqueta de cuero
0312,Ropa de mujer: Campera o chaqueta tejida o de punto
0312,"Ropa de mujer: Buzo, polera, saco, chaleco tejidos"
0312,"Ropa de mujer: Buzo, polera, saco, remera no tejidos"
0312,"Ropa de mujer: Pollera, falda, vestido, solera"
0312,Ropa de mujer: Camisa
0312,Ropa de mujer: Short y bermuda
0312,"Ropa de mujer: Traje de baño, bikini, malla"
0312,"Ropa de bebé: Pelele, batita, medias, escarpines, buzo, enterito - No Tejidos"
0312,"Ropa de bebé: Pelele, batita, medias, escarpines, buzo, enterito - Tejidos"
0312,"Ropa de bebé: Jardineros, pantalones, bermudas"
0312,Ropa de bebé: Campera y ropa de abrigo no tejidas
0312,Ropa de bebé: Campera y ropa de abrigo tejidas
0312,"Ropa de niños: Pantalones, jardineros, bermudas, jumpers, calzas"
0312,"Ropa de niños: Remera, polera, buzo, saco, camisa - No tejidos"
0312,"Ropa de niños: Buzo, polera, saco y chaleco - Tejidos"
0312,"Ropa de niños: Pollera, vestido, soleras"
0312,"Ropa de niños: Uniforme, túnica escolar, moña"
0312,"Ropa de niños: Campera de cuero, gamulan"
0312,Ropa de niños: Campera no de cuero
0312,"Ropa de niños: Traje de baño, short, bikini, mallas"
0312,Ropa de hombre: ropa deportiva
0312,Ropa de mujer: ropa deportiva
0312,Ropa de niños: ropa deportiva
0313,Cinturón
0313,"Corbata, moñita, pañuelo de cuello"
0313,"Bufanda, chalina, sombreros, gorro, guantes, mitones"
0313,"Bufanda, gorro de niños y bebés"
0313,Otros artículos y accesorios de vestir
0313,Cierre
0313,"Artículos de mercería, otros"
0314,"Modista, costurera: Arreglos de prendas de vestir"
0314,"Modista, sastre: Confección de prendas de vestir"
0314,Lavandería
0314,Tintorería
0314,"Alquiler de prendas de vestir, disfraces y accesorios"
0451,Electricidad (UTE)
0451,"Medidores de electricidad, instalación y re-conexión"
0452,"Gas por cañería, mantenimiento, gastos de conexión"
0452,"Supergas, recarga de garrafas"
0452,Compra de garrafa
0452,"Medidores de gas, instalación y re-conexión"
0453,Alcohol azul
0453,Fueloil
0611,Medicamentos: Analgésicos
0611,Medicamentos: Antibióticos
0611,Medicamentos: Antiácidos y digestivos
0611,Medicamentos: Antigripales
0611,Medicamentos: Psicofármacos
0611,Medicamentos: Afecciones respiratorias
0611,Medicamentos: Cardiovasculares
0611,Medicamentos: Otros
0611,Medicamentos en viajes
0611,Vitaminas y similares
0611,"Anticonceptivos orales, parches"
0612,Anticonceptivos mecánicos (DIU)
0612,"Productos farmacéuticos, otros (primeros auxilios, etc.)"
0613,Anteojos y lentes de contacto (incluye cambio de cristales)
0612,"Aparatos terapéuticos: para medir presión, glicemia, etc."
0613,Audífonos
0613,"Aparatos ortopédicos: Muletas, bastones, otros"
0613,Sillas de ruedas motorizadas o no
0613,Camas especiales
0611,Tickets de medicamentos
0721,"Neumáticos, cámaras, cubiertas"
0721,Accesorios y repuestos de auto
0721,"Láminas de seguridad, polarizados"
0721,Accesorios y repuestos de moto y bicicleta
0722,"Nafta, para transporte personal"
0722,"Gas Oil, para transporte personal"
0722,"Lubricantes, aceite y cambio de aceite"
0723,"Chapa y pintura, reparación de"
0723,Reparaciones mecánicas de vehículos
0723,"Lavado y engrase, servicio de gomería"
0723,Reparación de bicicletas  y vehículos sin motor
0723,"Automóviles, servicio de diagnóstico de (Computest)"
0731,"Tren, pasaje de"
0732,"Taxi, remise"
0732,"Omnibus local, boleto"
0732,Recarga de tarjeta STM
0732,Boletera para ómnibus local (no STM)
0732,Abono de ómnibus departamental o interdepartamental
0732,"Mini-bus, camioneta con conductor"
0732,Transporte interdepartamental (no esparcimiento)
0732,Transporte interdepartamental (esparcimiento)
0732,"Omnibus internacional, pasaje de"
0734,Pasaje de barco
0735,Transporte combinado de pasajeros en medios distintos
0732,"Transporte escolar, servicio de"
